,Company,Date
0,Brandes investment Partners LP,"JANUARY, 2015"
1,Genesis Investment Management LLP,"September 1, 20:3"
2,Thrivent Financial Retirement Trust,Nill
3,Eaton Vance,5/1/2000
4,Allianzgi Institutional Multi-Series Trust,"JUNE 30, 2014"
5,Neuberger Berman,"APRIL 17, 2014"
6,Nill,Nill
7,Thrivent Financial Retirement Trust,"OCTOBER 1, 2015"
8,State Farm Mutual Fund Trust,Nill
9,Hartford Funds,"DECEMBER 31, 2014"
10,Hartford Life Insurance Company,"FEBRUARY 2, 2015"
11,Eaton Vance Management,Nill
12,Global Trust Company,Nill
13,Global Trust Company,"JUNE 28, 2013"
14,Nill,"December 17, 2008"
15,Nill,August .1 'I. 2007
16,Goldman Sachs Asset Management,Nill
17,Arrowstreet Capital Global Equity Alpha Extension Fund Limited,"February 28, 2017"
18,First Eagle Gold Cayman Fund Ltd.,Nill
19,Nill,Nill
20,John Hancock Investment Funds,"APRIL 1, 2014"
21,Investors Bank and Trust Company,Nill
22,State Farm,Nill
23,Pear Tree Funds,"APRIL 1, 2014"
24,"Cohen & Steers Capital Management, Inc.",Nill
25,"Sentinel Group Funds, INC.","April 1, 2017"
26,Commodore CDO IV Ltd.,Nill
27,State Of Montana Public Employees Retirement Board,Nill
28,RS Investment Trust,Nill
29,USAA Mutual Funds Trust,"JUNE 1, 2014"
30,Guinness Flight Investment Funds,"December 31, 2003"
31,Ally Financial,"JUNE, 2014"
32,Aberdeen Closed-End Funds,Nill
33,PIMCO,"JANUARY 1, 2014 (THE ""EFFECTIVE DATE"")"
34,State Farm Mutual Fund Trust,Nill
35,Harris Associates International value L.P.,"JULY 1, 2014"
36,Met Investors Series Trust,Nill
37,Nill,Nill
38,GE Funds,"OCTOBER 1, 2017"
39,Pacific Life Fund Advisors LLC,Nill
40,Allianz Global Investors Fund Management LLC,Nill
41,Federated Investment Management Company,Nill
42,Credit Suisse Funds,Nill
43,Dimensional Fund Advisors,"OCTOBER 4, 2012"
44,Nill,"September 20, 2011 by and among MUNICH REINSURANCE"
45,Aetna Life Insurance Company,"SEPTEMBER 28th, 1998"
46,Nill,"MAY 31, 2017"
47,UBS Global Asset Management,Nill
48,"TIAA Global Equity Income, LLC","MAY 1, 2014"
49,GMO Series Trust,"OCTOBER 13, 201 1"
50,American Beacon,Nill
51,MFS Collective Investment Trusts,"OCTOBER 1, 2015"
52,Investors Bank and Trust Company ,"June 10, 2002 "
53,Russell Investment Company,"JANUARY 1, 2011"
54,Financial Guaranty Insurance Company ,Nill
55,Nill,"SEPTEMBER 26, 2013"
56,Pace Select Advisors Trust,"SEPTEMBER 1, 2011"
57,MUNDER,"February 5, 2004"
58,Russell Investment Company,Nill
59,Nill,Nill
60,Nill,"DECEMBER 2, 2013"
61,Carlyle Global Market Strategies Euro CLO 2014-2 LTD.,Nill
62,Nill,Nill
63,Morgan Creek Series Trust,"JUNE, 2013"
64,Mercer Sunoco Investment Portfolio,Nill
65,John Hancock Life & Health Insurance Company,October 2009
66,Eaton Vance,Nill
67,AllianceBernstein Sub-Advised Alternative Investment Funds,"AUGUST 1, 2014"
68,Carlyle Global Market Strategies CLO 2012-3 LTD.,Nill
69,"Blackrock, Inc.","December 2, 2015"
70,State Farm,Nill
71,The Hirtle Callaghan Trust,"September 1, 2008"
72,Schroder Funds,Nill
73,UBS Global Asset Management (Americas) Inc,"DECEMBER 1, 2010"
74,Nill,Nill
75,Nill,Nill
76,Nill,"April 14, 2014 and effective as of the"
77,The Select Sector SPDR Trust,"February 1, 2011"
78,Federal Home loan Bank Of Dallas Funds,"OCTOBER 31, 2012"
79,AXA Investment Managers Inc.,"JANUARY 28, 2015"
80,Global Custody And Clearing Ltd,Nill
81,MGI Funds,Nill
82,Blackrock Funds,"April 25, 2012 and"
83,Janus Capital Management,"December 1, 2014"
84,Front Street Re(Cayman) Ltd,"SEPTEMBER 9, 2013"
85,State Farm Mutual Fund Trust,Nill
86,Nill,"JANUARY 1, 2015"
87,Credit Suisse,"APRIL 14, 2014"
88,"Transamercia Fund Services, Inc.",Nill
89,Stone Harbor US Mutual Funds,"DECEMBER 8, 2014"
90,State Of Montana Public Employees Retirement Board,"September 1, 2016"
91,Babson Capital Open End Mutual Funds,"MARCH 11, 2013"
92,State Farm,Nill
93,Commodity Series Fund I Subsidiary,Nill
94,Pacific Life Fund Advisors LLC,Nill
95,Highland Funds,"October 1, 2012"
96,William Blair Funds,Nill
97,Nill,Nill
98,Nill,Nill
99,"Wilimington Trust, N.A. - Franklin Templeton CITs","APRIL 12, 2017"
100,Global Trust Company,"JANUARY 7, 2013"
101,Reliance Trust Company,Nill
102,Global Custody And Clearing Ltd,Nill
103,Morgan Stanley Advisor Funds,"APRIL 1, 2013"
104,"MetLife Advisors, LLC",Nill
105,Eaton Vance Management,May2004
106,Nill,"March 16, 2010"
107,Nill,Nill
108,Nill,"March 18, 2004"
109,"Commonfund Asset Management Company, Inc",Nill
110,Reaves Utility Income Fund,"DECEMBER 9, 2013"
111,Nill,"JANUARY 1, 2015 ,"
112,Nill,Nill
113,"The Glenmede Fund, Inc.",Nill
114,Alpine Funds,Nill
115,"GMO Emerging Country Local Debt Fund (Onshore), L.P.","OCTOBER 21, 2014"
116,Invesco Funds,"January 1, 2002 and for"
117,GMO Trust,"January 2014 (Amended as of July 1, 2014)"
118,"Securities, Banking & Treasury Management Services",Nill
119,"BCM 2012-II ETB, Inc.","MAY 11,2016"
120,"Invesco, Inc",Nill
121,PIMCO,"JANUARY 1, 2014 (THE ""EFFECTIVE DA TE"")"
122,"Herzfeld Caribbean Basin Fund, Inc.","JULY 1, 2012"
123,Jefferies Finance LLC,Nill
124,Calvert Group Ltd.,Nill
125,State Of Montana Public Employees Retirement Board,Nill
126,Carlyle Global Market Strategies Euro CLO 2013-2 LTD.,Nill
127,Wells Fargo Advantage Funds,Nill
128,Russell Fund Services Company,"MARCH 1, 2013"
129,Hand Benefits & Trust Company,Nill
130,The Investment Fund for Foundations,"JANUARY 1, 2013"
131,Nill,"DECEMBER 1, 2011"
132,"Partners Group Private Equity (Master Fund), LLC",Nill
133,Nill,Nill
134,UBS Global Asset Management (Americas) Inc,Nill
135,"Transatlantic Holdings, Inc.",Nill
136,Nill,"JUNE 30, 2015"
137,"Loomis Sayles Trust Company, LLC",Nill
138,Nill,Nill
139,Nill,Nill
140,Nill,Nill
141,Eastspring Asset Management Korea Co. Ltd. ,"MAY 7, 2014"
142,Met Investors Series Trust,Nill
143,Carlyle Global Market Startegies CLO 2014-5 LTD.,Nill
144,Nill,"October 4, 2012"
145,Duff and Phelps Fund,Nill
146,Dodge & Cox ,"JANUARY 1, 2014"
147,Nill,"August 1, 2011"
148,Citigroup Asset Management Fund Complex,Nill
149,Nill,Nill
150,JFIN Revolver CLO 2015 Ltd.,"APRIL 8, 2015"
151,Nill,Nill
152,Invesco,JANUARY 201 1
153,Willett Advisors LLC,"JULY 28, 2015"
154,First Pacific Advisors Funds,"MARCH 23, 2015"
155,Invesco Funds,Nill
156,PIMCO Income Opportunity Fund,Nill
157,Wellington Trust Company Portfolios,"July 1995, between the"
158,Nill,Nill
159,"Marshall Funds, Inc.","December 1, 2008"
160,Guinness Flight Investment Funds,"December 1, 1997"
161,New York Life Investments,Nill
162,Russell Investment Company,"February 26, 2013"
163,The Boston Company Asset Management,"JUNE 9, 2015"
164,Nill,Nill
165,Putnam Investments,"JANUARY 1, 2014"
166,Neuberger Berman trust Company N.A.,"MAY 12, 2015"
167,"Cohen & Steers Capital Management, Inc.",Nill
168,KP Company Sponsored Mutual Funds,"January 10, 2014 Page 1 of4"
169,Dedham Institution For Savings,Nill
170,"GMO Emerging Country Local Debt Fund (Onshore), L.P.","OCTOBER 21, 2014"
171,Federated Funds,Nill
172,Global Custody And Clearing Ltd,Nill
173,Carlyle Global Market Strategies CLO 2015-2 LTD,Nill
174,GMO Trust,January 2014.
175,Nill,Nill
176,The Campbell Multi-Strategy Trust,Nill
177,Principal Life Insurance Company,"April 1, 2010"
178,Nill,"October 4, 2012 with respect to a Master Fee Schedule"
179,Monarch Life Insurance Company,"AUGUST 1, 2013"
180,"RiverNorth Opportunities Fund,Inc.",Nill
181,Russell Investment Company,"May 20, 2014"
182,Nill,Nill
183,Harris Associates Investment Trust,"October 1, 2006"
184,Global Trust Company,Nill
185,Nill,"APRIL 1, 2009"
186,Credit Suisse Funds,"MAY 1, 2014"
187,"Blackrock, Inc.","May 1, 2013"
188,Nill,"December 1, 2008"
189,International Stock Fund,"APRIL 25, 2014"
190,Mercer Funds,Nill
191,Repackaged Asset -Backed Securities Limited-Series 2015-5,"MARCH 30, 2015"
192,"CDC IXIS Asset Management Services, Inc.","July 14, 2004"
193,Nill,Nill
194,Invesco,Nill
195,Nill,"FEBRUARY 17, 2015"
196,GMO Market Neutral Master Portfolio,Nill
197,Arrowstreet ACWI Alpha Extension Fund III (Cayman) Limited,"JULY 24, 2017"
198,MFS Collective Investment Trusts,"OCTOBER 1, 2016"
199,"William Blair Multi-Alpha Strategy Fund, LLC",Nill
200,Russell Investment Funds,"February 26, 2013"
201,GMO Trust,"JULY 1, 2014"
202,"AmTrust Financial Services Inc.,","DECEMBER 1, 2011"
203,Nill,"APRIL 7, 2015"
204,Nill,"October 3, 2012"
205,Goldman Sachs,Nill
206,Nill,Nill
207,Global Custody And Clearing Ltd,Nill
208,Wasatch Funds Trust,"APRIL 1, 2016"
209,"NGAM Advisors, L.P.","OCTOBER 1, 2014  "
210,Aberdeen Asia-Pacific Income Fund Inc.,Nill
211,Quincy Mutual Fire Insurance Company,Nill
212,"Epoch Investment Partners, Inc.",Nill
213,Inter-Ocean Reinsurance Company Ltd and Affiliates,Nill
214,Global Trust Company,Nill
215,Thrivent Mutual Funds,Nill
216,State Farm Mutual Fund Trust,Nill
217,"Hartford Funds Management Company, LLC",Nill
218,Massmutual (Mutual Funds),Nill
219,AllianceBernstein Funds,"AUGUST 1,2011"
220,Exchange Place Advisors LLC,"OCTOBER 14, 2014"
221,Nill,Nill
222,Federated Funds,"JUNE 1, 2016"
223,Global Custody And Clearing Ltd,Nill
224,Goldman Sachs Trust II,"APRIL 30, 2013"
225,Forum Funds,Nill
226,Nill,Nill
227,Nill,January I. 2005
228,Nill,Nill
229,AXA Private Equity,Nill
230,Global Custody And Clearing Ltd,Nill
231,MGI Funds,Nill
232,Nill,Nill
233,Henderson Global Funds,Nill
234,Commodity Series Fund I Subsidiary,Nill
235,"Eaton Vance Cash Collateral Fund, LLC","September 1, 2010"
236,"Wells Fargo Funds Management, LLC",Nill
237,Dodge & Cox ,"JANUARY 1, 2016"
238,Benefit Trust Company,"AUGUST 1, 2008"
239,Artisan Partners Limited Partnership,"December 31, 2012"
240,Blackrock Funds,"MAY 13, 2015"
241,Nill,Nill
242,Global Trust Company,"APRIL 1, 2015"
243,"Marshall Funds, Inc.","December 1, 2008"
244,Nill,"December 6, 201 l by and among ACE Limited and subsidiaries (each a  Client )"
245,Walpole Cooperative Bank,"JANUARY 3, 2017"
246,State Of Montana Public Employees Retirement Board,"August 3, 2011"
247,Nill,"October 1, 2011"
248,Lee Murder Investment Limited Funds,Nill
249,Nill,Nill
250,HIMCO,"APRIL 2, 2015"
251,Morgan Stanley Advisor Funds,Nill
252,The Clipper Fund,Nill
253,PCT Partners LLC,Nill
254,Nill,Nill
255,Fidelity Cooperative Bank,Nill
256,"TIAA Global Equity Income, LLC","JUNE 21, 2013"
257,Nill,SEPTEMBER 25. 2015
258,Stone Harbor US Mutual Funds,"DECEMBER 8, 2014"
259,State Farm Mutual Fund Trust,Nill
260,"Pioneer Investment Management, Inc.",Nill
261,Aberdeen Funds,"JUNE 1, 2015"
262,Nill,Nill
263,Nill,Nill
264,"Invesco, Inc",Nill
265,Nill,"JANUARY 1, 2014"
266,Ares Management LLC,"July 30, 2008"
267,Cohen & Steers Funds,Nill
268,Forum Funds,Nill
269,AEW Global Property Securities ,Nill
270,Commodore CDO V Ltd.,"August 8, 2006"
271,"Dodge & Cox Internation Stock Fund Cayman, Ltd.","JANUARY 1, 2014"
272,State Farm Mutual Fund Trust,Nill
273,GE Asset Management Incorporated,Nill
274,Nill,"October 20th, 2003 by and between State Street and the Funds (the  Custody Agreement ). This fee schedule shall"
275,TCW Direct lending LLC,"JULY 1, 2014"
276,Legg Mason Funds,"January 1, 2013"
277,Mercer Trust Company,Nill
278,Nill,Nill
279,Allianz Global Investors of America LP,Nill
280,Putnam Investments,"FEBRUARY 3, 2015"
281,Cohen & Steers Funds,"OCTOBER 1, 2013"
282,Clough Global Allocation Fund,"DECEMBER 9, 2013"
283,State Of Montana Public Employees Retirement Board,"December 16, 2013 "
284,State Of Montana Public Employees Retirement Board,Nill
285,IVA Funds,"January 1, 2011"
286,PIMCO,Nill
287,GE Asset Management,Nill
288,Pryford International PLC,Nill
289,Nill,Nill
290,Babson Capital Management LLC,Nill
291,Eaton Vance,"JANUARY 1, 2014"
292,THL Credit Greenway Fund LLC,Nill
293,Massmutual,Nill
294,"Grantham, Mayo, Van Otterloo & Co.","April 1, 2002"
295,Pax World Esg Managers Funds,"JANUARY 1, 2015"
296,Carlyle Global Market Strategies Euro CLO 2014-2 LTD.,Nill
297,"Deutsche Investment Management Americas, Inc.",Nill
298,Global Trust Company,Nill
299,Nill,"February 13, 1995"
300,Microsoft Corporation,"OCTOBER 1, 2013"
301,"Grantham, Mayo, Van Otterloo & Co. LLC","March 4, 2002)"
302,Nill,Nill
303,Allianz Global Investors Fund Management LLC,Nill
304,Calamos Asset Management,Nill
305,Kamakura LP,Nill
306,"Legg Mason Partners Fund Advisor, LLC.,",Nill
307,"Babson Capital Finance, LLC",OCTOBER 2013
308,Nill,Nill
309,Gannet Welsh And Kotler Funds,Nill
310,Nill,Nill
311,Guinness Flight Investment Funds,"August 1, 1999"
312,State Of Montana Public Employees Retirement Board,"January 1, 2007 '"
313,Mercer Phoenix Investment Portfolio,"May 22, 2012"
314,Investors Bank and Trust Company,Nill
315,Scottish Widows Investment Partnership Trust,October 2006
316,State Farm,Nill
317,John Hancock Investment Funds,"APRIL 1, 2014"
318,GMO International Equity Extension Fund (Onshore),Nill
319,State Of Montana Public Employees Retirement Board,"October 20, 2008"
320,Citigroup Asset Management,Nill
321,Nill,Nill
322,Forum Funds,Nill
323,Genesis Investment Management Limited,Nill
324,Nill,Nill
325,"W.P. Stewart & Co. Growth Fund, Inc.",Nill
326,Allianz Global Investors Distributors LLC,Nill
327,Nill,"June Q, 2002, by and FIRST UNION"
328,Current Asset Fund Ltd.,"MARCH 4, 2013"
329,Dodge & Cox ,"JANUARY 1, 2015"
330,PIMCO Income Opportunity Fund,Nill
331,Harvard University,Nill
332,John Hancock Mutual Life Insurance ,"October 1, 2000"
333,Blackstone Alternative Investment Funds,"APRIL 29, 2014"
334,Global Trust Company,"JUNE 28, 2013"
335,Nill,Nill
336,Nill,"August 1, 2011"
337,Reliance Trust Company,Nill
338,IBT Trust Company(Cayman) Limited,Nill
339,"Earnest Partners, LLC","January 1, 2015"
340,AllianceBernstein Sub-Advised Alternative Investment Funds,"AUGUST 1, 2014"
341,Morgan Stanley Investment Management Inc.,Nill
342,Credit Suisse Funds,"MAY 1, 2014"
343,Allianz Global Investors Distributors LLC,Nill
344,State Farm,Nill
345,Nill,Nill
346,Dodge & Cox ,Nill
347,State Of Montana Public Employees Retirement Board,Nill
348,First Eagle Funds,"SEPTEMBER 1, 2012"
349,Lazard Asset Management LLC,Nill
350,Russell Investment Company,"JANUARY 1, 2009"
351,Aberdeen Funds,"JUNE 1, 2015"
352,Met Investors Series Trust,Nill
353,Investors Bank and Trust Company,Nill
354,Nill,Nill
355,State Of Montana Public Employees Retirement Board,Nill
356,Lattice Strategies trust,"SEPTEMBER 30, 2014"
357,"William Blair Investment Management, LLC",Nill
358,Nill,"January 1, 2005"
359,Merrill Lynch Institutional Fund,Nill
360,Nill,5/3/2011
361,AllianceBernstein Funds,"SEPTEMBER 9_0, 2015"
362,Neuberger Berman Funds,"JUNE 29, 2015"
363,Syntax Analytics ETFs,"OCTOBER 2, 2014"
364,ICMA Retirement Corporation,Nill
365,Nill,Nill
366,MFS Retail Funds,"OCTOBER 1, 2016"
367,Nill,Nill
368,Invesco,Nill
369,Nill,Nill
370,Merrill Lynch Institutional Fund,Nill
371,Willett Advisors LLC,"July 28, 2015"
372,Highland capital Europe Ltd,Nill
373,Pax World Esg Managers Funds,"JANUARY 1, 2013"
374,Providentia Prima Trust,Nill
375,MUNDER,"August 10, 2004"
376,"Highlander Equity Holdings III, LTD","JANUARY 22, 2013"
377,Nill,Nill
378,Financial Guaranty Insurance Company ,"October 1, 2010"
379,"Transamerica Asset Management, Inc.",Nill
380,Invesco,Nill
381,"Legg Mason Partners Fund Advisor, LLC","APRIL 30, 2012"
382,SA Funds,"OCTOBER 1, 2014"
383,Allianz Global Investors Fund Management LLC,Nill
384,Lattice Strategies trust,"September 30, 2014"
385,Nill,Nill
386,State Of Montana Public Employees Retirement Board,Nill
387,Nill,Nill
388,Libertyview Capital Management LLC,"JULY 2, 2013"
389,Nill,"October 1, 2012"
390,Calvert Asset Management,Nill
391,Duff & Phelps Utility And Corporate Cond Trust Inc.,"AUGUST 31, 201 0"
392,Campbell Multi-Strategy Trust,Nill
393,"Corporate Capital Trust, Inc.",Nill
394,"Marshall Funds, Inc.","December 1, 2008"
395,Deutsche Asset Management,"April I, 2008"
396,Nill,Nill
397,ING Funds Trust,Nill
398,State Of Montana Public Employees Retirement Board,"April 12, 2007"
399,Nill,"December 9, 2031"
400,Allianz Multi-Strategy Trust,Nill
401,The Japan Fund,"October 1, 2004"
402,"Grantham, Mayo, Van Otterloo & Co. LLC","April 1, 2006"
403,Value Line Family Of Funds,0/1/2012
404,Nill,Nill
405,Forum Funds,Nill
406,Jefferies Finance LLC,"FEBRUARY 23, 2015"
407,Principal Life Insurance Company,"DECEMBER 1, 2015"
408,Nill,Nill
409,Russell Investment Company,"JANUARY 1, 2011"
410,Nill,Nill
411,Nill,Nill
412,Nill,Nill
413,Global Custody And Clearing Ltd,Nill
414,Clearwood Capital Fund & Reit,"February 15, 2007"
415,Nill,"August 1, 2014"
416,"SSGA Funds Management, Inc.","July 19, 2017"
417,Investors Bank and Trust Company,Nill
418,Harris Associates Investment Trust,"JULY 1, 2014"
419,Russell Trust Company,Nill
420,Babson Capital Management LLC,"April 15, 2008"
421,Blackrock Funds,"MAY 13, 2015"
422,"Davis Selected Advisors, L.P.",Nill
423,Nill,"August 1, 2014"
424,T. Rowe Price Funds,"JULY 31, 2015"
425,"Legg Mason Partners Fund Advisor, LLC",Nill
426,Factor Shares Trust,Nill
427,SA Funds,"September 1, 2011)"
428,State Farm Mutual Fund Trust,Nill
429,"Blackrock, Inc.",Nill
430,Nill,Nill
431,Nill,8/17/2007 13:08 FAX 6179546624 MFS INVEST MGMT .002
432,Brandes Investment Trust,Nill
433,Legg Mason Funds,Nill
434,Nill,"April 23, 2009. For these services the"
435,"Cigna Investments, Inc.","JANUARY 1, 2015"
436,Nill,Nill
437,Nill,Nill
438,State Farm Mutual Fund Trust,Nill
439,First Eagle Funds,Nill
440,Eaton Vance Management,Nill
441,Jefferies Finance LLC,"October 31, 2013"
442,New York Life Investment Management LLC,Nill
443,Nill,"February 08, 2011 2:36 PM"
444,Putnam Investments ,"January 1, 2007"
445,State Of Montana Public Employees Retirement Board,"December 15, 201 O"
446,Nill,"January 1, 2005"
447,Nill,Nill
448,TIAA-CREF,Nill
449,Arrowstreet World Small Cap Equity Alpha Extension Fund (Cayman) Limited,"February 28, 20 l7"
450,USAA Mutual Funds Trust,Nill
451,Nill,Nill
452,Nill,Nill
453,Arrowstreet Capital Global Equity Alpha Extension Fund Limited,"February 28, 2017"
454,"SSGA Funds Management, Inc.",Nill
455,"Invesco Multi Series Funds, LLC","APRIL 5, 2016"
456,Nill,"AUGUST 31, 2016"
457,"The China Fund, Inc.",Nill
458,State Farm,Nill
459,Nill,Nill
460,State Farm Mutual Fund Trust,Nill
461,Aberdeen Funds,"March 1, 2010"
462,Hartford Funds,"DECEMBER 31, 2014"
463,HIMCO Variable Insurance Trust,"SEPTEMBER 9, 2014"
464,Financial Guaranty Insurance Company ,"JanuaryMarch 1, 2011], by and between State Street and each of the investment"
465,Franklin Templeton US ETF,"JUNE 1, 2016"
466,Calamos Asset Management,Nill
467,Nill,Nill
468,State Of Montana Public Employees Retirement Board,"March 4, 2013"
469,Nill,Nill
470,UBS Global Asset Management (US) Inc.,Nill
471,Carlyle Global Market Strategies CLO 2011-1 LTD.,Nill
472,JFIN Revolver CLO 2015 Ltd.,"APRIL 8, 2015"
473,State Of Montana Public Employees Retirement Board,Nill
474,The Investment Fund for Foundations,"March 1, 2010"
475,Nill,Nill
476,Pacific Select Fund,"JULY 1, 2013"
477,Eaton Vance Management,Nill
478,Nill,Nill
479,Lumber Insurance Companies,"May 1, 2003"
480,Invesco,Nill
481,Eaton Vance Management,Nill
482,William Blair Macro Allocation Fund,Nill
483,GE Asset Management Trust,Nill
484,Nill,"JULY 1, 2012"
485,Nill,"June 1, 2016, as amended as of September 15, 2016"
486,"TIAA-CREF Tuition Financing, Inc.","JANUARY 1, 2013"
487,Stone Harbor Investment Partners,"MARCH 13, 2013"
488,Nill,Nill
489,Litman Gregory Masters Smaller Companies Fund,"FEBRUARY 1, 2016"
490,Nill,"January 1, 2011"
491,Nill,Nill
492,Avenue Mutual Funds Trust,"MAY 31, 2012"
493,"Wilmington Trust, N.A","July l8, 20l7"
494,Artisan Partners Limited Partnership,"DECEMBER 31, 2012"
495,ICON Funds,"JUNE 1, 2012"
496,Carlyle Global Market Strategies CLO 2015-1 LTD,Nill
497,The Vanguard Group,September 201 1
498,Insurance Company Of the West,Nill
499,State Of Montana Public Employees Retirement Board,"May 29, 2008"
500,Money Market Fund,Nill
501,Babson Capital Funds Trust,"JULY 1, 2015"
502,Eaton Vance Management,"July 20, 2006 '"
503,Regiment Capital Special Situations Funds,"APRIL 26, 2012"
504,Eaton Vance Management,Nill
505,Nill,Nill
506,Nill,Nill
507,Retirement Income Plan of Selective Insurance Compamy of America,Nill
508,Benefit Trust Company,"August 1, 2002"
509,Eaton Vance,Nill
510,Global Custody And Clearing Ltd,Nill
511,Nill,"JUNE 7, 2016"
512,Investors Bank and Trust Company,Nill
513,Aberdeen Open End Funds,"June 1, 2010 by and among 3th Aberdeen management investme nt company this is o: becomos a party thereto"
514,Russell Trust Company,"January 21, 2013"
515,William Blair Funds,"October 1, 1999,"
516,Mercer Funds,"October 21, 2011"
517,Genesis Investment Management Limited,Nill
518,Alpine Funds,"APRIL 1, 2014"
519,First Mercantile Trust Company,"SEPTEMBER 1, 2012"
520,Commodore CDO IV Ltd.,Nill
521,Rietumu Banka,"June 14, 2012"
522,State Farm Mutual Fund Trust,Nill
523,Ares Closed End Fund Series,Nill
524,New Amsterdam Capital,Nill
525,RREEF Property Trust,"JANUARY 1, 2013"
526,Eaton Vance Tax,Nill
527,Alpine Funds,Nill
528,Investors Bank and Trust Company ,"MAY 15, 2012"
529,Cullen Funds,"SEPTEMBER 28, 2012"
530,Nill,Nill
531,Benefit Trust Company,"January 5, 2004"
532,Harris Associates Investment Trust,"January 1, 2008"
533,HIMCO Variable Insurance Trust,"APRIL 1, 2015"
534,PIMCO,"JANUARY 1, 2013"
535,First Mercantile Trust Company,"DECEMBER 4, 2015"
536,Invesco,Nill
537,Nill,Nill
538,GMO Series Trust,"OCTOBER 13, 2011"
539,Nill,Nill
540,"GMO Alpha LIBOR(Offshore), L.P. Series","February 19, 2009*"
541,Deutsche Bank ,June 18 2013 .
542,Nill,3/01/2018 02253 FAX
543,"American Century Investment Management, Inc.","OCTOBER 16, 2017"
544,Nill,"May 16, 2013"
545,Eaton Vance,"September 1, 2010"
546,Massachusetts Mutual Life Insurance Company,Nill
547,"The Korea Fund, Inc.","FEBRUARY 1, 2013"
548,Global Trust Company,Nill
549,"Blackrock, Inc.",Nill
550,Sierra Income Corporation,JANUARY 2013
551,Domini Social Investment Trust,"October, 2002"
552,Voya CLO 2014-4 Ltd.,"AUGUST 5, 2014"
553,BlackRock,"APRIL 18, 2015"
554,Nill,Nill
555,Artisan Partners Limited Partnership,"January 1, 2015"
556,"Cohen & Steers Capital Management, Inc.",Nill
557,Voya CLO 2014-4 Ltd.,"SEPTEMBER 30, 2015"
558,State Of Montana Public Employees Retirement Board,"April 1, 2015"
559,Clearwater Investment Trust,Nill
560,State Of Montana Public Employees Retirement Board,Nill
561,Henderson Global Funds,"August 14, 2014"
562,Nill,"MARCH 1, 2014"
563,Nill,Nill
564,Mercer Global Investment Management,"May 20, 2005"
565,Nill,Nill
566,"Portfolio Partners, Inc.","May 31, 2001"
567,GSO Capital Partners,Nill
568,"California Physicians Services, Inc.",Nill
569,Pacific Life Fund Advisors LLC,"December 31, 2015)"
570,State Of Montana Public Employees Retirement Board,"APRIL 30, 2012"
571,Global Trust Company,Nill
572,Nill,"December 14, 2012"
573,Nill,Nill
574,Nill,"JANUARY 25, 2017"
575,New York Life Investment Management LLC,Nill
576,Nill,Nill
577,Fifth Third Bank,Nill
578,Ridgeworth Funds,Nill
579,Poplar Foundation,"SEPTEMBER 3, 2014"
580,Frankenmuth Insurance Company,7/1/2014
581,USAA Mutual Funds Trust,"JUNE 1, 2014"
582,Artisan Partners Limited Partnership,"July 215  , 2011"
583,"The Glenmede Fund, Inc.","DECEMBER 31, 2013"
584,GMO Trust,"July 1, 1995."
585,"Blackrock, Inc.",Nill
586,Carlyle Global Market Strategies CLO 2012-3 LTD.,Nill
587,Lattice Strategies trust,"September 30, 2014"
588,Nill,"MARCH 18, 2014"
589,Mercer Funds,"JANUARY 1, 2015"
590,Manulife Asset Management Limited,"APRIL 1, 2014"
591,"Grantham, Mayo, Van Otterloo & Co. LLC","March 4, 2002)"
592,Nill,"JANUARY 1, 2015"
593,Nill,"February 24, 2011"
594,Genesis Investment Management Limited,Nill
595,Julius Baer Investment Funds,"December 31, 2005"
596,Guinness Flight Investment Funds,Nill
597,Nill,January 1. 2005
598,Global Custody And Clearing Ltd,Nill
599,Thornburg Investment Trust,"APRIL 1, 2014"
600,Allianz Multi-Strategy Trust,Nill
601,Goldman Sachs Asset Management,"SEPTEMBER 1, 2014"
602,Nill,Nill
603,Investors Bank and Trust Company,"August 15, 2003"
604,Nill,"JULY 1, 2016"
605,John Hancock Fund Family,"May 4, 2006"
606,State Of Montana Public Employees Retirement Board,"May 27, 2014"
607,Nill,"October 10, 2013"
608,Lord Abbett Family of Funds,"JULY 1, 2012"
609,"Davis Selected Advisors, L.P.",Nill
610,Nill,"OCTOBER 16, 2013"
611,Nill,Nill
612,Schwab Strategic Trust,Nill
613,Neuberger Berman Funds,"JUNE 1, 2014"
614,"SSGA Funds Management, Inc.",Nill
615,Van Eck ,"FEBRUARY 1, 2014"
616,Nill,Nill
617,Mercer Global Investments Canada Limited,Nill
618,Nill,"JULY 20, 2016"
619,Nill,"July 26, 2011"
620,Nill,Nill
621,USAA Life Investment Trust,"April 9, 1997"
622,"William Blair Macro Allocation Fund, LLC","FEBRUARY 28, 2014"
623,Pacific Investment Management Company LLC,"FEBRUARY 29, 2012"
624,Global Custody And Clearing Ltd,Nill
625,Russell Investment Funds,"JANUARY 1, 2011"
626,Nill,Nill
627,Nill,Nill
628,Nill,February 2015
629,"Homestead Funds, Inc.",Nill
630,USAA Mutual Funds Trust,Nill
631,Lord Abbett Family of Funds,"JULY 1, 2012"
632,Deutsche Bank Branch Money Market Desk,Nill
633,Nill,"June 25, 2004"
634,Nill,"August 1, 2014"
635,Global Trust Company,"APRIL 1, 2015"
636,Harris Associates International value L.P.,"JULY 1, 2014"
637,Nill,Nill
638,AO Middle Market Credit Financing L.P.,"APRIL 19, 2016"
639,New York Life Investment Management LLC,"JANUARY 1, 2011"
640,Principal Management Corporation,"JUNE 16, 2015"
641,RIDGEWORTH FUNDS,"MARCH 3, 2014"
642,Nill,"AUGUST 15, 2014"
643,Nill,0/3/2013
644,Harbor Funds,"JANUARY 1, 2013"
645,Forum Funds,Nill
646,General Motors Of Canada Limited,"January 1, 2012"
647,Nill,"August 1, 2011"
648,Blackstone Alternative Asset Management L.P.,Nill
649,Pyrford International,October 2012
650,"The AlphaGen European Best Ideas Fund,LLC","DECEMBER 5, 2014"
651,Global Trust Company,"DECEMBER 19, 2014"
652,Russell Exchange Traded Funds Trust,"APRIL 15, 2011"
653,"Corporate Capital Trust, Inc.",Nill
654,Nill,Nill
655,Nill,1/01/2013
656,State Farm Mutual Fund Trust,Nill
657,Eaton Vance Management,Nill
658,"Blackrock, Inc.","October 9, 2014"
659,Nill,"October 23, 2015, by and between HARTFORD FUNDS MANAGEMENT"
660,Nill,Nill
661,Carlyle Global Market Strategies CLO 2012-3 LTD.,Nill
662,Blackrock Open End Funds,"OCTOBER 27, 2014"
663,Nill,Nill
664,State Farm,Nill
665,"Icon Advisers, Inc.",Nill
666,State Of Montana Public Employees Retirement Board,"January 25, 2013"
667,Thrivent Mutual Funds,"OCTOBER 1, 2015"
668,Forum Funds,Nill
669,Nill,Nill
670,State Of Montana Public Employees Retirement Board,"December 10, 2007"
671,Nill,Nill
672,Aberdeen Funds,"JUNE 1, 2015"
673,Nill,"JANUARY 1, 2013"
674,Nill,MAY 2015
675,Nill,"OCTOBER 16, 2013"
676,"Aberdeen Institutional Commingled Funds, LLC",Nill
677,"International Value Advisors, LLC",Nill
678,"SSGA Funds Management, Inc.",Nill
679,Fannie Mae MBS Trust,January 2010
680,State Of Montana Public Employees Retirement Board,"March 6, 2015"
681,Davis Fundamental ETF Trust,"JUNE 15, 2017"
682,State Of Montana Public Employees Retirement Board,"April 14, 2009 ,"
683,Charles Schwab Investment Management Inc.,"OCTOBER 14, 2015"
684,GMO Series Trust,"OCTOBER 13, 2011"
685,Hexavest Funds,"JANUARY 1, 2015"
686,"The China Fund, Inc.","DECEMBER 5, 2013"
687,Massmutual (Mutual Funds),Nill
688,The Clipper Fund,"OCTOBER 14, 2013"
689,"Icon Advisers, Inc.",Nill
690,Nill,"SEPTEMBER 1, 2012"
691,Carlyle Global Market Strategies CLO 2012-3 LTD.,Nill
692,"Grantham, Mayo, Van Otterloo & Co. LLC",Nill
693,Nill,Nill
694,MFS Heritage Trust Company,"January 18, 2011"
695,Lehman Collective Trust Funds,Nill
696,"Wells Fargo Funds Management, LLC",Nill
697,Nill,"August 19, 2005"
698,Nill,"JULY 20, 2012"
699,THL Credit Advisors LLC,"April 19, 2010"
700,Nill,Nill
701,Nill,"SEPTEMBER 12, 2014"
702,Hand Benefits & Trust Company,"JUNE 27, 2017"
703,Voya Funds Trust ,Nill
704,State Farm Mutual Fund Trust,Nill
705,"Transamercia Fund Services, Inc.",Nill
706,John Hancock Life Insurance Company,"JANUARY 1, 2015"
707,"Wells Fargo Funds Management, LLC","July 17, 2014"
708,Harris Associates Investment Trust,Nill
