,Company,Date
0,Hartford Funds,"DECEMBER 31, 2014"
1,Hartford Life Insurance Company,"FEBRUARY 2, 2015"
2,Eaton Vance Management,[]
3,Janus Capital Management,"December 1, 2014"
4,Front Street Re(Cayman) Ltd,"SEPTEMBER 9, 2013"
5,State Farm Mutual Fund Trust,[]
6,Nill,"JANUARY 1, 2015"
7,Credit Suisse,"APRIL 14, 2014"
8,"Transamercia Fund Services, Inc.",[]
9,Stone Harbor US Mutual Funds,"DECEMBER 8, 2014"
10,State Of Montana Public Employees Retirement Board,"September 1, 2016"
11,Babson Capital Open End Mutual Funds,"MARCH 11, 2013"
12,State Farm,[]
13,Commodity Series Fund I Subsidiary,[]
14,Pacific Life Fund Advisors LLC,[]
15,Highland Funds,"October 1, 2012"
16,William Blair Funds,[]
17,Nill,[]
18,"Wilimington Trust, N.A. - Franklin Templeton CITs","APRIL 12, 2017"
19,Global Trust Company,"JANUARY 7, 2013"
20,Nill,[]
21,Reliance Trust Company,[]
22,Global Custody And Clearing Ltd,[]
23,Morgan Stanley Advisor Funds,"APRIL 1, 2013"
24,Eaton Vance Management,May2004
25,"MetLife Advisors, LLC",[]
26,Nill,"March 16, 2010"
27,Nill,[]
28,Nill,"March 18, 2004"
29,"Commonfund Asset Management Company, Inc",[]
30,Reaves Utility Income Fund,"DECEMBER 9, 2013"
31,Nill,"JANUARY 1, 2015 ,"
32,Nill,[]
33,"The Glenmede Fund, Inc.",[]
34,Invesco Funds,"January 1, 2002 and for"
35,Alpine Funds,[]
36,"GMO Emerging Country Local Debt Fund (Onshore), L.P.","OCTOBER 21, 2014"
37,GMO Trust,"January 2014 (Amended as of July 1, 2014)"
38,"Securities, Banking & Treasury Management Services",[]
39,"BCM 2012-II ETB, Inc.","MAY 11,2016"
40,"Invesco, Inc",[]
41,PIMCO,"JANUARY 1, 2014 (THE ""EFFECTIVE DA TE"")"
42,"Herzfeld Caribbean Basin Fund, Inc.","JULY 1, 2012"
43,Jefferies Finance LLC,[]
44,Calvert Group Ltd.,[]
45,State Of Montana Public Employees Retirement Board,[]
46,Carlyle Global Market Strategies Euro CLO 2013-2 LTD.,[]
47,Wells Fargo Advantage Funds,[]
48,Russell Fund Services Company,"MARCH 1, 2013"
49,Hand Benefits & Trust Company,[]
50,The Investment Fund for Foundations,"JANUARY 1, 2013"
51,Nill,"DECEMBER 1, 2011"
52,"Partners Group Private Equity (Master Fund), LLC",[]
53,Nill,[]
54,UBS Global Asset Management (Americas) Inc,[]
55,"Loomis Sayles Trust Company, LLC",[]
56,Nill,"JUNE 30, 2015"
57,"Transatlantic Holdings, Inc.",[]
58,Brandes investment Partners LP,"JANUARY, 2015"
59,Genesis Investment Management LLP,"September 1, 20:3"
60,First Eagle Gold Cayman Fund Ltd.,[]
61,Nill,[]
62,John Hancock Investment Funds,"APRIL 1, 2014"
63,Investors Bank and Trust Company,[]
64,Nill,[]
65,Global Custody And Clearing Ltd,[]
66,"NGAM Advisors, L.P.","OCTOBER 1, 2014  "
67,Wasatch Funds Trust,"APRIL 1, 2016"
68,Aberdeen Asia-Pacific Income Fund Inc.,[]
69,Quincy Mutual Fire Insurance Company,[]
70,"Epoch Investment Partners, Inc.",[]
71,Inter-Ocean Reinsurance Company Ltd and Affiliates,[]
72,Global Trust Company,[]
73,Thrivent Mutual Funds,[]
74,State Farm Mutual Fund Trust,[]
75,"Hartford Funds Management Company, LLC",[]
76,Massmutual (Mutual Funds),[]
77,AllianceBernstein Funds,"AUGUST 1,2011"
78,Exchange Place Advisors LLC,"OCTOBER 14, 2014"
79,Nill,[]
80,Federated Funds,"JUNE 1, 2016"
81,Goldman Sachs Trust II,"APRIL 30, 2013"
82,Global Custody And Clearing Ltd,[]
83,Forum Funds,[]
84,Nill,[]
85,Nill,January I. 2005
86,Nill,[]
87,Global Custody And Clearing Ltd,[]
88,AXA Private Equity,[]
89,MGI Funds,[]
90,Nill,[]
91,Henderson Global Funds,[]
92,Commodity Series Fund I Subsidiary,[]
93,"Eaton Vance Cash Collateral Fund, LLC","September 1, 2010"
94,"Wells Fargo Funds Management, LLC",[]
95,Dodge & Cox ,"JANUARY 1, 2016"
96,Benefit Trust Company,"AUGUST 1, 2008"
97,Artisan Partners Limited Partnership,"December 31, 2012"
98,The Reserve Funds,[]
99,Ridgeworth Funds,"MAY 30, 2014"
100,Janus Capital Management,"SEPTEMBER 15, 2015"
101,Invesco,December 2013
102,Eaton Vance Management,"July 20, 2006 '"
103,Nill,[]
104,The Hirtle Callaghan Trust,"September 1, 2008"
105,Massmutual (Mutual Funds),[]
106,GMO Series Trust,"JANUARY 1, 2016"
107,Blackstone Alternative Investments Funds,"APRIL 29, 2014"
108,Morgan Stanley Advisor Funds,"APRIL 1,2013"
109,Alliance Bernstein Funds,[]
110,Nill,[]
111,Eaton Vance - Global Bond,"APRIL 30, 2013"
112,"SSGA Funds Management, Inc.",[]
113,"Weitz Investment Management, Inc.","JANUARY 4, 2017"
114,Nill,[]
115,Neuberger Berman Funds,"JUNE 1, 2014"
116,Lazard Asset Management,[]
117,UBS Global Asset Management (Americas) Inc,"APRIL 1, 2012"
118,Jackson National Asset Management,[]
119,SSGA Life Solutions Funds ,[]
120,Origin Asset Management,[]
121,"Grantham, Mayo, Van Otterloo & Co. LLC",[]
122,Henderson Global Funds,AUGUST 2011
123,Janus Capital Management LLC,"APRIL 14,2016"
124,Massmutual (Mutual Funds),[]
125,Apex Credit Partners LLC,[]
126,HIMCO Variable Insurance Trust,"APRIL 1, 2015"
127,UBS Global Asset Management (Americas) Inc,"APRIL 1, 2012"
128,GW&K Funds,"MARCH 31, 2017"
129,Goldman Sachs Trust II,"AUGUST 15, 2017"
130,Global Trust Company,"JULY 11, 2017"
131,Blackrock Open End Funds,"OCTOBER 27, 2014"
132,Ab Funds,"APRIL 5, 2016"
133,"SSGA Funds Management, Inc.",[]
134,Metropolitan Life Insurance Company,AS OF 1/1/2013
135,Russell Trust Company,"May 20, 2014"
136,Credit Suisse Funds,[]
137,Natixis Funds,"OCTOBER 1, 2014"
138,"Baron Funds, Inc.","JANUARY 1, 2012"
139,State Farm Mutual Fund Trust,"August 1, 2014"
140,SBLI USA Mutual Insurance Company,AS OF 09/01/2012
141,Blackrock Funds,"MAY 13, 2015"
142,Massachusetts Mutual Life Insurance Company,"MAY 13, 2016"
143,MFS Retail Funds,"OCTOBER 1, 2016"
144,"Baron Funds, Inc.","JANUARY 1, 2012"
145,Highland Funds,"October 1, 2012"
146,SSGA Funds,"June 26, 2017"
147,Babson Capital Funds Trust,"OCTOBER 1, 2015"
148,"The E/W group, Inc.",[]
149,Ares Center Street Partnership L.P.,[]
150,Premier Multi-Series VIT,"AUGUST 30, 2012"
151,Ab Funds,"APRIL 5, 2016"
152,Thrivent Financial For Lutherans,"OCTOBER 1, 2012"
153,Pear Tree Funds,"MAY 8, 2017"
154,Calamos Global Opportunities Fund LP,"JANUARY 1, 2015"
155,Calamos Global Opportunities Fund LP,"JANUARY 1, 2015"
156,Pax World Esg Managers Funds,"JANUARY 1, 2015"
157,"Retail Finance International Holdings, Inc.",[]
158,IVY Nextshares,"AUGUST 31, 2016"
159,Sun Life Assurance Company Of Canada(U.S.),"DECEMBER 19, 2013"
160,Sprott Focused Trust,"MARCH 9, 2015"
161,Rs Investments,"JUNE 1, 2014"
162,Poplar Foundation,"OCTOBER 6, 2017"
163,M&T Bank,"FEBRUARY, 2012"
164,JFIN Revolver 2014 CLO Ltd.,"AUGUST 5, 2014"
165,Cohen & Steers Funds,"October 1, 2013"
166,"Davis Selected Advisors, L.P.","MAY 1, 2012"
167,AQR Collective Investment Trust,"JANUARY 27, 2012"
168,Pacific Select Fund,"JANUARY 1,2017"
169,Massachusetts Mutual Life Insurance Company,[]
170,BMO Alternative Strategies Fund,11/19/2014 16:29 FAX 414 287 8511 MARSHALL FUNDS .001
171,Wasatch Funds Trust,"APRIL 1, 2013"
172,Eastspring Asset Management Korea Co. Ltd. ,"MAY 7, 2014"
173,JFIN Holdings LLC,APRIL 2012
174,Dentaquest,[]
175,Stichting Pensioenfonds ABP,"JANUARY 1, 2013"
176,Mercer Funds,"June 7, 2012"
177,Baron Funds,"SEPTEMBER 23, 2015"
178,Select Sector SPDR Trust,"MAY 1, 2001)"
179,"Credit Suisse Asset Management,LLC","SEPTEMBER 30, 2014"
180,Cohen & Streers,"October 24, 2005"
181,Forum Funds,[]
182,TCW Special Situations LLC,[]
183,Forum Funds,[]
184,Credit Suisse Funds,"SEPTEMBER 1, 2015"
185,Ares CLO XXVIII,"OCTOBER 22, 2013"
186,Global Trust Company,"JUNE 28, 2013"
187,JFIN Capital 2014 LLC.,"JULY 16, 2014"
188,Aston Hill Asset Management Inc.,"FEBRUARY 12, 2015"
189,SSGA Funds,"JANUARY 1, 2013"
190,AllianceBernstein Sub-Advised Alternative Investment Funds,"AUGUST 1, 2014"
191,IVY Nextshares,"AUGUST 31, 2016"
192,GW&K Funds,"JANUARY 1, 2018"
193,PIMCO Funds,[]
194,Nill,"APRIL 1, 2013"
195,Franklin Templeton US ETF,"JUNE 1, 2016 AND REVISED As OF SEPTEMBER 15, 2016"
196,Reliance Trust Company,"OCTOBER 15, 2015"
197,Nill,"July 1, 2001"
198,Artisan Partners Limited Partnership,"DECEMBER 31, 2012"
199,Janus ETFs,"FEBRUARY 4, 2016"
200,Invesco gemini US Loan Fund LLC,"APRIL 5, 2016"
201,MUNDER,[]
202,AllianceBernstein Funds,"AUGUST 1,2011"
203,Eaton Vance - Global Bond,"SEPTEMBER 17, 2012"
204,"Dodge & Cox Internation Stock Fund Cayman, Ltd.","JANUARY 1, 2014"
205,Deutsche Funds,"OCTOBER 14, 2015"
206,Babson Capital Open End Mutual Fund Services,"JANUARY 15, 2015"
207,Water Island Capital,JANUARY 2013
