,Date,Company
0,"DECEMBER 31, 2014",Hartford Funds
1,"FEBRUARY 2, 2015",Hartford Life Insurance Company
2,Nill,Eaton Vance Management
3,"December 1, 2014",Janus Capital Management
4,"SEPTEMBER 9, 2013",Front Street Re(Cayman) Ltd
5,Nill,State Farm Mutual Fund Trust
6,"JANUARY 1, 2015",nill
7,"APRIL 14, 2014",Credit Suisse
8,"DECEMBER 17, 2012","Transamercia Fund Services, Inc."
9,"DECEMBER 8, 2014",Stone Harbor US Mutual Funds
10,"September 1, 2016",State Of Montana Public Employees Retirement Board
11,"MARCH 11, 2013",Babson Capital Open End Mutual Funds
12,"MARCH 1, 2014",State Farm
13,"MAY 1, 2013",Commodity Series Fund I Subsidiary
14,Nill,Pacific Life Fund Advisors LLC
15,"October 1, 2012",Highland Funds
16,Nill,William Blair Funds
17,Nill,nill
18,"APRIL 12, 2017","Wilimington Trust, N.A. - Franklin Templeton CITs"
19,"JANUARY 7, 2013",Global Trust Company
20,Effective Date 02/08/2006,nill
21,"October 15, 2015.",Reliance Trust Company
22,Nill,Global Custody And Clearing Ltd
23,"APRIL 1, 2013",Morgan Stanley Advisor Funds
24,May2004,Eaton Vance Management
25,"April 14, 2014)","MetLife Advisors, LLC"
26,"March 16, 2010",nill
27,Nill,nill
28,"March 18, 2004",nill
29,Nill,"Commonfund Asset Management Company, Inc"
30,"DECEMBER 9, 2013",Reaves Utility Income Fund
31,"JANUARY 1, 2015 ,",nill
32,"April I, 2009",nill
33,Nill,"The Glenmede Fund, Inc."
34,"January 1, 2002 and for",Invesco Funds
35,Nill,Alpine Funds
36,"OCTOBER 21, 2014","GMO Emerging Country Local Debt Fund (Onshore), L.P."
37,"January 2014 (Amended as of July 1, 2014)",GMO Trust
38,Nill,"Securities, Banking & Treasury Management Services"
39,"MAY 11,2016","BCM 2012-II ETB, Inc."
40,"December 29, 2000, and as amended thereafter, by and","Invesco, Inc"
41,"JANUARY 1, 2014 (THE ""EFFECTIVE DA TE"")",PIMCO
42,"JULY 1, 2012","Herzfeld Caribbean Basin Fund, Inc."
43,Nill,Jefferies Finance LLC
44,May 2002.,Calvert Group Ltd.
45,Nill,Carlyle Global Market Strategies Euro CLO 2013-2 LTD.
46,"AUGUST 10, 2009",Wells Fargo Advantage Funds
47,"MARCH 1, 2013",Russell Fund Services Company
48,"FEBRUARY 1, 2014",Hand Benefits & Trust Company
49,"JANUARY 1, 2013",The Investment Fund for Foundations
50,"DECEMBER 1, 2011",nill
51,Nill,"Partners Group Private Equity (Master Fund), LLC"
52,Nill,nill
53,Nill,UBS Global Asset Management (Americas) Inc
54,Nill,"Loomis Sayles Trust Company, LLC"
55,"JUNE 30, 2015",nill
56,Nill,"Transatlantic Holdings, Inc."
57,"JANUARY, 2015",Brandes investment Partners LP
58,"September 1, 20:3",Genesis Investment Management LLP
59,"October I, 2013",First Eagle Gold Cayman Fund Ltd.
60,Nill,nill
61,"APRIL 1, 2014",John Hancock Investment Funds
62,"July I, 2006",Investors Bank and Trust Company
63,"April 1, 2010 (as amended, supplemented, restated or otherwise",nill
64,"May, 2015 by and between",Global Custody And Clearing Ltd
65,"OCTOBER 1, 2014  ","NGAM Advisors, L.P."
66,"APRIL 1, 2016",Wasatch Funds Trust
67,Nill,Aberdeen Asia-Pacific Income Fund Inc.
68,AS OF 09/01/2012,Quincy Mutual Fire Insurance Company
69,Nill,"Epoch Investment Partners, Inc."
70,"JANUARY 14, 2011",Inter-Ocean Reinsurance Company Ltd and Affiliates
71,Nill,Global Trust Company
72,"OCTOBER 1, 2012 a.",Thrivent Mutual Funds
73,Nill,State Farm Mutual Fund Trust
74,Nill,"Hartford Funds Management Company, LLC"
75,"JANUARY 1, 2011",Massmutual (Mutual Funds)
76,"AUGUST 1,2011",AllianceBernstein Funds
77,"OCTOBER 14, 2014",Exchange Place Advisors LLC
78,"July 1, 2008",nill
79,"JUNE 1, 2016",Federated Funds
80,"APRIL 30, 2013",Goldman Sachs Trust II
81,Nill,Global Custody And Clearing Ltd
82,Effective Date 09/01/2006,Forum Funds
83,"February 11, 2011",nill
84,January I. 2005,nill
85,Nill,nill
86,Nill,Global Custody And Clearing Ltd
87,December 2004,AXA Private Equity
88,"August 12, 2005, by and between State Street and the Funds (the  Administration",MGI Funds
89,Nill,nill
90,Nill,Henderson Global Funds
91,"JANUARY 1, 2013",Commodity Series Fund I Subsidiary
92,"September 1, 2010","Eaton Vance Cash Collateral Fund, LLC"
93,"DECEMBER 7, 2009","Wells Fargo Funds Management, LLC"
94,"JANUARY 1, 2016",Dodge & Cox 
95,"AUGUST 1, 2008",Benefit Trust Company
96,"December 31, 2012",Artisan Partners Limited Partnership
97,Nill,The Reserve Funds
98,"MAY 30, 2014",Ridgeworth Funds
99,"SEPTEMBER 15, 2015",Janus Capital Management
100,December 2013,Invesco
101,"July 20, 2006 '",Eaton Vance Management
102,Nill,nill
103,"September 1, 2008",The Hirtle Callaghan Trust
104,"JANUARY 1, 2011",Massmutual (Mutual Funds)
105,"JANUARY 1, 2016",GMO Series Trust
106,"APRIL 29, 2014",Blackstone Alternative Investments Funds
107,"APRIL 1,2013",Morgan Stanley Advisor Funds
108,Nill,Alliance Bernstein Funds
109,Nill,nill
110,"APRIL 30, 2013",Eaton Vance - Global Bond
111,"JULY 19, 2017","SSGA Funds Management, Inc."
112,"JANUARY 4, 2017","Weitz Investment Management, Inc."
113,Nill,nill
114,"JUNE 1, 2014",Neuberger Berman Funds
115,Nill,Lazard Asset Management
116,"APRIL 1, 2012",UBS Global Asset Management (Americas) Inc
117,Nill,Jackson National Asset Management
118,Nill,SSGA Life Solutions Funds 
119,Nill,Origin Asset Management
120,"April, 1 2005","Grantham, Mayo, Van Otterloo & Co. LLC"
121,AUGUST 2011,Henderson Global Funds
122,"APRIL 14,2016",Janus Capital Management LLC
123,"JANUARY 1,2011",Massmutual (Mutual Funds)
124,"August 20, ZOlS by and",Apex Credit Partners LLC
125,"APRIL 1, 2015",HIMCO Variable Insurance Trust
126,"APRIL 1, 2012",UBS Global Asset Management (Americas) Inc
127,"MARCH 31, 2017",GW&K Funds
128,"AUGUST 15, 2017",Goldman Sachs Trust II
129,"JULY 11, 2017",Global Trust Company
130,"OCTOBER 27, 2014",Blackrock Open End Funds
131,"APRIL 5, 2016",Ab Funds
132,"JUNE 1, 2015","SSGA Funds Management, Inc."
133,AS OF 1/1/2013,Metropolitan Life Insurance Company
134,"May 20, 2014",Russell Trust Company
135,Nill,Credit Suisse Funds
136,"OCTOBER 1, 2014",Natixis Funds
137,"JANUARY 1, 2012","Baron Funds, Inc."
138,"August 1, 2014",State Farm Mutual Fund Trust
139,AS OF 09/01/2012,SBLI USA Mutual Insurance Company
140,"MAY 13, 2015",Blackrock Funds
141,"MAY 13, 2016",Massachusetts Mutual Life Insurance Company
142,"OCTOBER 1, 2016",MFS Retail Funds
143,"JANUARY 1, 2012","Baron Funds, Inc."
144,"October 1, 2012",Highland Funds
145,"June 26, 2017",SSGA Funds
146,"OCTOBER 1, 2015",Babson Capital Funds Trust
147,Nill,"The E/W group, Inc."
148,Nill,Ares Center Street Partnership L.P.
149,"AUGUST 30, 2012",Premier Multi-Series VIT
150,"APRIL 5, 2016",Ab Funds
151,"OCTOBER 1, 2012",Thrivent Financial For Lutherans
152,"MAY 8, 2017",Pear Tree Funds
153,"JANUARY 1, 2015",Calamos Global Opportunities Fund LP
154,"JANUARY 1, 2015",Calamos Global Opportunities Fund LP
155,"JANUARY 1, 2015",Pax World Esg Managers Funds
156,"JULY 16, 2014","Retail Finance International Holdings, Inc."
157,"AUGUST 31, 2016",IVY Nextshares
158,"DECEMBER 19, 2013",Sun Life Assurance Company Of Canada(U.S.)
159,"MARCH 9, 2015",Sprott Focused Trust
160,"JUNE 1, 2014",Rs Investments
161,"OCTOBER 6, 2017",Poplar Foundation
162,"FEBRUARY, 2012",M&T Bank
163,"AUGUST 5, 2014",JFIN Revolver 2014 CLO Ltd.
164,"October 1, 2013",Cohen & Steers Funds
165,"MAY 1, 2012","Davis Selected Advisors, L.P."
166,"JANUARY 27, 2012",AQR Collective Investment Trust
167,"JANUARY 1,2017",Pacific Select Fund
168,"JANUARY 1, 2011",Massachusetts Mutual Life Insurance Company
169,11/19/2014 16:29 FAX 414 287 8511 MARSHALL FUNDS .001,BMO Alternative Strategies Fund
170,"APRIL 1, 2013",Wasatch Funds Trust
171,"MAY 7, 2014",Eastspring Asset Management Korea Co. Ltd. 
172,APRIL 2012,JFIN Holdings LLC
173,"may be amended, supplemented, restated or otherwise",Dentaquest
174,"JANUARY 1, 2013",Stichting Pensioenfonds ABP
175,"June 7, 2012",Mercer Funds
176,"SEPTEMBER 23, 2015",Baron Funds
177,"MAY 1, 2001)",Select Sector SPDR Trust
178,"SEPTEMBER 30, 2014","Credit Suisse Asset Management,LLC"
179,"October 24, 2005",Cohen & Streers
180,"June 30, 2004",Forum Funds
181,"may be amended, supplemented,",TCW Special Situations LLC
182,"December 1, 2008",Forum Funds
183,"SEPTEMBER 1, 2015",Credit Suisse Funds
184,"OCTOBER 22, 2013",Ares CLO XXVIII
185,"JUNE 28, 2013",Global Trust Company
186,"JULY 16, 2014",JFIN Capital 2014 LLC.
187,"FEBRUARY 12, 2015",Aston Hill Asset Management Inc.
188,"JANUARY 1, 2013",SSGA Funds
189,"AUGUST 1, 2014",AllianceBernstein Sub-Advised Alternative Investment Funds
190,"AUGUST 31, 2016",IVY Nextshares
191,"JANUARY 1, 2018",GW&K Funds
192,Nill,PIMCO Funds
193,"APRIL 1, 2013",nill
194,"JUNE 1, 2016 AND REVISED As OF SEPTEMBER 15, 2016",Franklin Templeton US ETF
195,"OCTOBER 15, 2015",Reliance Trust Company
196,"July 1, 2001",nill
197,"DECEMBER 31, 2012",Artisan Partners Limited Partnership
198,"FEBRUARY 4, 2016",Janus ETFs
199,"APRIL 5, 2016",Invesco gemini US Loan Fund LLC
200,Nill,MUNDER
201,"AUGUST 1,2011",AllianceBernstein Funds
202,"SEPTEMBER 17, 2012",Eaton Vance - Global Bond
203,"JANUARY 1, 2014","Dodge & Cox Internation Stock Fund Cayman, Ltd."
204,"OCTOBER 14, 2015",Deutsche Funds
205,"JANUARY 15, 2015",Babson Capital Open End Mutual Fund Services
206,JANUARY 2013,Water Island Capital
