,Company,Services,Date
0,HARTFORD LIFE INSURANCE COMPANY,FUND ACCOUNTING and CUSTODY SERVICES,"FEBRUARY 2, 2015"
1,GLOBAL TRUST COMPANY,"GOLBAL CUSTODY, FUND ACCOUNTING AND FUND ADMINISTRATION SERVICES","AS OF JANUARY 7, 2013"
2,RUSSELL FUND SERVICES COMPANY,RUSSELL FUND SERVICES COMPANY,"AS OF MARCH 1, 2013"
3,AND TRUST COMPANY INVESTMENT FUNDS FOR TAX EXEMPT RETIREMENT PLANS,FUND ADMINISTRATION SERVICES,"AS OF DECEMBER 1, 2011"
4,QUINCY MUTUAL FIRE tNSURANCE COMPANY AND NEW ENGLAND MUTUAL INSURANCE,CUSTODY SERVICES,AS OF 09/01/2012
5,MASSACHUSETTS MUTUAL LIFE 1NSURANCE COMPANY ( ADMINISTRATOR ),FUND SUB-ADMINISTRATION AND TRANSFER AGENCY SERVICES,"JANUARY 1,2011"
6,GLOBAL TRUST COMPANY,AND FUND ADMINISTRATION SERVICES,"JULY 11, 2017"
7,METROPOLITAN LIFE INSURANCE COMPANY (THE  COMPANY ),SEPARATE ACCOUNT CUSTODY 8: ACCOUNTING SERVICES,AS OF 1/1/2013
8,SBL! USA MUTUAL LIFE INSURANCE COMPANY (THE  COMPANY ),GENERAL ACCOUNT CUSTODY & ACCOUNTING SERVICES,AS OF 09/01/2012
9,MASSACHUSETTS MUTUAL LIFE INSURANCE COMPANY (THE  COMPANY ),CUSTODY AND LOAN SERVICES,"AS OF MAY 13, 2016"
10,(THE  COMPANY ),INVESTMENT ACCOUNTING SERVICES,"AS'OF JULY 16, 2014"
11,SUN LIFE ASSURANCE COMPANY OF CANADA,CUSTODY AND IN STUTIONAL LOAN ADMINISTRATION SERVICES,"AS OF DECEMBER 19, 2013"
12,"DENTAQUEST (THE  COMPANY"")",CUSTODY SERVICES,"as of December 29, 2003 (the “Custody Agreement”) as may be amended, supplemented, restated or otherwise"
13,GLOBAL TRUST COMPANY,AND FUND ADMINISTRATION SERVICES,"AS OF JUNE 28, 2013"
14,RELIANCE TRUST COMPANY,"CUSTODY, FUND ACCOUNTING AND FUND ADMINISTRATION SERVICES","AS OF OCTOBER 15, 2015"
