,(pro rata share per Fund/per year),(pro rata share per Fund/per year)_Flag,(pro rata share per Fund/per year)_Tier,Annual Custody Fees Per Portfolio,Annual Custody Fees Per Portfolio_Flag,Annual Custody Fees Per Portfolio_Tier,Annual Minimum ,Annual Minimum _Flag,Annual Minimum _Tier,Asset Charges,Asset Charges_Flag,Asset Charges_Tier,Asset Fee,Asset Fee_Flag,Asset Fee_Tier,Asset under custody,Asset under custody_Flag,Asset under custody_Tier,Basis Point Fee (per Fund/per Year),Basis Point Fee (per Fund/per Year)_Flag,Basis Point Fee (per Fund/per Year)_Tier,Custody Fees,Custody Fees_Flag,Custody Fees_Tier,Custody Service,Custody Service_Flag,Custody Service_Tier,Domestic Asset Safekeeping,Domestic Asset Safekeeping_Flag,Domestic Asset Safekeeping_Tier,Domestic Basis Point Fee,Domestic Basis Point Fee_Flag,Domestic Basis Point Fee_Tier,Domestic Custody,Domestic Custody Basis Point Fee,Domestic Custody Basis Point Fee (per Fund/per year),Domestic Custody Basis Point Fee (per Fund/per year)_Flag,Domestic Custody Basis Point Fee (per Fund/per year)_Tier,Domestic Custody Basis Point Fee_Flag,Domestic Custody Basis Point Fee_Tier,Domestic Custody Complex Basis Point Fee,Domestic Custody Complex Basis Point Fee_Flag,Domestic Custody Complex Basis Point Fee_Tier,Domestic Custody Minimum Fee (per Fund/per month),Domestic Custody Minimum Fee (per Fund/per month)_Flag,Domestic Custody Minimum Fee (per Fund/per month)_Tier,Domestic Custody_Flag,Domestic Custody_Tier,Emerging,Emerging_Flag,Emerging_Tier,Market/Country,Market/Country_Flag,Market/Country_Tier,Mature ,Mature _Flag,Mature _Tier,Maturing,Maturing_Flag,Maturing_Tier,Minimum Fee (per Fund/per Year),Minimum Fee (per Fund/per Year)_Flag,Minimum Fee (per Fund/per Year)_Tier,Monthly Custody Fees,Monthly Custody Fees_Flag,Monthly Custody Fees_Tier,Monthly Fee,Monthly Fee_Flag,Monthly Fee_Tier,Net Asset Value of Complex Wide Assets,Net Asset Value of Complex Wide Assets_Flag,Net Asset Value of Complex Wide Assets_Tier,Net Assets Per Fund,Net Assets Per Fund_Flag,Net Assets Per Fund_Tier,Safekeeping charge,Safekeeping charge_Flag,Safekeeping charge_Tier,Transcation Charge,Transcation Charge_Flag,Transcation Charge_Tier,US Assets Under Custody,US Assets Under Custody_Flag,US Assets Under Custody_Tier,US Domestic Custody Fees,US Domestic Custody Fees_Flag,US Domestic Custody Fees_Tier,fee_schedule_no
0,[],0.0,[],[],0.0,[],[],0.0,[],[],0.0,[],[],0.0,[],[],0.0,[],[],0.0,[],[],0.0,[],[],0.0,[],[],0.0,[],[],0.0,[],[],[],[],0.0,[],0.0,[],[],0.0,[],[],0.0,[],0.0,[],[],0.0,[],[],0.0,[],[],0.0,[],[],0.0,[],[],0.0,[],[],0.0,[],[],0.0,[],[],0.0,[],[],0.0,[],[],0.0,[],[],0.0,[],[],0.0,[],[],0.0,[],Bi2i_1145.txt
1,[],0.0,[],[],0.0,[],[],0.0,[],[],0.0,[],[],0.0,[],[],0.0,[],[],0.0,[],[],0.0,[],[],0.0,[],[],0.0,[],[],0.0,[],[],[],[],0.0,[],0.0,[],[],0.0,[],[],0.0,[],0.0,[],[],0.0,[],[],0.0,[],[],0.0,[],[],0.0,[],[],0.0,[],[],0.0,[],[],0.0,[],[],0.0,[],[],0.0,[],[],0.0,[],[],0.0,[],[],0.0,[],[],0.0,[],Bi2i_0802.txt
2,[],0.0,[],[],0.0,[],[],0.0,[],[],0.0,[],[],0.0,[],[],0.0,[],[],0.0,[],[],0.0,[],[],0.0,[],[],0.0,[],[],0.0,[],[],[],[],0.0,[],0.0,[],[],0.0,[],[],0.0,[],0.0,[],[],0.0,[],[],0.0,[],[],0.0,[],[],0.0,[],[],0.0,[],[],0.0,[],[],0.0,[],[],0.0,[],[],0.0,[],[],0.0,[],[],0.0,[],[],0.0,[],[],0.0,[],Bi2i_1407.txt
3,[],0.0,[],[],0.0,[],[],0.0,[],[],0.0,[],[],0.0,[],[],0.0,[],[],0.0,[],[],0.0,[],[],0.0,[],[],0.0,[],[],0.0,[],[],[],[],0.0,[],0.0,[],[],0.0,[],[],0.0,[],0.0,[],[],0.0,[],[],0.0,[],[],0.0,[],[],0.0,[],[],0.0,[],[],0.0,[],[],0.0,[],[],0.0,[],[],0.0,[],[],0.0,[],[],0.0,[],[],0.0,[],[],0.0,[],Bi2i_0004.txt
4,[],0.0,[],[],0.0,[],[],0.0,[],[],0.0,[],[],0.0,[],[],0.0,[],[],0.0,[],[],0.0,[],[],0.0,[],[],0.0,[],[],0.0,[],[],[],[],0.0,[],0.0,[],[],0.0,[],[],0.0,[],0.0,[],[],0.0,[],[],0.0,[],[],0.0,[],[],0.0,[],[],0.0,[],[],0.0,[],[],0.0,[],[],0.0,[],[],0.0,[],[],0.0,[],[],0.0,[],[],0.0,[],[],0.0,[],Bi2i_1112.txt
5,[],0.0,[],[],0.0,[],[],0.0,[],[],0.0,[],[],0.0,[],[],0.0,[],[],0.0,[],[],0.0,[],[],0.0,[],[],0.0,[],[],0.0,[],,[],[],0.0,[],0.0,[],[],0.0,[],[],0.0,[],1.0,[],[],0.0,[],[],0.0,[],[],0.0,[],[],0.0,[],[],0.0,[],[],0.0,[],[],0.0,[],[],0.0,[],[],0.0,[],[],0.0,[],[],0.0,[],[],0.0,[],[],0.0,[],Bi2i_1117.txt
6,[],0.0,[],[],0.0,[],[],0.0,[],[],0.0,[],[],0.0,[],[],0.0,[],[],0.0,[],[],0.0,[],[],0.0,[],[],0.0,[],[],0.0,[],[],[],[],0.0,[],0.0,[],[],0.0,[],[],0.0,[],0.0,[],[],0.0,[],[],0.0,[],[],0.0,[],[],0.0,[],[],0.0,[],[],0.0,[],[],0.0,[],[],0.0,[],[],0.0,[],[],0.0,[],[],0.0,[],[],0.0,[],[],0.0,[],Bi2i_1747.txt
7,[],0.0,[],[],0.0,[],[],0.0,[],[],0.0,[],[],0.0,[],[],0.0,[],[],0.0,[],[],0.0,[],[],0.0,[],[],0.0,[],[],0.0,[],[],[],[],0.0,[],0.0,[],[],0.0,[],[],0.0,[],0.0,[],[],0.0,[],[],0.0,[],[],0.0,[],[],0.0,[],[],0.0,[],[],0.0,[],[],0.0,[],[],0.0,[],[],0.0,[],[],0.0,[],[],0.0,[],[],0.0,[],[],0.0,[],Bi2i_1551.txt
8,[],0.0,[],[],0.0,[],[],0.0,[],[],0.0,[],[],0.0,[],[],0.0,[],[],0.0,[],[],0.0,[],,1.0,[],[],0.0,[],[],1.0,[],[],[],[],0.0,[],0.0,[],[],0.0,[],[],0.0,[],0.0,[],[],0.0,[],[],0.0,[],[],0.0,[],[],0.0,[],[],0.0,[],[],0.0,[],[],0.0,[],[],0.0,[],[],0.0,[],[],0.0,[],[],0.0,[],[],0.0,[],[],0.0,[],Bi2i_0103.txt
9,[],0.0,[],[],0.0,[],[],0.0,[],[],0.0,[],[],0.0,[],[],0.0,[],[],0.0,[],[],0.0,[],[],0.0,[],[],0.0,[],[],0.0,[],[],[],[],0.0,[],0.0,[],[],0.0,[],[],0.0,[],0.0,[],[],0.0,[],[],0.0,[],[],0.0,[],[],0.0,[],[],0.0,[],[],0.0,[],[],0.0,[],[],0.0,[],[],0.0,[],[],0.0,[],[],0.0,[],[],0.0,[],[],0.0,[],Bi2i_1689.txt
10,[],0.0,[],[],0.0,[],[],0.0,[],[],0.0,[],[],0.0,[],[],0.0,[],[],0.0,[],[],0.0,[],[],0.0,[],[],0.0,[],[],0.0,[],[],[],[],0.0,[],0.0,[],[],0.0,[],[],0.0,[],0.0,[],[],0.0,[],[],0.0,[],[],0.0,[],[],0.0,[],[],0.0,[],[],0.0,[],[],0.0,[],[],0.0,[],[],0.0,[],[],0.0,[],[],0.0,[],[],0.0,[],[],0.0,[],Bi2i_1692.txt
11,[],0.0,[],[],0.0,[],[],0.0,[],[],0.0,[],[],0.0,[],[],0.0,[],[],0.0,[],[],0.0,[],[],0.0,[],[],0.0,[],[],0.0,[],,[],[],0.0,[],0.0,[],[],0.0,[],[],0.0,[],1.0,[],[],0.0,[],[],0.0,[],[],0.0,[],[],0.0,[],[],0.0,[],[],0.0,[],[],0.0,[],[],0.0,[],[],0.0,[],[],0.0,[],[],0.0,[],[],0.0,[],[],0.0,[],Bi2i_1450.txt
12,[],0.0,[],[],0.0,[],[],0.0,[],[],0.0,[],[],0.0,[],[],0.0,[],[],0.0,[],[],0.0,[],[],0.0,[],[],0.0,[],[],0.0,[],[],[],[],0.0,[],0.0,[],[],0.0,[],[],0.0,[],0.0,[],[],0.0,[],[],0.0,[],[],0.0,[],[],0.0,[],[],0.0,[],[],0.0,[],[],0.0,[],[],0.0,[],[],0.0,[],[],0.0,[],[],0.0,[],[],0.0,[],[],0.0,[],Bi2i_0731.txt
13,[],0.0,[],[],0.0,[],[],0.0,[],[],0.0,[],[],0.0,[],[],0.0,[],[],0.0,[],[],0.0,[],[],0.0,[],[],0.0,[],[],0.0,[],,[],[],0.0,[],0.0,[],[],0.0,[],[],0.0,[],1.0,[],[],0.0,[],[],0.0,[],[],0.0,[],[],0.0,[],[],0.0,[],[],0.0,[],[],0.0,[],[],0.0,[],[],0.0,[],[],0.0,[],[],0.0,[],[],0.0,[],[],0.0,[],Bi2i_1886.txt
14,[],0.0,[],[],0.0,[],[],0.0,[],[],0.0,[],[],0.0,[],[],0.0,[],[],0.0,[],[],0.0,[],[],0.0,[],[],0.0,[],[],0.0,[],Waived,,"['First $400 Million 0. 0025%\n', 'Next $1.6 Billion 0.0025%\n', 'Excess of $2.0 Billion 0.0020%\n']",1.0,"[[0, 400.0, 2.5e-05], [400.0, 2000.0, 2.5e-05], [2000.0, 'Above', 2e-05]]",1.0,[],[],0.0,[],Waived,1.0,[],1.0,[],[],0.0,[],[],0.0,[],[],0.0,[],[],0.0,[],[],0.0,[],[],0.0,[],[],0.0,[],[],0.0,[],"['First $400 Million 0. 0025%\n', 'Next $1.6 Billion 0.0025%\n', 'Excess of $2.0 Billion 0.0020%\n']",1.0,"[[0, 400.0, 2.5e-05], [400.0, 2000.0, 2.5e-05], [2000.0, 'Above', 2e-05]]",[],0.0,[],[],0.0,[],[],0.0,[],[],0.0,[],Bi2i_0553.txt
15,[],0.0,[],[],0.0,[],[],0.0,[],[],0.0,[],[],0.0,[],[],0.0,[],[],0.0,[],,1.0,[],,1.0,[],[],0.0,[],0.5,1.0,[],,,,1.0,[],1.0,[],[],0.0,[],[],0.0,[],1.0,[],[],0.0,[],[],0.0,[],[],0.0,[],[],0.0,[],[],0.0,[],[],0.0,[],[],0.0,[],[],0.0,[],[],0.0,[],[],0.0,[],[],0.0,[],[],0.0,[],[],0.0,[],Bi2i_1581.txt
16,[],0.0,[],[],0.0,[],[],0.0,[],[],0.0,[],[],0.0,[],[],0.0,[],[],0.0,[],[],0.0,[],[],0.0,[],[],0.0,[],[],0.0,[],,[],[],0.0,[],0.0,[],[],0.0,[],[],0.0,[],1.0,[],[],0.0,[],[],0.0,[],[],0.0,[],[],0.0,[],[],0.0,[],[],0.0,[],[],0.0,[],[],0.0,[],[],0.0,[],[],0.0,[],[],0.0,[],[],0.0,[],[],0.0,[],Bi2i_0286.txt
17,[],0.0,[],[],0.0,[],[],0.0,[],[],0.0,[],[],0.0,[],[],0.0,[],[],0.0,[],[],0.0,[],[],0.0,[],[],0.0,[],[],0.0,[],,[],[],0.0,[],0.0,[],[],0.0,[],[],0.0,[],1.0,[],[],0.0,[],[],0.0,[],[],0.0,[],[],0.0,[],[],0.0,[],[],0.0,[],[],0.0,[],[],0.0,[],"['First $10 Billion 0.35\n', 'Next $10 Billion 0.25\n', 'Next $10 Billion 0.15\n', 'Thereafter 0.10\n']",1.0,"[[0, 10000.0, 0.35], [10000.0, 20000.0, 0.25], [20000.0, 30000.0, 0.15], [30000.0, 'Above', 0.1]]",[],0.0,[],[],0.0,[],[],0.0,[],[],0.0,[],Bi2i_1521.txt
18,[],0.0,[],[],0.0,[],[],0.0,[],[],0.0,[],[],0.0,[],[],0.0,[],[],0.0,[],[],0.0,[],[],0.0,[],[],0.0,[],[],0.0,[],[],[],[],0.0,[],0.0,[],[],0.0,[],[],0.0,[],0.0,[],[],0.0,[],[],0.0,[],[],0.0,[],[],0.0,[],[],0.0,[],[],0.0,[],[],0.0,[],[],0.0,[],[],0.0,[],[],0.0,[],[],0.0,[],[],0.0,[],[],0.0,[],Bi2i_0423.txt
19,[],0.0,[],[],0.0,[],[],0.0,[],[],0.0,[],[],0.0,[],[],0.0,[],[],0.0,[],[],0.0,[],[],0.0,[],[],0.0,[],[],0.0,[],[],[],[],0.0,[],0.0,[],[],0.0,[],[],0.0,[],0.0,[],[],0.0,[],[],0.0,[],[],0.0,[],[],0.0,[],[],0.0,[],[],0.0,[],[],0.0,[],[],0.0,[],[],0.0,[],[],0.0,[],[],0.0,[],[],0.0,[],[],0.0,[],Bi2i_0082.txt
20,[],0.0,[],[],0.0,[],[],0.0,[],[],0.0,[],[],0.0,[],[],0.0,[],[],0.0,[],[],0.0,[],[],0.0,[],[],0.0,[],[],0.0,[],[],[],[],0.0,[],0.0,[],[],0.0,[],[],0.0,[],0.0,[],[],0.0,[],[],0.0,[],[],0.0,[],[],0.0,[],[],0.0,[],[],0.0,[],[],0.0,[],[],0.0,[],[],0.0,[],[],0.0,[],[],0.0,[],[],0.0,[],[],0.0,[],Bi2i_0361.txt
21,[],0.0,[],[],0.0,[],[],0.0,[],[],0.0,[],[],0.0,[],[],0.0,[],[],0.0,[],[],0.0,[],[],0.0,[],[],0.0,[],[],0.0,[],[],[],[],0.0,[],0.0,[],[],0.0,[],[],0.0,[],0.0,[],[],0.0,[],[],0.0,[],[],0.0,[],[],0.0,[],[],0.0,[],[],0.0,[],[],0.0,[],[],0.0,[],[],0.0,[],[],0.0,[],[],0.0,[],[],0.0,[],[],0.0,[],Bi2i_0932.txt
22,[],0.0,[],[],0.0,[],[],0.0,[],[],0.0,[],[],0.0,[],[],0.0,[],[],0.0,[],[],0.0,[],[],0.0,[],[],0.0,[],[],0.0,[],[],[],[],0.0,[],0.0,[],[],0.0,[],[],0.0,[],0.0,[],[],0.0,[],[],0.0,[],[],0.0,[],[],0.0,[],[],0.0,[],[],0.0,[],[],0.0,[],[],0.0,[],[],0.0,[],[],0.0,[],[],0.0,[],[],0.0,[],[],0.0,[],Bi2i_2017.txt
23,[],0.0,[],[],0.0,[],[],0.0,[],[],0.0,[],[],0.0,[],[],0.0,[],[],0.0,[],[],0.0,[],[],0.0,[],[],0.0,[],[],0.0,[],,[],[],0.0,[],0.0,[],[],0.0,[],[],0.0,[],1.0,[],[],0.0,[],[],0.0,[],[],0.0,[],[],0.0,[],[],0.0,[],[],0.0,[],[],0.0,[],[],0.0,[],8.0,1.0,[],[],0.0,[],[],0.0,[],[],0.0,[],[],0.0,[],Bi2i_0525.txt
24,[],0.0,[],[],0.0,[],[],0.0,[],[],0.0,[],[],0.0,[],[],0.0,[],[],0.0,[],[],0.0,[],,1.0,[],[],0.0,[],[],0.0,[],[],[],[],0.0,[],0.0,[],[],0.0,[],[],0.0,[],0.0,[],[],0.0,[],[],0.0,[],[],0.0,[],[],0.0,[],[],0.0,[],[],0.0,[],[],0.0,[],[],0.0,[],[],0.0,[],[],0.0,[],[],0.0,[],[],0.0,[],[],0.0,[],Bi2i_0469.txt
25,[],0.0,[],[],0.0,[],[],0.0,[],[],0.0,[],[],0.0,[],[],0.0,[],[],0.0,[],[],0.0,[],[],0.0,[],[],0.0,[],[],0.0,[],[],[],[],0.0,[],0.0,[],[],0.0,[],[],0.0,[],0.0,[],[],0.0,[],[],0.0,[],[],0.0,[],[],0.0,[],[],0.0,[],[],0.0,[],[],0.0,[],[],0.0,[],[],0.0,[],[],0.0,[],[],0.0,[],[],0.0,[],[],0.0,[],Bi2i_1598.txt
26,[],0.0,[],[],0.0,[],[],0.0,[],[],0.0,[],[],0.0,[],[],0.0,[],[],0.0,[],[],0.0,[],[],0.0,[],[],0.0,[],[],0.0,[],[],[],[],0.0,[],0.0,[],[],0.0,[],[],0.0,[],0.0,[],[],0.0,[],[],0.0,[],[],0.0,[],[],0.0,[],[],0.0,[],[],0.0,[],[],0.0,[],[],0.0,[],[],0.0,[],[],0.0,[],[],0.0,[],[],0.0,[],[],0.0,[],Bi2i_0204.txt
27,[],0.0,[],[],0.0,[],[],0.0,[],[],0.0,[],[],0.0,[],[],0.0,[],[],0.0,[],[],0.0,[],[],0.0,[],[],0.0,[],[],0.0,[],[],[],[],0.0,[],0.0,[],[],0.0,[],[],0.0,[],0.0,[],[],0.0,[],[],0.0,[],[],0.0,[],[],0.0,[],[],0.0,[],[],0.0,[],[],0.0,[],[],0.0,[],[],0.0,[],[],0.0,[],[],0.0,[],[],0.0,[],[],0.0,[],Bi2i_0289.txt
28,[],0.0,[],[],0.0,[],[],0.0,[],[],0.0,[],[],0.0,[],[],0.0,[],[],0.0,[],[],0.0,[],[],0.0,[],[],0.0,[],[],0.0,[],,[],[],0.0,[],0.0,[],[],0.0,[],[],0.0,[],1.0,[],[],0.0,[],[],0.0,[],[],0.0,[],[],0.0,[],[],0.0,[],[],0.0,[],[],0.0,[],[],0.0,[],0.12,1.0,[],[],0.0,[],[],0.0,[],[],0.0,[],[],0.0,[],Bi2i_1041.txt
29,[],0.0,[],[],0.0,[],[],0.0,[],[],0.0,[],[],0.0,[],[],0.0,[],[],0.0,[],[],0.0,[],[],0.0,[],[],0.0,[],[],0.0,[],[],[],[],0.0,[],0.0,[],[],0.0,[],[],0.0,[],0.0,[],[],0.0,[],[],0.0,[],[],0.0,[],[],0.0,[],[],0.0,[],[],0.0,[],[],0.0,[],[],0.0,[],[],0.0,[],[],0.0,[],[],0.0,[],[],0.0,[],[],0.0,[],Bi2i_1786.txt
30,[],0.0,[],[],0.0,[],[],0.0,[],[],0.0,[],[],0.0,[],[],0.0,[],[],0.0,[],[],0.0,[],[],0.0,[],[],0.0,[],[],0.0,[],[],[],[],0.0,[],0.0,[],[],0.0,[],[],0.0,[],0.0,[],[],0.0,[],[],0.0,[],[],0.0,[],[],0.0,[],[],0.0,[],[],0.0,[],[],0.0,[],[],0.0,[],[],0.0,[],[],0.0,[],[],0.0,[],[],0.0,[],[],0.0,[],Bi2i_1831.txt
31,[],0.0,[],[],0.0,[],[],0.0,[],[],0.0,[],[],0.0,[],[],0.0,[],[],0.0,[],[],0.0,[],[],0.0,[],[],0.0,[],[],0.0,[],[],[],[],0.0,[],0.0,[],[],0.0,[],[],0.0,[],0.0,[],[],0.0,[],[],0.0,[],[],0.0,[],[],0.0,[],[],0.0,[],[],0.0,[],[],0.0,[],[],0.0,[],[],0.0,[],[],0.0,[],[],0.0,[],[],0.0,[],[],0.0,[],Bi2i_1539.txt
32,[],0.0,[],[],0.0,[],[],0.0,[],[],0.0,[],[],0.0,[],[],0.0,[],[],0.0,[],[],0.0,[],[],0.0,[],[],0.0,[],[],0.0,[],[],[],[],0.0,[],0.0,[],[],0.0,[],[],0.0,[],0.0,[],[],0.0,[],[],0.0,[],[],0.0,[],[],0.0,[],[],0.0,[],[],0.0,[],[],0.0,[],[],0.0,[],[],0.0,[],[],0.0,[],[],0.0,[],[],0.0,[],[],0.0,[],Bi2i_1883.txt
33,[],0.0,[],[],0.0,[],[],0.0,[],[],0.0,[],[],0.0,[],[],0.0,[],[],0.0,[],[],0.0,[],[],0.0,[],[],0.0,[],[],0.0,[],[],[],[],0.0,[],0.0,[],[],0.0,[],[],0.0,[],0.0,[],[],0.0,[],[],0.0,[],[],0.0,[],[],0.0,[],[],0.0,[],[],0.0,[],[],0.0,[],[],0.0,[],[],0.0,[],[],0.0,[],[],0.0,[],[],0.0,[],[],0.0,[],Bi2i_1314.txt
34,[],0.0,[],[],0.0,[],[],0.0,[],[],0.0,[],[],0.0,[],[],0.0,[],[],0.0,[],[],0.0,[],[],0.0,[],[],0.0,[],[],0.0,[],[],[],[],0.0,[],0.0,[],[],0.0,[],[],0.0,[],0.0,[],[],0.0,[],[],0.0,[],[],0.0,[],[],0.0,[],[],0.0,[],[],0.0,[],[],0.0,[],[],0.0,[],[],0.0,[],[],0.0,[],[],0.0,[],[],0.0,[],[],0.0,[],Bi2i_0040.txt
35,[],0.0,[],[],0.0,[],[],0.0,[],[],0.0,[],[],0.0,[],[],0.0,[],[],0.0,[],[],0.0,[],[],0.0,[],[],0.0,[],[],0.0,[],[],[],[],0.0,[],0.0,[],[],0.0,[],[],0.0,[],0.0,[],[],0.0,[],[],0.0,[],[],0.0,[],[],0.0,[],[],0.0,[],[],0.0,[],[],0.0,[],[],0.0,[],[],0.0,[],[],0.0,[],[],0.0,[],[],0.0,[],[],0.0,[],Bi2i_1319.txt
36,[],0.0,[],[],0.0,[],[],0.0,[],[],0.0,[],[],0.0,[],[],0.0,[],[],0.0,[],[],0.0,[],[],0.0,[],[],0.0,[],[],0.0,[],[],[],[],0.0,[],0.0,[],[],0.0,[],[],0.0,[],0.0,[],[],0.0,[],[],0.0,[],[],0.0,[],[],0.0,[],[],0.0,[],[],0.0,[],[],0.0,[],[],0.0,[],[],0.0,[],[],0.0,[],[],0.0,[],[],0.0,[],[],0.0,[],Bi2i_0039.txt
37,[],0.0,[],[],0.0,[],[],0.0,[],[],0.0,[],[],0.0,[],[],0.0,[],[],0.0,[],[],0.0,[],[],0.0,[],[],0.0,[],[],0.0,[],[],[],[],0.0,[],0.0,[],[],0.0,[],[],0.0,[],0.0,[],[],0.0,[],[],0.0,[],[],0.0,[],[],0.0,[],[],0.0,[],[],0.0,[],[],0.0,[],[],0.0,[],[],0.0,[],[],0.0,[],[],0.0,[],[],0.0,[],[],0.0,[],Bi2i_0458.txt
38,[],0.0,[],[],0.0,[],[],0.0,[],[],0.0,[],[],0.0,[],[],0.0,[],[],0.0,[],[],0.0,[],[],0.0,[],[],0.0,[],[],0.0,[],,[],[],0.0,[],0.0,[],[],0.0,[],[],0.0,[],1.0,[],[],0.0,[],[],0.0,[],[],0.0,[],[],0.0,[],[],0.0,[],[],0.0,[],[],0.0,[],[],0.0,[],[],0.0,[],[],0.0,[],[],0.0,[],[],0.0,[],[],0.0,[],Bi2i_0864.txt
39,[],0.0,[],[],0.0,[],[],0.0,[],[],0.0,[],[],0.0,[],[],0.0,[],[],0.0,[],[],0.0,[],[],0.0,[],[],0.0,[],[],0.0,[],,[],[],0.0,[],0.0,[],[],0.0,[],[],0.0,[],1.0,[],[],0.0,[],[],0.0,[],[],0.0,[],[],0.0,[],[],0.0,[],[],0.0,[],[],0.0,[],[],0.0,[],[],0.0,[],[],0.0,[],[],0.0,[],[],0.0,[],[],0.0,[],Bi2i_0475.txt
40,[],0.0,[],[],0.0,[],[],0.0,[],[],0.0,[],[],0.0,[],[],0.0,[],[],0.0,[],[],0.0,[],[],0.0,[],[],0.0,[],[],0.0,[],[],[],[],0.0,[],0.0,[],[],0.0,[],[],0.0,[],0.0,[],[],0.0,[],[],0.0,[],[],0.0,[],[],0.0,[],[],0.0,[],[],0.0,[],[],0.0,[],[],0.0,[],[],0.0,[],[],0.0,[],[],0.0,[],[],0.0,[],[],0.0,[],Bi2i_1677.txt
41,[],0.0,[],[],0.0,[],[],0.0,[],[],0.0,[],[],0.0,[],[],0.0,[],[],0.0,[],[],0.0,[],[],0.0,[],[],0.0,[],[],0.0,[],[],[],[],0.0,[],0.0,[],[],0.0,[],[],0.0,[],0.0,[],[],0.0,[],[],0.0,[],[],0.0,[],[],0.0,[],[],0.0,[],[],0.0,[],[],0.0,[],[],0.0,[],[],0.0,[],[],0.0,[],[],0.0,[],[],0.0,[],[],0.0,[],Bi2i_1940.txt
42,[],0.0,[],[],0.0,[],[],0.0,[],[],0.0,[],[],0.0,[],[],0.0,[],[],0.0,[],[],0.0,[],[],0.0,[],[],0.0,[],[],0.0,[],[],[],[],0.0,[],0.0,[],[],0.0,[],[],0.0,[],0.0,[],[],0.0,[],[],0.0,[],[],0.0,[],[],0.0,[],[],0.0,[],[],0.0,[],[],0.0,[],[],0.0,[],[],0.0,[],[],0.0,[],[],0.0,[],[],0.0,[],[],0.0,[],Bi2i_0074.txt
43,[],0.0,[],[],0.0,[],[],0.0,[],[],0.0,[],[],0.0,[],[],0.0,[],[],0.0,[],[],0.0,[],[],0.0,[],[],0.0,[],[],0.0,[],[],[],[],0.0,[],0.0,[],[],0.0,[],[],0.0,[],0.0,[],[],0.0,[],[],0.0,[],[],0.0,[],[],0.0,[],[],0.0,[],[],0.0,[],[],0.0,[],[],0.0,[],[],0.0,[],[],0.0,[],[],0.0,[],[],0.0,[],[],0.0,[],Bi2i_1730.txt
44,[],0.0,[],[],0.0,[],[],0.0,[],[],0.0,[],[],0.0,[],[],0.0,[],[],0.0,[],[],0.0,[],[],0.0,[],[],0.0,[],[],0.0,[],[],[],[],0.0,[],0.0,[],[],0.0,[],[],0.0,[],0.0,[],[],0.0,[],[],0.0,[],[],0.0,[],[],0.0,[],[],0.0,[],[],0.0,[],[],0.0,[],[],0.0,[],[],0.0,[],[],0.0,[],[],0.0,[],[],0.0,[],[],0.0,[],Bi2i_1083.txt
45,[],0.0,[],[],0.0,[],[],0.0,[],[],0.0,[],[],0.0,[],[],0.0,[],[],0.0,[],[],0.0,[],[],0.0,[],[],0.0,[],[],0.0,[],[],[],[],0.0,[],0.0,[],[],0.0,[],[],0.0,[],0.0,[],[],0.0,[],[],0.0,[],[],0.0,[],[],0.0,[],[],0.0,[],[],0.0,[],[],0.0,[],[],0.0,[],[],0.0,[],[],0.0,[],[],0.0,[],[],0.0,[],[],0.0,[],Bi2i_1802.txt
46,[],0.0,[],[],0.0,[],[],0.0,[],[],0.0,[],[],0.0,[],[],0.0,[],[],0.0,[],[],0.0,[],[],0.0,[],[],0.0,[],[],0.0,[],,[],[],0.0,[],0.0,[],[],0.0,[],[],0.0,[],1.0,[],[],0.0,[],[],0.0,[],[],0.0,[],[],0.0,[],[],0.0,[],[],0.0,[],[],0.0,[],[],0.0,[],0.09,1.0,[],[],0.0,[],[],0.0,[],[],0.0,[],[],0.0,[],Bi2i_0067.txt
47,[],0.0,[],[],0.0,[],[],0.0,[],[],0.0,[],[],0.0,[],[],0.0,[],[],0.0,[],[],0.0,[],[],0.0,[],[],0.0,[],[],0.0,[],[],[],[],0.0,[],0.0,[],[],0.0,[],[],0.0,[],0.0,[],[],0.0,[],[],0.0,[],[],0.0,[],[],0.0,[],[],0.0,[],[],0.0,[],[],0.0,[],[],0.0,[],[],0.0,[],[],0.0,[],[],0.0,[],[],0.0,[],[],0.0,[],Bi2i_1592.txt
48,[],0.0,[],[],0.0,[],[],0.0,[],[],0.0,[],[],0.0,[],[],0.0,[],[],0.0,[],[],0.0,[],[],0.0,[],[],0.0,[],[],0.0,[],[],[],[],0.0,[],0.0,[],[],0.0,[],[],0.0,[],0.0,[],[],0.0,[],[],0.0,[],[],0.0,[],[],0.0,[],[],0.0,[],[],0.0,[],[],0.0,[],[],0.0,[],[],0.0,[],[],0.0,[],[],0.0,[],[],0.0,[],[],0.0,[],Bi2i_0454.txt
49,[],0.0,[],[],0.0,[],[],0.0,[],[],0.0,[],[],0.0,[],[],0.0,[],[],0.0,[],[],0.0,[],[],0.0,[],[],0.0,[],[],0.0,[],,[],[],0.0,[],0.0,[],[],0.0,[],[],0.0,[],1.0,[],[],0.0,[],[],0.0,[],[],0.0,[],[],0.0,[],[],0.0,[],[],0.0,[],[],0.0,[],[],0.0,[],"['First $10 Billion 0.35\n', 'Next $10 Billion 0.25\n', 'Next $10 Billion 0.15\n', 'Thereafter 0.10\n']",1.0,"[[0, 10000.0, 0.35], [10000.0, 20000.0, 0.25], [20000.0, 30000.0, 0.15], [30000.0, 'Above', 0.1]]",[],0.0,[],[],0.0,[],[],0.0,[],[],0.0,[],Bi2i_1619.txt
50,[],0.0,[],[],0.0,[],[],0.0,[],[],0.0,[],[],0.0,[],[],0.0,[],[],0.0,[],[],0.0,[],[],0.0,[],[],0.0,[],[],0.0,[],[],[],[],0.0,[],0.0,[],[],0.0,[],[],0.0,[],0.0,[],[],0.0,[],[],0.0,[],[],0.0,[],[],0.0,[],[],0.0,[],[],0.0,[],[],0.0,[],[],0.0,[],[],0.0,[],[],0.0,[],[],0.0,[],[],0.0,[],[],0.0,[],Bi2i_0094.txt
51,[],0.0,[],[],0.0,[],[],0.0,[],[],0.0,[],[],0.0,[],[],0.0,[],[],0.0,[],[],0.0,[],[],0.0,[],[],0.0,[],[],0.0,[],[],[],[],0.0,[],0.0,[],[],0.0,[],[],0.0,[],0.0,[],[],0.0,[],[],0.0,[],[],0.0,[],[],0.0,[],[],0.0,[],[],0.0,[],[],0.0,[],[],0.0,[],[],0.0,[],[],0.0,[],[],0.0,[],[],0.0,[],[],0.0,[],Bi2i_1077.txt
52,[],0.0,[],[],0.0,[],[],0.0,[],[],0.0,[],[],0.0,[],[],0.0,[],[],0.0,[],[],0.0,[],[],0.0,[],[],0.0,[],[],0.0,[],[],[],[],0.0,[],0.0,[],[],0.0,[],[],0.0,[],0.0,[],[],0.0,[],[],0.0,[],[],0.0,[],[],0.0,[],[],0.0,[],[],0.0,[],[],0.0,[],[],0.0,[],[],0.0,[],[],0.0,[],[],0.0,[],[],0.0,[],[],0.0,[],Bi2i_1845.txt
53,[],0.0,[],[],0.0,[],[],0.0,[],[],0.0,[],[],0.0,[],[],0.0,[],[],0.0,[],[],0.0,[],[],0.0,[],[],0.0,[],[],0.0,[],[],[],[],0.0,[],0.0,[],[],0.0,[],[],0.0,[],0.0,[],[],0.0,[],[],0.0,[],[],0.0,[],[],0.0,[],[],0.0,[],[],0.0,[],[],0.0,[],[],0.0,[],[],0.0,[],[],0.0,[],[],0.0,[],[],0.0,[],[],0.0,[],Bi2i_1189.txt
54,[],0.0,[],[],0.0,[],[],0.0,[],[],0.0,[],[],0.0,[],[],0.0,[],[],0.0,[],[],0.0,[],[],0.0,[],[],0.0,[],[],0.0,[],[],[],[],0.0,[],0.0,[],[],0.0,[],[],0.0,[],0.0,[],[],0.0,[],[],0.0,[],[],0.0,[],[],0.0,[],[],0.0,[],[],0.0,[],[],0.0,[],[],0.0,[],[],0.0,[],[],0.0,[],[],0.0,[],[],0.0,[],[],0.0,[],Bi2i_1100.txt
55,[],0.0,[],[],0.0,[],[],0.0,[],[],0.0,[],[],0.0,[],[],0.0,[],[],0.0,[],[],0.0,[],[],0.0,[],[],0.0,[],[],0.0,[],[],[],[],0.0,[],0.0,[],[],0.0,[],[],0.0,[],0.0,[],[],0.0,[],[],0.0,[],[],0.0,[],[],0.0,[],[],0.0,[],[],0.0,[],[],0.0,[],[],0.0,[],[],0.0,[],[],0.0,[],[],0.0,[],[],0.0,[],[],0.0,[],Bi2i_1906.txt
56,[],0.0,[],[],0.0,[],[],0.0,[],[],0.0,[],[],0.0,[],[],0.0,[],[],0.0,[],[],0.0,[],,1.0,[],[],0.0,[],[],0.0,[],,[],[],0.0,[],0.0,[],[],0.0,[],[],0.0,[],1.0,[],[],0.0,[],[],0.0,[],[],0.0,[],[],0.0,[],[],0.0,[],[],0.0,[],[],0.0,[],[],0.0,[],[],0.0,[],[],0.0,[],[],0.0,[],[],0.0,[],[],0.0,[],Bi2i_0341.txt
57,[],0.0,[],[],0.0,[],[],0.0,[],[],0.0,[],[],0.0,[],[],0.0,[],[],0.0,[],[],0.0,[],[],0.0,[],[],0.0,[],[],0.0,[],[],[],[],0.0,[],0.0,[],[],0.0,[],[],0.0,[],0.0,[],[],0.0,[],[],0.0,[],[],0.0,[],[],0.0,[],[],0.0,[],[],0.0,[],[],0.0,[],[],0.0,[],[],0.0,[],[],0.0,[],[],0.0,[],[],0.0,[],[],0.0,[],Bi2i_0340.txt
58,[],0.0,[],[],0.0,[],[],0.0,[],[],0.0,[],[],0.0,[],[],0.0,[],[],0.0,[],,1.0,[],[],0.0,[],[],0.0,[],[],0.0,[],[],[],[],0.0,[],0.0,[],[],0.0,[],[],0.0,[],0.0,[],[],0.0,[],[],0.0,[],[],0.0,[],[],0.0,[],[],0.0,[],,1.0,[],[],0.0,[],[],0.0,[],[],0.0,[],[],0.0,[],[],0.0,[],[],0.0,[],[],0.0,[],Bi2i_0151.txt
59,[],0.0,[],[],0.0,[],[],0.0,[],[],0.0,[],[],0.0,[],[],0.0,[],[],0.0,[],[],0.0,[],[],0.0,[],[],0.0,[],[],0.0,[],,[],[],0.0,[],0.0,[],[],0.0,[],[],0.0,[],1.0,[],[],0.0,[],[],0.0,[],[],0.0,[],[],0.0,[],[],0.0,[],[],0.0,[],[],0.0,[],[],0.0,[],[],0.0,[],[],0.0,[],[],0.0,[],[],0.0,[],[],0.0,[],Bi2i_0478.txt
60,[],0.0,[],[],0.0,[],[],0.0,[],[],0.0,[],[],0.0,[],[],0.0,[],[],0.0,[],[],0.0,[],[],0.0,[],"['First $400 Million 0.0025%\n', 'Next $1,600 Million 0.0025%\n', 'Excess of $2,000 Million 0.0020%\n']",1.0,"[[0, 400.0, 2.5e-05], [400.0, 2000.0, 2.5e-05], [2000.0, 'Above', 2e-05]]","['First $400 Million 0.0025%\n', 'Next $1,600 Million 0.0025%\n', 'Excess of $2,000 Million 0.0020%\n']",1.0,"[[0, 400.0, 2.5e-05], [400.0, 2000.0, 2.5e-05], [2000.0, 'Above', 2e-05]]",[],[],[],0.0,[],0.0,[],[],0.0,[],[],0.0,[],0.0,[],[],0.0,[],[],0.0,[],[],0.0,[],[],0.0,[],[],0.0,[],[],0.0,[],[],0.0,[],[],0.0,[],[],0.0,[],[],0.0,[],[],0.0,[],[],0.0,[],[],0.0,[],Bi2i_0429.txt
61,[],0.0,[],[],0.0,[],[],0.0,[],[],0.0,[],[],0.0,[],[],0.0,[],[],0.0,[],[],0.0,[],[],0.0,[],[],0.0,[],[],0.0,[],[],[],[],0.0,[],0.0,[],[],0.0,[],[],0.0,[],0.0,[],[],0.0,[],[],0.0,[],[],0.0,[],[],0.0,[],[],0.0,[],[],0.0,[],[],0.0,[],[],0.0,[],[],0.0,[],[],0.0,[],[],0.0,[],[],0.0,[],[],0.0,[],Bi2i_1561.txt
62,[],0.0,[],[],0.0,[],[],0.0,[],[],0.0,[],[],0.0,[],[],0.0,[],[],0.0,[],[],0.0,[],[],0.0,[],[],0.0,[],[],0.0,[],[],[],[],0.0,[],0.0,[],[],0.0,[],[],0.0,[],0.0,[],[],0.0,[],[],0.0,[],[],0.0,[],[],0.0,[],[],0.0,[],[],0.0,[],[],0.0,[],[],0.0,[],[],0.0,[],[],0.0,[],[],0.0,[],[],0.0,[],[],0.0,[],Bi2i_1522.txt
63,[],0.0,[],[],0.0,[],[],0.0,[],[],0.0,[],[],0.0,[],[],0.0,[],[],0.0,[],[],0.0,[],[],0.0,[],[],0.0,[],[],0.0,[],[],[],[],0.0,[],0.0,[],[],0.0,[],[],0.0,[],0.0,[],[],0.0,[],[],0.0,[],[],0.0,[],[],0.0,[],[],0.0,[],[],0.0,[],[],0.0,[],[],0.0,[],[],0.0,[],[],0.0,[],[],0.0,[],[],0.0,[],[],0.0,[],Bi2i_0573.txt
64,[],0.0,[],[],0.0,[],[],0.0,[],[],0.0,[],[],0.0,[],[],0.0,[],[],0.0,[],[],0.0,[],[],0.0,[],[],0.0,[],[],0.0,[],[],[],[],0.0,[],0.0,[],[],0.0,[],[],0.0,[],0.0,[],[],0.0,[],[],0.0,[],[],0.0,[],[],0.0,[],[],0.0,[],[],0.0,[],[],0.0,[],[],0.0,[],[],0.0,[],[],0.0,[],[],0.0,[],[],0.0,[],[],0.0,[],Bi2i_1220.txt
65,[],0.0,[],[],0.0,[],[],0.0,[],[],0.0,[],[],0.0,[],[],0.0,[],[],0.0,[],[],0.0,[],[],0.0,[],[],0.0,[],[],0.0,[],,[],[],0.0,[],0.0,[],[],0.0,[],[],0.0,[],1.0,[],[],0.0,[],[],0.0,[],[],0.0,[],[],0.0,[],[],0.0,[],[],0.0,[],[],0.0,[],[],0.0,[],[],0.0,[],[],0.0,[],[],0.0,[],[],0.0,[],[],0.0,[],Bi2i_0527.txt
66,[],0.0,[],[],0.0,[],[],0.0,[],[],0.0,[],[],0.0,[],[],0.0,[],[],0.0,[],[],0.0,[],[],0.0,[],[],0.0,[],[],0.0,[],[],[],[],0.0,[],0.0,[],[],0.0,[],[],0.0,[],0.0,[],[],0.0,[],[],0.0,[],[],0.0,[],[],0.0,[],[],0.0,[],[],0.0,[],[],0.0,[],[],0.0,[],[],0.0,[],[],0.0,[],[],0.0,[],[],0.0,[],[],0.0,[],Bi2i_0395.txt
67,[],0.0,[],[],0.0,[],[],0.0,[],[],0.0,[],[],0.0,[],[],0.0,[],[],0.0,[],[],0.0,[],[],0.0,[],"['First $400 Million 0.0025 %\n', 'Next $1,600 Million 0.0025 %\n', 'Excess of $2,000 Million 0.0020 %\n']",1.0,"[[0, 400.0, 2.5e-05], [400.0, 2000.0, 2.5e-05], [2000.0, 'Above', 2e-05]]","['First $400 Million 0.0025 %\n', 'Next $1,600 Million 0.0025 %\n', 'Excess of $2,000 Million 0.0020 %\n']",1.0,"[[0, 400.0, 2.5e-05], [400.0, 2000.0, 2.5e-05], [2000.0, 'Above', 2e-05]]",[],[],[],0.0,[],0.0,[],[],0.0,[],[],0.0,[],0.0,[],[],0.0,[],[],0.0,[],[],0.0,[],[],0.0,[],[],0.0,[],[],0.0,[],[],0.0,[],[],0.0,[],[],0.0,[],[],0.0,[],[],0.0,[],[],0.0,[],[],0.0,[],Bi2i_1177.txt
68,[],0.0,[],[],0.0,[],[],0.0,[],[],0.0,[],[],0.0,[],[],0.0,[],[],0.0,[],[],0.0,[],[],0.0,[],[],0.0,[],[],0.0,[],[],[],[],0.0,[],0.0,[],[],0.0,[],[],0.0,[],0.0,[],[],0.0,[],[],0.0,[],[],0.0,[],[],0.0,[],[],0.0,[],[],0.0,[],[],0.0,[],[],0.0,[],[],0.0,[],[],0.0,[],[],0.0,[],[],0.0,[],[],0.0,[],Bi2i_0377.txt
69,[],0.0,[],[],0.0,[],[],0.0,[],[],0.0,[],[],0.0,[],[],0.0,[],[],0.0,[],[],0.0,[],[],0.0,[],[],0.0,[],[],0.0,[],[],[],[],0.0,[],0.0,[],[],0.0,[],[],0.0,[],0.0,[],[],0.0,[],[],0.0,[],[],0.0,[],[],0.0,[],[],0.0,[],[],0.0,[],[],0.0,[],[],0.0,[],[],0.0,[],[],0.0,[],[],0.0,[],[],0.0,[],[],0.0,[],Bi2i_0451.txt
70,[],0.0,[],[],0.0,[],[],0.0,[],[],0.0,[],[],0.0,[],[],0.0,[],[],0.0,[],[],0.0,[],[],0.0,[],[],0.0,[],[],0.0,[],[],[],[],0.0,[],0.0,[],[],0.0,[],[],0.0,[],0.0,[],[],0.0,[],[],0.0,[],[],0.0,[],[],0.0,[],[],0.0,[],[],0.0,[],[],0.0,[],[],0.0,[],[],0.0,[],[],0.0,[],[],0.0,[],[],0.0,[],[],0.0,[],Bi2i_0822.txt
71,[],0.0,[],[],0.0,[],[],0.0,[],[],0.0,[],[],0.0,[],[],0.0,[],[],0.0,[],[],0.0,[],[],0.0,[],[],0.0,[],[],0.0,[],[],[],[],0.0,[],0.0,[],[],0.0,[],[],0.0,[],0.0,[],[],0.0,[],[],0.0,[],[],0.0,[],[],0.0,[],[],0.0,[],[],0.0,[],[],0.0,[],[],0.0,[],[],0.0,[],[],0.0,[],[],0.0,[],[],0.0,[],[],0.0,[],Bi2i_1850.txt
72,[],0.0,[],[],0.0,[],[],0.0,[],[],0.0,[],[],0.0,[],[],0.0,[],[],0.0,[],[],0.0,[],[],0.0,[],[],0.0,[],[],0.0,[],,[],[],0.0,[],0.0,[],[],0.0,[],[],0.0,[],1.0,[],[],0.0,[],[],0.0,[],[],0.0,[],[],0.0,[],[],0.0,[],[],0.0,[],[],0.0,[],[],0.0,[],[],0.0,[],[],0.0,[],[],0.0,[],[],0.0,[],[],0.0,[],Bi2i_1072.txt
73,[],0.0,[],[],0.0,[],[],0.0,[],[],0.0,[],[],0.0,[],[],0.0,[],[],0.0,[],[],0.0,[],[],0.0,[],[],0.0,[],[],0.0,[],[],[],[],0.0,[],0.0,[],[],0.0,[],[],0.0,[],0.0,[],[],0.0,[],[],0.0,[],[],0.0,[],[],0.0,[],[],0.0,[],[],0.0,[],[],0.0,[],[],0.0,[],[],0.0,[],[],0.0,[],[],0.0,[],[],0.0,[],[],0.0,[],Bi2i_1805.txt
74,[],0.0,[],[],0.0,[],[],0.0,[],[],0.0,[],[],0.0,[],[],0.0,[],[],0.0,[],[],0.0,[],[],0.0,[],[],0.0,[],[],0.0,[],[],[],[],0.0,[],0.0,[],[],0.0,[],[],0.0,[],0.0,[],[],0.0,[],[],0.0,[],[],0.0,[],[],0.0,[],[],0.0,[],[],0.0,[],[],0.0,[],[],0.0,[],[],0.0,[],[],0.0,[],[],0.0,[],[],0.0,[],[],0.0,[],Bi2i_0855.txt
75,[],0.0,[],[],0.0,[],[],0.0,[],[],0.0,[],[],0.0,[],[],0.0,[],[],0.0,[],[],0.0,[],[],0.0,[],[],0.0,[],[],0.0,[],[],[],[],0.0,[],0.0,[],[],0.0,[],[],0.0,[],0.0,[],[],0.0,[],[],0.0,[],[],0.0,[],[],0.0,[],[],0.0,[],[],0.0,[],[],0.0,[],[],0.0,[],[],0.0,[],[],0.0,[],[],0.0,[],[],0.0,[],[],0.0,[],Bi2i_1564.txt
76,[],0.0,[],[],0.0,[],[],0.0,[],[],0.0,[],[],0.0,[],[],0.0,[],[],0.0,[],[],0.0,[],[],0.0,[],[],0.0,[],[],0.0,[],[],[],[],0.0,[],0.0,[],[],0.0,[],[],0.0,[],0.0,[],[],0.0,[],[],0.0,[],[],0.0,[],[],0.0,[],[],0.0,[],[],0.0,[],[],0.0,[],[],0.0,[],[],0.0,[],[],0.0,[],[],0.0,[],[],0.0,[],[],0.0,[],Bi2i_0853.txt
77,[],0.0,[],[],0.0,[],[],0.0,[],[],0.0,[],[],0.0,[],[],0.0,[],[],0.0,[],[],0.0,[],[],0.0,[],[],0.0,[],[],0.0,[],[],[],[],0.0,[],0.0,[],[],0.0,[],[],0.0,[],0.0,[],[],0.0,[],[],0.0,[],[],0.0,[],[],0.0,[],[],0.0,[],[],0.0,[],[],0.0,[],[],0.0,[],[],0.0,[],[],0.0,[],[],0.0,[],[],0.0,[],[],0.0,[],Bi2i_1577.txt
78,[],0.0,[],[],0.0,[],[],0.0,[],[],0.0,[],[],0.0,[],[],0.0,[],[],0.0,[],[],0.0,[],[],0.0,[],"['First $400 Million 0.0025%\n', 'Next $1,600 Million 0.0025%\n', 'Excess of $2,000 Million 0.0020%\n']",1.0,"[[0, 400.0, 2.5e-05], [400.0, 2000.0, 2.5e-05], [2000.0, 'Above', 2e-05]]","['First $400 Million 0.0025%\n', 'Next $1,600 Million 0.0025%\n', 'Excess of $2,000 Million 0.0020%\n']",1.0,"[[0, 400.0, 2.5e-05], [400.0, 2000.0, 2.5e-05], [2000.0, 'Above', 2e-05]]",[],[],[],0.0,[],0.0,[],[],0.0,[],[],0.0,[],0.0,[],[],0.0,[],[],0.0,[],[],0.0,[],[],0.0,[],[],0.0,[],[],0.0,[],[],0.0,[],[],0.0,[],[],0.0,[],[],0.0,[],[],0.0,[],[],0.0,[],[],0.0,[],Bi2i_0585.txt
79,[],0.0,[],[],0.0,[],[],0.0,[],[],0.0,[],[],0.0,[],[],0.0,[],[],0.0,[],[],0.0,[],[],0.0,[],[],0.0,[],[],0.0,[],[],[],[],0.0,[],0.0,[],[],0.0,[],[],0.0,[],0.0,[],[],0.0,[],[],0.0,[],[],0.0,[],[],0.0,[],[],0.0,[],[],0.0,[],[],0.0,[],[],0.0,[],[],0.0,[],[],0.0,[],[],0.0,[],[],0.0,[],[],0.0,[],Bi2i_0077.txt
80,[],0.0,[],[],0.0,[],[],0.0,[],[],0.0,[],[],0.0,[],[],0.0,[],[],0.0,[],[],0.0,[],[],0.0,[],[],0.0,[],[],0.0,[],[],[],[],0.0,[],0.0,[],[],0.0,[],[],0.0,[],0.0,[],[],0.0,[],[],0.0,[],[],0.0,[],[],0.0,[],[],0.0,[],[],0.0,[],[],0.0,[],[],0.0,[],[],0.0,[],[],0.0,[],[],0.0,[],[],0.0,[],[],0.0,[],Bi2i_1953.txt
81,[],0.0,[],[],0.0,[],[],0.0,[],[],0.0,[],[],0.0,[],[],0.0,[],[],0.0,[],[],0.0,[],[],0.0,[],[],0.0,[],[],0.0,[],[],[],[],0.0,[],0.0,[],[],0.0,[],[],0.0,[],0.0,[],[],0.0,[],[],0.0,[],[],0.0,[],[],0.0,[],[],0.0,[],[],0.0,[],[],0.0,[],[],0.0,[],[],0.0,[],[],0.0,[],[],0.0,[],[],0.0,[],[],0.0,[],Bi2i_1541.txt
82,[],0.0,[],[],0.0,[],[],0.0,[],[],0.0,[],[],0.0,[],[],0.0,[],[],0.0,[],[],0.0,[],[],0.0,[],[],0.0,[],[],0.0,[],,[],[],0.0,[],0.0,[],[],0.0,[],[],0.0,[],1.0,[],[],0.0,[],[],0.0,[],[],0.0,[],[],0.0,[],[],0.0,[],[],0.0,[],[],0.0,[],[],0.0,[],0.12,1.0,[],[],0.0,[],[],0.0,[],[],0.0,[],[],0.0,[],Bi2i_1640.txt
83,[],0.0,[],[],0.0,[],[],0.0,[],[],0.0,[],[],0.0,[],[],0.0,[],[],0.0,[],[],0.0,[],[],0.0,[],[],0.0,[],[],0.0,[],[],[],[],0.0,[],0.0,[],[],0.0,[],[],0.0,[],0.0,[],[],0.0,[],[],0.0,[],[],0.0,[],[],0.0,[],[],0.0,[],[],0.0,[],[],0.0,[],[],0.0,[],[],0.0,[],[],0.0,[],[],0.0,[],[],0.0,[],[],0.0,[],Bi2i_0185.txt
84,[],0.0,[],[],0.0,[],[],0.0,[],[],0.0,[],[],0.0,[],[],0.0,[],[],0.0,[],[],0.0,[],[],0.0,[],[],0.0,[],[],0.0,[],,[],[],0.0,[],0.0,[],[],0.0,[],[],0.0,[],1.0,[],[],0.0,[],[],0.0,[],[],0.0,[],[],0.0,[],[],0.0,[],[],0.0,[],[],0.0,[],[],0.0,[],[],0.0,[],[],0.0,[],[],0.0,[],[],0.0,[],[],0.0,[],Bi2i_0107.txt
85,[],0.0,[],[],0.0,[],[],0.0,[],[],0.0,[],[],0.0,[],[],0.0,[],[],0.0,[],[],0.0,[],[],0.0,[],[],0.0,[],[],0.0,[],[],[],[],0.0,[],0.0,[],[],0.0,[],[],0.0,[],0.0,[],[],0.0,[],[],0.0,[],[],0.0,[],[],0.0,[],[],0.0,[],[],0.0,[],[],0.0,[],[],0.0,[],[],0.0,[],[],0.0,[],[],0.0,[],[],0.0,[],[],0.0,[],Bi2i_0642.txt
86,[],0.0,[],[],0.0,[],[],0.0,[],[],0.0,[],[],0.0,[],[],0.0,[],[],0.0,[],,1.0,[],[],0.0,[],[],0.0,[],[],0.0,[],[],[],[],0.0,[],0.0,[],[],0.0,[],[],0.0,[],0.0,[],[],0.0,[],[],0.0,[],[],0.0,[],[],0.0,[],[],0.0,[],[],0.0,[],[],0.0,[],[],0.0,[],[],0.0,[],[],0.0,[],[],0.0,[],[],0.0,[],[],0.0,[],Bi2i_0205.txt
87,[],0.0,[],[],0.0,[],[],0.0,[],[],0.0,[],[],0.0,[],[],0.0,[],[],0.0,[],[],0.0,[],[],0.0,[],[],0.0,[],[],0.0,[],,[],[],0.0,[],0.0,[],[],0.0,[],[],0.0,[],1.0,[],[],0.0,[],[],0.0,[],[],0.0,[],[],0.0,[],[],0.0,[],[],0.0,[],[],0.0,[],[],0.0,[],[],0.0,[],[],0.0,[],[],0.0,[],[],0.0,[],[],0.0,[],Bi2i_0400.txt
88,[],0.0,[],[],0.0,[],[],0.0,[],[],0.0,[],[],0.0,[],[],0.0,[],[],0.0,[],[],0.0,[],[],0.0,[],[],0.0,[],[],0.0,[],[],[],[],0.0,[],0.0,[],[],0.0,[],[],0.0,[],0.0,[],[],0.0,[],[],0.0,[],[],0.0,[],[],0.0,[],[],0.0,[],[],0.0,[],[],0.0,[],[],0.0,[],[],0.0,[],[],0.0,[],[],0.0,[],[],0.0,[],[],0.0,[],Bi2i_0053.txt
89,[],0.0,[],[],0.0,[],[],0.0,[],[],0.0,[],[],0.0,[],[],0.0,[],[],0.0,[],[],0.0,[],[],0.0,[],[],0.0,[],[],0.0,[],[],[],[],0.0,[],0.0,[],[],0.0,[],[],0.0,[],0.0,[],[],0.0,[],[],0.0,[],[],0.0,[],[],0.0,[],[],0.0,[],[],0.0,[],[],0.0,[],[],0.0,[],[],0.0,[],[],0.0,[],[],0.0,[],[],0.0,[],[],0.0,[],Bi2i_0343.txt
90,[],0.0,[],[],0.0,[],[],0.0,[],[],0.0,[],[],0.0,[],[],0.0,[],[],0.0,[],[],0.0,[],[],0.0,[],[],0.0,[],[],0.0,[],[],[],[],0.0,[],0.0,[],[],0.0,[],[],0.0,[],0.0,[],[],0.0,[],[],0.0,[],[],0.0,[],[],0.0,[],[],0.0,[],[],0.0,[],[],0.0,[],[],0.0,[],[],0.0,[],[],0.0,[],[],0.0,[],[],0.0,[],[],0.0,[],Bi2i_1742.txt
91,[],0.0,[],[],0.0,[],[],0.0,[],[],0.0,[],[],0.0,[],[],0.0,[],[],0.0,[],[],0.0,[],[],0.0,[],[],0.0,[],[],0.0,[],[],[],[],0.0,[],0.0,[],[],0.0,[],[],0.0,[],0.0,[],[],0.0,[],[],0.0,[],[],0.0,[],[],0.0,[],[],0.0,[],[],0.0,[],[],0.0,[],[],0.0,[],[],0.0,[],[],0.0,[],[],0.0,[],[],0.0,[],[],0.0,[],Bi2i_1717.txt
92,[],0.0,[],[],0.0,[],[],0.0,[],[],0.0,[],[],0.0,[],[],0.0,[],[],0.0,[],[],0.0,[],[],0.0,[],[],0.0,[],[],0.0,[],,[],[],0.0,[],0.0,[],[],0.0,[],[],0.0,[],1.0,[],[],0.0,[],[],0.0,[],[],0.0,[],[],0.0,[],[],0.0,[],[],0.0,[],[],0.0,[],[],0.0,[],[],0.0,[],[],0.0,[],[],0.0,[],[],0.0,[],[],0.0,[],Bi2i_0780.txt
93,[],0.0,[],[],0.0,[],[],0.0,[],[],0.0,[],[],0.0,[],[],0.0,[],[],0.0,[],[],0.0,[],[],0.0,[],[],0.0,[],[],0.0,[],[],[],[],0.0,[],0.0,[],[],0.0,[],[],0.0,[],0.0,[],[],0.0,[],[],0.0,[],[],0.0,[],[],0.0,[],[],0.0,[],[],0.0,[],[],0.0,[],[],0.0,[],[],0.0,[],[],0.0,[],[],0.0,[],[],0.0,[],[],0.0,[],Bi2i_0838.txt
94,[],0.0,[],[],0.0,[],[],0.0,[],[],0.0,[],[],0.0,[],[],0.0,[],[],0.0,[],[],0.0,[],[],0.0,[],[],0.0,[],[],0.0,[],[],[],[],0.0,[],0.0,[],[],0.0,[],[],0.0,[],0.0,[],[],0.0,[],[],0.0,[],[],0.0,[],[],0.0,[],[],0.0,[],[],0.0,[],[],0.0,[],[],0.0,[],[],0.0,[],[],0.0,[],[],0.0,[],[],0.0,[],[],0.0,[],Bi2i_1993.txt
95,[],0.0,[],[],0.0,[],[],0.0,[],[],0.0,[],[],0.0,[],[],0.0,[],[],0.0,[],[],0.0,[],[],0.0,[],[],0.0,[],[],0.0,[],[],[],[],0.0,[],0.0,[],[],0.0,[],[],0.0,[],0.0,[],[],0.0,[],[],0.0,[],[],0.0,[],[],0.0,[],[],0.0,[],[],0.0,[],[],0.0,[],[],0.0,[],[],0.0,[],[],0.0,[],[],0.0,[],[],0.0,[],[],0.0,[],Bi2i_0894.txt
96,[],0.0,[],[],0.0,[],[],0.0,[],[],0.0,[],[],0.0,[],[],0.0,[],[],0.0,[],[],0.0,[],[],0.0,[],[],0.0,[],[],0.0,[],[],[],[],0.0,[],0.0,[],[],0.0,[],[],0.0,[],0.0,[],[],0.0,[],[],0.0,[],[],0.0,[],[],0.0,[],[],0.0,[],[],0.0,[],[],0.0,[],[],0.0,[],[],0.0,[],[],0.0,[],[],0.0,[],[],0.0,[],[],0.0,[],Bi2i_0350.txt
97,[],0.0,[],[],0.0,[],[],0.0,[],[],0.0,[],[],0.0,[],[],0.0,[],[],0.0,[],[],0.0,[],[],0.0,[],[],0.0,[],[],0.0,[],[],[],[],0.0,[],0.0,[],[],0.0,[],[],0.0,[],0.0,[],[],0.0,[],[],0.0,[],[],0.0,[],[],0.0,[],[],0.0,[],[],0.0,[],[],0.0,[],[],0.0,[],[],0.0,[],[],0.0,[],[],0.0,[],[],0.0,[],[],0.0,[],Bi2i_0421.txt
98,[],0.0,[],[],0.0,[],[],0.0,[],[],0.0,[],[],0.0,[],[],0.0,[],[],0.0,[],[],0.0,[],[],0.0,[],[],0.0,[],[],0.0,[],[],[],[],0.0,[],0.0,[],[],0.0,[],[],0.0,[],0.0,[],[],0.0,[],[],0.0,[],[],0.0,[],[],0.0,[],[],0.0,[],[],0.0,[],[],0.0,[],[],0.0,[],[],0.0,[],[],0.0,[],[],0.0,[],[],0.0,[],[],0.0,[],Bi2i_0824.txt
99,[],0.0,[],[],0.0,[],[],0.0,[],[],0.0,[],[],0.0,[],[],0.0,[],[],0.0,[],[],0.0,[],[],0.0,[],[],0.0,[],[],0.0,[],,,[],0.0,[],1.0,[],[],0.0,[],[],0.0,[],1.0,[],[],0.0,[],[],0.0,[],[],0.0,[],[],0.0,[],[],0.0,[],[],0.0,[],[],0.0,[],[],0.0,[],[],0.0,[],[],0.0,[],[],0.0,[],[],0.0,[],[],0.0,[],Bi2i_1938.txt
100,[],0.0,[],[],0.0,[],[],0.0,[],[],0.0,[],[],0.0,[],[],0.0,[],[],0.0,[],[],0.0,[],[],0.0,[],[],0.0,[],[],0.0,[],,[],[],0.0,[],0.0,[],[],0.0,[],[],0.0,[],1.0,[],[],0.0,[],[],0.0,[],[],0.0,[],[],0.0,[],[],0.0,[],[],0.0,[],[],0.0,[],[],0.0,[],[],0.0,[],[],0.0,[],[],0.0,[],[],0.0,[],[],0.0,[],Bi2i_0678.txt
101,[],0.0,[],[],0.0,[],[],0.0,[],[],0.0,[],[],0.0,[],[],0.0,[],[],0.0,[],[],0.0,[],[],0.0,[],[],0.0,[],[],0.0,[],[],[],[],0.0,[],0.0,[],[],0.0,[],[],0.0,[],0.0,[],[],0.0,[],[],0.0,[],[],0.0,[],[],0.0,[],[],0.0,[],[],0.0,[],[],0.0,[],[],0.0,[],[],0.0,[],[],0.0,[],[],0.0,[],[],0.0,[],[],0.0,[],Bi2i_0120.txt
102,[],0.0,[],[],0.0,[],[],0.0,[],[],0.0,[],[],0.0,[],[],0.0,[],[],0.0,[],[],0.0,[],[],0.0,[],[],0.0,[],[],0.0,[],[],[],[],0.0,[],0.0,[],[],0.0,[],[],0.0,[],0.0,[],[],0.0,[],[],0.0,[],[],0.0,[],[],0.0,[],[],0.0,[],[],0.0,[],[],0.0,[],[],0.0,[],[],0.0,[],[],0.0,[],[],0.0,[],[],0.0,[],[],0.0,[],Bi2i_1970.txt
103,[],0.0,[],[],0.0,[],[],0.0,[],[],0.0,[],[],0.0,[],[],0.0,[],[],0.0,[],[],0.0,[],[],0.0,[],[],0.0,[],[],0.0,[],,[],[],0.0,[],0.0,[],[],0.0,[],[],0.0,[],1.0,[],[],0.0,[],[],0.0,[],[],0.0,[],[],0.0,[],[],0.0,[],[],0.0,[],[],0.0,[],[],0.0,[],[],0.0,[],[],0.0,[],[],0.0,[],[],0.0,[],[],0.0,[],Bi2i_1367.txt
104,[],0.0,[],[],0.0,[],[],0.0,[],[],0.0,[],[],0.0,[],[],0.0,[],[],0.0,[],[],0.0,[],[],0.0,[],[],0.0,[],[],0.0,[],[],[],[],0.0,[],0.0,[],[],0.0,[],[],0.0,[],0.0,[],[],0.0,[],[],0.0,[],[],0.0,[],[],0.0,[],[],0.0,[],[],0.0,[],[],0.0,[],[],0.0,[],[],0.0,[],[],0.0,[],[],0.0,[],[],0.0,[],[],0.0,[],Bi2i_0200.txt
105,[],0.0,[],[],0.0,[],[],0.0,[],[],0.0,[],[],0.0,[],[],0.0,[],[],0.0,[],[],0.0,[],[],0.0,[],[],0.0,[],[],0.0,[],[],[],[],0.0,[],0.0,[],[],0.0,[],[],0.0,[],0.0,[],[],0.0,[],[],0.0,[],[],0.0,[],[],0.0,[],[],0.0,[],[],0.0,[],[],0.0,[],[],0.0,[],[],0.0,[],[],0.0,[],[],0.0,[],[],0.0,[],[],0.0,[],Bi2i_1448.txt
106,[],0.0,[],[],0.0,[],[],0.0,[],[],0.0,[],[],0.0,[],[],0.0,[],[],0.0,[],[],0.0,[],[],0.0,[],[],0.0,[],[],0.0,[],[],[],[],0.0,[],0.0,[],[],0.0,[],[],0.0,[],0.0,[],[],0.0,[],[],0.0,[],[],0.0,[],[],0.0,[],[],0.0,[],[],0.0,[],[],0.0,[],[],0.0,[],[],0.0,[],[],0.0,[],[],0.0,[],[],0.0,[],[],0.0,[],Bi2i_1231.txt
107,[],0.0,[],[],0.0,[],[],0.0,[],[],0.0,[],[],0.0,[],[],0.0,[],[],0.0,[],[],0.0,[],[],0.0,[],[],0.0,[],[],0.0,[],,[],[],0.0,[],0.0,[],[],0.0,[],[],0.0,[],1.0,[],[],0.0,[],[],0.0,[],[],0.0,[],[],0.0,[],[],0.0,[],[],0.0,[],[],0.0,[],[],0.0,[],[],0.0,[],[],0.0,[],[],0.0,[],[],0.0,[],[],0.0,[],Bi2i_0836.txt
108,[],0.0,[],[],0.0,[],[],0.0,[],[],0.0,[],[],0.0,[],[],0.0,[],[],0.0,[],[],0.0,[],[],0.0,[],[],0.0,[],[],0.0,[],[],[],[],0.0,[],0.0,[],[],0.0,[],[],0.0,[],0.0,[],[],0.0,[],[],0.0,[],[],0.0,[],[],0.0,[],[],0.0,[],[],0.0,[],[],0.0,[],[],0.0,[],[],0.0,[],[],0.0,[],[],0.0,[],[],0.0,[],[],0.0,[],Bi2i_0714.txt
109,[],0.0,[],[],0.0,[],[],0.0,[],[],0.0,[],[],0.0,[],[],0.0,[],[],0.0,[],[],0.0,[],[],0.0,[],[],0.0,[],[],0.0,[],[],[],[],0.0,[],0.0,[],[],0.0,[],[],0.0,[],0.0,[],[],0.0,[],[],0.0,[],[],0.0,[],[],0.0,[],[],0.0,[],[],0.0,[],[],0.0,[],[],0.0,[],[],0.0,[],[],0.0,[],[],0.0,[],[],0.0,[],[],0.0,[],Bi2i_2001.txt
110,[],0.0,[],[],0.0,[],[],0.0,[],[],0.0,[],[],0.0,[],[],0.0,[],[],0.0,[],[],0.0,[],[],0.0,[],[],0.0,[],[],0.0,[],[],[],[],0.0,[],0.0,[],[],0.0,[],[],0.0,[],0.0,[],[],0.0,[],[],0.0,[],[],0.0,[],[],0.0,[],[],0.0,[],[],0.0,[],[],0.0,[],[],0.0,[],[],0.0,[],[],0.0,[],[],0.0,[],[],0.0,[],[],0.0,[],Bi2i_1006.txt
111,[],0.0,[],[],0.0,[],[],0.0,[],[],0.0,[],[],0.0,[],[],0.0,[],[],0.0,[],[],0.0,[],[],0.0,[],[],0.0,[],[],0.0,[],[],[],[],0.0,[],0.0,[],[],0.0,[],[],0.0,[],0.0,[],[],0.0,[],[],0.0,[],[],0.0,[],[],0.0,[],[],0.0,[],[],0.0,[],[],0.0,[],[],0.0,[],[],0.0,[],[],0.0,[],[],0.0,[],[],0.0,[],[],0.0,[],Bi2i_0658.txt
112,[],0.0,[],[],0.0,[],[],0.0,[],[],0.0,[],[],0.0,[],[],0.0,[],[],0.0,[],[],0.0,[],[],0.0,[],[],0.0,[],[],0.0,[],[],[],[],0.0,[],0.0,[],[],0.0,[],[],0.0,[],0.0,[],[],0.0,[],[],0.0,[],[],0.0,[],[],0.0,[],[],0.0,[],[],0.0,[],[],0.0,[],[],0.0,[],[],0.0,[],[],0.0,[],[],0.0,[],[],0.0,[],[],0.0,[],Bi2i_0723.txt
113,[],0.0,[],[],0.0,[],[],0.0,[],[],0.0,[],[],0.0,[],[],0.0,[],[],0.0,[],[],0.0,[],[],0.0,[],[],0.0,[],[],0.0,[],[],[],[],0.0,[],0.0,[],[],0.0,[],[],0.0,[],0.0,[],[],0.0,[],[],0.0,[],[],0.0,[],[],0.0,[],[],0.0,[],[],0.0,[],[],0.0,[],[],0.0,[],[],0.0,[],[],0.0,[],[],0.0,[],[],0.0,[],[],0.0,[],Bi2i_2006.txt
114,[],0.0,[],[],0.0,[],[],0.0,[],[],0.0,[],[],0.0,[],[],0.0,[],[],0.0,[],[],0.0,[],[],0.0,[],[],0.0,[],[],0.0,[],[],[],[],0.0,[],0.0,[],[],0.0,[],[],0.0,[],0.0,[],[],0.0,[],[],0.0,[],[],0.0,[],[],0.0,[],[],0.0,[],[],0.0,[],[],0.0,[],[],0.0,[],[],0.0,[],[],0.0,[],[],0.0,[],[],0.0,[],[],0.0,[],Bi2i_1562.txt
115,[],0.0,[],[],0.0,[],[],0.0,[],[],0.0,[],[],0.0,[],[],0.0,[],[],0.0,[],[],0.0,[],[],0.0,[],[],0.0,[],[],0.0,[],[],[],[],0.0,[],0.0,[],[],0.0,[],[],0.0,[],0.0,[],[],0.0,[],[],0.0,[],[],0.0,[],[],0.0,[],[],0.0,[],[],0.0,[],[],0.0,[],[],0.0,[],[],0.0,[],[],0.0,[],[],0.0,[],[],0.0,[],[],0.0,[],Bi2i_1925.txt
116,[],0.0,[],[],0.0,[],[],0.0,[],[],0.0,[],[],0.0,[],[],0.0,[],[],0.0,[],[],0.0,[],[],0.0,[],[],0.0,[],[],0.0,[],,[],[],0.0,[],0.0,[],[],0.0,[],[],0.0,[],1.0,[],[],0.0,[],[],0.0,[],[],0.0,[],[],0.0,[],[],0.0,[],[],0.0,[],[],0.0,[],[],0.0,[],[],0.0,[],[],0.0,[],[],0.0,[],[],0.0,[],[],0.0,[],Bi2i_0835.txt
117,[],0.0,[],[],0.0,[],[],0.0,[],[],0.0,[],[],0.0,[],[],0.0,[],[],0.0,[],[],0.0,[],[],0.0,[],[],0.0,[],[],0.0,[],[],[],[],0.0,[],0.0,[],[],0.0,[],[],0.0,[],0.0,[],[],0.0,[],[],0.0,[],[],0.0,[],[],0.0,[],[],0.0,[],[],0.0,[],[],0.0,[],[],0.0,[],[],0.0,[],[],0.0,[],[],0.0,[],[],0.0,[],[],0.0,[],Bi2i_0224.txt
118,[],0.0,[],[],0.0,[],[],0.0,[],[],0.0,[],[],0.0,[],[],0.0,[],[],0.0,[],[],0.0,[],[],0.0,[],[],0.0,[],[],0.0,[],[],[],[],0.0,[],0.0,[],[],0.0,[],[],0.0,[],0.0,[],[],0.0,[],[],0.0,[],[],0.0,[],[],0.0,[],[],0.0,[],[],0.0,[],[],0.0,[],[],0.0,[],[],0.0,[],[],0.0,[],[],0.0,[],[],0.0,[],[],0.0,[],Bi2i_1553.txt
119,[],0.0,[],[],0.0,[],[],0.0,[],[],0.0,[],[],0.0,[],[],0.0,[],[],0.0,[],[],0.0,[],[],0.0,[],[],0.0,[],[],0.0,[],[],[],[],0.0,[],0.0,[],[],0.0,[],[],0.0,[],0.0,[],[],0.0,[],[],0.0,[],[],0.0,[],[],0.0,[],[],0.0,[],[],0.0,[],[],0.0,[],[],0.0,[],[],0.0,[],[],0.0,[],[],0.0,[],[],0.0,[],[],0.0,[],Bi2i_0541.txt
120,[],0.0,[],[],0.0,[],[],0.0,[],[],0.0,[],[],0.0,[],[],0.0,[],[],0.0,[],[],0.0,[],[],0.0,[],[],0.0,[],[],0.0,[],[],[],[],0.0,[],0.0,[],[],0.0,[],[],0.0,[],0.0,[],[],0.0,[],[],0.0,[],[],0.0,[],[],0.0,[],[],0.0,[],[],0.0,[],[],0.0,[],[],0.0,[],[],0.0,[],[],0.0,[],[],0.0,[],[],0.0,[],[],0.0,[],Bi2i_1016.txt
121,[],0.0,[],[],0.0,[],[],0.0,[],[],0.0,[],[],0.0,[],[],0.0,[],[],0.0,[],[],0.0,[],[],0.0,[],[],0.0,[],[],0.0,[],[],[],[],0.0,[],0.0,[],[],0.0,[],[],0.0,[],0.0,[],[],0.0,[],[],0.0,[],[],0.0,[],[],0.0,[],[],0.0,[],[],0.0,[],[],0.0,[],[],0.0,[],[],0.0,[],[],0.0,[],[],0.0,[],[],0.0,[],[],0.0,[],Bi2i_1947.txt
122,[],0.0,[],[],0.0,[],[],0.0,[],[],0.0,[],[],0.0,[],[],0.0,[],[],0.0,[],[],0.0,[],[],0.0,[],[],0.0,[],[],0.0,[],[],[],[],0.0,[],0.0,[],[],0.0,[],[],0.0,[],0.0,[],[],0.0,[],[],0.0,[],[],0.0,[],[],0.0,[],[],0.0,[],[],0.0,[],[],0.0,[],[],0.0,[],[],0.0,[],[],0.0,[],[],0.0,[],[],0.0,[],[],0.0,[],Bi2i_1777.txt
123,[],0.0,[],[],0.0,[],[],0.0,[],[],0.0,[],[],0.0,[],[],0.0,[],[],0.0,[],[],0.0,[],[],0.0,[],[],0.0,[],[],0.0,[],[],[],[],0.0,[],0.0,[],[],0.0,[],[],0.0,[],0.0,[],[],0.0,[],[],0.0,[],[],0.0,[],[],0.0,[],[],0.0,[],[],0.0,[],[],0.0,[],[],0.0,[],[],0.0,[],[],0.0,[],[],0.0,[],[],0.0,[],[],0.0,[],Bi2i_0632.txt
124,[],0.0,[],[],0.0,[],[],0.0,[],[],0.0,[],[],0.0,[],[],0.0,[],[],0.0,[],[],0.0,[],[],0.0,[],[],0.0,[],[],0.0,[],[],[],[],0.0,[],0.0,[],[],0.0,[],[],0.0,[],0.0,[],[],0.0,[],[],0.0,[],[],0.0,[],[],0.0,[],[],0.0,[],[],0.0,[],[],0.0,[],[],0.0,[],[],0.0,[],[],0.0,[],[],0.0,[],[],0.0,[],[],0.0,[],Bi2i_1099.txt
125,[],0.0,[],[],0.0,[],[],0.0,[],[],0.0,[],[],0.0,[],[],0.0,[],[],0.0,[],[],0.0,[],[],0.0,[],[],0.0,[],[],0.0,[],,[],[],0.0,[],0.0,[],[],0.0,[],[],0.0,[],1.0,[],[],0.0,[],[],0.0,[],[],0.0,[],[],0.0,[],[],0.0,[],[],0.0,[],[],0.0,[],[],0.0,[],[],0.0,[],[],0.0,[],[],0.0,[],[],0.0,[],[],0.0,[],Bi2i_0369.txt
126,[],0.0,[],[],0.0,[],[],0.0,[],[],0.0,[],[],0.0,[],[],0.0,[],[],0.0,[],[],0.0,[],[],0.0,[],[],0.0,[],[],0.0,[],,[],[],0.0,[],0.0,[],[],0.0,[],[],0.0,[],1.0,[],[],0.0,[],[],0.0,[],[],0.0,[],[],0.0,[],[],0.0,[],[],0.0,[],[],0.0,[],[],0.0,[],0.12,1.0,[],[],0.0,[],[],0.0,[],[],0.0,[],[],0.0,[],Bi2i_0601.txt
127,[],0.0,[],[],0.0,[],[],0.0,[],[],0.0,[],[],0.0,[],[],0.0,[],[],0.0,[],[],0.0,[],[],0.0,[],[],0.0,[],[],0.0,[],[],[],[],0.0,[],0.0,[],[],0.0,[],[],0.0,[],0.0,[],[],0.0,[],[],0.0,[],[],0.0,[],[],0.0,[],[],0.0,[],[],0.0,[],[],0.0,[],[],0.0,[],[],0.0,[],[],0.0,[],[],0.0,[],[],0.0,[],[],0.0,[],Bi2i_0131.txt
128,[],0.0,[],[],0.0,[],[],0.0,[],[],0.0,[],[],0.0,[],[],0.0,[],[],0.0,[],[],0.0,[],[],0.0,[],[],0.0,[],[],0.0,[],[],[],[],0.0,[],0.0,[],[],0.0,[],[],0.0,[],0.0,[],[],0.0,[],[],0.0,[],[],0.0,[],[],0.0,[],[],0.0,[],[],0.0,[],[],0.0,[],[],0.0,[],[],0.0,[],[],0.0,[],[],0.0,[],[],0.0,[],[],0.0,[],Bi2i_0436.txt
129,[],0.0,[],[],0.0,[],[],0.0,[],[],0.0,[],[],0.0,[],[],0.0,[],[],0.0,[],[],0.0,[],[],0.0,[],[],0.0,[],[],0.0,[],[],[],[],0.0,[],0.0,[],[],0.0,[],[],0.0,[],0.0,[],[],0.0,[],[],0.0,[],[],0.0,[],[],0.0,[],[],0.0,[],[],0.0,[],[],0.0,[],[],0.0,[],[],0.0,[],[],0.0,[],[],0.0,[],[],0.0,[],[],0.0,[],Bi2i_1106.txt
130,[],0.0,[],[],0.0,[],[],0.0,[],[],0.0,[],[],0.0,[],[],0.0,[],[],0.0,[],[],0.0,[],[],0.0,[],[],0.0,[],[],0.0,[],,[],[],0.0,[],0.0,[],[],0.0,[],[],0.0,[],1.0,[],[],0.0,[],[],0.0,[],[],0.0,[],[],0.0,[],[],0.0,[],[],0.0,[],[],0.0,[],[],0.0,[],0.09,1.0,[],[],0.0,[],[],0.0,[],[],0.0,[],[],0.0,[],Bi2i_1567.txt
131,[],0.0,[],[],0.0,[],[],0.0,[],[],0.0,[],[],0.0,[],[],0.0,[],[],0.0,[],[],0.0,[],[],0.0,[],[],0.0,[],[],0.0,[],[],[],[],0.0,[],0.0,[],[],0.0,[],[],0.0,[],0.0,[],[],0.0,[],[],0.0,[],[],0.0,[],[],0.0,[],[],0.0,[],[],0.0,[],[],0.0,[],[],0.0,[],[],0.0,[],[],0.0,[],[],0.0,[],[],0.0,[],[],0.0,[],Bi2i_1024.txt
132,[],0.0,[],[],0.0,[],[],0.0,[],[],0.0,[],[],0.0,[],[],0.0,[],[],0.0,[],[],0.0,[],[],0.0,[],[],0.0,[],[],0.0,[],[],[],[],0.0,[],0.0,[],[],0.0,[],[],0.0,[],0.0,[],[],0.0,[],[],0.0,[],[],0.0,[],[],0.0,[],[],0.0,[],[],0.0,[],[],0.0,[],[],0.0,[],[],0.0,[],[],0.0,[],[],0.0,[],[],0.0,[],[],0.0,[],Bi2i_0569.txt
133,[],0.0,[],[],0.0,[],[],0.0,[],[],0.0,[],[],0.0,[],[],0.0,[],[],0.0,[],[],0.0,[],[],0.0,[],[],0.0,[],[],0.0,[],[],[],[],0.0,[],0.0,[],[],0.0,[],[],0.0,[],0.0,[],[],0.0,[],[],0.0,[],[],0.0,[],[],0.0,[],[],0.0,[],[],0.0,[],[],0.0,[],[],0.0,[],[],0.0,[],[],0.0,[],[],0.0,[],[],0.0,[],[],0.0,[],Bi2i_1736.txt
134,[],0.0,[],[],0.0,[],[],0.0,[],[],0.0,[],[],0.0,[],[],0.0,[],[],0.0,[],[],0.0,[],[],0.0,[],[],0.0,[],[],0.0,[],[],[],[],0.0,[],0.0,[],[],0.0,[],[],0.0,[],0.0,[],[],0.0,[],[],0.0,[],[],0.0,[],[],0.0,[],[],0.0,[],[],0.0,[],[],0.0,[],[],0.0,[],[],0.0,[],[],0.0,[],[],0.0,[],[],0.0,[],[],0.0,[],Bi2i_1986.txt
135,[],0.0,[],[],0.0,[],[],0.0,[],[],0.0,[],[],0.0,[],[],0.0,[],[],0.0,[],[],0.0,[],[],0.0,[],[],0.0,[],[],0.0,[],,[],[],0.0,[],0.0,[],[],0.0,[],[],0.0,[],1.0,[],[],0.0,[],[],0.0,[],[],0.0,[],[],0.0,[],[],0.0,[],[],0.0,[],[],0.0,[],[],0.0,[],9.0,1.0,[],[],0.0,[],[],0.0,[],[],0.0,[],[],0.0,[],Bi2i_0728.txt
136,[],0.0,[],[],0.0,[],[],0.0,[],0.18,1.0,[],[],0.0,[],[],0.0,[],[],0.0,[],[],0.0,[],,1.0,[],[],0.0,[],[],0.0,[],,[],[],0.0,[],0.0,[],[],0.0,[],[],0.0,[],1.0,[],[],0.0,[],[],0.0,[],[],0.0,[],[],0.0,[],[],0.0,[],[],0.0,[],[],0.0,[],[],0.0,[],,1.0,[],[],0.0,[],[],0.0,[],[],0.0,[],[],0.0,[],Bi2i_1195.txt
137,[],0.0,[],[],0.0,[],[],0.0,[],[],0.0,[],[],0.0,[],[],0.0,[],[],0.0,[],[],0.0,[],[],0.0,[],[],0.0,[],[],0.0,[],[],[],[],0.0,[],0.0,[],[],0.0,[],[],0.0,[],0.0,[],[],0.0,[],[],0.0,[],[],0.0,[],[],0.0,[],[],0.0,[],[],0.0,[],[],0.0,[],[],0.0,[],[],0.0,[],[],0.0,[],[],0.0,[],[],0.0,[],[],0.0,[],Bi2i_0121.txt
138,[],0.0,[],[],0.0,[],[],0.0,[],[],0.0,[],[],0.0,[],[],0.0,[],[],0.0,[],[],0.0,[],[],0.0,[],[],0.0,[],[],0.0,[],[],[],[],0.0,[],0.0,[],[],0.0,[],[],0.0,[],0.0,[],[],0.0,[],[],0.0,[],[],0.0,[],[],0.0,[],[],0.0,[],[],0.0,[],[],0.0,[],[],0.0,[],[],0.0,[],[],0.0,[],[],0.0,[],[],0.0,[],[],0.0,[],Bi2i_0634.txt
139,[],0.0,[],[],0.0,[],[],0.0,[],[],0.0,[],[],0.0,[],[],0.0,[],[],0.0,[],[],0.0,[],[],0.0,[],[],0.0,[],[],0.0,[],,[],[],0.0,[],0.0,[],[],0.0,[],[],0.0,[],1.0,[],[],0.0,[],[],0.0,[],[],0.0,[],[],0.0,[],[],0.0,[],[],0.0,[],[],0.0,[],[],0.0,[],[],0.0,[],[],0.0,[],[],0.0,[],[],0.0,[],[],0.0,[],Bi2i_0693.txt
140,[],0.0,[],[],0.0,[],[],0.0,[],[],0.0,[],[],0.0,[],[],0.0,[],[],0.0,[],[],0.0,[],[],0.0,[],[],0.0,[],[],0.0,[],[],[],[],0.0,[],0.0,[],[],0.0,[],[],0.0,[],0.0,[],[],0.0,[],[],0.0,[],[],0.0,[],[],0.0,[],[],0.0,[],[],0.0,[],[],0.0,[],[],0.0,[],[],0.0,[],[],0.0,[],[],0.0,[],[],0.0,[],[],0.0,[],Bi2i_1627.txt
141,[],0.0,[],[],0.0,[],[],0.0,[],[],0.0,[],[],0.0,[],[],0.0,[],[],0.0,[],[],0.0,[],[],0.0,[],[],0.0,[],[],0.0,[],,[],[],0.0,[],0.0,[],[],0.0,[],[],0.0,[],1.0,[],[],0.0,[],[],0.0,[],[],0.0,[],[],0.0,[],[],0.0,[],[],0.0,[],[],0.0,[],[],0.0,[],"['First $200 Million 1.00\n', 'Next $2.2 Billion 0.50\n', 'Thereafter 0.30\n']",1.0,"[[0, 200.0, 1.0], [200.0, 2400.0, 0.5], [2400.0, 'Above', 0.3]]",[],0.0,[],[],0.0,[],[],0.0,[],[],0.0,[],Bi2i_0063.txt
142,[],0.0,[],[],0.0,[],[],0.0,[],[],0.0,[],[],0.0,[],[],0.0,[],[],0.0,[],[],0.0,[],[],0.0,[],[],0.0,[],[],0.0,[],[],[],[],0.0,[],0.0,[],[],0.0,[],[],0.0,[],0.0,[],[],0.0,[],[],0.0,[],[],0.0,[],[],0.0,[],[],0.0,[],[],0.0,[],[],0.0,[],[],0.0,[],[],0.0,[],[],0.0,[],[],0.0,[],[],0.0,[],[],0.0,[],Bi2i_0928.txt
143,[],0.0,[],[],0.0,[],[],0.0,[],[],0.0,[],[],0.0,[],[],0.0,[],[],0.0,[],[],0.0,[],[],0.0,[],[],0.0,[],[],0.0,[],[],[],[],0.0,[],0.0,[],[],0.0,[],[],0.0,[],0.0,[],[],0.0,[],[],0.0,[],[],0.0,[],[],0.0,[],[],0.0,[],[],0.0,[],[],0.0,[],[],0.0,[],[],0.0,[],[],0.0,[],[],0.0,[],[],0.0,[],[],0.0,[],Bi2i_1834.txt
144,[],0.0,[],[],0.0,[],[],0.0,[],[],0.0,[],[],0.0,[],[],0.0,[],[],0.0,[],[],0.0,[],[],0.0,[],[],0.0,[],[],0.0,[],[],[],[],0.0,[],0.0,[],[],0.0,[],[],0.0,[],0.0,[],[],0.0,[],[],0.0,[],[],0.0,[],[],0.0,[],[],0.0,[],[],0.0,[],[],0.0,[],[],0.0,[],[],0.0,[],[],0.0,[],[],0.0,[],[],0.0,[],[],0.0,[],Bi2i_0219.txt
145,[],0.0,[],[],0.0,[],[],0.0,[],[],0.0,[],[],0.0,[],[],0.0,[],[],0.0,[],[],0.0,[],[],0.0,[],[],0.0,[],[],0.0,[],[],[],[],0.0,[],0.0,[],[],0.0,[],[],0.0,[],0.0,[],[],0.0,[],[],0.0,[],[],0.0,[],[],0.0,[],[],0.0,[],[],0.0,[],[],0.0,[],[],0.0,[],[],0.0,[],[],0.0,[],[],0.0,[],[],0.0,[],[],0.0,[],Bi2i_1837.txt
146,[],0.0,[],[],0.0,[],[],0.0,[],[],0.0,[],[],0.0,[],[],0.0,[],[],0.0,[],[],1.0,[],[],0.0,[],[],0.0,[],"['$0.0 - $12.5 Billion 0.15\n', 'Over $12.5 Billion 0.10\n']",1.0,"[[0, 12500.0, 0.15], [12500.0, 'Above', 0.1]]",,,[],0.0,[],1.0,[],[],0.0,[],[],0.0,[],1.0,[],[],0.0,[],[],0.0,[],[],0.0,[],[],0.0,[],[],0.0,[],[],0.0,[],[],0.0,[],[],0.0,[],[],0.0,[],[],0.0,[],[],0.0,[],[],0.0,[],[],0.0,[],Bi2i_0416.txt
147,[],0.0,[],[],0.0,[],[],0.0,[],[],0.0,[],[],0.0,[],[],0.0,[],[],0.0,[],[],0.0,[],[],0.0,[],[],0.0,[],[],0.0,[],[],[],[],0.0,[],0.0,[],[],0.0,[],[],0.0,[],0.0,[],[],0.0,[],[],0.0,[],[],0.0,[],[],0.0,[],[],0.0,[],[],0.0,[],[],0.0,[],[],0.0,[],[],0.0,[],[],0.0,[],[],0.0,[],[],0.0,[],[],0.0,[],Bi2i_1194.txt
148,[],0.0,[],[],0.0,[],[],0.0,[],[],0.0,[],[],0.0,[],[],0.0,[],[],0.0,[],2.0,1.0,[],,1.0,[],[],0.0,[],[],0.0,[],[],[],[],0.0,[],0.0,[],[],0.0,[],[],0.0,[],0.0,[],[],0.0,[],[],0.0,[],[],0.0,[],[],0.0,[],[],0.0,[],[],0.0,[],,1.0,[],[],0.0,[],[],0.0,[],[],0.0,[],[],0.0,[],[],0.0,[],[],0.0,[],Bi2i_M_0001.txt
149,[],0.0,[],[],0.0,[],[],0.0,[],[],0.0,[],[],0.0,[],[],0.0,[],[],0.0,[],[],0.0,[],[],0.0,[],[],0.0,[],[],0.0,[],[],[],[],0.0,[],0.0,[],[],0.0,[],[],0.0,[],0.0,[],[],0.0,[],[],0.0,[],[],0.0,[],[],0.0,[],[],0.0,[],[],0.0,[],[],0.0,[],[],0.0,[],[],0.0,[],[],0.0,[],[],0.0,[],[],0.0,[],[],0.0,[],Bi2i_0058.txt
150,[],0.0,[],[],0.0,[],[],0.0,[],[],0.0,[],[],0.0,[],[],0.0,[],[],0.0,[],[],0.0,[],[],0.0,[],[],0.0,[],[],0.0,[],,[],[],0.0,[],0.0,[],[],0.0,[],[],0.0,[],1.0,[],[],0.0,[],[],0.0,[],[],0.0,[],[],0.0,[],[],0.0,[],[],0.0,[],[],0.0,[],[],0.0,[],[],0.0,[],[],0.0,[],[],0.0,[],[],0.0,[],[],0.0,[],Bi2i_0114.txt
151,[],0.0,[],[],0.0,[],[],0.0,[],[],0.0,[],[],0.0,[],[],0.0,[],[],0.0,[],[],0.0,[],[],0.0,[],[],0.0,[],[],0.0,[],[],[],[],0.0,[],0.0,[],[],0.0,[],[],0.0,[],0.0,[],[],0.0,[],[],0.0,[],[],0.0,[],[],0.0,[],[],0.0,[],[],0.0,[],[],0.0,[],[],0.0,[],[],0.0,[],[],0.0,[],[],0.0,[],[],0.0,[],[],0.0,[],Bi2i_0206.txt
152,[],0.0,[],[],0.0,[],[],0.0,[],[],0.0,[],[],0.0,[],[],0.0,[],[],0.0,[],[],0.0,[],[],0.0,[],[],0.0,[],[],0.0,[],[],[],[],0.0,[],0.0,[],[],0.0,[],[],0.0,[],0.0,[],[],0.0,[],[],0.0,[],[],0.0,[],[],0.0,[],[],0.0,[],[],0.0,[],[],0.0,[],[],0.0,[],[],0.0,[],[],0.0,[],[],0.0,[],[],0.0,[],[],0.0,[],Bi2i_0016.txt
153,[],0.0,[],[],0.0,[],[],0.0,[],[],0.0,[],[],0.0,[],[],0.0,[],[],0.0,[],616.67,1.0,[],,1.0,[],[],0.0,[],[],0.0,[],[],[],[],0.0,[],0.0,[],[],0.0,[],[],0.0,[],0.0,[],[],0.0,[],[],0.0,[],[],0.0,[],[],0.0,[],[],0.0,[],[],0.0,[],616.67,1.0,[],[],0.0,[],[],0.0,[],[],0.0,[],[],0.0,[],[],0.0,[],[],0.0,[],Bi2i_0274.txt
154,[],0.0,[],[],0.0,[],[],0.0,[],[],0.0,[],[],0.0,[],[],0.0,[],[],0.0,[],[],0.0,[],[],0.0,[],[],0.0,[],[],0.0,[],[],[],[],0.0,[],0.0,[],[],0.0,[],[],0.0,[],0.0,[],[],0.0,[],[],0.0,[],[],0.0,[],[],0.0,[],[],0.0,[],[],0.0,[],[],0.0,[],[],0.0,[],[],0.0,[],[],0.0,[],[],0.0,[],[],0.0,[],[],0.0,[],Bi2i_1076.txt
155,[],0.0,[],[],0.0,[],[],0.0,[],[],0.0,[],[],0.0,[],[],0.0,[],[],0.0,[],[],0.0,[],[],0.0,[],[],0.0,[],[],0.0,[],[],[],[],0.0,[],0.0,[],[],0.0,[],[],0.0,[],0.0,[],[],0.0,[],[],0.0,[],[],0.0,[],[],0.0,[],[],0.0,[],[],0.0,[],[],0.0,[],[],0.0,[],[],0.0,[],[],0.0,[],[],0.0,[],[],0.0,[],[],0.0,[],Bi2i_1893.txt
156,[],0.0,[],[],0.0,[],[],0.0,[],[],0.0,[],[],0.0,[],[],0.0,[],[],0.0,[],[],0.0,[],[],0.0,[],[],0.0,[],[],0.0,[],[],[],[],0.0,[],0.0,[],[],0.0,[],[],0.0,[],0.0,[],[],0.0,[],[],0.0,[],[],0.0,[],[],0.0,[],[],0.0,[],[],0.0,[],[],0.0,[],[],0.0,[],[],0.0,[],[],0.0,[],[],0.0,[],[],0.0,[],[],0.0,[],Bi2i_1303.txt
157,[],0.0,[],[],0.0,[],[],0.0,[],[],0.0,[],[],0.0,[],[],0.0,[],[],0.0,[],[],0.0,[],[],0.0,[],[],0.0,[],[],0.0,[],[],[],[],0.0,[],0.0,[],[],0.0,[],[],0.0,[],0.0,[],[],0.0,[],[],0.0,[],[],0.0,[],[],0.0,[],[],0.0,[],[],0.0,[],[],0.0,[],[],0.0,[],[],0.0,[],[],0.0,[],[],0.0,[],[],0.0,[],[],0.0,[],Bi2i_0181.txt
158,[],0.0,[],[],0.0,[],[],0.0,[],[],0.0,[],[],0.0,[],[],0.0,[],[],0.0,[],[],0.0,[],[],0.0,[],[],0.0,[],[],0.0,[],[],[],[],0.0,[],0.0,[],[],0.0,[],[],0.0,[],0.0,[],[],0.0,[],[],0.0,[],[],0.0,[],[],0.0,[],[],0.0,[],[],0.0,[],[],0.0,[],[],0.0,[],[],0.0,[],[],0.0,[],[],0.0,[],[],0.0,[],[],0.0,[],Bi2i_0847.txt
159,[],0.0,[],[],0.0,[],[],0.0,[],[],0.0,[],[],0.0,[],[],0.0,[],[],0.0,[],[],0.0,[],[],0.0,[],[],0.0,[],[],0.0,[],[],[],[],0.0,[],0.0,[],[],0.0,[],[],0.0,[],0.0,[],[],0.0,[],[],0.0,[],[],0.0,[],[],0.0,[],[],0.0,[],[],0.0,[],[],0.0,[],[],0.0,[],[],0.0,[],[],0.0,[],[],0.0,[],[],0.0,[],[],0.0,[],Bi2i_0326.txt
160,[],0.0,[],[],0.0,[],[],0.0,[],[],0.0,[],[],0.0,[],[],0.0,[],[],0.0,[],[],0.0,[],[],0.0,[],[],0.0,[],[],0.0,[],[],[],[],0.0,[],0.0,[],[],0.0,[],[],0.0,[],0.0,[],[],0.0,[],[],0.0,[],[],0.0,[],[],0.0,[],[],0.0,[],[],0.0,[],[],0.0,[],[],0.0,[],[],0.0,[],[],0.0,[],[],0.0,[],[],0.0,[],[],0.0,[],Bi2i_1866.txt
161,[],0.0,[],[],0.0,[],[],0.0,[],[],0.0,[],[],0.0,[],[],0.0,[],[],0.0,[],[],0.0,[],[],0.0,[],[],0.0,[],[],0.0,[],[],[],[],0.0,[],0.0,[],[],0.0,[],[],0.0,[],0.0,[],[],0.0,[],[],0.0,[],[],0.0,[],[],0.0,[],[],0.0,[],[],0.0,[],[],0.0,[],[],0.0,[],[],0.0,[],[],0.0,[],[],0.0,[],[],0.0,[],[],0.0,[],Bi2i_0302.txt
162,[],0.0,[],[],0.0,[],[],0.0,[],[],0.0,[],[],0.0,[],[],0.0,[],[],0.0,[],[],0.0,[],[],0.0,[],[],0.0,[],[],0.0,[],[],[],[],0.0,[],0.0,[],[],0.0,[],[],0.0,[],0.0,[],[],0.0,[],[],0.0,[],[],0.0,[],[],0.0,[],[],0.0,[],[],0.0,[],[],0.0,[],[],0.0,[],[],0.0,[],[],0.0,[],[],0.0,[],[],0.0,[],[],0.0,[],Bi2i_1124.txt
163,[],0.0,[],[],0.0,[],[],0.0,[],[],0.0,[],[],0.0,[],[],0.0,[],[],0.0,[],[],0.0,[],[],0.0,[],[],0.0,[],[],0.0,[],[],[],[],0.0,[],0.0,[],[],0.0,[],[],0.0,[],0.0,[],[],0.0,[],[],0.0,[],[],0.0,[],[],0.0,[],[],0.0,[],[],0.0,[],[],0.0,[],[],0.0,[],[],0.0,[],[],0.0,[],[],0.0,[],[],0.0,[],[],0.0,[],Bi2i_0297.txt
164,[],0.0,[],[],0.0,[],[],0.0,[],[],0.0,[],[],0.0,[],[],0.0,[],[],0.0,[],[],0.0,[],[],0.0,[],[],0.0,[],[],0.0,[],[],[],[],0.0,[],0.0,[],[],0.0,[],[],0.0,[],0.0,[],[],0.0,[],[],0.0,[],[],0.0,[],[],0.0,[],[],0.0,[],[],0.0,[],[],0.0,[],[],0.0,[],[],0.0,[],[],0.0,[],[],0.0,[],[],0.0,[],[],0.0,[],Bi2i_0251.txt
165,[],0.0,[],[],0.0,[],[],0.0,[],[],0.0,[],[],0.0,[],[],0.0,[],[],0.0,[],2.0,1.0,[],,1.0,[],[],0.0,[],[],0.0,[],[],[],[],0.0,[],0.0,[],[],0.0,[],[],0.0,[],0.0,[],[],0.0,[],[],0.0,[],[],0.0,[],[],0.0,[],[],0.0,[],[],0.0,[],4166.67,1.0,[],[],0.0,[],[],0.0,[],[],0.0,[],[],0.0,[],[],0.0,[],[],0.0,[],Bi2i_1020.txt
166,[],0.0,[],[],0.0,[],[],0.0,[],[],0.0,[],[],0.0,[],[],0.0,[],[],0.0,[],[],0.0,[],[],0.0,[],[],0.0,[],[],0.0,[],,[],[],0.0,[],0.0,[],[],0.0,[],[],0.0,[],1.0,[],[],0.0,[],[],0.0,[],[],0.0,[],[],0.0,[],[],0.0,[],[],0.0,[],[],0.0,[],[],0.0,[],0.12,1.0,[],[],0.0,[],[],0.0,[],[],0.0,[],[],0.0,[],Bi2i_0491.txt
167,[],0.0,[],[],0.0,[],[],0.0,[],[],0.0,[],[],0.0,[],[],0.0,[],[],0.0,[],[],0.0,[],[],0.0,[],[],0.0,[],[],0.0,[],[],[],[],0.0,[],0.0,[],[],0.0,[],[],0.0,[],0.0,[],[],0.0,[],[],0.0,[],[],0.0,[],[],0.0,[],[],0.0,[],[],0.0,[],[],0.0,[],[],0.0,[],[],0.0,[],[],0.0,[],[],0.0,[],[],0.0,[],[],0.0,[],Bi2i_0015.txt
168,[],0.0,[],[],0.0,[],[],0.0,[],[],0.0,[],[],0.0,[],[],0.0,[],[],0.0,[],[],0.0,[],[],0.0,[],[],0.0,[],[],0.0,[],[],[],[],0.0,[],0.0,[],[],0.0,[],[],0.0,[],0.0,[],[],0.0,[],[],0.0,[],[],0.0,[],[],0.0,[],[],0.0,[],[],0.0,[],[],0.0,[],[],0.0,[],[],0.0,[],[],0.0,[],[],0.0,[],[],0.0,[],[],0.0,[],Bi2i_0187.txt
169,[],0.0,[],[],0.0,[],[],0.0,[],[],0.0,[],[],0.0,[],[],0.0,[],[],0.0,[],[],0.0,[],[],0.0,[],[],0.0,[],[],0.0,[],[],[],[],0.0,[],0.0,[],[],0.0,[],[],0.0,[],0.0,[],[],0.0,[],[],0.0,[],[],0.0,[],[],0.0,[],[],0.0,[],[],0.0,[],[],0.0,[],[],0.0,[],[],0.0,[],[],0.0,[],[],0.0,[],[],0.0,[],[],0.0,[],Bi2i_0354.txt
170,[],0.0,[],[],0.0,[],[],0.0,[],[],0.0,[],[],0.0,[],[],0.0,[],[],0.0,[],[],0.0,[],[],0.0,[],[],0.0,[],[],0.0,[],[],[],[],0.0,[],0.0,[],[],0.0,[],[],0.0,[],0.0,[],[],0.0,[],[],0.0,[],[],0.0,[],[],0.0,[],[],0.0,[],[],0.0,[],[],0.0,[],[],0.0,[],[],0.0,[],[],0.0,[],[],0.0,[],[],0.0,[],[],0.0,[],Bi2i_1476.txt
171,[],0.0,[],[],0.0,[],[],0.0,[],[],0.0,[],[],0.0,[],[],0.0,[],[],0.0,[],[],0.0,[],[],0.0,[],[],0.0,[],[],0.0,[],[],[],[],0.0,[],0.0,[],[],0.0,[],[],0.0,[],0.0,[],[],0.0,[],[],0.0,[],[],0.0,[],[],0.0,[],[],0.0,[],[],0.0,[],[],0.0,[],[],0.0,[],[],0.0,[],[],0.0,[],[],0.0,[],[],0.0,[],[],0.0,[],Bi2i_1934.txt
172,[],0.0,[],[],0.0,[],[],0.0,[],[],0.0,[],[],0.0,[],[],0.0,[],[],0.0,[],[],0.0,[],[],0.0,[],[],0.0,[],[],0.0,[],[],[],[],0.0,[],0.0,[],[],0.0,[],[],0.0,[],0.0,[],[],0.0,[],[],0.0,[],[],0.0,[],[],0.0,[],[],0.0,[],[],0.0,[],[],0.0,[],[],0.0,[],[],0.0,[],[],0.0,[],[],0.0,[],[],0.0,[],[],0.0,[],Bi2i_0303.txt
173,[],0.0,[],[],0.0,[],[],0.0,[],[],0.0,[],[],0.0,[],[],0.0,[],[],0.0,[],[],0.0,[],[],0.0,[],[],0.0,[],[],0.0,[],,[],[],0.0,[],0.0,[],[],0.0,[],[],0.0,[],1.0,[],[],0.0,[],[],0.0,[],[],0.0,[],[],0.0,[],[],0.0,[],[],0.0,[],[],0.0,[],[],0.0,[],[],0.0,[],[],0.0,[],[],0.0,[],[],0.0,[],[],0.0,[],Bi2i_0330.txt
174,[],0.0,[],[],0.0,[],[],0.0,[],[],0.0,[],[],0.0,[],[],0.0,[],[],0.0,[],[],0.0,[],[],0.0,[],[],0.0,[],[],0.0,[],,[],[],0.0,[],0.0,[],[],0.0,[],[],0.0,[],1.0,[],[],0.0,[],[],0.0,[],[],0.0,[],[],0.0,[],[],0.0,[],[],0.0,[],[],0.0,[],[],0.0,[],[],0.0,[],[],0.0,[],[],0.0,[],[],0.0,[],[],0.0,[],Bi2i_1897.txt
175,[],0.0,[],[],0.0,[],[],0.0,[],[],0.0,[],[],0.0,[],[],0.0,[],[],0.0,[],[],0.0,[],[],0.0,[],[],0.0,[],[],0.0,[],[],[],[],0.0,[],0.0,[],[],0.0,[],[],0.0,[],0.0,[],[],0.0,[],[],0.0,[],[],0.0,[],[],0.0,[],[],0.0,[],[],0.0,[],[],0.0,[],[],0.0,[],[],0.0,[],[],0.0,[],[],0.0,[],[],0.0,[],[],0.0,[],Bi2i_0623.txt
176,[],0.0,[],[],0.0,[],[],0.0,[],[],0.0,[],[],0.0,[],[],0.0,[],[],0.0,[],[],0.0,[],[],0.0,[],[],0.0,[],[],0.0,[],[],[],[],0.0,[],0.0,[],[],0.0,[],[],0.0,[],0.0,[],[],0.0,[],[],0.0,[],[],0.0,[],[],0.0,[],[],0.0,[],[],0.0,[],[],0.0,[],[],0.0,[],[],0.0,[],[],0.0,[],[],0.0,[],[],0.0,[],[],0.0,[],Bi2i_0404.txt
177,[],0.0,[],[],0.0,[],[],0.0,[],[],0.0,[],[],0.0,[],[],0.0,[],[],0.0,[],[],0.0,[],[],0.0,[],"['First $400 Million 0.0050 %\n', 'Next $1,600 Million 0.0040 %\n', 'Excess of $2,000 Million 0.0030 %\n']",1.0,"[[0, 400.0, 5e-05], [400.0, 2000.0, 4e-05], [2000.0, 'Above', 3e-05]]","['First $400 Million 0.0050 %\n', 'Next $1,600 Million 0.0040 %\n', 'Excess of $2,000 Million 0.0030 %\n']",1.0,"[[0, 400.0, 5e-05], [400.0, 2000.0, 4e-05], [2000.0, 'Above', 3e-05]]",[],[],[],0.0,[],0.0,[],[],0.0,[],[],0.0,[],0.0,[],[],0.0,[],[],0.0,[],[],0.0,[],[],0.0,[],[],0.0,[],[],0.0,[],[],0.0,[],[],0.0,[],[],0.0,[],[],0.0,[],[],0.0,[],[],0.0,[],[],0.0,[],Bi2i_0973.txt
178,[],0.0,[],[],0.0,[],[],0.0,[],[],0.0,[],[],0.0,[],[],0.0,[],[],0.0,[],,1.0,[],[],0.0,[],[],0.0,[],[],0.0,[],,,"['$0 - $50 Billion 0.25\n', 'Over $50 Billion - $100 Billion 0.20\n']",1.0,"[[0, 50000.0, 0.25], [50000.0, 100000.0, 0.2]]",1.0,[],[],0.0,[],[],0.0,[],1.0,[],[],0.0,[],[],0.0,[],[],0.0,[],[],0.0,[],[],0.0,[],[],0.0,[],[],0.0,[],[],0.0,[],[],0.0,[],[],0.0,[],[],0.0,[],[],0.0,[],[],0.0,[],Bi2i_1393.txt
179,[],0.0,[],[],0.0,[],[],0.0,[],[],0.0,[],[],0.0,[],[],0.0,[],[],0.0,[],[],0.0,[],[],0.0,[],[],0.0,[],[],0.0,[],[],[],[],0.0,[],0.0,[],[],0.0,[],[],0.0,[],0.0,[],[],0.0,[],[],0.0,[],[],0.0,[],[],0.0,[],[],0.0,[],[],0.0,[],[],0.0,[],[],0.0,[],[],0.0,[],[],0.0,[],[],0.0,[],[],0.0,[],[],0.0,[],Bi2i_0415.txt
180,[],0.0,[],[],0.0,[],[],0.0,[],[],0.0,[],[],0.0,[],[],0.0,[],[],0.0,[],[],0.0,[],[],0.0,[],[],0.0,[],[],0.0,[],[],[],[],0.0,[],0.0,[],[],0.0,[],[],0.0,[],0.0,[],[],0.0,[],[],0.0,[],[],0.0,[],[],0.0,[],[],0.0,[],[],0.0,[],[],0.0,[],[],0.0,[],[],0.0,[],[],0.0,[],[],0.0,[],[],0.0,[],[],0.0,[],Bi2i_2020.txt
181,[],0.0,[],[],0.0,[],[],0.0,[],[],0.0,[],[],0.0,[],[],0.0,[],[],0.0,[],[],0.0,[],[],0.0,[],"['First $400 Million 0.0025 %\n', 'Next $1,600 Million 0.0025 %\n', 'Excess of $2,000 Million 0.0020 %\n']",1.0,"[[0, 400.0, 2.5e-05], [400.0, 2000.0, 2.5e-05], [2000.0, 'Above', 2e-05]]","['First $400 Million 0.0025 %\n', 'Next $1,600 Million 0.0025 %\n', 'Excess of $2,000 Million 0.0020 %\n']",1.0,"[[0, 400.0, 2.5e-05], [400.0, 2000.0, 2.5e-05], [2000.0, 'Above', 2e-05]]",[],[],[],0.0,[],0.0,[],[],0.0,[],[],0.0,[],0.0,[],[],0.0,[],[],0.0,[],[],0.0,[],[],0.0,[],[],0.0,[],[],0.0,[],[],0.0,[],[],0.0,[],[],0.0,[],[],0.0,[],[],0.0,[],[],0.0,[],[],0.0,[],Bi2i_0549.txt
182,[],0.0,[],[],0.0,[],[],0.0,[],[],0.0,[],[],0.0,[],[],0.0,[],[],0.0,[],[],0.0,[],[],0.0,[],[],0.0,[],[],0.0,[],[],[],[],0.0,[],0.0,[],[],0.0,[],[],0.0,[],0.0,[],[],0.0,[],[],0.0,[],[],0.0,[],[],0.0,[],[],0.0,[],[],0.0,[],[],0.0,[],[],0.0,[],[],0.0,[],[],0.0,[],[],0.0,[],[],0.0,[],[],0.0,[],Bi2i_0742.txt
183,[],0.0,[],[],0.0,[],[],0.0,[],[],0.0,[],[],0.0,[],[],0.0,[],[],0.0,[],[],0.0,[],[],0.0,[],[],0.0,[],[],0.0,[],[],[],[],0.0,[],0.0,[],[],0.0,[],[],0.0,[],0.0,[],[],0.0,[],[],0.0,[],[],0.0,[],[],0.0,[],[],0.0,[],[],0.0,[],[],0.0,[],[],0.0,[],[],0.0,[],[],0.0,[],[],0.0,[],[],0.0,[],[],0.0,[],Bi2i_0534.txt
184,[],0.0,[],[],0.0,[],[],0.0,[],[],0.0,[],[],0.0,[],[],0.0,[],[],0.0,[],[],0.0,[],[],0.0,[],[],0.0,[],[],0.0,[],[],[],[],0.0,[],0.0,[],[],0.0,[],[],0.0,[],0.0,[],[],0.0,[],[],0.0,[],[],0.0,[],[],0.0,[],[],0.0,[],[],0.0,[],[],0.0,[],[],0.0,[],[],0.0,[],[],0.0,[],[],0.0,[],[],0.0,[],[],0.0,[],Bi2i_1327.txt
185,[],0.0,[],[],0.0,[],[],0.0,[],[],0.0,[],[],0.0,[],[],0.0,[],[],0.0,[],[],0.0,[],[],0.0,[],[],0.0,[],[],0.0,[],[],[],[],0.0,[],0.0,[],[],0.0,[],[],0.0,[],0.0,[],[],0.0,[],[],0.0,[],[],0.0,[],[],0.0,[],[],0.0,[],[],0.0,[],[],0.0,[],[],0.0,[],[],0.0,[],[],0.0,[],[],0.0,[],[],0.0,[],[],0.0,[],Bi2i_0980.txt
186,[],0.0,[],[],0.0,[],[],0.0,[],[],0.0,[],[],0.0,[],[],0.0,[],[],0.0,[],[],0.0,[],[],0.0,[],[],0.0,[],[],0.0,[],[],[],[],0.0,[],0.0,[],[],0.0,[],[],0.0,[],0.0,[],[],0.0,[],[],0.0,[],[],0.0,[],[],0.0,[],[],0.0,[],[],0.0,[],[],0.0,[],[],0.0,[],[],0.0,[],[],0.0,[],[],0.0,[],[],0.0,[],[],0.0,[],Bi2i_1062.txt
187,[],0.0,[],[],0.0,[],[],0.0,[],[],0.0,[],[],0.0,[],[],0.0,[],[],0.0,[],[],0.0,[],[],0.0,[],[],0.0,[],[],0.0,[],[],[],[],0.0,[],0.0,[],[],0.0,[],[],0.0,[],0.0,[],[],0.0,[],[],0.0,[],[],0.0,[],[],0.0,[],[],0.0,[],[],0.0,[],[],0.0,[],[],0.0,[],[],0.0,[],[],0.0,[],[],0.0,[],[],0.0,[],[],0.0,[],Bi2i_0240.txt
188,[],0.0,[],[],0.0,[],[],0.0,[],[],0.0,[],[],0.0,[],[],0.0,[],[],0.0,[],[],0.0,[],[],0.0,[],[],0.0,[],[],0.0,[],[],[],[],0.0,[],0.0,[],[],0.0,[],[],0.0,[],0.0,[],[],0.0,[],[],0.0,[],[],0.0,[],[],0.0,[],[],0.0,[],[],0.0,[],[],0.0,[],[],0.0,[],[],0.0,[],[],0.0,[],[],0.0,[],[],0.0,[],[],0.0,[],Bi2i_1101.txt
189,[],0.0,[],[],0.0,[],[],0.0,[],[],0.0,[],[],0.0,[],[],0.0,[],[],0.0,[],[],0.0,[],[],0.0,[],[],0.0,[],[],0.0,[],[],[],[],0.0,[],0.0,[],[],0.0,[],[],0.0,[],0.0,[],[],0.0,[],[],0.0,[],[],0.0,[],[],0.0,[],[],0.0,[],[],0.0,[],[],0.0,[],[],0.0,[],[],0.0,[],[],0.0,[],[],0.0,[],[],0.0,[],[],0.0,[],Bi2i_1497.txt
190,[],0.0,[],[],0.0,[],[],0.0,[],[],0.0,[],[],0.0,[],[],0.0,[],[],0.0,[],[],0.0,[],[],0.0,[],[],0.0,[],[],0.0,[],[],[],[],0.0,[],0.0,[],[],0.0,[],[],0.0,[],0.0,[],[],0.0,[],[],0.0,[],[],0.0,[],[],0.0,[],[],0.0,[],[],0.0,[],[],0.0,[],[],0.0,[],[],0.0,[],[],0.0,[],[],0.0,[],[],0.0,[],[],0.0,[],Bi2i_1228.txt
191,[],0.0,[],[],0.0,[],[],0.0,[],[],0.0,[],[],0.0,[],[],0.0,[],[],0.0,[],[],0.0,[],[],0.0,[],[],0.0,[],[],0.0,[],,[],[],0.0,[],0.0,[],[],0.0,[],[],0.0,[],1.0,[],[],0.0,[],[],0.0,[],[],0.0,[],[],0.0,[],[],0.0,[],[],0.0,[],[],0.0,[],[],0.0,[],[],0.0,[],[],0.0,[],[],0.0,[],[],0.0,[],[],0.0,[],Bi2i_1949.txt
192,[],0.0,[],[],0.0,[],[],0.0,[],[],0.0,[],[],0.0,[],[],0.0,[],[],0.0,[],[],0.0,[],[],0.0,[],[],0.0,[],[],0.0,[],[],[],[],0.0,[],0.0,[],[],0.0,[],[],0.0,[],0.0,[],[],0.0,[],[],0.0,[],[],0.0,[],[],0.0,[],[],0.0,[],[],0.0,[],[],0.0,[],[],0.0,[],[],0.0,[],[],0.0,[],[],0.0,[],[],0.0,[],[],0.0,[],Bi2i_1092.txt
193,[],0.0,[],[],0.0,[],[],0.0,[],[],0.0,[],[],0.0,[],[],0.0,[],[],0.0,[],[],0.0,[],[],0.0,[],[],0.0,[],[],0.0,[],[],[],[],0.0,[],0.0,[],[],0.0,[],[],0.0,[],0.0,[],[],0.0,[],[],0.0,[],[],0.0,[],[],0.0,[],[],0.0,[],[],0.0,[],[],0.0,[],[],0.0,[],[],0.0,[],[],0.0,[],[],0.0,[],[],0.0,[],[],0.0,[],Bi2i_1203.txt
194,[],0.0,[],[],0.0,[],[],0.0,[],[],0.0,[],[],0.0,[],[],0.0,[],[],0.0,[],[],0.0,[],[],0.0,[],[],0.0,[],[],0.0,[],[],[],[],0.0,[],0.0,[],[],0.0,[],[],0.0,[],0.0,[],[],0.0,[],[],0.0,[],[],0.0,[],[],0.0,[],[],0.0,[],[],0.0,[],[],0.0,[],[],0.0,[],[],0.0,[],[],0.0,[],[],0.0,[],[],0.0,[],[],0.0,[],Bi2i_1165.txt
195,[],0.0,[],[],0.0,[],[],0.0,[],[],0.0,[],[],0.0,[],[],0.0,[],[],0.0,[],[],0.0,[],[],0.0,[],[],0.0,[],[],0.0,[],[],[],[],0.0,[],0.0,[],[],0.0,[],[],0.0,[],0.0,[],[],0.0,[],[],0.0,[],[],0.0,[],[],0.0,[],[],0.0,[],[],0.0,[],[],0.0,[],[],0.0,[],[],0.0,[],[],0.0,[],[],0.0,[],[],0.0,[],[],0.0,[],Bi2i_0902.txt
196,[],0.0,[],[],0.0,[],[],0.0,[],[],0.0,[],[],0.0,[],[],0.0,[],[],0.0,[],[],0.0,[],[],0.0,[],[],0.0,[],[],0.0,[],[],[],[],0.0,[],0.0,[],[],0.0,[],[],0.0,[],0.0,[],[],0.0,[],[],0.0,[],[],0.0,[],[],0.0,[],[],0.0,[],[],0.0,[],[],0.0,[],[],0.0,[],[],0.0,[],[],0.0,[],[],0.0,[],[],0.0,[],[],0.0,[],Bi2i_1244.txt
197,[],0.0,[],[],0.0,[],[],0.0,[],[],0.0,[],[],0.0,[],[],0.0,[],[],0.0,[],[],0.0,[],[],0.0,[],[],0.0,[],[],0.0,[],[],[],[],0.0,[],0.0,[],[],0.0,[],[],0.0,[],0.0,[],[],0.0,[],[],0.0,[],[],0.0,[],[],0.0,[],[],0.0,[],[],0.0,[],[],0.0,[],[],0.0,[],[],0.0,[],[],0.0,[],[],0.0,[],[],0.0,[],[],0.0,[],Bi2i_1381.txt
198,[],0.0,[],[],0.0,[],[],0.0,[],[],0.0,[],[],0.0,[],[],0.0,[],[],0.0,[],[],0.0,[],[],0.0,[],[],0.0,[],[],0.0,[],[],[],[],0.0,[],0.0,[],[],0.0,[],[],0.0,[],0.0,[],[],0.0,[],[],0.0,[],[],0.0,[],[],0.0,[],[],0.0,[],[],0.0,[],[],0.0,[],[],0.0,[],[],0.0,[],[],0.0,[],[],0.0,[],[],0.0,[],[],0.0,[],Bi2i_1267.txt
199,[],0.0,[],[],0.0,[],[],0.0,[],[],0.0,[],[],0.0,[],[],0.0,[],[],0.0,[],[],0.0,[],[],0.0,[],[],0.0,[],[],0.0,[],[],[],[],0.0,[],0.0,[],[],0.0,[],[],0.0,[],0.0,[],[],0.0,[],[],0.0,[],[],0.0,[],[],0.0,[],[],0.0,[],[],0.0,[],[],0.0,[],[],0.0,[],[],0.0,[],[],0.0,[],[],0.0,[],[],0.0,[],[],0.0,[],Bi2i_1155.txt
200,[],0.0,[],[],0.0,[],[],0.0,[],[],0.0,[],[],0.0,[],[],0.0,[],[],0.0,[],[],0.0,[],[],0.0,[],[],0.0,[],[],0.0,[],[],[],[],0.0,[],0.0,[],[],0.0,[],[],0.0,[],0.0,[],[],0.0,[],[],0.0,[],[],0.0,[],[],0.0,[],[],0.0,[],[],0.0,[],[],0.0,[],[],0.0,[],[],0.0,[],[],0.0,[],[],0.0,[],[],0.0,[],[],0.0,[],Bi2i_1247.txt
201,[],0.0,[],[],0.0,[],[],0.0,[],[],0.0,[],[],0.0,[],[],0.0,[],[],0.0,[],[],0.0,[],[],0.0,[],[],0.0,[],[],0.0,[],[],[],[],0.0,[],0.0,[],[],0.0,[],[],0.0,[],0.0,[],[],0.0,[],[],0.0,[],[],0.0,[],[],0.0,[],[],0.0,[],[],0.0,[],[],0.0,[],[],0.0,[],[],0.0,[],[],0.0,[],[],0.0,[],[],0.0,[],[],0.0,[],Bi2i_0162.txt
202,[],0.0,[],[],0.0,[],[],0.0,[],[],0.0,[],[],0.0,[],[],0.0,[],[],0.0,[],[],0.0,[],[],0.0,[],[],0.0,[],[],0.0,[],[],[],[],0.0,[],0.0,[],[],0.0,[],[],0.0,[],0.0,[],[],0.0,[],[],0.0,[],[],0.0,[],[],0.0,[],[],0.0,[],[],0.0,[],[],0.0,[],[],0.0,[],[],0.0,[],[],0.0,[],[],0.0,[],[],0.0,[],[],0.0,[],Bi2i_1432.txt
203,[],0.0,[],[],0.0,[],[],0.0,[],[],0.0,[],[],0.0,[],[],0.0,[],[],0.0,[],[],0.0,[],[],0.0,[],[],0.0,[],[],0.0,[],[],[],[],0.0,[],0.0,[],[],0.0,[],[],0.0,[],0.0,[],[],0.0,[],[],0.0,[],[],0.0,[],[],0.0,[],[],0.0,[],[],0.0,[],[],0.0,[],[],0.0,[],[],0.0,[],[],0.0,[],[],0.0,[],[],0.0,[],[],0.0,[],Bi2i_1612.txt
204,[],0.0,[],[],0.0,[],[],0.0,[],[],0.0,[],[],0.0,[],[],0.0,[],[],0.0,[],[],0.0,[],[],0.0,[],[],0.0,[],[],0.0,[],[],[],[],0.0,[],0.0,[],[],0.0,[],[],0.0,[],0.0,[],[],0.0,[],[],0.0,[],[],0.0,[],[],0.0,[],[],0.0,[],[],0.0,[],[],0.0,[],[],0.0,[],[],0.0,[],[],0.0,[],[],0.0,[],[],0.0,[],[],0.0,[],Bi2i_0079.txt
205,[],0.0,[],[],0.0,[],[],0.0,[],[],0.0,[],[],0.0,[],[],0.0,[],[],0.0,[],[],0.0,[],[],0.0,[],[],0.0,[],[],0.0,[],,[],[],0.0,[],0.0,[],[],0.0,[],[],0.0,[],1.0,[],[],0.0,[],[],0.0,[],[],0.0,[],[],0.0,[],[],0.0,[],[],0.0,[],[],0.0,[],[],0.0,[],[],0.0,[],[],0.0,[],[],0.0,[],[],0.0,[],[],0.0,[],Bi2i_0156.txt
206,[],0.0,[],[],0.0,[],[],0.0,[],[],0.0,[],[],0.0,[],[],0.0,[],[],0.0,[],[],0.0,[],[],0.0,[],[],0.0,[],[],0.0,[],,[],[],0.0,[],0.0,[],[],0.0,[],[],0.0,[],1.0,[],[],0.0,[],[],0.0,[],[],0.0,[],[],0.0,[],[],0.0,[],[],0.0,[],[],0.0,[],[],0.0,[],[],0.0,[],[],0.0,[],[],0.0,[],[],0.0,[],[],0.0,[],Bi2i_1591.txt
207,[],0.0,[],[],0.0,[],[],0.0,[],[],0.0,[],[],0.0,[],[],0.0,[],[],0.0,[],[],0.0,[],[],0.0,[],[],0.0,[],[],0.0,[],[],[],[],0.0,[],0.0,[],[],0.0,[],[],0.0,[],0.0,[],[],0.0,[],[],0.0,[],[],0.0,[],[],0.0,[],[],0.0,[],[],0.0,[],[],0.0,[],[],0.0,[],[],0.0,[],[],0.0,[],[],0.0,[],[],0.0,[],[],0.0,[],Bi2i_1861.txt
208,[],0.0,[],[],0.0,[],[],0.0,[],[],0.0,[],[],0.0,[],[],0.0,[],[],0.0,[],[],0.0,[],[],0.0,[],[],0.0,[],[],0.0,[],[],[],[],0.0,[],0.0,[],[],0.0,[],[],0.0,[],0.0,[],[],0.0,[],[],0.0,[],[],0.0,[],[],0.0,[],[],0.0,[],[],0.0,[],[],0.0,[],[],0.0,[],[],0.0,[],[],0.0,[],[],0.0,[],[],0.0,[],[],0.0,[],Bi2i_0069.txt
209,[],0.0,[],[],0.0,[],[],0.0,[],[],0.0,[],[],0.0,[],[],0.0,[],[],0.0,[],[],0.0,[],[],0.0,[],[],0.0,[],[],0.0,[],,[],[],0.0,[],0.0,[],[],0.0,[],[],0.0,[],1.0,[],[],0.0,[],[],0.0,[],[],0.0,[],[],0.0,[],[],0.0,[],[],0.0,[],[],0.0,[],[],0.0,[],[],0.0,[],[],0.0,[],[],0.0,[],[],0.0,[],[],0.0,[],Bi2i_2013.txt
210,[],0.0,[],[],0.0,[],[],0.0,[],[],0.0,[],[],0.0,[],[],0.0,[],[],0.0,[],[],0.0,[],[],0.0,[],[],0.0,[],[],0.0,[],,[],[],0.0,[],0.0,[],[],0.0,[],[],0.0,[],1.0,[],[],0.0,[],[],0.0,[],[],0.0,[],[],0.0,[],[],0.0,[],[],0.0,[],[],0.0,[],[],0.0,[],[],0.0,[],[],0.0,[],[],0.0,[],[],0.0,[],[],0.0,[],Bi2i_1582.txt
211,[],0.0,[],[],0.0,[],[],0.0,[],[],0.0,[],[],0.0,[],[],0.0,[],[],0.0,[],[],0.0,[],[],0.0,[],[],0.0,[],[],0.0,[],[],[],[],0.0,[],0.0,[],[],0.0,[],[],0.0,[],0.0,[],[],0.0,[],[],0.0,[],[],0.0,[],[],0.0,[],[],0.0,[],[],0.0,[],[],0.0,[],[],0.0,[],[],0.0,[],[],0.0,[],[],0.0,[],[],0.0,[],[],0.0,[],Bi2i_0229.txt
212,[],0.0,[],[],0.0,[],[],0.0,[],[],0.0,[],[],0.0,[],[],0.0,[],[],0.0,[],[],0.0,[],[],0.0,[],[],0.0,[],[],0.0,[],[],[],[],0.0,[],0.0,[],[],0.0,[],[],0.0,[],0.0,[],[],0.0,[],[],0.0,[],[],0.0,[],[],0.0,[],[],0.0,[],[],0.0,[],[],0.0,[],[],0.0,[],[],0.0,[],[],0.0,[],[],0.0,[],[],0.0,[],[],0.0,[],Bi2i_1881.txt
213,[],0.0,[],[],0.0,[],[],0.0,[],[],0.0,[],[],0.0,[],[],0.0,[],[],0.0,[],[],0.0,[],[],0.0,[],[],0.0,[],[],0.0,[],[],[],[],0.0,[],0.0,[],[],0.0,[],[],0.0,[],0.0,[],[],0.0,[],[],0.0,[],[],0.0,[],[],0.0,[],[],0.0,[],[],0.0,[],[],0.0,[],[],0.0,[],[],0.0,[],[],0.0,[],[],0.0,[],[],0.0,[],[],0.0,[],Bi2i_0149.txt
214,[],0.0,[],[],0.0,[],[],0.0,[],[],0.0,[],[],0.0,[],[],0.0,[],[],0.0,[],[],0.0,[],,1.0,[],[],0.0,[],[],1.0,[],[],[],[],0.0,[],0.0,[],[],0.0,[],[],0.0,[],0.0,[],[],0.0,[],[],0.0,[],[],0.0,[],[],0.0,[],[],0.0,[],[],0.0,[],[],0.0,[],[],0.0,[],[],0.0,[],[],0.0,[],[],0.0,[],[],0.0,[],[],0.0,[],Bi2i_1049.txt
215,[],0.0,[],[],0.0,[],[],0.0,[],[],0.0,[],[],0.0,[],[],0.0,[],[],0.0,[],[],0.0,[],[],0.0,[],[],0.0,[],[],0.0,[],[],[],[],0.0,[],0.0,[],[],0.0,[],[],0.0,[],0.0,[],[],0.0,[],[],0.0,[],[],0.0,[],[],0.0,[],[],0.0,[],[],0.0,[],[],0.0,[],[],0.0,[],[],0.0,[],[],0.0,[],[],0.0,[],[],0.0,[],[],0.0,[],Bi2i_0085.txt
216,[],0.0,[],[],0.0,[],[],0.0,[],[],0.0,[],[],0.0,[],[],0.0,[],[],0.0,[],[],0.0,[],[],0.0,[],[],0.0,[],[],0.0,[],[],[],[],0.0,[],0.0,[],[],0.0,[],[],0.0,[],0.0,[],[],0.0,[],[],0.0,[],[],0.0,[],[],0.0,[],[],0.0,[],[],0.0,[],[],0.0,[],[],0.0,[],[],0.0,[],[],0.0,[],[],0.0,[],[],0.0,[],[],0.0,[],Bi2i_1594.txt
217,[],0.0,[],[],0.0,[],[],0.0,[],0.18,1.0,[],[],0.0,[],[],0.0,[],[],0.0,[],[],0.0,[],,1.0,[],[],0.0,[],[],0.0,[],,[],[],0.0,[],0.0,[],[],0.0,[],[],0.0,[],1.0,[],[],0.0,[],[],0.0,[],[],0.0,[],[],0.0,[],[],0.0,[],[],0.0,[],[],0.0,[],[],0.0,[],,1.0,[],[],0.0,[],[],0.0,[],[],0.0,[],[],0.0,[],Bi2i_0662.txt
218,[],0.0,[],[],0.0,[],[],0.0,[],[],0.0,[],[],0.0,[],[],0.0,[],[],0.0,[],[],0.0,[],[],0.0,[],[],0.0,[],[],0.0,[],[],[],[],0.0,[],0.0,[],[],0.0,[],[],0.0,[],0.0,[],[],0.0,[],[],0.0,[],[],0.0,[],[],0.0,[],[],0.0,[],[],0.0,[],[],0.0,[],[],0.0,[],[],0.0,[],[],0.0,[],[],0.0,[],[],0.0,[],[],0.0,[],Bi2i_1272.txt
219,[],0.0,[],[],0.0,[],[],0.0,[],[],0.0,[],[],0.0,[],[],0.0,[],[],0.0,[],[],0.0,[],[],0.0,[],[],0.0,[],[],0.0,[],[],[],[],0.0,[],0.0,[],[],0.0,[],[],0.0,[],0.0,[],[],0.0,[],[],0.0,[],[],0.0,[],[],0.0,[],[],0.0,[],[],0.0,[],[],0.0,[],[],0.0,[],[],0.0,[],[],0.0,[],[],0.0,[],[],0.0,[],[],0.0,[],Bi2i_0264.txt
220,[],0.0,[],[],0.0,[],[],0.0,[],[],0.0,[],[],0.0,[],[],0.0,[],[],0.0,[],[],0.0,[],[],0.0,[],[],0.0,[],[],0.0,[],[],[],[],0.0,[],0.0,[],[],0.0,[],[],0.0,[],0.0,[],[],0.0,[],[],0.0,[],[],0.0,[],[],0.0,[],[],0.0,[],[],0.0,[],[],0.0,[],[],0.0,[],[],0.0,[],[],0.0,[],[],0.0,[],[],0.0,[],[],0.0,[],Bi2i_0704.txt
221,[],0.0,[],[],0.0,[],[],0.0,[],[],0.0,[],[],0.0,[],[],0.0,[],[],0.0,[],[],0.0,[],[],0.0,[],[],0.0,[],[],0.0,[],[],[],[],0.0,[],0.0,[],[],0.0,[],[],0.0,[],0.0,[],[],0.0,[],[],0.0,[],[],0.0,[],[],0.0,[],[],0.0,[],[],0.0,[],[],0.0,[],[],0.0,[],[],0.0,[],[],0.0,[],[],0.0,[],[],0.0,[],[],0.0,[],Bi2i_1809.txt
222,[],0.0,[],[],0.0,[],[],0.0,[],[],0.0,[],[],0.0,[],[],0.0,[],[],0.0,[],[],0.0,[],[],0.0,[],[],0.0,[],[],0.0,[],[],[],[],0.0,[],0.0,[],[],0.0,[],[],0.0,[],0.0,[],[],0.0,[],[],0.0,[],[],0.0,[],[],0.0,[],[],0.0,[],[],0.0,[],[],0.0,[],[],0.0,[],[],0.0,[],[],0.0,[],[],0.0,[],[],0.0,[],[],0.0,[],Bi2i_0712.txt
223,[],0.0,[],[],0.0,[],[],0.0,[],[],0.0,[],[],0.0,[],[],0.0,[],[],0.0,[],[],0.0,[],[],0.0,[],[],0.0,[],[],0.0,[],,[],[],0.0,[],0.0,[],[],0.0,[],[],0.0,[],1.0,[],[],0.0,[],[],0.0,[],[],0.0,[],[],0.0,[],[],0.0,[],[],0.0,[],[],0.0,[],[],0.0,[],[],0.0,[],[],0.0,[],[],0.0,[],[],0.0,[],[],0.0,[],Bi2i_0956.txt
224,[],0.0,[],[],0.0,[],[],0.0,[],[],0.0,[],[],0.0,[],[],0.0,[],[],0.0,[],[],0.0,[],[],0.0,[],[],0.0,[],[],0.0,[],[],[],[],0.0,[],0.0,[],[],0.0,[],[],0.0,[],0.0,[],[],0.0,[],[],0.0,[],[],0.0,[],[],0.0,[],[],0.0,[],[],0.0,[],[],0.0,[],[],0.0,[],[],0.0,[],[],0.0,[],[],0.0,[],[],0.0,[],[],0.0,[],Bi2i_1490.txt
225,[],0.0,[],[],0.0,[],[],0.0,[],[],0.0,[],[],0.0,[],[],0.0,[],[],0.0,[],[],0.0,[],[],0.0,[],[],0.0,[],[],0.0,[],[],[],[],0.0,[],0.0,[],[],0.0,[],[],0.0,[],0.0,[],[],0.0,[],[],0.0,[],[],0.0,[],[],0.0,[],[],0.0,[],[],0.0,[],[],0.0,[],[],0.0,[],[],0.0,[],[],0.0,[],[],0.0,[],[],0.0,[],[],0.0,[],Bi2i_0383.txt
226,[],0.0,[],[],0.0,[],[],0.0,[],[],0.0,[],[],0.0,[],[],0.0,[],[],0.0,[],[],0.0,[],[],0.0,[],[],0.0,[],[],0.0,[],[],[],[],0.0,[],0.0,[],[],0.0,[],[],0.0,[],0.0,[],[],0.0,[],[],0.0,[],[],0.0,[],[],0.0,[],[],0.0,[],[],0.0,[],[],0.0,[],[],0.0,[],[],0.0,[],[],0.0,[],[],0.0,[],[],0.0,[],[],0.0,[],Bi2i_1043.txt
227,[],0.0,[],[],0.0,[],[],0.0,[],[],0.0,[],[],0.0,[],[],0.0,[],[],0.0,[],[],0.0,[],[],0.0,[],[],0.0,[],[],0.0,[],[],[],[],0.0,[],0.0,[],[],0.0,[],[],0.0,[],0.0,[],[],0.0,[],[],0.0,[],[],0.0,[],[],0.0,[],[],0.0,[],[],0.0,[],[],0.0,[],[],0.0,[],[],0.0,[],[],0.0,[],[],0.0,[],[],0.0,[],[],0.0,[],Bi2i_1603.txt
228,[],0.0,[],[],0.0,[],[],0.0,[],[],0.0,[],[],0.0,[],[],0.0,[],[],0.0,[],[],0.0,[],[],0.0,[],[],0.0,[],[],0.0,[],[],[],[],0.0,[],0.0,[],[],0.0,[],[],0.0,[],0.0,[],[],0.0,[],[],0.0,[],[],0.0,[],[],0.0,[],[],0.0,[],[],0.0,[],[],0.0,[],[],0.0,[],[],0.0,[],[],0.0,[],[],0.0,[],[],0.0,[],[],0.0,[],Bi2i_0614.txt
229,[],0.0,[],[],0.0,[],[],0.0,[],[],0.0,[],[],0.0,[],[],0.0,[],[],0.0,[],[],0.0,[],[],0.0,[],[],0.0,[],[],0.0,[],[],[],[],0.0,[],0.0,[],[],0.0,[],[],0.0,[],0.0,[],[],0.0,[],[],0.0,[],[],0.0,[],[],0.0,[],[],0.0,[],[],0.0,[],[],0.0,[],[],0.0,[],[],0.0,[],[],0.0,[],[],0.0,[],[],0.0,[],[],0.0,[],Bi2i_1983.txt
230,[],0.0,[],[],0.0,[],[],0.0,[],[],0.0,[],[],0.0,[],[],0.0,[],[],0.0,[],[],0.0,[],[],0.0,[],[],0.0,[],[],0.0,[],[],[],[],0.0,[],0.0,[],[],0.0,[],[],0.0,[],0.0,[],[],0.0,[],[],0.0,[],[],0.0,[],[],0.0,[],[],0.0,[],[],0.0,[],[],0.0,[],[],0.0,[],[],0.0,[],[],0.0,[],[],0.0,[],[],0.0,[],[],0.0,[],Bi2i_1657.txt
231,[],0.0,[],[],0.0,[],[],0.0,[],[],0.0,[],[],0.0,[],[],0.0,[],[],0.0,[],[],0.0,[],[],0.0,[],[],0.0,[],[],0.0,[],,[],[],0.0,[],0.0,[],[],0.0,[],[],0.0,[],1.0,[],[],0.0,[],[],0.0,[],[],0.0,[],[],0.0,[],[],0.0,[],[],0.0,[],[],0.0,[],[],0.0,[],[],0.0,[],[],0.0,[],[],0.0,[],[],0.0,[],[],0.0,[],Bi2i_0279.txt
232,[],0.0,[],[],0.0,[],[],0.0,[],[],0.0,[],[],0.0,[],[],0.0,[],[],0.0,[],[],0.0,[],[],0.0,[],[],0.0,[],[],0.0,[],[],[],[],0.0,[],0.0,[],[],0.0,[],[],0.0,[],0.0,[],[],0.0,[],[],0.0,[],[],0.0,[],[],0.0,[],[],0.0,[],[],0.0,[],[],0.0,[],[],0.0,[],[],0.0,[],[],0.0,[],[],0.0,[],[],0.0,[],[],0.0,[],Bi2i_0344.txt
233,[],0.0,[],[],0.0,[],[],0.0,[],[],0.0,[],[],0.0,[],[],0.0,[],[],0.0,[],[],0.0,[],[],0.0,[],[],0.0,[],[],0.0,[],[],[],[],0.0,[],0.0,[],[],0.0,[],[],0.0,[],0.0,[],[],0.0,[],[],0.0,[],[],0.0,[],[],0.0,[],[],0.0,[],[],0.0,[],[],0.0,[],[],0.0,[],[],0.0,[],[],0.0,[],[],0.0,[],[],0.0,[],[],0.0,[],Bi2i_0316.txt
234,[],0.0,[],[],0.0,[],[],0.0,[],[],0.0,[],[],0.0,[],[],0.0,[],[],0.0,[],,1.0,[],[],0.0,[],[],0.0,[],[],0.0,[],[],[],[],0.0,[],0.0,[],[],0.0,[],[],0.0,[],0.0,[],[],0.0,[],[],0.0,[],[],0.0,[],[],0.0,[],[],0.0,[],,1.0,[],[],0.0,[],[],0.0,[],[],0.0,[],[],0.0,[],[],0.0,[],[],0.0,[],[],0.0,[],Bi2i_1535.txt
235,[],0.0,[],[],0.0,[],[],0.0,[],[],0.0,[],[],0.0,[],[],0.0,[],[],0.0,[],[],0.0,[],[],0.0,[],[],0.0,[],[],0.0,[],[],[],[],0.0,[],0.0,[],[],0.0,[],[],0.0,[],0.0,[],[],0.0,[],[],0.0,[],[],0.0,[],[],0.0,[],[],0.0,[],[],0.0,[],[],0.0,[],[],0.0,[],[],0.0,[],[],0.0,[],[],0.0,[],[],0.0,[],[],0.0,[],Bi2i_0955.txt
236,[],0.0,[],[],0.0,[],[],0.0,[],[],0.0,[],[],0.0,[],[],0.0,[],[],0.0,[],[],0.0,[],[],0.0,[],[],0.0,[],[],0.0,[],[],[],[],0.0,[],0.0,[],[],0.0,[],[],0.0,[],0.0,[],[],0.0,[],[],0.0,[],[],0.0,[],[],0.0,[],[],0.0,[],[],0.0,[],[],0.0,[],[],0.0,[],[],0.0,[],[],0.0,[],[],0.0,[],[],0.0,[],[],0.0,[],Bi2i_1403.txt
237,[],0.0,[],[],0.0,[],[],0.0,[],[],0.0,[],[],0.0,[],[],0.0,[],[],0.0,[],[],0.0,[],[],0.0,[],[],0.0,[],[],0.0,[],[],[],[],0.0,[],0.0,[],[],0.0,[],[],0.0,[],0.0,[],[],0.0,[],[],0.0,[],[],0.0,[],[],0.0,[],[],0.0,[],[],0.0,[],[],0.0,[],[],0.0,[],[],0.0,[],[],0.0,[],[],0.0,[],[],0.0,[],[],0.0,[],Bi2i_0409.txt
238,[],0.0,[],[],0.0,[],[],0.0,[],[],0.0,[],[],0.0,[],[],0.0,[],[],0.0,[],,1.0,[],[],0.0,[],[],0.0,[],[],0.0,[],,,,1.0,[],1.0,[],[],0.0,[],[],0.0,[],1.0,[],[],0.0,[],[],0.0,[],[],0.0,[],[],0.0,[],[],0.0,[],[],0.0,[],[],0.0,[],[],0.0,[],[],0.0,[],[],0.0,[],[],0.0,[],[],0.0,[],[],0.0,[],Bi2i_1199.txt
239,[],0.0,[],[],0.0,[],[],0.0,[],[],0.0,[],[],0.0,[],[],0.0,[],[],0.0,[],[],0.0,[],[],0.0,[],[],0.0,[],[],0.0,[],[],[],[],0.0,[],0.0,[],[],0.0,[],[],0.0,[],0.0,[],[],0.0,[],[],0.0,[],[],0.0,[],[],0.0,[],[],0.0,[],[],0.0,[],[],0.0,[],[],0.0,[],[],0.0,[],[],0.0,[],[],0.0,[],[],0.0,[],[],0.0,[],Bi2i_0745.txt
240,[],0.0,[],[],0.0,[],[],0.0,[],[],0.0,[],[],0.0,[],[],0.0,[],[],0.0,[],[],0.0,[],[],0.0,[],[],0.0,[],[],0.0,[],[],[],[],0.0,[],0.0,[],[],0.0,[],[],0.0,[],0.0,[],[],0.0,[],[],0.0,[],[],0.0,[],[],0.0,[],[],0.0,[],[],0.0,[],[],0.0,[],[],0.0,[],[],0.0,[],[],0.0,[],[],0.0,[],[],0.0,[],[],0.0,[],Bi2i_1371.txt
241,[],0.0,[],[],0.0,[],[],0.0,[],[],0.0,[],[],0.0,[],[],0.0,[],[],0.0,[],[],0.0,[],[],0.0,[],[],0.0,[],[],0.0,[],[],[],[],0.0,[],0.0,[],[],0.0,[],[],0.0,[],0.0,[],[],0.0,[],[],0.0,[],[],0.0,[],[],0.0,[],[],0.0,[],[],0.0,[],[],0.0,[],[],0.0,[],[],0.0,[],[],0.0,[],[],0.0,[],[],0.0,[],[],0.0,[],Bi2i_0810.txt
242,[],0.0,[],[],0.0,[],[],0.0,[],[],0.0,[],[],0.0,[],[],0.0,[],[],0.0,[],[],0.0,[],[],0.0,[],[],0.0,[],[],0.0,[],,[],[],0.0,[],0.0,[],[],0.0,[],[],0.0,[],1.0,[],[],0.0,[],[],0.0,[],[],0.0,[],[],0.0,[],[],0.0,[],[],0.0,[],[],0.0,[],[],0.0,[],[],0.0,[],[],0.0,[],[],0.0,[],[],0.0,[],[],0.0,[],Bi2i_0600.txt
243,[],0.0,[],[],0.0,[],[],0.0,[],[],0.0,[],[],0.0,[],[],0.0,[],[],0.0,[],[],0.0,[],[],0.0,[],[],0.0,[],[],0.0,[],[],[],[],0.0,[],0.0,[],[],0.0,[],[],0.0,[],0.0,[],[],0.0,[],[],0.0,[],[],0.0,[],[],0.0,[],[],0.0,[],[],0.0,[],[],0.0,[],[],0.0,[],[],0.0,[],[],0.0,[],[],0.0,[],[],0.0,[],[],0.0,[],Bi2i_0254.txt
244,[],0.0,[],[],0.0,[],[],0.0,[],[],0.0,[],[],0.0,[],[],0.0,[],[],0.0,[],[],0.0,[],[],0.0,[],[],0.0,[],[],0.0,[],[],[],[],0.0,[],0.0,[],[],0.0,[],[],0.0,[],0.0,[],[],0.0,[],[],0.0,[],[],0.0,[],[],0.0,[],[],0.0,[],[],0.0,[],[],0.0,[],[],0.0,[],[],0.0,[],[],0.0,[],[],0.0,[],[],0.0,[],[],0.0,[],Bi2i_1039.txt
245,[],0.0,[],[],0.0,[],[],0.0,[],[],0.0,[],[],0.0,[],[],0.0,[],[],0.0,[],[],0.0,[],[],0.0,[],[],0.0,[],[],0.0,[],[],[],[],0.0,[],0.0,[],[],0.0,[],[],0.0,[],0.0,[],[],0.0,[],[],0.0,[],[],0.0,[],[],0.0,[],[],0.0,[],[],0.0,[],[],0.0,[],[],0.0,[],[],0.0,[],[],0.0,[],[],0.0,[],[],0.0,[],[],0.0,[],Bi2i_1653.txt
246,[],0.0,[],[],0.0,[],[],0.0,[],[],0.0,[],[],0.0,[],[],0.0,[],[],0.0,[],[],0.0,[],[],0.0,[],"['First $400 Million 0.0050 %\n', 'Next $1,600 Million 0.0040 %\n', 'Excess of $2,000 Million 0.0030 %\n']",1.0,"[[0, 400.0, 5e-05], [400.0, 2000.0, 4e-05], [2000.0, 'Above', 3e-05]]","['First $400 Million 0.0050 %\n', 'Next $1,600 Million 0.0040 %\n', 'Excess of $2,000 Million 0.0030 %\n']",1.0,"[[0, 400.0, 5e-05], [400.0, 2000.0, 4e-05], [2000.0, 'Above', 3e-05]]",[],[],[],0.0,[],0.0,[],[],0.0,[],[],0.0,[],0.0,[],[],0.0,[],[],0.0,[],[],0.0,[],[],0.0,[],[],0.0,[],[],0.0,[],[],0.0,[],[],0.0,[],[],0.0,[],[],0.0,[],[],0.0,[],[],0.0,[],[],0.0,[],Bi2i_1896.txt
247,[],0.0,[],[],0.0,[],[],0.0,[],[],0.0,[],[],0.0,[],[],0.0,[],[],0.0,[],[],0.0,[],[],0.0,[],[],0.0,[],[],0.0,[],[],[],[],0.0,[],0.0,[],[],0.0,[],[],0.0,[],0.0,[],[],0.0,[],[],0.0,[],[],0.0,[],[],0.0,[],[],0.0,[],[],0.0,[],[],0.0,[],[],0.0,[],[],0.0,[],[],0.0,[],[],0.0,[],[],0.0,[],[],0.0,[],Bi2i_0625.txt
248,[],0.0,[],[],0.0,[],[],0.0,[],[],0.0,[],[],0.0,[],[],0.0,[],[],0.0,[],[],0.0,[],[],0.0,[],[],0.0,[],[],0.0,[],[],[],[],0.0,[],0.0,[],[],0.0,[],[],0.0,[],0.0,[],[],0.0,[],[],0.0,[],[],0.0,[],[],0.0,[],[],0.0,[],[],0.0,[],[],0.0,[],[],0.0,[],[],0.0,[],[],0.0,[],[],0.0,[],[],0.0,[],[],0.0,[],Bi2i_1366.txt
249,[],0.0,[],[],0.0,[],[],0.0,[],[],0.0,[],[],0.0,[],[],0.0,[],[],0.0,[],[],0.0,[],[],0.0,[],[],0.0,[],[],0.0,[],[],[],[],0.0,[],0.0,[],[],0.0,[],[],0.0,[],0.0,[],[],0.0,[],[],0.0,[],[],0.0,[],[],0.0,[],[],0.0,[],[],0.0,[],[],0.0,[],[],0.0,[],[],0.0,[],[],0.0,[],[],0.0,[],[],0.0,[],[],0.0,[],Bi2i_1841.txt
250,[],0.0,[],[],0.0,[],[],0.0,[],[],0.0,[],[],0.0,[],[],0.0,[],[],0.0,[],[],0.0,[],[],0.0,[],[],0.0,[],[],0.0,[],[],[],[],0.0,[],0.0,[],[],0.0,[],[],0.0,[],0.0,[],[],0.0,[],[],0.0,[],[],0.0,[],[],0.0,[],[],0.0,[],[],0.0,[],[],0.0,[],[],0.0,[],[],0.0,[],[],0.0,[],[],0.0,[],[],0.0,[],[],0.0,[],Bi2i_1138.txt
251,[],0.0,[],[],0.0,[],[],0.0,[],[],0.0,[],[],0.0,[],[],0.0,[],[],0.0,[],[],0.0,[],[],0.0,[],[],0.0,[],[],0.0,[],,,[],0.0,[],1.0,[],[],0.0,[],[],0.0,[],1.0,[],[],0.0,[],[],0.0,[],[],0.0,[],[],0.0,[],[],0.0,[],[],0.0,[],[],0.0,[],[],0.0,[],[],0.0,[],[],0.0,[],[],0.0,[],[],0.0,[],[],0.0,[],Bi2i_0878.txt
252,[],0.0,[],[],0.0,[],[],0.0,[],[],0.0,[],[],0.0,[],[],0.0,[],[],0.0,[],[],0.0,[],[],0.0,[],[],0.0,[],[],0.0,[],[],[],[],0.0,[],0.0,[],[],0.0,[],[],0.0,[],0.0,[],[],0.0,[],[],0.0,[],[],0.0,[],[],0.0,[],[],0.0,[],[],0.0,[],[],0.0,[],[],0.0,[],[],0.0,[],[],0.0,[],[],0.0,[],[],0.0,[],[],0.0,[],Bi2i_0033.txt
253,[],0.0,[],[],0.0,[],[],0.0,[],[],0.0,[],[],0.0,[],[],0.0,[],[],0.0,[],[],0.0,[],[],0.0,[],[],0.0,[],[],0.0,[],[],[],[],0.0,[],0.0,[],[],0.0,[],[],0.0,[],0.0,[],[],0.0,[],[],0.0,[],[],0.0,[],[],0.0,[],[],0.0,[],[],0.0,[],[],0.0,[],[],0.0,[],[],0.0,[],[],0.0,[],[],0.0,[],[],0.0,[],[],0.0,[],Bi2i_1323.txt
254,[],0.0,[],[],0.0,[],[],0.0,[],[],0.0,[],[],0.0,[],[],0.0,[],[],0.0,[],[],0.0,[],[],0.0,[],[],0.0,[],[],0.0,[],[],[],[],0.0,[],0.0,[],[],0.0,[],[],0.0,[],0.0,[],[],0.0,[],[],0.0,[],[],0.0,[],[],0.0,[],[],0.0,[],[],0.0,[],[],0.0,[],[],0.0,[],[],0.0,[],[],0.0,[],[],0.0,[],[],0.0,[],[],0.0,[],Bi2i_0930.txt
255,[],0.0,[],[],0.0,[],[],0.0,[],[],0.0,[],[],0.0,[],[],0.0,[],[],0.0,[],[],0.0,[],[],0.0,[],[],0.0,[],[],0.0,[],[],[],[],0.0,[],0.0,[],[],0.0,[],[],0.0,[],0.0,[],[],0.0,[],[],0.0,[],[],0.0,[],[],0.0,[],[],0.0,[],[],0.0,[],[],0.0,[],[],0.0,[],[],0.0,[],[],0.0,[],[],0.0,[],[],0.0,[],[],0.0,[],Bi2i_0797.txt
256,[],0.0,[],[],0.0,[],[],0.0,[],[],0.0,[],[],0.0,[],[],0.0,[],[],0.0,[],[],0.0,[],[],0.0,[],[],0.0,[],[],0.0,[],[],[],[],0.0,[],0.0,[],[],0.0,[],[],0.0,[],0.0,[],[],0.0,[],[],0.0,[],[],0.0,[],[],0.0,[],[],0.0,[],[],0.0,[],[],0.0,[],[],0.0,[],[],0.0,[],[],0.0,[],[],0.0,[],[],0.0,[],[],0.0,[],Bi2i_0828.txt
