<doc doi="Bi2i_1015" name="/prcanalyt/test-pra1/inventory_module/InputProcessing/7E9/523/7E9523A835805F7D0378DC0F14CCF4F03AF9C5F6.pdf"><page num="1" src="img/Bi2i_1015/Bi2i_1015-00.jpg" txt_src="img/Bi2i_1015/Bi2i_1015-00.txt"><Blocks><box><div coordinates="4612,159,124,145" index="0" style="position:fixed;left:69.86820178760794%;top:3.1176470588235294%;height:2.843137254901961%;width:1.8785032570822602%;" type="para" /></box><box><div coordinates="363,306,124,217" index="1" style="position:fixed;left:5.499166792910165%;top:6.0%;height:4.254901960784314%;width:1.8785032570822602%;" type="para" /></box><box><div coordinates="606,321,1115,5351" index="2" style="position:fixed;left:9.180427207998788%;top:6.294117647058823%;height:104.921568627451%;width:16.89138009392516%;" type="para">rn
2
5

A
Ds

9 5 EAE)

8
Ss
Cro
ses
en

Ae

77

7
wa

3

eR

3
&amp;

E28

Nr
Cs
HS
on
ER

a
Vi

2

A
GA
7
Sa
So

a

oo

Ne
: 3
RR

Dr re
SE
Cit
an
La
7S
IN

go

Fry
CRETE
7

RG
SA
Fes

~

Cs
i
Sos

2

GR
SALA
i

vo
Nod
CR

a

SA
SA
Si
i

:

ERROR INN,
TRANS
ERR RR
Rrra SEER

SARE : SETHE

3

it
Sr,
od

&#8221;
i
%
Hi
7

CHR
7

&#163;7
SO
SARE
2
ER
3
RG
RN

Sons

Fre,
oN
oe

Hey
Ge
G7
oe
GS
AR

Lr
Ri

fe

Sh

a
i

pe

SAR]
BYR
SAEED

Zo

7%
5s
=

2
&amp;

7
5
pe
Te
ap
Vo

Ls

3

(5

Ss
EEE
Sa
GOA
NA

PRA
PR

FERS
POE LOTTE
a NN

7

is
SE

ATR RRR

34 CORI EEN
Raa SRA

OST TREE EL RRI A COANE To? Pr ATTA
AN A HAY a0 SEA i: Re
SERRA AANA) RE
AEE SERIE SEE AR Sa
SINE EN 3 a RG
LF SALA SIAN i OR
SAE ae On
I RG AE
ER ER Ce A LE ARR
EE RC NO IN Se) EA rb)

SES RRR AR SENT eos ETAT
SRP EER NRA SERENA SE

i
5

$5
il

yt

&#8217;

:
Eo
BA
fi
ra
2

i

i

Ae
fs
An
$f
SY
NPA
Laren
reas

SN

7

2
Pr
oe
Go
Ny
as
A
a
SR,

AES

oo
A

ts
wy

ie
7

2

&#8220;

SH
5
Er
CE
4

Or
Sa
&#163;5

AEA
SG
i,
te
se
Ei
Ny
EEN
GAN
Ar
pa

PRs
Se

7

&#163;2
a
is
by
&amp;

So

fra?

22%</div></box><box><div coordinates="837,324,527,122" index="3" style="position:fixed;left:12.679896985305255%;top:6.352941176470588%;height:2.392156862745098%;width:7.983638842599607%;" type="para" /></box><box><div coordinates="1431,327,152,121" index="4" style="position:fixed;left:21.678533555521888%;top:6.411764705882353%;height:2.372549019607843%;width:2.3026814119072867%;" type="para" /></box><box><div coordinates="1593,327,407,122" index="5" style="position:fixed;left:24.13270716558097%;top:6.411764705882353%;height:2.392156862745098%;width:6.165732464778064%;" type="para" /></box><box><div coordinates="2166,330,479,122" index="6" style="position:fixed;left:32.813210119678835%;top:6.470588235294119%;height:2.392156862745098%;width:7.25647629147099%;" type="para" /></box><box><div coordinates="2895,333,551,125" index="7" style="position:fixed;left:43.856991364944705%;top:6.529411764705882%;height:2.450980392156863%;width:8.347220118163914%;" type="para" /></box><box><div coordinates="3540,336,122,121" index="8" style="position:fixed;left:53.628238145735494%;top:6.588235294117648%;height:2.372549019607843%;width:1.8482048174519012%;" type="para" /></box><box><div coordinates="3681,336,254,122" index="9" style="position:fixed;left:55.7642781396758%;top:6.588235294117648%;height:2.392156862745098%;width:3.8479018330555976%;" type="para" /></box><box><div coordinates="4174,339,124,121" index="10" style="position:fixed;left:63.23284350855931%;top:6.647058823529411%;height:2.372549019607843%;width:1.8785032570822602%;" type="para" /></box><box><div coordinates="4177,480,121,133" index="11" style="position:fixed;left:63.278291168004856%;top:9.411764705882353%;height:2.607843137254902%;width:1.8330555976367218%;" type="para" /></box><box><div coordinates="4609,594,124,142" index="12" style="position:fixed;left:69.8227541281624%;top:11.647058823529411%;height:2.784313725490196%;width:1.8785032570822602%;" type="para" /></box><box><div coordinates="4176,687,122,187" index="13" style="position:fixed;left:63.26314194818967%;top:13.470588235294118%;height:3.6666666666666665%;width:1.8482048174519012%;" type="para" /></box><box><div coordinates="360,774,124,223" index="14" style="position:fixed;left:5.4537191334646264%;top:15.176470588235293%;height:4.372549019607843%;width:1.8785032570822602%;" type="para" /></box><box><div coordinates="4173,936,122,503" index="15" style="position:fixed;left:63.21769428874413%;top:18.352941176470587%;height:9.862745098039216%;width:1.8482048174519012%;" type="para" /></box><box><div coordinates="357,1281,124,230" index="16" style="position:fixed;left:5.408271474019088%;top:25.11764705882353%;height:4.509803921568627%;width:1.8785032570822602%;" type="para" /></box><box><div coordinates="4170,1572,122,419" index="17" style="position:fixed;left:63.17224662929859%;top:30.823529411764707%;height:8.215686274509803%;width:1.8482048174519012%;" type="para" /></box><box><div coordinates="354,1740,124,185" index="18" style="position:fixed;left:5.36282381457355%;top:34.11764705882353%;height:3.6274509803921573%;width:1.8785032570822602%;" type="para" /></box><box><div coordinates="2710,1878,121,121" index="19" style="position:fixed;left:41.05438569913649%;top:36.8235294117647%;height:2.372549019607843%;width:1.8330555976367218%;" type="para" /></box><box><div coordinates="2371,1908,121,121" index="20" style="position:fixed;left:35.91880018179064%;top:37.411764705882355%;height:2.372549019607843%;width:1.8330555976367218%;" type="para" /></box><box><div coordinates="1986,2064,227,121" index="21" style="position:fixed;left:30.086350552946524%;top:40.470588235294116%;height:2.372549019607843%;width:3.4388728980457506%;" type="para" /></box><box><div coordinates="351,2205,124,122" index="22" style="position:fixed;left:5.317376155128011%;top:43.23529411764706%;height:2.392156862745098%;width:1.8785032570822602%;" type="para" /></box><box><div coordinates="4167,2211,122,377" index="23" style="position:fixed;left:63.12679896985305%;top:43.35294117647059%;height:7.392156862745098%;width:1.8482048174519012%;" type="para" /></box><box><div coordinates="4599,2328,125,122" index="24" style="position:fixed;left:69.67126193001062%;top:45.64705882352941%;height:2.392156862745098%;width:1.8936524768974399%;" type="para" /></box><box><div coordinates="1701,2343,122,122" index="25" style="position:fixed;left:25.768822905620357%;top:45.94117647058823%;height:2.392156862745098%;width:1.8482048174519012%;" type="para" /></box><box><div coordinates="1906,2556,235,149" index="26" style="position:fixed;left:28.87441296773216%;top:50.117647058823536%;height:2.9215686274509807%;width:3.560066656567187%;" type="para" /></box><box><div coordinates="348,2637,124,182" index="27" style="position:fixed;left:5.271928495682472%;top:51.70588235294118%;height:3.568627450980392%;width:1.8785032570822602%;" type="para" /></box><box><div coordinates="4164,2664,122,557" index="28" style="position:fixed;left:63.08135131040752%;top:52.23529411764706%;height:10.92156862745098%;width:1.8482048174519012%;" type="para" /></box><box><div coordinates="345,3108,124,128" index="29" style="position:fixed;left:5.2264808362369335%;top:60.94117647058823%;height:2.5098039215686274%;width:1.8785032570822602%;" type="para" /></box><box><div coordinates="4161,3348,122,215" index="30" style="position:fixed;left:63.03590365096198%;top:65.64705882352942%;height:4.215686274509804%;width:1.8482048174519012%;" type="para" /></box><box><div coordinates="342,3585,124,125" index="31" style="position:fixed;left:5.181033176791396%;top:70.29411764705881%;height:2.450980392156863%;width:1.8785032570822602%;" type="para" /></box><box><div coordinates="4161,3654,122,122" index="32" style="position:fixed;left:63.03590365096198%;top:71.6470588235294%;height:2.392156862745098%;width:1.8482048174519012%;" type="para" /></box><box><div coordinates="339,3921,124,161" index="33" style="position:fixed;left:5.135585517345857%;top:76.88235294117646%;height:3.1568627450980395%;width:1.8785032570822602%;" type="para" /></box><box><div coordinates="4158,3978,122,281" index="34" style="position:fixed;left:62.990455991516434%;top:78.0%;height:5.509803921568627%;width:1.8482048174519012%;" type="para" /></box><box><div coordinates="336,4311,124,140" index="35" style="position:fixed;left:5.090137857900318%;top:84.52941176470588%;height:2.7450980392156863%;width:1.8785032570822602%;" type="para" /></box><box><div coordinates="4155,4317,122,443" index="36" style="position:fixed;left:62.9450083320709%;top:84.6470588235294%;height:8.686274509803923%;width:1.8482048174519012%;" type="para" /></box><box><div coordinates="333,4755,124,140" index="37" style="position:fixed;left:5.044690198454779%;top:93.23529411764706%;height:2.7450980392156863%;width:1.8785032570822602%;" type="para" /></box><box><div coordinates="4152,4830,122,461" index="38" style="position:fixed;left:62.89956067262536%;top:94.70588235294117%;height:9.03921568627451%;width:1.8482048174519012%;" type="para" /></box><box><div coordinates="330,5184,124,158" index="39" style="position:fixed;left:4.999242539009241%;top:101.6470588235294%;height:3.0980392156862746%;width:1.8785032570822602%;" type="para" /></box><box><div coordinates="3570,5397,701,292" index="40" style="position:fixed;left:54.08271474019089%;top:105.82352941176471%;height:5.7254901960784315%;width:10.619603090440842%;" type="para" /></box><box><div coordinates="327,5506,124,178" index="41" style="position:fixed;left:4.953794879563703%;top:107.96078431372548%;height:3.4901960784313726%;width:1.8785032570822602%;" type="para" /></box><box><div coordinates="1728,5553,842,125" index="42" style="position:fixed;left:26.177851840630208%;top:108.88235294117648%;height:2.450980392156863%;width:12.755643084381155%;" type="para" /></box><box><div coordinates="2616,5559,440,122" index="43" style="position:fixed;left:39.630359036509624%;top:109.00000000000001%;height:2.392156862745098%;width:6.665656718678988%;" type="para" /></box><box><div coordinates="3060,5560,491,124" index="44" style="position:fixed;left:46.35661263444932%;top:109.01960784313725%;height:2.431372549019608%;width:7.4382669292531425%;" type="para" /></box><box><div coordinates="324,5856,124,185" index="45" style="position:fixed;left:4.908347220118164%;top:114.8235294117647%;height:3.6274509803921573%;width:1.8785032570822602%;" type="para" /></box><box><div coordinates="3324,6073,878,295" index="46" style="position:fixed;left:50.356006665656714%;top:119.078431372549%;height:5.784313725490196%;width:13.301014997727616%;" type="para" /></box><box><div coordinates="4576,6082,124,121" index="47" style="position:fixed;left:69.32282987426147%;top:119.25490196078432%;height:2.372549019607843%;width:1.8785032570822602%;" type="para" /></box><box><div coordinates="2211,6196,503,166" index="48" style="position:fixed;left:33.494925011361914%;top:121.49019607843137%;height:3.2549019607843137%;width:7.620057567035297%;" type="para">Page 1 of 7</div></box><box><div coordinates="321,6205,124,202" index="49" style="position:fixed;left:4.862899560672625%;top:121.66666666666666%;height:3.96078431372549%;width:1.8785032570822602%;" type="para" /></box></Blocks></page><page num="2" src="img/Bi2i_1015/Bi2i_1015-01.jpg" txt_src="img/Bi2i_1015/Bi2i_1015-01.txt"><Blocks><box><div coordinates="4092,153,638,409" index="0" style="position:fixed;left:61.99060748371459%;top:3.0%;height:8.019607843137255%;width:9.665202242084533%;" type="para" /></box><box><div coordinates="429,216,136,250" index="1" style="position:fixed;left:6.4990153007120135%;top:4.235294117647059%;height:4.901960784313726%;width:2.0602938948644143%;" type="para" /></box><box><div coordinates="828,219,121,121" index="2" style="position:fixed;left:12.543554006968641%;top:4.294117647058823%;height:2.372549019607843%;width:1.8330555976367218%;" type="para" /></box><box><div coordinates="987,219,431,121" index="3" style="position:fixed;left:14.952279957582185%;top:4.294117647058823%;height:2.372549019607843%;width:6.529313740342372%;" type="para" /></box><box><div coordinates="1635,222,452,122" index="4" style="position:fixed;left:24.768974397818514%;top:4.352941176470588%;height:2.392156862745098%;width:6.847447356461142%;" type="para" /></box><box><div coordinates="2526,225,449,122" index="5" style="position:fixed;left:38.26692925314346%;top:4.411764705882353%;height:2.392156862745098%;width:6.801999697015604%;" type="para" /></box><box><div coordinates="3189,228,122,121" index="6" style="position:fixed;left:48.310861990607485%;top:4.470588235294118%;height:2.372549019607843%;width:1.8482048174519012%;" type="para" /></box><box><div coordinates="3333,228,389,122" index="7" style="position:fixed;left:50.492349643993336%;top:4.470588235294118%;height:2.392156862745098%;width:5.893046508104833%;" type="para" /></box><box><div coordinates="357,498,4370,1709" index="8" style="position:fixed;left:5.408271474019088%;top:9.76470588235294%;height:33.509803921568626%;width:66.2020905923345%;" type="para">DOMESTIC AND FOREIGN CUSTODY, FUND ACCOUNTING, FUND ADMINISTRATION AND
TRANSFER AGENCY SERVICES

This fee schedule is for services (the &#8220;Services&#8221;) provided by State Street Bank and Trust
Company or its affiliates (&#8220;State Street&#8217;) to Western Asset Mortgage Capital Corporation (the

&#8220;Fund&#8217;) pursuant to that certain (a) Custodian Agreement dated as of May 14, 2012 by and
between State Street and the Fund (the &#8220;Custody Agreement&#8217;); (b) Fund Administration
Agreement dated as of May 14, 2012 by and between State Street and the Fund (the
&#8216;Administration Agreement&#8217;); and (c) Collateral Management Services Agreement dated as of
May 14, 2012 by and between State Street and the Fund (the &#8220;Collateral Management Services
Agreement, and collectively with the Custody Agreement and the Administration Agreement, the
&#8220;Agreements,&#8221; all as may be amended, supplemented, restated or otherwise modified from time
to time).</div></box><box><div coordinates="354,1203,124,167" index="9" style="position:fixed;left:5.36282381457355%;top:23.588235294117645%;height:3.2745098039215685%;width:1.8785032570822602%;" type="para" /></box><box><div coordinates="4600,1452,124,190" index="10" style="position:fixed;left:69.68641114982579%;top:28.47058823529412%;height:3.7254901960784315%;width:1.8785032570822602%;" type="para" /></box><box><div coordinates="351,1743,124,122" index="11" style="position:fixed;left:5.317376155128011%;top:34.17647058823529%;height:2.392156862745098%;width:1.8785032570822602%;" type="para" /></box><box><div coordinates="4597,2070,124,229" index="12" style="position:fixed;left:69.64096349038024%;top:40.588235294117645%;height:4.490196078431373%;width:1.8785032570822602%;" type="para" /></box><box><div coordinates="513,2244,3944,2276" index="13" style="position:fixed;left:7.771549765187093%;top:44.0%;height:44.627450980392155%;width:59.74852295106802%;" type="para">For the provision of portfolio accounting services pursuant to the Agreements, including the

services listed below, State Street shall be entitied to the fees set forth below.

Portfolio Valuations daily (i.e. vendor feeds, broker quotes, etc.) of all securities in
accordance with the Price Source Authorization as agreed to with the Sponsor/invesiment
Manager

Maintain the books and records of the Fund in accordance with the terms of the applicable
operating agreement and generally accepted accounting principles

ZBA Custody account for payroll
Maintain database detail of all portfolio investment transactions

Produce a daily trial balance. Maintain a full general ledger including journal of
investments, capital shares, income and expenses, capital gains and losses on securities.
Provide granular level of classification on T/B to allow FTI consulting to run analysis that
would support MD&amp;A.

Process all corporate actions.
Provide reporting through web based application {my.statestreet.com/PAM Access)
Prepare all year-to-date proofs</div></box><box><div coordinates="348,2256,124,211" index="14" style="position:fixed;left:5.271928495682472%;top:44.23529411764706%;height:4.137254901960785%;width:1.8785032570822602%;" type="para" /></box><box><div coordinates="4594,2874,124,290" index="15" style="position:fixed;left:69.5955158309347%;top:56.35294117647058%;height:5.686274509803922%;width:1.8785032570822602%;" type="para" /></box><box><div coordinates="345,2907,124,122" index="16" style="position:fixed;left:5.2264808362369335%;top:56.99999999999999%;height:2.392156862745098%;width:1.8785032570822602%;" type="para" /></box><box><div coordinates="4591,3474,124,224" index="17" style="position:fixed;left:69.55006817148916%;top:68.11764705882352%;height:4.392156862745098%;width:1.8785032570822602%;" type="para" /></box><box><div coordinates="699,3592,140,145" index="18" style="position:fixed;left:10.589304650810483%;top:70.43137254901961%;height:2.843137254901961%;width:2.1208907741251326%;" type="para" /></box><box><div coordinates="4588,4032,124,248" index="19" style="position:fixed;left:69.50462051204363%;top:79.05882352941175%;height:4.862745098039216%;width:1.8785032570822602%;" type="para" /></box><box><div coordinates="694,4194,142,145" index="20" style="position:fixed;left:10.513558551734585%;top:82.23529411764706%;height:2.843137254901961%;width:2.1511892137554915%;" type="para" /></box><box><div coordinates="693,4344,142,146" index="21" style="position:fixed;left:10.498409331919406%;top:85.1764705882353%;height:2.8627450980392157%;width:2.1511892137554915%;" type="para" /></box><box><div coordinates="501,4597,3944,1513" index="22" style="position:fixed;left:7.589759127404938%;top:90.13725490196079%;height:29.666666666666668%;width:59.74852295106802%;" type="para">For the provision of fund administration services pursuant to the Agreements, including the
services listed below, State Street shall be entitled to the fees set forth below.

Work with the Sponsor/Investment Manager to coordinate the preparation of the Portfolio&#8217;s
annual expense budget. Analyze expenses and accruals on a monthly/quarterly basis.

Process authorized payments for invoices as approved by the Sponsor/Investment
Manager

Coordinate and support audit testing requirements by the portfolio&#8217;s auditors.
Completion of 1099&#8217;s annually

REIT Compliance / Qualification Tests
o Asset Diversification Tests</div></box><box><div coordinates="4585,4704,124,248" index="23" style="position:fixed;left:69.4591728525981%;top:92.23529411764706%;height:4.862745098039216%;width:1.8785032570822602%;" type="para" /></box><box><div coordinates="4582,5215,124,238" index="24" style="position:fixed;left:69.41372519315256%;top:102.25490196078431%;height:4.666666666666667%;width:1.8785032570822602%;" type="para" /></box><box><div coordinates="330,5293,124,136" index="25" style="position:fixed;left:4.999242539009241%;top:103.7843137254902%;height:2.666666666666667%;width:1.8785032570822602%;" type="para" /></box><box><div coordinates="327,5695,124,178" index="26" style="position:fixed;left:4.953794879563703%;top:111.66666666666667%;height:3.4901960784313726%;width:1.8785032570822602%;" type="para" /></box><box><div coordinates="4579,5737,124,220" index="27" style="position:fixed;left:69.36827753370702%;top:112.49019607843138%;height:4.313725490196078%;width:1.8785032570822602%;" type="para" /></box><box><div coordinates="3510,6076,880,294" index="28" style="position:fixed;left:53.17376155128011%;top:119.13725490196079%;height:5.764705882352941%;width:13.331313437357975%;" type="para">:
:</div></box><box><div coordinates="1833,6193,497,187" index="29" style="position:fixed;left:27.768519921224055%;top:121.43137254901961%;height:3.6666666666666665%;width:7.529162248144221%;" type="para">Page 2 of 7</div></box><box><div coordinates="324,6235,124,187" index="30" style="position:fixed;left:4.908347220118164%;top:122.25490196078432%;height:3.6666666666666665%;width:1.8785032570822602%;" type="para" /></box><box><div coordinates="4576,6304,124,157" index="31" style="position:fixed;left:69.32282987426147%;top:123.6078431372549%;height:3.0784313725490198%;width:1.8785032570822602%;" type="para" /></box></Blocks></page><page num="3" src="img/Bi2i_1015/Bi2i_1015-02.jpg" txt_src="img/Bi2i_1015/Bi2i_1015-02.txt"><Blocks><box><div coordinates="366,222,586,610" index="0" style="position:fixed;left:5.544614452355703%;top:4.352941176470588%;height:11.96078431372549%;width:8.877442811695198%;" type="para" /></box><box><div coordinates="1005,225,605,122" index="1" style="position:fixed;left:15.224965914255417%;top:4.411764705882353%;height:2.392156862745098%;width:9.165277988183608%;" type="para" /></box><box><div coordinates="1860,228,452,122" index="2" style="position:fixed;left:28.1775488562339%;top:4.470588235294118%;height:2.392156862745098%;width:6.847447356461142%;" type="para" /></box><box><div coordinates="2550,231,155,121" index="3" style="position:fixed;left:38.630510528707774%;top:4.529411764705882%;height:2.372549019607843%;width:2.348129071352825%;" type="para" /></box><box><div coordinates="2718,231,152,122" index="4" style="position:fixed;left:41.17557945765793%;top:4.529411764705882%;height:2.392156862745098%;width:2.3026814119072867%;" type="para" /></box><box><div coordinates="2910,231,362,122" index="5" style="position:fixed;left:44.0842296621724%;top:4.529411764705882%;height:2.392156862745098%;width:5.484017573094985%;" type="para" /></box><box><div coordinates="3528,234,122,121" index="6" style="position:fixed;left:53.446447507953344%;top:4.588235294117647%;height:2.372549019607843%;width:1.8482048174519012%;" type="para" /></box><box><div coordinates="3762,234,974,610" index="7" style="position:fixed;left:56.991364944705346%;top:4.588235294117647%;height:11.96078431372549%;width:14.755340099984851%;" type="para">EN FY TEES EC ETT FEM frit revs
CNH ; A A Re nt]
i 2 i eA

Am A,

CA

AEP SLA AE
RTS Ii

RL A a Ed
a Zi
SOE

SSA
CL AHIR
Es SH Ed</div></box><box><div coordinates="828,369,121,121" index="8" style="position:fixed;left:12.543554006968641%;top:7.235294117647059%;height:2.372549019607843%;width:1.8330555976367218%;" type="para" /></box><box><div coordinates="1723,525,121,121" index="9" style="position:fixed;left:26.10210574155431%;top:10.294117647058822%;height:2.372549019607843%;width:1.8330555976367218%;" type="para" /></box><box><div coordinates="1020,711,193,121" index="10" style="position:fixed;left:15.452204211483108%;top:13.941176470588236%;height:2.372549019607843%;width:2.923799424329647%;" type="para" /></box><box><div coordinates="1245,714,401,121" index="11" style="position:fixed;left:18.8607786698985%;top:14.000000000000002%;height:2.372549019607843%;width:6.0748371458869865%;" type="para" /></box><box><div coordinates="1833,714,179,121" index="12" style="position:fixed;left:27.768519921224055%;top:14.000000000000002%;height:2.372549019607843%;width:2.7117103469171338%;" type="para" /></box><box><div coordinates="2049,716,407,122" index="13" style="position:fixed;left:31.040751401302835%;top:14.03921568627451%;height:2.392156862745098%;width:6.165732464778064%;" type="para" /></box><box><div coordinates="2718,716,200,122" index="14" style="position:fixed;left:41.17557945765793%;top:14.03921568627451%;height:2.392156862745098%;width:3.0298439630359035%;" type="para" /></box><box><div coordinates="2961,719,467,122" index="15" style="position:fixed;left:44.85683987274655%;top:14.098039215686276%;height:2.392156862745098%;width:7.074685653688835%;" type="para" /></box><box><div coordinates="3681,720,203,121" index="16" style="position:fixed;left:55.7642781396758%;top:14.117647058823529%;height:2.372549019607843%;width:3.0752916224814424%;" type="para" /></box><box><div coordinates="3972,723,578,121" index="17" style="position:fixed;left:60.17270110589305%;top:14.176470588235293%;height:2.372549019607843%;width:8.756249053173763%;" type="para" /></box><box><div coordinates="525,972,3944,2440" index="18" style="position:fixed;left:7.953340402969247%;top:19.058823529411764%;height:47.84313725490196%;width:59.74852295106802%;" type="para">For the provision of custody services pursuant to the Custody Agreement, including the services
listed below, State Street shall be entitled to the fees set forth below.

Provide a variety of trade capture solutions that originate via Web-entry, batch files,
electronic transmission or fax transmission

Full support services for settlement of portfolio investments related to purchases, sales,
maturities and timely notification for trade-fails and resolution coordination

Provide safekeeping of legal documents (physical securities)
Process cash receipts, disbursements and income collection

Process all corporate actions. Provide the notifications to the Investment Manager of
voluntary actions. Provide an integrated corporate action notification and response system
(CAptain) for communication of corporate action notifications, related instructions, and
responses

Comprehensive real-time custody reporting through web based application including trade
status, asset positions, cash forecasting, intra-day cash reporting

Maintain segregated accounts including reporting thereon for collateral associated with
Financing Subsidiaries

Maintain segregated cash accounts consistent with and required by the governing
document</div></box><box><div coordinates="4609,1176,124,244" index="19" style="position:fixed;left:69.8227541281624%;top:23.058823529411764%;height:4.784313725490196%;width:1.8785032570822602%;" type="para" /></box><box><div coordinates="714,1902,140,145" index="20" style="position:fixed;left:10.816542948038176%;top:37.29411764705882%;height:2.843137254901961%;width:2.1208907741251326%;" type="para" /></box><box><div coordinates="4606,1905,124,320" index="21" style="position:fixed;left:69.77730646871686%;top:37.35294117647059%;height:6.2745098039215685%;width:1.8785032570822602%;" type="para" /></box><box><div coordinates="711,2053,142,145" index="22" style="position:fixed;left:10.771095288592637%;top:40.25490196078431%;height:2.843137254901961%;width:2.1511892137554915%;" type="para" /></box><box><div coordinates="354,2718,124,122" index="23" style="position:fixed;left:5.36282381457355%;top:53.294117647058826%;height:2.392156862745098%;width:1.8785032570822602%;" type="para" /></box><box><div coordinates="4603,2736,124,260" index="24" style="position:fixed;left:69.73185880927132%;top:53.64705882352941%;height:5.098039215686274%;width:1.8785032570822602%;" type="para" /></box><box><div coordinates="4600,3405,124,263" index="25" style="position:fixed;left:69.68641114982579%;top:66.76470588235294%;height:5.156862745098039%;width:1.8785032570822602%;" type="para" /></box><box><div coordinates="513,3510,3944,823" index="26" style="position:fixed;left:7.771549765187093%;top:68.82352941176471%;height:16.137254901960784%;width:59.74852295106802%;" type="para">y
Federal Funds Effective Rate. This will be applied to the average custody collected US Dollar
Cash Balances for the month. Any credits in excess of custody fees will be carried forward from
month to month through the end of the calendar year. Any credits in excess of fees remaining at
the end of the calendar year will not be carried forward. For calculation purposes, State Street
uses an actual/actual basis.</div></box><box><div coordinates="4597,4155,124,257" index="27" style="position:fixed;left:69.64096349038024%;top:81.47058823529412%;height:5.03921568627451%;width:1.8785032570822602%;" type="para" /></box><box><div coordinates="507,4386,3947,1445" index="28" style="position:fixed;left:7.680654446296016%;top:86.0%;height:28.333333333333332%;width:59.79397061051356%;" type="para">Pursuant to the Collateral Management Services Agreement, the provision of collatera

 

management services includes the services listed below and State Street shall be entitled to the
fees set forth below.

Capture the reverse repo terms as instructed by Western Asset Management.
Calculate potential margin calls to and from the counterparties

Validate and Issue margin calls to / from the counterparties

Monitor and Settle Income proceeds on posted collateral positions

Receive / Deliver collateral to / from the counterparties

Substitution of collateral</div></box><box><div coordinates="4594,4761,124,200" index="29" style="position:fixed;left:69.5955158309347%;top:93.35294117647058%;height:3.9215686274509802%;width:1.8785032570822602%;" type="para" /></box><box><div coordinates="4591,5251,124,190" index="30" style="position:fixed;left:69.55006817148916%;top:102.96078431372548%;height:3.7254901960784315%;width:1.8785032570822602%;" type="para" /></box><box><div coordinates="693,5674,139,142" index="31" style="position:fixed;left:10.498409331919406%;top:111.25490196078431%;height:2.784313725490196%;width:2.105741554309953%;" type="para" /></box><box><div coordinates="4588,5856,124,227" index="32" style="position:fixed;left:69.50462051204363%;top:114.8235294117647%;height:4.450980392156863%;width:1.8785032570822602%;" type="para" /></box><box><div coordinates="3516,6079,881,295" index="33" style="position:fixed;left:53.26465687017119%;top:119.19607843137254%;height:5.784313725490196%;width:13.346462657173156%;" type="para">;
:
5</div></box><box><div coordinates="1842,6199,494,169" index="34" style="position:fixed;left:27.904862899560673%;top:121.54901960784315%;height:3.313725490196078%;width:7.483714588698683%;" type="para">Page 3 of 7</div></box></Blocks></page><page num="4" src="img/Bi2i_1015/Bi2i_1015-03.jpg" txt_src="img/Bi2i_1015/Bi2i_1015-03.txt"><Blocks><box><div coordinates="3892,168,841,688" index="0" style="position:fixed;left:58.96076352067868%;top:3.294117647058824%;height:13.49019607843137%;width:12.740493864565975%;" type="para" /></box><box><div coordinates="357,198,601,694" index="1" style="position:fixed;left:5.408271474019088%;top:3.882352941176471%;height:13.607843137254902%;width:9.104681108922891%;" type="para" /></box><box><div coordinates="744,237,121,121" index="2" style="position:fixed;left:11.271019542493562%;top:4.647058823529412%;height:2.372549019607843%;width:1.8330555976367218%;" type="para" /></box><box><div coordinates="1011,237,890,124" index="3" style="position:fixed;left:15.315861233146494%;top:4.647058823529412%;height:2.431372549019608%;width:13.48280563550977%;" type="para" /></box><box><div coordinates="1911,240,755,124" index="4" style="position:fixed;left:28.950159066808055%;top:4.705882352941177%;height:2.431372549019608%;width:11.437660960460535%;" type="para" /></box><box><div coordinates="2718,243,122,121" index="5" style="position:fixed;left:41.17557945765793%;top:4.764705882352941%;height:2.372549019607843%;width:1.8482048174519012%;" type="para" /></box><box><div coordinates="2964,243,134,121" index="6" style="position:fixed;left:44.90228753219209%;top:4.764705882352941%;height:2.372549019607843%;width:2.0299954552340553%;" type="para" /></box><box><div coordinates="3114,243,580,125" index="7" style="position:fixed;left:47.17467050446902%;top:4.764705882352941%;height:2.450980392156863%;width:8.786547492804122%;" type="para" /></box><box><div coordinates="975,723,878,124" index="8" style="position:fixed;left:14.770489319800031%;top:14.176470588235293%;height:2.431372549019608%;width:13.301014997727616%;" type="para" /></box><box><div coordinates="1890,725,167,122" index="9" style="position:fixed;left:28.63202545068929%;top:14.215686274509803%;height:2.392156862745098%;width:2.5299197091349797%;" type="para" /></box><box><div coordinates="2104,728,475,122" index="10" style="position:fixed;left:31.873958491137707%;top:14.274509803921568%;height:2.392156862745098%;width:7.195879412210271%;" type="para" /></box><box><div coordinates="2826,729,152,121" index="11" style="position:fixed;left:42.81169519769732%;top:14.294117647058824%;height:2.372549019607843%;width:2.3026814119072867%;" type="para" /></box><box><div coordinates="3120,732,452,121" index="12" style="position:fixed;left:47.26556582336009%;top:14.352941176470587%;height:2.372549019607843%;width:6.847447356461142%;" type="para" /></box><box><div coordinates="3592,732,121,121" index="13" style="position:fixed;left:54.41599757612483%;top:14.352941176470587%;height:2.372549019607843%;width:1.8330555976367218%;" type="para" /></box><box><div coordinates="3753,732,206,121" index="14" style="position:fixed;left:56.85502196636874%;top:14.352941176470587%;height:2.372549019607843%;width:3.120739281926981%;" type="para" /></box><box><div coordinates="4099,735,346,121" index="15" style="position:fixed;left:62.09665202242085%;top:14.411764705882351%;height:2.372549019607843%;width:5.241630056052114%;" type="para" /></box><box><div coordinates="576,999,3289,214" index="16" style="position:fixed;left:8.725950613543402%;top:19.58823529411765%;height:4.196078431372549%;width:49.825783972125436%;" type="para">FUND ADMINISTRATION, PORTFOLIO ACCOUNTING, TAX SERVICES</div></box><box><div coordinates="570,1227,3946,295" index="17" style="position:fixed;left:8.635055294652325%;top:24.058823529411764%;height:5.784313725490196%;width:59.778821390698376%;" type="para">The fees below are annual per portfolio charges, billed and payable monthly, based on month end net
assets. Asset based charges apply to the net assets for each Portfolio.</div></box><box><div coordinates="354,1278,124,122" index="18" style="position:fixed;left:5.36282381457355%;top:25.058823529411768%;height:2.392156862745098%;width:1.8785032570822602%;" type="para" /></box><box><div coordinates="558,1606,1001,606" index="19" style="position:fixed;left:8.453264656870171%;top:31.49019607843137%;height:11.882352941176471%;width:15.1643690349947%;" type="para">TOTAL NET ASSETS
1st $250 MILLION
2ND &#169; $250 MILLION
NEXT $500 MILLION
OVER # BILLION |</div></box><box><div coordinates="3015,1638,1120,577" index="20" style="position:fixed;left:45.67489774276625%;top:32.11764705882353%;height:11.313725490196079%;width:16.96712619300106%;" type="para">ANNUAL BASIS POINTS FEE
6.00 BASIS POINTS -
5.00 BASIS POINTS
4,00 Basis POINTS +
3.00 BAsIs POINTS.</div></box><box><div coordinates="4483,1711,121,444" index="21" style="position:fixed;left:67.91395243144977%;top:33.54901960784314%;height:8.705882352941176%;width:1.8330555976367218%;" type="para" /></box><box><div coordinates="351,1992,124,122" index="22" style="position:fixed;left:5.317376155128011%;top:39.05882352941176%;height:2.392156862745098%;width:1.8785032570822602%;" type="para" /></box><box><div coordinates="4483,2161,121,123" index="23" style="position:fixed;left:67.91395243144977%;top:42.37254901960784%;height:2.411764705882353%;width:1.8330555976367218%;" type="para" /></box><box><div coordinates="561,2205,121,121" index="24" style="position:fixed;left:8.498712316315709%;top:43.23529411764706%;height:2.372549019607843%;width:1.8330555976367218%;" type="para" /></box><box><div coordinates="1266,2208,379,122" index="25" style="position:fixed;left:19.17891228601727%;top:43.29411764705882%;height:2.392156862745098%;width:5.741554309953037%;" type="para" /></box><box><div coordinates="2184,2211,239,122" index="26" style="position:fixed;left:33.085896076352064%;top:43.35294117647059%;height:2.392156862745098%;width:3.6206635358279047%;" type="para" /></box><box><div coordinates="3088,2214,640,310" index="27" style="position:fixed;left:46.78079078927435%;top:43.411764705882355%;height:6.078431372549019%;width:9.695500681714892%;" type="para">$125,000.00</div></box><box><div coordinates="4000,2217,295,122" index="28" style="position:fixed;left:60.596879260718076%;top:43.470588235294116%;height:2.392156862745098%;width:4.469019845477957%;" type="para" /></box><box><div coordinates="858,2331,1027,197" index="29" style="position:fixed;left:12.998030601424027%;top:45.705882352941174%;height:3.8627450980392157%;width:15.558248750189366%;" type="para">*ANNUAL MINIMUM FEE</div></box><box><div coordinates="559,2721,2332,200" index="30" style="position:fixed;left:8.46841387668535%;top:53.352941176470594%;height:3.9215686274509802%;width:35.32798060899864%;" type="para">Other Fees for Additional Accounting Services if applicable</div></box><box><div coordinates="606,2973,469,179" index="31" style="position:fixed;left:9.180427207998788%;top:58.29411764705882%;height:3.5098039215686274%;width:7.104984093319194%;" type="para" /></box><box><div coordinates="2844,2982,250,176" index="32" style="position:fixed;left:43.08438115437055%;top:58.470588235294116%;height:3.4509803921568625%;width:3.7873049537948797%;" type="para">FEE</div></box><box><div coordinates="603,3186,1825,463" index="33" style="position:fixed;left:9.13497954855325%;top:62.47058823529412%;height:9.07843137254902%;width:27.647326162702623%;" type="para">Special Reporting Services

Client Specific system interfaces and/or client
specific system developments</div></box><box><div coordinates="2840,3195,624,196" index="34" style="position:fixed;left:43.02378427510983%;top:62.64705882352941%;height:3.8431372549019605%;width:9.45311316467202%;" type="para">To be Agreed</div></box><box><div coordinates="2840,3411,624,197" index="35" style="position:fixed;left:43.02378427510983%;top:66.88235294117646%;height:3.8627450980392157%;width:9.45311316467202%;" type="para" /></box><box><div coordinates="549,3867,1091,203" index="36" style="position:fixed;left:8.316921678533555%;top:75.8235294117647%;height:3.980392156862745%;width:16.527798818360854%;" type="para">CUSTODY SERVICES</div></box><box><div coordinates="555,4095,3677,280" index="37" style="position:fixed;left:8.407816997424632%;top:80.29411764705883%;height:5.490196078431373%;width:55.70368126041508%;" type="para">Fees are divided into two categories for each market of investment: Safekeeping fees and
Transaction fees.</div></box><box><div coordinates="552,4392,3680,392" index="38" style="position:fixed;left:8.362369337979095%;top:86.11764705882354%;height:7.686274509803921%;width:55.749128919860624%;" type="para">Safekeeping Fee: an annual fee billed and payable monthly based on the value of the month
end total assets of the Portfolio and the Financing Subsidiaries. For US assets only: * Note:
Additional countries available on request</div></box><box><div coordinates="543,4771,1357,649" index="39" style="position:fixed;left:8.226026359642479%;top:93.54901960784315%;height:12.725490196078432%;width:20.557491289198605%;" type="para">we ASSETS UNDER CusTODY |
1ST $250 MILLION |
2ND $250 MILLION

NEXT $500 MILLION |
OVER . $1 BILLION | s - 2 on  o</div></box><box><div coordinates="4471,4789,241,469" index="40" style="position:fixed;left:67.73216179366763%;top:93.90196078431372%;height:9.19607843137255%;width:3.650961975458264%;" type="para" /></box><box><div coordinates="3000,4804,1123,580" index="41" style="position:fixed;left:45.447659445538555%;top:94.19607843137256%;height:11.372549019607844%;width:17.0125738524466%;" type="para">ANNUAL BAsIS POINTS FEE
~~ 1.5 BASISPOINTS
1.0 BASISPOINTS = =
., CT BASIS POINTS ~~
.50 BASIS POINTS ~~</div></box><box><div coordinates="559,5497,1554,199" index="42" style="position:fixed;left:8.46841387668535%;top:107.7843137254902%;height:3.9019607843137254%;width:23.54188759278897%;" type="para">*ANNUAL MINIMUM FEE PER PORTFOLIO</div></box><box><div coordinates="2787,5504,539,186" index="43" style="position:fixed;left:42.22087562490532%;top:107.92156862745097%;height:3.6470588235294117%;width:8.16542948038176%;" type="para">$25,000.00</div></box><box><div coordinates="330,5629,124,121" index="44" style="position:fixed;left:4.999242539009241%;top:110.37254901960785%;height:2.372549019607843%;width:1.8785032570822602%;" type="para" /></box><box><div coordinates="327,5998,124,139" index="45" style="position:fixed;left:4.953794879563703%;top:117.6078431372549%;height:2.7254901960784315%;width:1.8785032570822602%;" type="para" /></box><box><div coordinates="3513,6092,878,294" index="46" style="position:fixed;left:53.21920921072565%;top:119.45098039215686%;height:5.764705882352941%;width:13.301014997727616%;" type="para">:
;
5</div></box><box><div coordinates="1836,6217,439,166" index="47" style="position:fixed;left:27.813967580669598%;top:121.90196078431373%;height:3.2549019607843137%;width:6.650507498863808%;" type="para">Page 4 of 7</div></box></Blocks></page><page num="5" src="img/Bi2i_1015/Bi2i_1015-04.jpg" txt_src="img/Bi2i_1015/Bi2i_1015-04.txt"><Blocks><box><div coordinates="366,183,1217,670" index="0" style="position:fixed;left:5.544614452355703%;top:3.5882352941176467%;height:13.137254901960786%;width:18.436600515073472%;" type="para" /></box><box><div coordinates="870,243,466,124" index="1" style="position:fixed;left:13.17982123920618%;top:4.764705882352941%;height:2.431372549019608%;width:7.059536433873656%;" type="para" /></box><box><div coordinates="1341,246,527,124" index="2" style="position:fixed;left:20.315103772155734%;top:4.823529411764706%;height:2.431372549019608%;width:7.983638842599607%;" type="para" /></box><box><div coordinates="1869,249,491,122" index="3" style="position:fixed;left:28.31389183457052%;top:4.88235294117647%;height:2.392156862745098%;width:7.4382669292531425%;" type="para" /></box><box><div coordinates="2361,252,122,122" index="4" style="position:fixed;left:35.767307983638844%;top:4.941176470588235%;height:2.392156862745098%;width:1.8482048174519012%;" type="para" /></box><box><div coordinates="2496,252,248,122" index="5" style="position:fixed;left:37.81245265868808%;top:4.941176470588235%;height:2.392156862745098%;width:3.7570065141645204%;" type="para" /></box><box><div coordinates="2754,252,281,122" index="6" style="position:fixed;left:41.720951371004396%;top:4.941176470588235%;height:2.392156862745098%;width:4.256930768065445%;" type="para" /></box><box><div coordinates="3057,255,269,122" index="7" style="position:fixed;left:46.31116497500379%;top:5.0%;height:2.392156862745098%;width:4.07514013028329%;" type="para" /></box><box><div coordinates="3372,255,383,122" index="8" style="position:fixed;left:51.08316921678534%;top:5.0%;height:2.392156862745098%;width:5.802151189213756%;" type="para" /></box><box><div coordinates="3864,258,872,610" index="9" style="position:fixed;left:58.536585365853654%;top:5.0588235294117645%;height:11.96078431372549%;width:13.210119678836541%;" type="para">RT)
Ba HE Ss

A ERAS O FINS FRAT
HA A Nhs

RAL TBS

IER

CRA A

re</div></box><box><div coordinates="861,378,121,121" index="10" style="position:fixed;left:13.043478260869565%;top:7.411764705882352%;height:2.372549019607843%;width:1.8330555976367218%;" type="para" /></box><box><div coordinates="1611,734,1238,125" index="11" style="position:fixed;left:24.405393122254203%;top:14.392156862745098%;height:2.450980392156863%;width:18.754734131192244%;" type="para" /></box><box><div coordinates="2910,740,677,122" index="12" style="position:fixed;left:44.0842296621724%;top:14.50980392156863%;height:2.392156862745098%;width:10.256021814876535%;" type="para" /></box><box><div coordinates="3627,744,443,121" index="13" style="position:fixed;left:54.94622026965611%;top:14.588235294117647%;height:2.372549019607843%;width:6.711104378124527%;" type="para" /></box><box><div coordinates="597,864,1958,199" index="14" style="position:fixed;left:9.044084229662172%;top:16.941176470588236%;height:3.9019607843137254%;width:29.662172398121495%;" type="para">Transaction Fees for Additional Custody Services</div></box><box><div coordinates="363,993,124,178" index="15" style="position:fixed;left:5.499166792910165%;top:19.470588235294116%;height:3.4901960784313726%;width:1.8785032570822602%;" type="para" /></box><box><div coordinates="4189,1158,121,172" index="16" style="position:fixed;left:63.460081805787006%;top:22.705882352941174%;height:3.3725490196078427%;width:1.8330555976367218%;" type="para" /></box><box><div coordinates="619,1161,423,179" index="17" style="position:fixed;left:9.377367065596122%;top:22.764705882352942%;height:3.5098039215686274%;width:6.408119981820937%;" type="para">SERVICE</div></box><box><div coordinates="2109,1170,247,175" index="18" style="position:fixed;left:31.949704590213607%;top:22.941176470588236%;height:3.431372549019608%;width:3.7418572943493413%;" type="para">FEE</div></box><box><div coordinates="618,1365,400,196" index="19" style="position:fixed;left:9.362217845780943%;top:26.764705882352942%;height:3.8431372549019605%;width:6.059687926071807%;" type="para">Options</div></box><box><div coordinates="2106,1374,389,178" index="20" style="position:fixed;left:31.904256930768067%;top:26.941176470588236%;height:3.4901960784313726%;width:5.893046508104833%;" type="para">Waived</div></box><box><div coordinates="4189,1380,121,121" index="21" style="position:fixed;left:63.460081805787006%;top:27.058823529411764%;height:2.372549019607843%;width:1.8330555976367218%;" type="para" /></box><box><div coordinates="360,1491,124,158" index="22" style="position:fixed;left:5.4537191334646264%;top:29.235294117647058%;height:3.0980392156862746%;width:1.8785032570822602%;" type="para" /></box><box><div coordinates="621,1572,391,179" index="23" style="position:fixed;left:9.40766550522648%;top:30.823529411764707%;height:3.5098039215686274%;width:5.923344947735192%;" type="para">Futures</div></box><box><div coordinates="2103,1578,392,179" index="24" style="position:fixed;left:31.858809271322524%;top:30.941176470588232%;height:3.5098039215686274%;width:5.938494167550371%;" type="para">Waived</div></box><box><div coordinates="4606,1575,124,122" index="25" style="position:fixed;left:69.77730646871686%;top:30.88235294117647%;height:2.392156862745098%;width:1.8785032570822602%;" type="para" /></box><box><div coordinates="615,1776,1133,601" index="26" style="position:fixed;left:9.316770186335404%;top:34.8235294117647%;height:11.784313725490197%;width:17.164066050598397%;" type="para">Wires

 
 
  

 

Pay downs on Government
Securities

 

Swap Transactions</div></box><box><div coordinates="2103,1782,389,179" index="27" style="position:fixed;left:31.858809271322524%;top:34.94117647058824%;height:3.5098039215686274%;width:5.893046508104833%;" type="para">Waived</div></box><box><div coordinates="2100,1986,392,179" index="28" style="position:fixed;left:31.81336161187699%;top:38.94117647058823%;height:3.5098039215686274%;width:5.938494167550371%;" type="para">Waived</div></box><box><div coordinates="4186,2026,121,123" index="29" style="position:fixed;left:63.41463414634146%;top:39.72549019607843%;height:2.411764705882353%;width:1.8330555976367218%;" type="para" /></box><box><div coordinates="2100,2190,392,179" index="30" style="position:fixed;left:31.81336161187699%;top:42.94117647058823%;height:3.5098039215686274%;width:5.938494167550371%;" type="para">Waived</div></box><box><div coordinates="354,2376,124,122" index="31" style="position:fixed;left:5.36282381457355%;top:46.588235294117645%;height:2.392156862745098%;width:1.8785032570822602%;" type="para" /></box><box><div coordinates="612,2385,1291,196" index="32" style="position:fixed;left:9.271322526889865%;top:46.76470588235294%;height:3.8431372549019605%;width:19.55764278139676%;" type="para">Time deposits with State Street</div></box><box><div coordinates="2100,2394,389,176" index="33" style="position:fixed;left:31.81336161187699%;top:46.94117647058824%;height:3.4509803921568625%;width:5.893046508104833%;" type="para">Waived</div></box><box><div coordinates="4183,2566,121,123" index="34" style="position:fixed;left:63.36918648689592%;top:50.313725490196084%;height:2.411764705882353%;width:1.8330555976367218%;" type="para" /></box><box><div coordinates="610,2589,1080,199" index="35" style="position:fixed;left:9.241024087259506%;top:50.76470588235294%;height:3.9019607843137254%;width:16.361157400393882%;" type="para">Third Party Time deposits</div></box><box><div coordinates="2097,2598,392,179" index="36" style="position:fixed;left:31.76791395243145%;top:50.94117647058823%;height:3.5098039215686274%;width:5.938494167550371%;" type="para">Waived</div></box><box><div coordinates="609,2794,1339,589" index="37" style="position:fixed;left:9.225874867444327%;top:54.78431372549019%;height:11.549019607843137%;width:20.284805332525373%;" type="para">Third Party Claim Charge

Foreign Exchange through State
Street Global Markets

Stock Transfers</div></box><box><div coordinates="2097,2802,392,179" index="38" style="position:fixed;left:31.76791395243145%;top:54.94117647058824%;height:3.5098039215686274%;width:5.938494167550371%;" type="para">Waived</div></box><box><div coordinates="4600,2874,124,122" index="39" style="position:fixed;left:69.68641114982579%;top:56.35294117647058%;height:2.392156862745098%;width:1.8785032570822602%;" type="para" /></box><box><div coordinates="2100,3003,515,194" index="40" style="position:fixed;left:31.81336161187699%;top:58.88235294117648%;height:3.8039215686274512%;width:7.801848204817452%;" type="para">No Charge&#8217;</div></box><box><div coordinates="348,3216,124,182" index="41" style="position:fixed;left:5.271928495682472%;top:63.05882352941177%;height:3.568627450980392%;width:1.8785032570822602%;" type="para" /></box><box><div coordinates="2095,3210,391,178" index="42" style="position:fixed;left:31.737615512801092%;top:62.94117647058823%;height:3.4901960784313726%;width:5.923344947735192%;" type="para">Waived</div></box><box><div coordinates="4591,4528,124,121" index="43" style="position:fixed;left:69.55006817148916%;top:88.7843137254902%;height:2.372549019607843%;width:1.8785032570822602%;" type="para" /></box><box><div coordinates="639,4779,1867,652" index="44" style="position:fixed;left:9.680351461899713%;top:93.70588235294117%;height:12.784313725490195%;width:28.28359339494016%;" type="para">' The Transaction Processing Fees are per trade processing fees charged
the Fund in connection with the provision of custody services under the C
waived, apply whether the Fund or its third party investment managers
affiliates or a third party dealer or broker. The processing fees are ii
compensation {as described herein) that may be eamed by State Street or
such transaction.

State Street Global Markets, a separate division of State Street, offers p!

Fo T.T Ft PY A,</div></box><box><div coordinates="2334,4789,769,447" index="45" style="position:fixed;left:35.358279048628994%;top:93.90196078431372%;height:8.764705882352942%;width:11.64975003787305%;" type="para">harged for processing the settle
1 the Custody Agreement. Th
nagers entered into such trans;
s are in addition to, and are 1
reet or any of its affiliates or by</div></box><box><div coordinates="2971,4801,1396,442" index="46" style="position:fixed;left:45.00833207089835%;top:94.13725490196079%;height:8.666666666666668%;width:21.14831086199061%;" type="para">settlement of transactions by State Street on behalf of
. These Transaction Processing Fees, unless otherwise
transactions with or through State Street or one of its
are not to be construed as payments in lieu of, any
or by a third party dealer or broker in connection with</div></box><box><div coordinates="333,5131,124,121" index="47" style="position:fixed;left:5.044690198454779%;top:100.6078431372549%;height:2.372549019607843%;width:1.8785032570822602%;" type="para" /></box><box><div coordinates="615,5287,1955,813" index="48" style="position:fixed;left:9.316770186335404%;top:103.66666666666666%;height:15.941176470588236%;width:29.61672473867596%;" type="para">State Street Global Markets, a separate division of State Street, offers prin
(which include its proprietary electronic trading platforms) in a variety of
Fund or its third party fiduciary investment managers may select State Stre
any such services, imespective of whether trade orders are transmitted thre
contractual or other arrangements that are distinct from its services and &#169;
Global Markets acts as a counterparty (e.g., foreign exchange, over the cow
are principal transactions and State Street or State Street Global Markets &#162;
capacity {regardless of any other relationships between State Street and tf
agency execution services, State Street Global Markets may receive compe
click fee, revenue share, spread, mark-up, mark-down, interest, fee or simila</div></box><box><div coordinates="2241,5296,2147,742" index="49" style="position:fixed;left:33.9494016058173%;top:103.84313725490195%;height:14.549019607843135%;width:32.52537494319043%;" type="para">t, offers principal or &#8220;dealer&#8221; trading services as well as agency execution services
a variety of asset classes, including most of those described in this schedule. The
ect State Street Global Markets to effect principal or agency transactions; however,
nsiitted through State Street&#8217;s custody or trustee operations, are conducted under
ervices and obligations under the Agreements. When State Street or State Street
over the counter derivatives, repurchase transactions) to the Fund, such transactions
bal Markets enters into them as a dealer and not in a fiduciary, agency or similar
Street and the Fund under the Agreements). In connection with such trading or

ceive compensation fron: the Fund in a variety of forms, including a commission,
faa ar cimilar amaonsf</div></box><box><div coordinates="3456,5332,121,121" index="50" style="position:fixed;left:52.355703681260415%;top:104.54901960784314%;height:2.372549019607843%;width:1.8330555976367218%;" type="para">wel
&#8482; re I.</div></box><box><div coordinates="330,5448,124,122" index="51" style="position:fixed;left:4.999242539009241%;top:106.8235294117647%;height:2.392156862745098%;width:1.8785032570822602%;" type="para" /></box><box><div coordinates="1291,5953,121,142" index="52" style="position:fixed;left:19.55764278139676%;top:116.72549019607843%;height:2.784313725490196%;width:1.8330555976367218%;" type="para">Fy LFS

Sprea</div></box><box><div coordinates="2577,5962,121,121" index="53" style="position:fixed;left:39.039539463717624%;top:116.90196078431372%;height:2.372549019607843%;width:1.8330555976367218%;" type="para">FEMME

"anc</div></box><box><div coordinates="324,6091,124,184" index="54" style="position:fixed;left:4.908347220118164%;top:119.43137254901961%;height:3.607843137254902%;width:1.8785032570822602%;" type="para" /></box><box><div coordinates="3513,6103,878,292" index="55" style="position:fixed;left:53.21920921072565%;top:119.66666666666667%;height:5.7254901960784315%;width:13.301014997727616%;" type="para" /></box><box><div coordinates="4582,6112,124,121" index="56" style="position:fixed;left:69.41372519315256%;top:119.84313725490196%;height:2.372549019607843%;width:1.8785032570822602%;" type="para" /></box><box><div coordinates="1836,6217,497,178" index="57" style="position:fixed;left:27.813967580669598%;top:121.90196078431373%;height:3.4901960784313726%;width:7.529162248144221%;" type="para">Page 5 of 7</div></box></Blocks></page><page num="6" src="img/Bi2i_1015/Bi2i_1015-05.jpg" txt_src="img/Bi2i_1015/Bi2i_1015-05.txt"><Blocks><box><div coordinates="363,105,1082,694" index="0" style="position:fixed;left:5.499166792910165%;top:2.0588235294117645%;height:13.607843137254902%;width:16.39145584002424%;" type="para" /></box><box><div coordinates="600,186,235,124" index="1" style="position:fixed;left:9.089531889107711%;top:3.6470588235294117%;height:2.431372549019608%;width:3.560066656567187%;" type="para" /></box><box><div coordinates="1038,189,728,125" index="2" style="position:fixed;left:15.72489016815634%;top:3.705882352941176%;height:2.450980392156863%;width:11.028632025450689%;" type="para" /></box><box><div coordinates="1860,195,388,122" index="3" style="position:fixed;left:28.1775488562339%;top:3.823529411764706%;height:2.392156862745098%;width:5.877897288289653%;" type="para" /></box><box><div coordinates="2394,198,368,122" index="4" style="position:fixed;left:36.267232237539766%;top:3.882352941176471%;height:2.392156862745098%;width:5.574912891986063%;" type="para" /></box><box><div coordinates="2868,201,1094,125" index="5" style="position:fixed;left:43.44796242993486%;top:3.9411764705882355%;height:2.450980392156863%;width:16.573246477806393%;" type="para" /></box><box><div coordinates="4056,207,683,646" index="6" style="position:fixed;left:61.445235570368126%;top:4.0588235294117645%;height:12.666666666666668%;width:10.346917133767612%;" type="para">Et Cres FYE Fray</div></box><box><div coordinates="5038,243,62,130" index="7" style="position:fixed;left:76.3217694288744%;top:4.764705882352941%;height:2.549019607843137%;width:0.9392516285411301%;" type="para" /></box><box><div coordinates="5038,414,62,133" index="8" style="position:fixed;left:76.3217694288744%;top:8.117647058823529%;height:2.607843137254902%;width:0.9392516285411301%;" type="para" /></box><box><div coordinates="1455,678,395,124" index="9" style="position:fixed;left:22.0421148310862%;top:13.294117647058822%;height:2.431372549019608%;width:5.98394182699591%;" type="para" /></box><box><div coordinates="1917,681,473,124" index="10" style="position:fixed;left:29.041054385699137%;top:13.352941176470587%;height:2.431372549019608%;width:7.165580972579912%;" type="para" /></box><box><div coordinates="2442,684,401,124" index="11" style="position:fixed;left:36.99439478866838%;top:13.411764705882353%;height:2.431372549019608%;width:6.0748371458869865%;" type="para" /></box><box><div coordinates="2940,687,434,124" index="12" style="position:fixed;left:44.53870625662778%;top:13.470588235294118%;height:2.431372549019608%;width:6.574761399787911%;" type="para" /></box><box><div coordinates="3552,690,413,124" index="13" style="position:fixed;left:53.81002878351765%;top:13.529411764705882%;height:2.431372549019608%;width:6.256627783669141%;" type="para" /></box><box><div coordinates="4101,693,356,124" index="14" style="position:fixed;left:62.1269504620512%;top:13.588235294117649%;height:2.431372549019608%;width:5.393122254203909%;" type="para" /></box><box><div coordinates="577,813,2020,211" index="15" style="position:fixed;left:8.741099833358582%;top:15.941176470588236%;height:4.137254901960785%;width:30.601424026662627%;" type="para">COLLATERAL MANAGEMENT SERVICES:</div></box><box><div coordinates="360,954,124,196" index="16" style="position:fixed;left:5.4537191334646264%;top:18.705882352941178%;height:3.8431372549019605%;width:1.8785032570822602%;" type="para" /></box><box><div coordinates="574,1051,3804,291" index="17" style="position:fixed;left:8.695652173913043%;top:20.607843137254903%;height:5.705882352941177%;width:57.62763217694289%;" type="para">Monthly fees are billed on a pro-rata basis for the number of days in the month that the Account is
funded with assets and based on average collateral market value.</div></box><box><div coordinates="4609,1164,124,199" index="18" style="position:fixed;left:69.8227541281624%;top:22.823529411764707%;height:3.9019607843137254%;width:1.8785032570822602%;" type="para" /></box><box><div coordinates="573,1347,2545,202" index="19" style="position:fixed;left:8.680502954097864%;top:26.41176470588235%;height:3.96078431372549%;width:38.554764429631874%;" type="para">Service: Collateral Management with auto selection/substitution:</div></box><box><div coordinates="357,1374,124,182" index="20" style="position:fixed;left:5.408271474019088%;top:26.941176470588236%;height:3.568627450980392%;width:1.8785032570822602%;" type="para" /></box><box><div coordinates="855,1551,1993,187" index="21" style="position:fixed;left:12.952582941978488%;top:30.411764705882355%;height:3.6666666666666665%;width:30.19239509165278%;" type="para">Fee based on Total Cash Collateral Market Value:</div></box><box><div coordinates="4606,1602,124,187" index="22" style="position:fixed;left:69.77730646871686%;top:31.411764705882355%;height:3.6666666666666665%;width:1.8785032570822602%;" type="para" /></box><box><div coordinates="354,1752,124,142" index="23" style="position:fixed;left:5.36282381457355%;top:34.35294117647059%;height:2.784313725490196%;width:1.8785032570822602%;" type="para" /></box><box><div coordinates="561,1752,908,404" index="24" style="position:fixed;left:8.498712316315709%;top:34.35294117647059%;height:7.92156862745098%;width:13.755491592183002%;" type="para">1ST $625 MILLION
2ND $625 MILLION
"REMAINING</div></box><box><div coordinates="2469,1764,842,404" index="25" style="position:fixed;left:37.40342372367823%;top:34.588235294117645%;height:7.92156862745098%;width:12.755643084381155%;" type="para">1.00 BASIS POINTS

.75 BASIS POINTS

.50 BASIS POINTS</div></box><box><div coordinates="4168,1828,121,123" index="26" style="position:fixed;left:63.14194818966823%;top:35.84313725490196%;height:2.411764705882353%;width:1.8330555976367218%;" type="para" /></box><box><div coordinates="1608,2037,193,122" index="27" style="position:fixed;left:24.359945462808668%;top:39.94117647058823%;height:2.392156862745098%;width:2.923799424329647%;" type="para" /></box><box><div coordinates="2056,2040,216,122" index="28" style="position:fixed;left:31.146795940009092%;top:40.0%;height:2.392156862745098%;width:3.272231480078776%;" type="para" /></box><box><div coordinates="3652,2049,307,122" index="29" style="position:fixed;left:55.324950765035595%;top:40.1764705882353%;height:2.392156862745098%;width:4.650810483260112%;" type="para" /></box><box><div coordinates="4162,2052,121,121" index="30" style="position:fixed;left:63.051052870777156%;top:40.23529411764706%;height:2.372549019607843%;width:1.8330555976367218%;" type="para" /></box><box><div coordinates="4603,2064,124,158" index="31" style="position:fixed;left:69.73185880927132%;top:40.470588235294116%;height:3.0980392156862746%;width:1.8785032570822602%;" type="para" /></box><box><div coordinates="351,2115,124,179" index="32" style="position:fixed;left:5.317376155128011%;top:41.47058823529412%;height:3.5098039215686274%;width:1.8785032570822602%;" type="para" /></box><box><div coordinates="852,2256,1148,200" index="33" style="position:fixed;left:12.90713528253295%;top:44.23529411764706%;height:3.9215686274509802%;width:17.391304347826086%;" type="para">Fee per same Counterparty:</div></box><box><div coordinates="555,2458,1220,465" index="34" style="position:fixed;left:8.407816997424632%;top:48.19607843137255%;height:9.117647058823529%;width:18.48204817451901%;" type="para">A ST ~10 AGREEMENTS
2 10 AGREEMENTS
Excess &gt;20 AGREEMENTS</div></box><box><div coordinates="2460,2466,470,506" index="35" style="position:fixed;left:37.267080745341616%;top:48.35294117647059%;height:9.92156862745098%;width:7.120133313134374%;" type="para">-@ $6,000
~@$3,750</div></box><box><div coordinates="4600,2493,124,137" index="36" style="position:fixed;left:69.68641114982579%;top:48.88235294117647%;height:2.686274509803922%;width:1.8785032570822602%;" type="para" /></box><box><div coordinates="348,2562,124,191" index="37" style="position:fixed;left:5.271928495682472%;top:50.23529411764706%;height:3.7450980392156863%;width:1.8785032570822602%;" type="para" /></box><box><div coordinates="4159,2590,124,390" index="38" style="position:fixed;left:63.00560521133162%;top:50.78431372549019%;height:7.647058823529412%;width:1.8785032570822602%;" type="para" /></box><box><div coordinates="762,2838,253,122" index="39" style="position:fixed;left:11.543705499166792%;top:55.64705882352941%;height:2.392156862745098%;width:3.8327526132404177%;" type="para" /></box><box><div coordinates="1227,2841,241,122" index="40" style="position:fixed;left:18.58809271322527%;top:55.705882352941174%;height:2.392156862745098%;width:3.650961975458264%;" type="para" /></box><box><div coordinates="1683,2844,229,122" index="41" style="position:fixed;left:25.49613694894713%;top:55.76470588235294%;height:2.392156862745098%;width:3.4691713376761095%;" type="para" /></box><box><div coordinates="2145,2847,259,122" index="42" style="position:fixed;left:32.495076503560064%;top:55.8235294117647%;height:2.392156862745098%;width:3.923647932131495%;" type="para" /></box><box><div coordinates="3154,2853,223,122" index="43" style="position:fixed;left:47.7806392970762%;top:55.94117647058824%;height:2.392156862745098%;width:3.3782760187850327%;" type="para" /></box><box><div coordinates="3682,2856,265,122" index="44" style="position:fixed;left:55.77942735949099%;top:56.00000000000001%;height:2.392156862745098%;width:4.014543251022572%;" type="para" /></box><box><div coordinates="844,2961,742,182" index="45" style="position:fixed;left:12.785941524011513%;top:58.05882352941176%;height:3.568627450980392%;width:11.240721102863201%;" type="para">Transaction Fee:</div></box><box><div coordinates="552,3160,1234,214" index="46" style="position:fixed;left:8.362369337979095%;top:61.96078431372549%;height:4.196078431372549%;width:18.694137251931526%;" type="para">| Collateral in/out per item</div></box><box><div coordinates="3970,3169,310,220" index="47" style="position:fixed;left:60.14240266626268%;top:62.13725490196078%;height:4.313725490196078%;width:4.69625814270565%;" type="para" /></box><box><div coordinates="2457,3172,365,208" index="48" style="position:fixed;left:37.22163308589608%;top:62.19607843137255%;height:4.07843137254902%;width:5.529465232540525%;" type="para">$32.00</div></box><box><div coordinates="2010,3255,205,122" index="49" style="position:fixed;left:30.449931828510834%;top:63.8235294117647%;height:2.392156862745098%;width:3.1055900621118013%;" type="para" /></box><box><div coordinates="2953,3261,244,122" index="50" style="position:fixed;left:44.73564611422512%;top:63.94117647058823%;height:2.392156862745098%;width:3.6964096349038025%;" type="para" /></box><box><div coordinates="3478,3264,232,122" index="51" style="position:fixed;left:52.68898651719437%;top:64.0%;height:2.392156862745098%;width:3.5146189971216484%;" type="para" /></box><box><div coordinates="846,3370,715,195" index="52" style="position:fixed;left:12.816239963641873%;top:66.07843137254902%;height:3.823529411764706%;width:10.831692167853356%;" type="para">Initial Setup Fee:</div></box><box><div coordinates="4594,3477,124,122" index="53" style="position:fixed;left:69.5955158309347%;top:68.17647058823529%;height:2.392156862745098%;width:1.8785032570822602%;" type="para" /></box><box><div coordinates="549,3550,229,226" index="54" style="position:fixed;left:8.316921678533555%;top:69.6078431372549%;height:4.431372549019608%;width:3.4691713376761095%;" type="para" /></box><box><div coordinates="795,3573,862,209" index="55" style="position:fixed;left:12.043629753067716%;top:70.05882352941177%;height:4.098039215686274%;width:13.058627480684745%;" type="para">&#8220;Initial Set Up Fee</div></box><box><div coordinates="2367,3585,680,206" index="56" style="position:fixed;left:35.858203302529915%;top:70.29411764705881%;height:4.03921568627451%;width:10.301469474322072%;" type="para">WAIVED</div></box><box><div coordinates="4156,3613,121,162" index="57" style="position:fixed;left:62.96015755188608%;top:70.84313725490196%;height:3.176470588235294%;width:1.8330555976367218%;" type="para" /></box><box><div coordinates="1881,3663,211,122" index="58" style="position:fixed;left:28.495682472352673%;top:71.82352941176471%;height:2.392156862745098%;width:3.196485381002878%;" type="para" /></box><box><div coordinates="3331,3672,220,122" index="59" style="position:fixed;left:50.46205120436298%;top:72.0%;height:2.392156862745098%;width:3.332828359339494%;" type="para" /></box><box><div coordinates="3829,3675,238,122" index="60" style="position:fixed;left:58.006362672322375%;top:72.05882352941177%;height:2.392156862745098%;width:3.6055143160127257%;" type="para" /></box><box><div coordinates="4591,3825,124,128" index="61" style="position:fixed;left:69.55006817148916%;top:75.0%;height:2.5098039215686274%;width:1.8785032570822602%;" type="para" /></box><box><div coordinates="555,3882,992,206" index="62" style="position:fixed;left:8.407816997424632%;top:76.11764705882354%;height:4.03921568627451%;width:15.028026056658081%;" type="para">OTHER EXPENSES</div></box><box><div coordinates="837,4119,3152,200" index="63" style="position:fixed;left:12.679896985305255%;top:80.76470588235294%;height:3.9215686274509802%;width:47.75034085744584%;" type="para">Out of Pocket (OOP) charges include, but are not limited to, the following items:</div></box><box><div coordinates="694,4140,141,146" index="64" style="position:fixed;left:10.513558551734585%;top:81.17647058823529%;height:2.8627450980392157%;width:2.136039993940312%;" type="para" /></box><box><div coordinates="4588,4167,124,200" index="65" style="position:fixed;left:69.50462051204363%;top:81.70588235294117%;height:3.9215686274509802%;width:1.8785032570822602%;" type="para" /></box><box><div coordinates="1113,4318,3269,931" index="66" style="position:fixed;left:16.861081654294804%;top:84.66666666666667%;height:18.254901960784313%;width:49.52279957582185%;" type="para">General OOP
o Communication items (Phone, Fax, Post, Courier)
&#162; Supplies and Forms
&#187; Storage
&#171; Periodic Statement Printing and Distribution
&#187; Legal Fees (fees to be determined based upon third party invoices for
Portfolio establishment)
&#187; Registration Fees (if applicable)</div></box><box><div coordinates="4585,4602,124,122" index="67" style="position:fixed;left:69.4591728525981%;top:90.23529411764706%;height:2.392156862745098%;width:1.8785032570822602%;" type="para" /></box><box><div coordinates="327,5170,124,121" index="68" style="position:fixed;left:4.953794879563703%;top:101.37254901960785%;height:2.372549019607843%;width:1.8785032570822602%;" type="para" /></box><box><div coordinates="843,5248,3097,199" index="69" style="position:fixed;left:12.770792304196336%;top:102.90196078431373%;height:3.9019607843137254%;width:46.91713376761097%;" type="para">The fee is based on the client-specific cost, based on the use of these services.</div></box><box><div coordinates="543,5443,3743,315" index="70" style="position:fixed;left:8.226026359642479%;top:106.72549019607843%;height:6.176470588235294%;width:56.70352976821693%;" type="para">FDIC Insurance Charge (2012, TBD in future years): Calculated monthly on the Fund's average
positive U.S. Dollar cash balances. This charge is calculated daily based on 2.5 bp annually.</div></box><box><div coordinates="321,5785,124,121" index="71" style="position:fixed;left:4.862899560672625%;top:113.4313725490196%;height:2.372549019607843%;width:1.8785032570822602%;" type="para" /></box><box><div coordinates="3504,6050,878,294" index="72" style="position:fixed;left:53.08286623238904%;top:118.62745098039215%;height:5.764705882352941%;width:13.301014997727616%;" type="para">STATE STREET,</div></box><box><div coordinates="4573,6085,124,121" index="73" style="position:fixed;left:69.27738221481594%;top:119.31372549019608%;height:2.372549019607843%;width:1.8785032570822602%;" type="para" /></box><box><div coordinates="318,6121,124,145" index="74" style="position:fixed;left:4.817451901227087%;top:120.01960784313725%;height:2.843137254901961%;width:1.8785032570822602%;" type="para" /></box><box><div coordinates="1827,6163,499,172" index="75" style="position:fixed;left:27.67762460233298%;top:120.84313725490196%;height:3.3725490196078427%;width:7.55946068777458%;" type="para">Page 6 of 7</div></box></Blocks></page><page num="7" src="img/Bi2i_1015/Bi2i_1015-06.jpg" txt_src="img/Bi2i_1015/Bi2i_1015-06.txt"><Blocks><box><div coordinates="357,168,419,610" index="0" style="position:fixed;left:5.408271474019088%;top:3.294117647058824%;height:11.96078431372549%;width:6.347523102560218%;" type="para" /></box><box><div coordinates="801,171,398,122" index="1" style="position:fixed;left:12.134525071958794%;top:3.3529411764705883%;height:2.392156862745098%;width:6.029389486441448%;" type="para" /></box><box><div coordinates="1254,174,410,122" index="2" style="position:fixed;left:18.997121648235115%;top:3.4117647058823533%;height:2.392156862745098%;width:6.211180124223603%;" type="para" /></box><box><div coordinates="1773,177,380,122" index="3" style="position:fixed;left:26.859566732313283%;top:3.4705882352941178%;height:2.392156862745098%;width:5.756703529768217%;" type="para" /></box><box><div coordinates="2319,180,425,122" index="4" style="position:fixed;left:35.13104075140131%;top:3.5294117647058822%;height:2.392156862745098%;width:6.438418421451295%;" type="para" /></box><box><div coordinates="2886,183,455,125" index="5" style="position:fixed;left:43.72064838660809%;top:3.5882352941176467%;height:2.450980392156863%;width:6.892895015906681%;" type="para" /></box><box><div coordinates="3357,186,1373,350" index="6" style="position:fixed;left:50.85593091955764%;top:3.6470588235294117%;height:6.862745098039216%;width:20.79987880624148%;" type="para" /></box><box><div coordinates="1365,498,122,121" index="7" style="position:fixed;left:20.67868504772004%;top:9.76470588235294%;height:2.372549019607843%;width:1.8482048174519012%;" type="para" /></box><box><div coordinates="4168,564,505,235" index="8" style="position:fixed;left:63.14194818966823%;top:11.058823529411764%;height:4.6078431372549025%;width:7.650356006665657%;" type="para">RE CE</div></box><box><div coordinates="801,657,479,124" index="9" style="position:fixed;left:12.134525071958794%;top:12.88235294117647%;height:2.431372549019608%;width:7.25647629147099%;" type="para" /></box><box><div coordinates="1308,660,389,124" index="10" style="position:fixed;left:19.815179518254812%;top:12.941176470588237%;height:2.431372549019608%;width:5.893046508104833%;" type="para" /></box><box><div coordinates="1950,665,218,122" index="11" style="position:fixed;left:29.540978639600063%;top:13.039215686274511%;height:2.392156862745098%;width:3.3025299197091353%;" type="para" /></box><box><div coordinates="2322,665,140,122" index="12" style="position:fixed;left:35.176488410846844%;top:13.039215686274511%;height:2.392156862745098%;width:2.1208907741251326%;" type="para" /></box><box><div coordinates="2496,668,314,122" index="13" style="position:fixed;left:37.81245265868808%;top:13.098039215686274%;height:2.392156862745098%;width:4.756855021966368%;" type="para" /></box><box><div coordinates="2940,669,377,124" index="14" style="position:fixed;left:44.53870625662778%;top:13.117647058823529%;height:2.431372549019608%;width:5.711255870322678%;" type="para" /></box><box><div coordinates="3438,672,140,121" index="15" style="position:fixed;left:52.08301772458719%;top:13.176470588235295%;height:2.372549019607843%;width:2.1208907741251326%;" type="para" /></box><box><div coordinates="3585,674,233,122" index="16" style="position:fixed;left:54.309953037418566%;top:13.215686274509805%;height:2.392156862745098%;width:3.529768216936828%;" type="para" /></box><box><div coordinates="3846,675,299,121" index="17" style="position:fixed;left:58.26389940918043%;top:13.23529411764706%;height:2.372549019607843%;width:4.529616724738676%;" type="para" /></box><box><div coordinates="570,798,446,199" index="18" style="position:fixed;left:8.635055294652325%;top:15.647058823529411%;height:3.9019607843137254%;width:6.756552037570065%;" type="para">TERMS</div></box><box><div coordinates="4603,915,124,121" index="19" style="position:fixed;left:69.73185880927132%;top:17.941176470588236%;height:2.372549019607843%;width:1.8785032570822602%;" type="para" /></box><box><div coordinates="567,1026,2114,202" index="20" style="position:fixed;left:8.589607635206786%;top:20.11764705882353%;height:3.96078431372549%;width:32.0254506892895%;" type="para">The final fee schedule will be executed by the parties.</div></box><box><div coordinates="573,1224,3599,286" index="21" style="position:fixed;left:8.680502954097864%;top:24.0%;height:5.607843137254902%;width:54.52204211483108%;" type="para">Ali fees are expressed in USD. Annual fees will be charged pro rata monthly and paid within
10 business days after the invoice is mailed.</div></box><box><div coordinates="351,1440,124,121" index="22" style="position:fixed;left:5.317376155128011%;top:28.235294117647058%;height:2.372549019607843%;width:1.8785032570822602%;" type="para" /></box><box><div coordinates="4597,1845,124,128" index="23" style="position:fixed;left:69.64096349038024%;top:36.17647058823529%;height:2.5098039215686274%;width:1.8785032570822602%;" type="para" /></box><box><div coordinates="909,1950,1277,1034" index="24" style="position:fixed;left:13.770640811998183%;top:38.23529411764706%;height:20.27450980392157%;width:19.345553703984244%;" type="para">ATE STREET BANK AND</div></box><box><div coordinates="516,1998,217,122" index="25" style="position:fixed;left:7.816997424632631%;top:39.1764705882353%;height:2.392156862745098%;width:3.2873806998939554%;" type="para" /></box><box><div coordinates="2385,2013,2003,1025" index="26" style="position:fixed;left:36.13088925920315%;top:39.470588235294116%;height:20.098039215686274%;width:30.343887289804577%;" type="para">WESTERN ASSET ORIoAE EX
CAPITAL CORP: SF PRATION 51

tt</div></box><box><div coordinates="2503,2010,268,122" index="27" style="position:fixed;left:37.91849719739434%;top:39.411764705882355%;height:2.392156862745098%;width:4.059990910468111%;" type="para" /></box><box><div coordinates="562,2319,248,179" index="28" style="position:fixed;left:8.51386153613089%;top:45.470588235294116%;height:3.5098039215686274%;width:3.7570065141645204%;" type="para" /></box><box><div coordinates="2388,2331,248,178" index="29" style="position:fixed;left:36.17633691864869%;top:45.705882352941174%;height:3.4901960784313726%;width:3.7570065141645204%;" type="para">BY:</div></box><box><div coordinates="4264,2421,121,190" index="30" style="position:fixed;left:64.59627329192547%;top:47.47058823529412%;height:3.7254901960784315%;width:1.8330555976367218%;" type="para" /></box><box><div coordinates="558,2526,367,179" index="31" style="position:fixed;left:8.453264656870171%;top:49.529411764705884%;height:3.5098039215686274%;width:5.559763672170883%;" type="para" /></box><box><div coordinates="4594,2523,124,122" index="32" style="position:fixed;left:69.5955158309347%;top:49.470588235294116%;height:2.392156862745098%;width:1.8785032570822602%;" type="para" /></box><box><div coordinates="4261,2628,124,193" index="33" style="position:fixed;left:64.55082563247993%;top:51.52941176470588%;height:3.784313725490196%;width:1.8785032570822602%;" type="para" /></box><box><div coordinates="510,2730,412,259" index="34" style="position:fixed;left:7.726102105741554%;top:53.529411764705884%;height:5.078431372549019%;width:6.241478563853962%;" type="para">DATE:</div></box><box><div coordinates="2385,2742,362,179" index="35" style="position:fixed;left:36.13088925920315%;top:53.764705882352935%;height:3.5098039215686274%;width:5.484017573094985%;" type="para">DATE:</div></box><box><div coordinates="4261,2833,121,121" index="36" style="position:fixed;left:64.55082563247993%;top:55.54901960784314%;height:2.372549019607843%;width:1.8330555976367218%;" type="para" /></box><box><div coordinates="4261,2992,121,123" index="37" style="position:fixed;left:64.55082563247993%;top:58.666666666666664%;height:2.411764705882353%;width:1.8330555976367218%;" type="para" /></box><box><div coordinates="4588,3420,124,188" index="38" style="position:fixed;left:69.50462051204363%;top:67.05882352941175%;height:3.686274509803922%;width:1.8785032570822602%;" type="para" /></box><box><div coordinates="4585,3858,124,122" index="39" style="position:fixed;left:69.4591728525981%;top:75.6470588235294%;height:2.392156862745098%;width:1.8785032570822602%;" type="para" /></box><box><div coordinates="4576,5149,124,181" index="40" style="position:fixed;left:69.32282987426147%;top:100.96078431372548%;height:3.5490196078431375%;width:1.8785032570822602%;" type="para" /></box><box><div coordinates="321,5473,124,133" index="41" style="position:fixed;left:4.862899560672625%;top:107.31372549019609%;height:2.607843137254902%;width:1.8785032570822602%;" type="para" /></box><box><div coordinates="4573,5581,124,121" index="42" style="position:fixed;left:69.27738221481594%;top:109.4313725490196%;height:2.372549019607843%;width:1.8785032570822602%;" type="para" /></box><box><div coordinates="318,5872,124,181" index="43" style="position:fixed;left:4.817451901227087%;top:115.13725490196079%;height:3.5490196078431375%;width:1.8785032570822602%;" type="para" /></box><box><div coordinates="4570,5973,124,122" index="44" style="position:fixed;left:69.2319345553704%;top:117.11764705882352%;height:2.392156862745098%;width:1.8785032570822602%;" type="para" /></box><box><div coordinates="3501,6034,878,292" index="45" style="position:fixed;left:53.037418572943494%;top:118.31372549019608%;height:5.7254901960784315%;width:13.301014997727616%;" type="para">:
;</div></box><box><div coordinates="1824,6145,496,172" index="46" style="position:fixed;left:27.632176942887444%;top:120.49019607843137%;height:3.3725490196078427%;width:7.514013028329041%;" type="para">Page 7 of 7</div></box><box><div coordinates="315,6241,124,160" index="47" style="position:fixed;left:4.7720042417815485%;top:122.37254901960783%;height:3.1372549019607843%;width:1.8785032570822602%;" type="para" /></box></Blocks></page></doc>