<doc doi="Bi2i_0777" name="/prcanalyt/test-pra1/inventory_module/InputProcessing/648/CEB/648CEB8ECCE1062CE4F9E40B7FC8A73E156BC8AA.pdf"><page num="1" src="img/Bi2i_0777/Bi2i_0777-00.jpg" txt_src="img/Bi2i_0777/Bi2i_0777-00.txt"><Blocks><box><div coordinates="479,348,4045,793" index="0" style="position:fixed;left:7.25647629147099%;top:6.8235294117647065%;height:15.549019607843137%;width:61.278594152401155%;" type="para">STATE STREET BANK AND TRUST COMPANY

 

PUTNAM INVESTMENTS
CONFIDENTIAL FEE SCHEDULE
AS OF JANUARY 1, 2014</div></box><box><div coordinates="449,1221,4107,1308" index="1" style="position:fixed;left:6.801999697015604%;top:23.941176470588236%;height:25.647058823529413%;width:62.217845780942284%;" type="para">CUSTODY SERVICES

This fee schedule is for services (the &#8220;Services&#8221;) provided by State Street Bank and Trust Company or its affiliates
(&#8220;State Street&#8217;) to the Funds (as defined below) pursuant to (a) several separate Custodian Agreements with the
Funds or Sub-Custodian Agreements with Putnam Investments and/or its affiliates, as applicable (&#8220;Putnam&#8217;) (each,
a &#8220;Custody Agreement&#8217;) and (b) an Investment Administration Services Agreement with Putnam (the &#8220;IAS

Agreement&#8217;, and collectively with each Custody Agreement, the &#8220;Agreements,&#8221; all as may be amended,
| supplemented, restated or otherwise modified from time to time). This fee schedule shall apply to all funds,
portfolios or accounts sponsored by Putnam that may be party or subject to the Agreements from time to time (each
a &#8220;Fund&#8221; and collectively, the &#8220;Funds&#8221;). The Putnam World Trust funds will continue to operate under a separate
fee schedule.</div></box><box><div coordinates="462,2612,4160,1113" index="2" style="position:fixed;left:6.998939554612937%;top:51.21568627450981%;height:21.823529411764707%;width:63.0207544311468%;" type="para">IL Custody

For the provision of custody services pursuant to the Custody Agreement, State Street shall be entitled to the fees set
forth below. The domestic custody fee per Fund is equal to the greater of the Basis Point Fee or the Minimum Fee.
Each Fund will pay in monthly installments in arrears, the greater of (i) the monthly installment of the annual per
Fund Minimum Fee described below or (ii) the Fund&#8217;s fee based upon the market value of securities held as of the
end of the billing period on a monthly basis calculated at the annualized rates set forth below. The Basis Point Fee
will be calculated by multiplying the market value of the Funds by the basis point fees shown in the table below.
This amount does not include transaction processing fees*, foreign custody, or any other fees, charges or expenses
specifically identified in this fee schedule.</div></box><box><div coordinates="1628,2610,1884,121" index="3" style="position:fixed;left:24.662929859112257%;top:51.17647058823529%;height:2.372549019607843%;width:28.541130131798216%;" type="para" /></box><box><div coordinates="3955,2612,325,121" index="4" style="position:fixed;left:59.91516436903499%;top:51.21568627450981%;height:2.372549019607843%;width:4.923496439933343%;" type="para" /></box><box><div coordinates="519,3732,3976,272" index="5" style="position:fixed;left:7.86244508407817%;top:73.1764705882353%;height:5.333333333333334%;width:60.23329798515377%;" type="para">* See Appendix 1 for information on transaction processing fees including important information on
foreign currency exchange transactions.</div></box><box><div coordinates="517,4020,706,170" index="6" style="position:fixed;left:7.832146644447811%;top:78.82352941176471%;height:3.3333333333333335%;width:10.69534918951674%;" type="para">Domestic Custody</div></box><box><div coordinates="528,4213,814,550" index="7" style="position:fixed;left:7.998788062414786%;top:82.6078431372549%;height:10.784313725490197%;width:12.331464929556128%;" type="para">Basis Point Fee
Domestic Holdings**
First $200 Million
Next $200 Million in a:
Thereafter</div></box><box><div coordinates="3484,4306,467,437" index="8" style="position:fixed;left:52.77988183608544%;top:84.43137254901961%;height:8.568627450980394%;width:7.074685653688835%;" type="para">Basis Points</div></box><box><div coordinates="530,4788,599,169" index="9" style="position:fixed;left:8.029086502045145%;top:93.88235294117648%;height:3.313725490196078%;width:9.07438266929253%;" type="para">Minimum Fee</div></box><box><div coordinates="3560,4785,354,170" index="10" style="position:fixed;left:53.93122254203908%;top:93.82352941176471%;height:3.3333333333333335%;width:5.36282381457355%;" type="para">Waived</div></box><box><div coordinates="1041,4974,792,188" index="11" style="position:fixed;left:15.77033782760188%;top:97.52941176470588%;height:3.686274509803922%;width:11.998182093622178%;" type="para">lied on complex wide a</div></box><box><div coordinates="528,4985,192,143" index="12" style="position:fixed;left:7.998788062414786%;top:97.74509803921568%;height:2.803921568627451%;width:2.9086502045144678%;" type="para">#3]</div></box><box><div coordinates="735,4997,299,148" index="13" style="position:fixed;left:11.134676564156946%;top:97.98039215686275%;height:2.9019607843137254%;width:4.529616724738676%;" type="para">arges ap)</div></box><box><div coordinates="538,5166,2525,186" index="14" style="position:fixed;left:8.15028026056658%;top:101.29411764705883%;height:3.6470588235294117%;width:38.25178003332828%;" type="para">Annual DDA Maintenance Fee (for more than one DDA per account)</div></box><box><div coordinates="3375,5184,128,129" index="15" style="position:fixed;left:51.12861687623087%;top:101.6470588235294%;height:2.5294117647058822%;width:1.9391001363429785%;" type="para">$1</div></box><box><div coordinates="3511,5186,304,168" index="16" style="position:fixed;left:53.18891077109529%;top:101.68627450980392%;height:3.294117647058824%;width:4.605362823814573%;" type="para">200 per &#162;</div></box><box><div coordinates="3849,5182,247,154" index="17" style="position:fixed;left:58.30934706862596%;top:101.6078431372549%;height:3.019607843137255%;width:3.7418572943493413%;" type="para">count</div></box><box><div coordinates="3467,5358,599,187" index="18" style="position:fixed;left:52.52234509922739%;top:105.05882352941175%;height:3.6666666666666665%;width:9.07438266929253%;" type="para">See Appendix 2</div></box><box><div coordinates="531,5360,661,180" index="19" style="position:fixed;left:8.044235721860323%;top:105.09803921568628%;height:3.5294117647058822%;width:10.013634297833661%;" type="para">Foreign Custody</div></box></Blocks></page><page num="2" src="img/Bi2i_0777/Bi2i_0777-01.jpg" txt_src="img/Bi2i_0777/Bi2i_0777-01.txt"><Blocks><box><div coordinates="476,342,4036,794" index="0" style="position:fixed;left:7.211028632025451%;top:6.705882352941177%;height:15.568627450980394%;width:61.14225117406453%;" type="para">STATE STREET BANK AND TRUST COMPANY

 

PUTNAM INVESTMENTS
CONFIDENTIAL FEE SCHEDULE
AS OF JANUARY 1, 2014</div></box><box><div coordinates="490,1219,4161,909" index="1" style="position:fixed;left:7.423117709437964%;top:23.901960784313726%;height:17.823529411764703%;width:63.03590365096198%;" type="para">IL. Retail and Trust Funds &#8212; Other Custody Services*:

For the provision of other custody services pursuant to the Custody Agreement, State Street shall be entitled to the
fees set forth below.

Transaction Processing for all trades including FX $2.25 per transaction
(excluding options and swaps)
Transaction Processing for options and swaps $7.00 per transaction

Portfolio Charge &#8212; retail and trust products $6,000 per fund per year</div></box><box><div coordinates="3585,1220,247,121" index="2" style="position:fixed;left:54.309953037418566%;top:23.92156862745098%;height:2.372549019607843%;width:3.7418572943493413%;" type="para" /></box><box><div coordinates="1761,1670,515,170" index="3" style="position:fixed;left:26.67777609453113%;top:32.745098039215684%;height:3.3333333333333335%;width:7.801848204817452%;" type="para">including FX</div></box><box><div coordinates="2880,1670,362,187" index="4" style="position:fixed;left:43.62975306771701%;top:32.745098039215684%;height:3.6666666666666665%;width:5.484017573094985%;" type="para">25 per tran:</div></box><box><div coordinates="1629,1688,121,121" index="5" style="position:fixed;left:24.678079078927436%;top:33.09803921568628%;height:2.372549019607843%;width:1.8330555976367218%;" type="para">ade:</div></box><box><div coordinates="2725,1689,139,141" index="6" style="position:fixed;left:41.28162399636419%;top:33.11764705882353%;height:2.764705882352941%;width:2.105741554309953%;" type="para">$2.</div></box><box><div coordinates="3286,1694,230,132" index="7" style="position:fixed;left:49.78033631267989%;top:33.21568627450981%;height:2.588235294117647%;width:3.484320557491289%;" type="para">ction</div></box><box><div coordinates="2726,1861,902,282" index="8" style="position:fixed;left:41.29677321617937%;top:36.490196078431374%;height:5.529411764705882%;width:13.664596273291925%;" type="para">$7.00 per transaction
$6,000 per fund per year</div></box><box><div coordinates="519,2150,1733,266" index="9" style="position:fixed;left:7.86244508407817%;top:42.15686274509804%;height:5.215686274509804%;width:26.253597939706104%;" type="para">*Services detailed in Schedule I of the Investment
Administration Services Addendum</div></box><box><div coordinates="492,2422,4162,257" index="10" style="position:fixed;left:7.453416149068323%;top:47.490196078431374%;height:5.03921568627451%;width:63.051052870777156%;" type="para" /></box><box><div coordinates="3863,2422,353,121" index="11" style="position:fixed;left:58.521436146038475%;top:47.490196078431374%;height:2.372549019607843%;width:5.34767459475837%;" type="para" /></box><box><div coordinates="509,2729,1565,648" index="12" style="position:fixed;left:7.710952885926376%;top:53.50980392156863%;height:12.705882352941176%;width:23.708529010755946%;" type="para">For the provision of middle office services pu
set forth below.

Transaction Processing for all trades includin;
(excluding options and swaps)

Transaction Processing for options and swaps
Portfolio Charge &#8212; non retail products</div></box><box><div coordinates="1943,2727,991,170" index="13" style="position:fixed;left:29.434934100893805%;top:53.470588235294116%;height:3.3333333333333335%;width:15.012876836842903%;" type="para">s pursuant to the IAS Agreem</div></box><box><div coordinates="3273,2734,495,163" index="14" style="position:fixed;left:49.583396455082564%;top:53.6078431372549%;height:3.1960784313725488%;width:7.498863808513861%;" type="para">street shall be &#162;</div></box><box><div coordinates="3772,2730,601,167" index="15" style="position:fixed;left:57.14285714285714%;top:53.529411764705884%;height:3.2745098039215685%;width:9.104681108922891%;" type="para">ntitled to the fees</div></box><box><div coordinates="1192,2742,693,155" index="16" style="position:fixed;left:18.057870019693986%;top:53.764705882352935%;height:3.0392156862745097%;width:10.498409331919406%;" type="para">f middle office servic</div></box><box><div coordinates="2935,2741,163,155" index="17" style="position:fixed;left:44.46296015755188%;top:53.74509803921569%;height:3.0392156862745097%;width:2.4693228298742613%;" type="para">ent, S</div></box><box><div coordinates="3105,2751,121,142" index="18" style="position:fixed;left:47.038327526132406%;top:53.94117647058824%;height:2.784313725490196%;width:1.8330555976367218%;" type="para">tate</div></box><box><div coordinates="1927,2918,350,171" index="19" style="position:fixed;left:29.19254658385093%;top:57.2156862745098%;height:3.3529411764705883%;width:5.302226935312832%;" type="para">1ding FX</div></box><box><div coordinates="2822,2918,640,187" index="20" style="position:fixed;left:42.7510983184366%;top:57.2156862745098%;height:3.6666666666666665%;width:9.695500681714892%;" type="para">25 per transaction</div></box><box><div coordinates="2672,2937,126,128" index="21" style="position:fixed;left:40.478715346159674%;top:57.58823529411765%;height:2.5098039215686274%;width:1.9088016967126193%;" type="para">$2</div></box><box><div coordinates="2672,3110,944,283" index="22" style="position:fixed;left:40.478715346159674%;top:60.98039215686275%;height:5.549019607843137%;width:14.300863505529465%;" type="para">$7.00 per transaction
$12,000 per fund per year</div></box><box><div coordinates="521,3398,1526,267" index="23" style="position:fixed;left:7.892743523708528%;top:66.62745098039215%;height:5.235294117647059%;width:23.117709437963946%;" type="para">*Services detailed in Schedule I of the Inves
Administration Services Agreement</div></box><box><div coordinates="2053,3418,201,150" index="24" style="position:fixed;left:31.101348280563553%;top:67.01960784313725%;height:2.941176470588235%;width:3.0449931828510834%;" type="para">ment</div></box><box><div coordinates="496,3672,4160,634" index="25" style="position:fixed;left:7.514013028329041%;top:72.0%;height:12.431372549019608%;width:63.0207544311468%;" type="para">IV. Additional Services

Additional special activities of a non-recurring nature such as fund consolidations or reorganizations, extraordinary

security shipments and the preparation of special reports will be subject to negotiation. Fees for other special items
will be negotiated separately.</div></box><box><div coordinates="1867,3670,1808,121" index="26" style="position:fixed;left:28.28359339494016%;top:71.96078431372548%;height:2.372549019607843%;width:27.38978942584457%;" type="para" /></box><box><div coordinates="3932,3671,124,121" index="27" style="position:fixed;left:59.56673231328586%;top:71.98039215686275%;height:2.372549019607843%;width:1.8785032570822602%;" type="para" /></box><box><div coordinates="4072,3671,126,121" index="28" style="position:fixed;left:61.687623087411005%;top:71.98039215686275%;height:2.372549019607843%;width:1.9088016967126193%;" type="para" /></box><box><div coordinates="4273,3671,126,121" index="29" style="position:fixed;left:64.73261627026207%;top:71.98039215686275%;height:2.372549019607843%;width:1.9088016967126193%;" type="para" /></box><box><div coordinates="4404,3671,124,121" index="30" style="position:fixed;left:66.7171640660506%;top:71.98039215686275%;height:2.372549019607843%;width:1.8785032570822602%;" type="para" /></box><box><div coordinates="524,4310,3964,477" index="31" style="position:fixed;left:7.938191183154067%;top:84.50980392156863%;height:9.352941176470589%;width:60.05150734737161%;" type="para">Significant regulatory changes, significant legal changes or changes in the Funds&#8217; service elections or status may, as
a result of such changes, necessitate additional services, processing or reports. In these instances, if State Street
elects to provide such services or arrange for their provision, State Street shall be entitled to additional fees and
expenses as negotiated with the Funds.</div></box><box><div coordinates="458,4874,4200,826" index="32" style="position:fixed;left:6.938342675352219%;top:95.56862745098039%;height:16.19607843137255%;width:63.62672322375398%;" type="para">V. Other Expenses, Fees and Charges

A billing for the recovery of other reimbursable expenses, fees and charges incurred on behalf of the Funds, as
applicable, will be made as of the end of each month. Unless indicated otherwise, the Funds&#8217; share of such
expenses, fees and charges will be based upon actual usage of a service or an allocated charge for the use of the
service for the benefit of the Funds. New or increased fees imposed upon State Street beyond State Street&#8217;s control
will be passed through to the Funds at cost.</div></box><box><div coordinates="2280,4871,210,121" index="33" style="position:fixed;left:34.5402211786093%;top:95.50980392156862%;height:2.372549019607843%;width:3.1813361611876987%;" type="para" /></box><box><div coordinates="3256,4871,308,121" index="34" style="position:fixed;left:49.325859718224514%;top:95.50980392156862%;height:2.372549019607843%;width:4.665959703075292%;" type="para" /></box><box><div coordinates="3618,4872,275,121" index="35" style="position:fixed;left:54.809877291319495%;top:95.52941176470588%;height:2.372549019607843%;width:4.166035449174368%;" type="para" /></box><box><div coordinates="3896,4872,142,121" index="36" style="position:fixed;left:59.021360399939404%;top:95.52941176470588%;height:2.372549019607843%;width:2.1511892137554915%;" type="para" /></box></Blocks></page><page num="3" src="img/Bi2i_0777/Bi2i_0777-02.jpg" txt_src="img/Bi2i_0777/Bi2i_0777-02.txt"><Blocks><box><div coordinates="509,355,4041,795" index="0" style="position:fixed;left:7.710952885926376%;top:6.96078431372549%;height:15.588235294117647%;width:61.21799727314043%;" type="para">STATE STREET BANK AND TRUST COMPANY

 

PUTNAM INVESTMENTS
CONFIDENTIAL FEE SCHEDULE
AS OF JANUARY 1, 2014</div></box><box><div coordinates="1521,1248,2980,189" index="1" style="position:fixed;left:23.041963338888046%;top:24.47058823529412%;height:3.705882352941176%;width:45.14467504923497%;" type="para">fate Street for expenses incurred by State Street on their behalf including, but not limited</div></box><box><div coordinates="557,1250,943,268" index="2" style="position:fixed;left:8.438115437054991%;top:24.509803921568626%;height:5.254901960784314%;width:14.285714285714285%;" type="para">The Funds will reimburse S
to, the following:</div></box><box><div coordinates="692,1545,1796,762" index="3" style="position:fixed;left:10.483260112104228%;top:30.294117647058822%;height:14.941176470588236%;width:27.207998788062415%;" type="para">Non-recurring legal, audit or other professional fees
Board Related Travel

Subcustodian/Depository Charges, ADR, GDR
Miscellaneous expenses incurred in connection
with foreign custody (e.g., stamp duties,
registration costs, script fees, special transportation
costs)</div></box><box><div coordinates="1447,1544,1037,170" index="4" style="position:fixed;left:21.920921072564763%;top:30.274509803921568%;height:3.3333333333333335%;width:15.70974094834116%;" type="para">audit or other professional fees</div></box><box><div coordinates="2657,1545,1823,461" index="5" style="position:fixed;left:40.251477048931974%;top:30.294117647058822%;height:9.03921568627451%;width:27.617027723072262%;" type="para">SSAE 16 Charges (pro rata portion) (not to exceed
$120,000)

Compliance 38a-1 Agreed Upon Procedures Report
(not to exceed $30,000)</div></box><box><div coordinates="3275,1543,1164,170" index="6" style="position:fixed;left:49.61369489471292%;top:30.254901960784313%;height:3.3333333333333335%;width:17.633691864868958%;" type="para">s (pro rata portion) (not to exceed</div></box><box><div coordinates="541,1563,143,447" index="7" style="position:fixed;left:8.19572792001212%;top:30.64705882352941%;height:8.764705882352942%;width:2.166338433570671%;" type="para" /></box><box><div coordinates="2508,1562,142,142" index="8" style="position:fixed;left:37.99424329647023%;top:30.627450980392158%;height:2.784313725490196%;width:2.1511892137554915%;" type="para" /></box><box><div coordinates="2509,1757,141,143" index="9" style="position:fixed;left:38.00939251628541%;top:34.45098039215686%;height:2.803921568627451%;width:2.136039993940312%;" type="para" /></box><box><div coordinates="494,2454,4200,608" index="10" style="position:fixed;left:7.483714588698683%;top:48.11764705882353%;height:11.92156862745098%;width:63.62672322375398%;" type="para">State Street will provide supporting documentation for the out-of-pocket charges.

VIL Overdrafts

Overdrafts &#162; are not allowed; however, should one occur, a charge will be imposed by State Street at a rate equivalent

= Rs = nny - ff 1 T&#8482; ova 2 fs oc ENR oo mans Wn mee el a HL gigi A me</div></box><box><div coordinates="649,2472,763,155" index="11" style="position:fixed;left:9.831843660051508%;top:48.470588235294116%;height:3.0392156862745097%;width:11.558854718981973%;" type="para">fate Street will provide</div></box><box><div coordinates="543,2909,1589,266" index="12" style="position:fixed;left:8.226026359642479%;top:57.03921568627452%;height:5.215686274509804%;width:24.072110286320257%;" type="para">Overdrafts are not allowed; however, should &#162;
to the Federal Funds Effective Rate plus 100 b</div></box><box><div coordinates="2155,2908,1299,267" index="13" style="position:fixed;left:32.646568701711864%;top:57.01960784313725%;height:5.235294117647059%;width:19.678836539918194%;" type="para">ne occur, a charge will be imposed by
151s points, as applicable.</div></box><box><div coordinates="3491,2906,559,156" index="14" style="position:fixed;left:52.8859263747917%;top:56.98039215686275%;height:3.058823529411765%;width:8.46841387668535%;" type="para">fate Street at a ra</div></box><box><div coordinates="496,3262,4200,1083" index="15" style="position:fixed;left:7.514013028329041%;top:63.9607843137255%;height:21.235294117647058%;width:63.62672322375398%;" type="para">VII. Confidentiality

This fee schedule is the confidential information of the parties and shall not be disclosed to any third party without
the prior written consent of the other parties.

VIII. Payment of Fees

Payment of fees or reimbursable expenses are due within 60 days of the invoice date.

 

TS AL pC</div></box><box><div coordinates="2543,3533,1897,171" index="16" style="position:fixed;left:38.52446599000152%;top:69.27450980392157%;height:3.3529411764705883%;width:28.738069989395548%;" type="para">ties and shall not be disclosed to any third party without</div></box><box><div coordinates="2359,3790,1057,121" index="17" style="position:fixed;left:35.73700954400849%;top:74.31372549019608%;height:2.372549019607843%;width:16.01272534464475%;" type="para" /></box><box><div coordinates="498,4049,4198,433" index="18" style="position:fixed;left:7.5443114679594%;top:79.3921568627451%;height:8.490196078431373%;width:63.59642478412362%;" type="para">Payment of fees or reimbursable expenses are due within 60 days of the invoice date.

IX. Effectiveness</div></box><box><div coordinates="2801,4046,674,170" index="19" style="position:fixed;left:42.43296470231783%;top:79.33333333333333%;height:3.3333333333333335%;width:10.210574155430995%;" type="para">of the invoice date.</div></box><box><div coordinates="1525,4066,419,168" index="20" style="position:fixed;left:23.102560218148767%;top:79.72549019607843%;height:3.294117647058824%;width:6.347523102560218%;" type="para">sable expens</div></box><box><div coordinates="547,4480,3597,285" index="21" style="position:fixed;left:8.286623238903196%;top:87.84313725490196%;height:5.588235294117648%;width:54.49174367520073%;" type="para">This fee schedule shall become effective January 1, 2014 and shall remain in effect for 7 (seven) years
year to year thereafter, until it is revised as a result of negotiations initiated by either party.</div></box><box><div coordinates="4149,4494,355,158" index="22" style="position:fixed;left:62.85411301317983%;top:88.11764705882354%;height:3.0980392156862746%;width:5.377973034388729%;" type="para">and from</div></box></Blocks></page><page num="4" src="img/Bi2i_0777/Bi2i_0777-03.jpg" txt_src="img/Bi2i_0777/Bi2i_0777-03.txt"><Blocks><box><div coordinates="558,403,3890,786" index="0" style="position:fixed;left:8.453264656870171%;top:7.901960784313726%;height:15.411764705882353%;width:58.930465081048325%;" type="para">STATE STREET BANK AND TRUST COMPANY

    

PUTNAM INVESTMENTS
CONFIDENTIAL FEE SCHEDULE
AS OF JANUARY 1, 2014</div></box><box><div coordinates="2051,1271,902,198" index="1" style="position:fixed;left:31.071049840933192%;top:24.92156862745098%;height:3.882352941176471%;width:13.664596273291925%;" type="para">SIGNATURE PAGE</div></box><box><div coordinates="584,1552,1751,1191" index="2" style="position:fixed;left:8.847144372064838%;top:30.43137254901961%;height:23.352941176470587%;width:26.526283896379336%;" type="para">EACH OF THE ENTITIES WHICH ARE A PARTY TO
A MASTER CUSTODIAN AGREEMENT DATED AS OF
JANUARY 1, 2007, AS AMENDED

 
   

BY: ft

NAME: JONAAHAN S. HORWITZ

TITLE EXECUTIVE VICE PRESIDENT,
PRINCIPAL EXECUTIVE OFFICER
AND COMPLIANCE LIAISON
DULY AUTHORIZED

DATE: AUGUST 1, 2013</div></box><box><div coordinates="2347,1557,1552,912" index="3" style="position:fixed;left:35.55521890622633%;top:30.529411764705884%;height:17.88235294117647%;width:23.511589153158614%;" type="para">STATE STREET BANK AND TRUST COMPANY

BY:

NAME: MICHAEL F. ROGERS

TITLE EXECUTIVE VICE PRESIDENT
DATE: AUGUST 1.2013</div></box><box><div coordinates="2351,2019,285,448" index="4" style="position:fixed;left:35.61581578548705%;top:39.588235294117645%;height:8.784313725490197%;width:4.317527647326163%;" type="para">BY:

NAME:
TITLE
DATE:</div></box><box><div coordinates="591,2570,268,172" index="5" style="position:fixed;left:8.953188910771095%;top:50.3921568627451%;height:3.3725490196078427%;width:4.059990910468111%;" type="para">DATE:</div></box><box><div coordinates="588,2849,1775,1097" index="6" style="position:fixed;left:8.907741251325557%;top:55.86274509803921%;height:21.509803921568626%;width:26.889865171943644%;" type="para">EACH OF THE ENTITIES WHICH ARE A PARTY TO
(INCLUDING TH LEE, PUTNAM INVESTMENT TRUST)
A MASTER CUSTODIAN AGREEMENT DATED AS OF
JANUARY 1, 2007, AS AMENDED

   

By:

NAME: &#8216;VEN D. KRICHMAR

TITLE PRINCIPAL FINANCIAL OFFICER
DULY AUTHORIZED

DATE: AUGUST 1, 2013</div></box><box><div coordinates="595,4053,1782,1004" index="7" style="position:fixed;left:9.013785790031813%;top:79.47058823529412%;height:19.686274509803923%;width:26.9959097106499%;" type="para">ON BEHALF Or ALL OTHER PRODUCTS
PUTNAM INVESTMENTS TRUST, ON BEHALF OF
ITSELF AND ITS AFFILIATES

  

BY:
NAME: STEVEN D. KRICHMAR
TITLE CHIEF OF OPERATIONS
DULY AUTHORIZED
DATE: AUGUST, 2013</div></box><box><div coordinates="601,4886,285,168" index="8" style="position:fixed;left:9.104681108922891%;top:95.80392156862744%;height:3.294117647058824%;width:4.317527647326163%;" type="para">DATE:</div></box><box><div coordinates="2465,5937,126,157" index="9" style="position:fixed;left:37.342826844417516%;top:116.41176470588235%;height:3.0784313725490198%;width:1.9088016967126193%;" type="para" /></box></Blocks></page><page num="5" src="img/Bi2i_0777/Bi2i_0777-04.jpg" txt_src="img/Bi2i_0777/Bi2i_0777-04.txt"><Blocks><box><div coordinates="483,320,4039,797" index="0" style="position:fixed;left:7.317073170731707%;top:6.2745098039215685%;height:15.627450980392158%;width:61.187698833510076%;" type="para">STATE STREET BANK AND TRUST COMPANY

 

PUTNAM INVESTMENTS
CONFIDENTIAL FEE SCHEDULE
AS OF JANUARY 1, 2014</div></box><box><div coordinates="511,1318,2926,2537" index="1" style="position:fixed;left:7.741251325556734%;top:25.84313725490196%;height:49.745098039215684%;width:44.32661717921527%;" type="para">APPENDIX 1

TRANSACTION PROCESSING FEES PER TRADE
State Street Repurchase Agreements (Repo)
DTC buy/sale/maturity*
FED buy/sale/maturity*
Mortgage Backed Securities
NYC and BOS physical buy/sell
Wire Transfers In and Out
Third Party Foreign Exchange *
Third Party Lending Transactions
Short Term Maturities
Foreign Exchange through State Street Global Markets
Exchange Traded Derivatives (Options, Futures Trades, etc.)
Over-the-Counter (&#8220;OTC&#8221;) Traded Derivatives (Options, Futures Trades, etc.)
Paydowns
Money Market Transactions (non-State Street)
Forwards
Inflationary Bond Paydowns
Interest Only Paydowns
Reverse Repos
Swap Trades
Bank Loans
Centrally cleared processing rates &#8212; to be negotiated when applicable
* These fees and charges assume automated trade instruction/information delivery in a</div></box><box><div coordinates="3480,1546,573,2199" index="2" style="position:fixed;left:52.71928495682472%;top:30.31372549019608%;height:43.11764705882353%;width:8.680502954097864%;" type="para">No Charge

2 0 LO 0 20 OR
SOOO OO nh OO
CSCO OO OOOO

4
~
=
oe
@

3.00

PPP PPLPL OOO nC
No
a)
oO

electronic format</div></box><box><div coordinates="1525,2140,166,256" index="3" style="position:fixed;left:23.102560218148767%;top:41.96078431372549%;height:5.019607843137255%;width:2.5147704893198%;" type="para">re *
tions</div></box><box><div coordinates="1325,2816,643,160" index="4" style="position:fixed;left:20.072716255112862%;top:55.2156862745098%;height:3.1372549019607843%;width:9.74094834116043%;" type="para">ctions (non-State St</div></box><box><div coordinates="2052,2837,121,124" index="5" style="position:fixed;left:31.08619906074837%;top:55.627450980392155%;height:2.431372549019608%;width:1.8330555976367218%;" type="para">t)</div></box><box><div coordinates="3404,3620,121,123" index="6" style="position:fixed;left:51.56794425087108%;top:70.98039215686275%;height:2.411764705882353%;width:1.8330555976367218%;" type="para">dan &#8364;</div></box><box><div coordinates="590,3861,3904,759" index="7" style="position:fixed;left:8.938039690955915%;top:75.70588235294117%;height:14.882352941176471%;width:59.14255415846084%;" type="para">! The Transaction Processing Fees are per trade processing fees charged for processing the settlement of
transactions by State Street on behalf of the Funds in connection with the provision of custody services under the
Custody Agreement. These Transaction Processing Fees, unless otherwise waived, apply whether a Fund or its
third party investment managers entered into such transactions with or through State Street or one of its affiliates
or a third party dealer or broker. The processing fees are in addition to, and are not to be construed as payments in
lieu of, any compensation (as described herein) that may be earned by State Street or any of its affiliates or by a

third party dealer or broker in connection with such transaction.</div></box><box><div coordinates="591,4624,3901,1322" index="8" style="position:fixed;left:8.953188910771095%;top:90.66666666666666%;height:25.92156862745098%;width:59.097106499015304%;" type="para">State Street Global Markets, a separate division of State Street, offers principal or &#8220;dealer&#8221; trading services as well
as agency execution services (which include its proprietary electronic trading platforms) in a variety of asset
classes, including most of those described in this schedule. A Fund or its third party fiduciary investment
managers may select State Street Global Markets to effect principal or agency transactions; however, any such
services, irrespective of whether trade orders are transmitted through State Street&#8217;s custody or trustee operations,
are conducted under contractual or other arrangements that are distinct from its services and obligations under the
Agreements. When State Street or State Street Global Markets acts as a counterparty (e.g., foreign exchange, over
the counter derivatives, repurchase transactions) to a Fund, such transactions are principal transactions and State
Street or State Street Global Markets enters into them as a dealer and not in a fiduciary, agency or similar capacity
(regardless of any other relationships between State Street and the Funds under the Agreements). In connection
with such trading or agency execution services, State Street Global Markets may receive compensation from the
Funds in a variety of forms, including a commission, click fee, revenue share, spread, mark-up, mark-down,
interest, fee or similar amount.</div></box><box><div coordinates="2445,6050,129,121" index="9" style="position:fixed;left:37.03984244811392%;top:118.62745098039215%;height:2.372549019607843%;width:1.9542493561581578%;" type="para" /></box></Blocks></page><page num="6" src="img/Bi2i_0777/Bi2i_0777-05.jpg" txt_src="img/Bi2i_0777/Bi2i_0777-05.txt"><Blocks><box><div coordinates="509,322,4039,794" index="0" style="position:fixed;left:7.710952885926376%;top:6.313725490196079%;height:15.568627450980394%;width:61.187698833510076%;" type="para">STATE STREET BANK AND TRUST COMPANY

 

PUTNAM INVESTMENTS
CONFIDENTIAL FEE SCHEDULE
AS OF JANUARY 1, 2014</div></box><box><div coordinates="1528,1386,1906,296" index="1" style="position:fixed;left:23.148007877594303%;top:27.176470588235297%;height:5.803921568627451%;width:28.87441296773216%;" type="para">APPENDIX 2
FOREIGN CUSTODY - COUNTRY BASED FEES</div></box><box><div coordinates="558,1694,617,553" index="2" style="position:fixed;left:8.453264656870171%;top:33.21568627450981%;height:10.843137254901961%;width:9.347068625965763%;" type="para">The Asset Charge
billing period on :
trade processing f
connection with t
be negotiated and</div></box><box><div coordinates="929,1693,3549,572" index="3" style="position:fixed;left:14.073625208301774%;top:33.19607843137255%;height:11.215686274509803%;width:53.76458112407211%;" type="para">Charge is based upon the market value of securities held based on custody location as of the end of the
iod on a monthly basis calculated at the annualized rates set forth below. The Transaction Charge is a per
essing fee charged for processing the settlement of transactions by State Street on behalf of the Funds in

1 with the provision of custody services under the Custody Agreement. Any country not listed below will

ted and agreed upon prior to investment.</div></box><box><div coordinates="3077,2262,1445,709" index="4" style="position:fixed;left:46.61414937130738%;top:44.35294117647059%;height:13.901960784313724%;width:21.890622632934402%;" type="para">*ASSET CHARGE
(Basis Points

TRANSACTIO
N CHARGES
PER TRADE</div></box><box><div coordinates="570,2290,431,170" index="5" style="position:fixed;left:8.635055294652325%;top:44.90196078431373%;height:3.3333333333333335%;width:6.529313740342372%;" type="para">MARKET</div></box><box><div coordinates="1031,2290,746,266" index="6" style="position:fixed;left:15.618845629450085%;top:44.90196078431373%;height:5.215686274509804%;width:11.301317982123921%;" type="para">* ASSET CHARGE
(Basis Points)</div></box><box><div coordinates="1816,2290,624,657" index="7" style="position:fixed;left:27.510983184366005%;top:44.90196078431373%;height:12.88235294117647%;width:9.45311316467202%;" type="para">TRANSACTIO
N CHARGES
PER TRADE
$15
$15
$15</div></box><box><div coordinates="2589,2290,430,170" index="8" style="position:fixed;left:39.221330101499774%;top:44.90196078431373%;height:3.3333333333333335%;width:6.514164520527192%;" type="para">MARKET</div></box><box><div coordinates="490,2569,3230,702" index="9" style="position:fixed;left:7.423117709437964%;top:50.372549019607845%;height:13.76470588235294%;width:48.93198000302984%;" type="para">$125

Banglades

 
    
     
   

   

g

Mauritius 40.0</div></box><box><div coordinates="562,2600,386,369" index="10" style="position:fixed;left:8.51386153613089%;top:50.98039215686274%;height:7.235294117647059%;width:5.847598848659294%;" type="para">Argentina
Australia
Austria</div></box><box><div coordinates="1454,2617,148,331" index="11" style="position:fixed;left:22.026965611271017%;top:51.313725490196084%;height:6.490196078431372%;width:2.242084532646569%;" type="para">hd
Oo

pro
Oo

Jr&#8212;
oO</div></box><box><div coordinates="959,2672,121,223" index="12" style="position:fixed;left:14.528101802757156%;top:52.3921568627451%;height:4.372549019607843%;width:1.8330555976367218%;" type="para" /></box><box><div coordinates="1735,2671,121,224" index="13" style="position:fixed;left:26.283896379336465%;top:52.37254901960784%;height:4.392156862745098%;width:1.8330555976367218%;" type="para" /></box><box><div coordinates="3794,2973,778,298" index="14" style="position:fixed;left:57.476139978791096%;top:58.29411764705882%;height:5.843137254901961%;width:11.786093016209666%;" type="para">$150</div></box><box><div coordinates="547,3272,690,603" index="15" style="position:fixed;left:8.286623238903196%;top:64.15686274509804%;height:11.823529411764707%;width:10.452961672473867%;" type="para">nn

Brazil</div></box><box><div coordinates="1366,3272,3207,2935" index="16" style="position:fixed;left:20.693834267535223%;top:64.15686274509804%;height:57.549019607843135%;width:48.583547947280714%;" type="para">1.0
15.0
20.0
15.0

5.0

10.0
50
15.0
7.0
2.0
15.0
40.0
50.0
10.0

1.0
40.0
7.0
50.0
50

2.0
50

S50

  
    
       
   
   
   
       
         
       
         
     
 

  

50
1.0
1.0
Peru
Republic
Africa
.0

    

South 45
Korea</div></box><box><div coordinates="1688,3272,169,426" index="17" style="position:fixed;left:25.571883048023025%;top:64.15686274509804%;height:8.352941176470589%;width:2.5602181487653386%;" type="para" /></box><box><div coordinates="2304,3272,186,121" index="18" style="position:fixed;left:34.90380245417361%;top:64.15686274509804%;height:2.372549019607843%;width:2.8177548856233905%;" type="para" /></box><box><div coordinates="3795,3273,177,121" index="19" style="position:fixed;left:57.491289198606275%;top:64.17647058823529%;height:2.372549019607843%;width:2.681411907286775%;" type="para" /></box><box><div coordinates="3976,3274,597,582" index="20" style="position:fixed;left:60.23329798515377%;top:64.19607843137256%;height:11.411764705882353%;width:9.044084229662172%;" type="para" /></box><box><div coordinates="1355,3317,247,539" index="21" style="position:fixed;left:20.527192849568245%;top:65.0392156862745%;height:10.568627450980392%;width:3.7418572943493413%;" type="para" /></box><box><div coordinates="1960,3315,335,539" index="22" style="position:fixed;left:29.692470837751856%;top:65.0%;height:10.568627450980392%;width:5.074988638085139%;" type="para" /></box><box><div coordinates="960,3476,121,222" index="23" style="position:fixed;left:14.543251022572337%;top:68.15686274509804%;height:4.352941176470588%;width:1.8330555976367218%;" type="para" /></box><box><div coordinates="491,3876,593,1630" index="24" style="position:fixed;left:7.4382669292531425%;top:76.0%;height:31.960784313725487%;width:8.983487350401456%;" type="para">Republic

Euroclear</div></box><box><div coordinates="958,3876,126,948" index="25" style="position:fixed;left:14.51295258294198%;top:76.0%;height:18.58823529411765%;width:1.9088016967126193%;" type="para" /></box><box><div coordinates="1734,3876,127,948" index="26" style="position:fixed;left:26.268747159521283%;top:76.0%;height:18.58823529411765%;width:1.9239509165277988%;" type="para" /></box><box><div coordinates="4452,3878,121,223" index="27" style="position:fixed;left:67.44432661717921%;top:76.0392156862745%;height:4.372549019607843%;width:1.8330555976367218%;" type="para" /></box><box><div coordinates="2031,3903,479,981" index="28" style="position:fixed;left:30.7680654446296%;top:76.52941176470588%;height:19.235294117647058%;width:7.25647629147099%;" type="para" /></box><box><div coordinates="1223,3923,449,958" index="29" style="position:fixed;left:18.52749583396455%;top:76.92156862745098%;height:18.784313725490197%;width:6.801999697015604%;" type="para">10.0

50
15.0
7.0
2.0
15.0
40.0

50.0

10.0</div></box><box><div coordinates="1936,4182,123,121" index="30" style="position:fixed;left:29.32888956218755%;top:82.0%;height:2.372549019607843%;width:1.8633540372670807%;" type="para" /></box><box><div coordinates="1367,4900,1130,598" index="31" style="position:fixed;left:20.7089834873504%;top:96.07843137254902%;height:11.72549019607843%;width:17.118618391152857%;" type="para">1.0
40.0
7.0
50.0
30</div></box><box><div coordinates="3685,4902,691,605" index="32" style="position:fixed;left:55.824875018936524%;top:96.11764705882354%;height:11.862745098039214%;width:10.468110892289047%;" type="para" /></box><box><div coordinates="4453,4903,121,121" index="33" style="position:fixed;left:67.4594758369944%;top:96.13725490196079%;height:2.372549019607843%;width:1.8330555976367218%;" type="para" /></box><box><div coordinates="3400,4928,249,578" index="34" style="position:fixed;left:51.50734737161036%;top:96.62745098039215%;height:11.333333333333332%;width:3.7721557339797%;" type="para" /></box><box><div coordinates="494,5507,408,298" index="35" style="position:fixed;left:7.483714588698683%;top:107.98039215686275%;height:5.843137254901961%;width:6.180881684593244%;" type="para">Finland
France</div></box><box><div coordinates="1738,5506,122,225" index="36" style="position:fixed;left:26.329344038782004%;top:107.96078431372548%;height:4.411764705882353%;width:1.8482048174519012%;" type="para" /></box><box><div coordinates="2995,5508,121,222" index="37" style="position:fixed;left:45.371913346462655%;top:108.0%;height:4.352941176470588%;width:1.8330555976367218%;" type="para" /></box><box><div coordinates="3417,5508,501,280" index="38" style="position:fixed;left:51.764884108468415%;top:108.0%;height:5.490196078431373%;width:7.589759127404938%;" type="para">45.0
2.0</div></box><box><div coordinates="4452,5510,122,223" index="39" style="position:fixed;left:67.44432661717921%;top:108.0392156862745%;height:4.372549019607843%;width:1.8482048174519012%;" type="para" /></box><box><div coordinates="1430,5558,176,229" index="40" style="position:fixed;left:21.663384335706713%;top:108.98039215686275%;height:4.490196078431373%;width:2.666262687471595%;" type="para" /></box><box><div coordinates="2075,5552,223,252" index="41" style="position:fixed;left:31.434631116497503%;top:108.86274509803921%;height:4.941176470588235%;width:3.3782760187850327%;" type="para">$20
$10</div></box><box><div coordinates="4092,5554,265,254" index="42" style="position:fixed;left:61.99060748371459%;top:108.90196078431373%;height:4.980392156862745%;width:4.014543251022572%;" type="para">$100
$20</div></box><box><div coordinates="964,5609,121,121" index="43" style="position:fixed;left:14.603847901833056%;top:109.98039215686275%;height:2.372549019607843%;width:1.8330555976367218%;" type="para" /></box><box><div coordinates="547,5806,821,214" index="44" style="position:fixed;left:8.286623238903196%;top:113.84313725490196%;height:4.196078431372549%;width:12.437509468262384%;" type="para">Germany</div></box><box><div coordinates="1738,5806,123,121" index="45" style="position:fixed;left:26.329344038782004%;top:113.84313725490196%;height:2.372549019607843%;width:1.8633540372670807%;" type="para" /></box><box><div coordinates="2391,5806,121,121" index="46" style="position:fixed;left:36.22178457809423%;top:113.84313725490196%;height:2.372549019607843%;width:1.8330555976367218%;" type="para" /></box><box><div coordinates="3796,5808,556,175" index="47" style="position:fixed;left:57.506438418421446%;top:113.88235294117648%;height:3.431372549019608%;width:8.422966217239813%;" type="para" /></box><box><div coordinates="2118,5834,174,140" index="48" style="position:fixed;left:32.08604756855022%;top:114.39215686274511%;height:2.7450980392156863%;width:2.635964247841236%;" type="para" /></box><box><div coordinates="3418,5834,232,169" index="49" style="position:fixed;left:51.780033328283594%;top:114.39215686274511%;height:3.313725490196078%;width:3.5146189971216484%;" type="para">45.0</div></box><box><div coordinates="1459,5853,147,131" index="50" style="position:fixed;left:22.102711710346917%;top:114.76470588235294%;height:2.5686274509803924%;width:2.2269353128313893%;" type="para">S50</div></box><box><div coordinates="965,6004,121,121" index="51" style="position:fixed;left:14.618997121648237%;top:117.72549019607843%;height:2.372549019607843%;width:1.8330555976367218%;" type="para" /></box><box><div coordinates="2936,6004,150,121" index="52" style="position:fixed;left:44.47810937736706%;top:117.72549019607843%;height:2.372549019607843%;width:2.2723829722769278%;" type="para" /></box><box><div coordinates="3824,6006,304,121" index="53" style="position:fixed;left:57.930616573246475%;top:117.76470588235296%;height:2.372549019607843%;width:4.605362823814573%;" type="para" /></box></Blocks></page><page num="7" src="img/Bi2i_0777/Bi2i_0777-06.jpg" txt_src="img/Bi2i_0777/Bi2i_0777-06.txt"><Blocks><box><div coordinates="481,312,4039,798" index="0" style="position:fixed;left:7.286774731101349%;top:6.11764705882353%;height:15.647058823529411%;width:61.187698833510076%;" type="para">STATE STREET BANK AND TRUST COMPANY

 

PUTNAM INVESTMENTS
CONFIDENTIAL FEE SCHEDULE
AS OF JANUARY 1, 2014</div></box><box><div coordinates="1208,1188,1270,400" index="1" style="position:fixed;left:18.300257536736858%;top:23.294117647058822%;height:7.8431372549019605%;width:19.239509165277987%;" type="para" /></box><box><div coordinates="2904,1189,983,383" index="2" style="position:fixed;left:43.99333434328132%;top:23.313725490196077%;height:7.509803921568628%;width:14.891683078321465%;" type="para" /></box><box><div coordinates="4101,1191,441,400" index="3" style="position:fixed;left:62.1269504620512%;top:23.352941176470587%;height:7.8431372549019605%;width:6.680805938494168%;" type="para">$20
$40
$20</div></box><box><div coordinates="459,1212,733,980" index="4" style="position:fixed;left:6.953491895167399%;top:23.764705882352942%;height:19.215686274509807%;width:11.104378124526587%;" type="para">Kong</div></box><box><div coordinates="2486,1243,476,346" index="5" style="position:fixed;left:37.66096046053628%;top:24.372549019607842%;height:6.784313725490196%;width:7.211028632025451%;" type="para">Spain
Sri Lanka
Swaziland</div></box><box><div coordinates="927,1288,121,224" index="6" style="position:fixed;left:14.043326768671413%;top:25.254901960784316%;height:4.392156862745098%;width:1.8330555976367218%;" type="para" /></box><box><div coordinates="2963,1556,121,124" index="7" style="position:fixed;left:44.88713831237691%;top:30.50980392156863%;height:2.431372549019608%;width:1.8330555976367218%;" type="para" /></box><box><div coordinates="1334,1615,239,556" index="8" style="position:fixed;left:20.209059233449477%;top:31.666666666666664%;height:10.901960784313726%;width:3.6206635358279047%;" type="para" /></box><box><div coordinates="2469,1626,720,973" index="9" style="position:fixed;left:37.40342372367823%;top:31.88235294117647%;height:19.07843137254902%;width:10.907438266929253%;" type="para">Tobago</div></box><box><div coordinates="1865,1634,575,542" index="10" style="position:fixed;left:28.253294955309798%;top:32.03921568627451%;height:10.627450980392156%;width:8.710801393728223%;" type="para">$25
$50
$25
$25
$20</div></box><box><div coordinates="3387,1635,936,548" index="11" style="position:fixed;left:51.31040751401302%;top:32.05882352941177%;height:10.745098039215687%;width:14.179669747008028%;" type="para" /></box><box><div coordinates="1708,1689,122,430" index="12" style="position:fixed;left:25.874867444326615%;top:33.11764705882353%;height:8.431372549019608%;width:1.8482048174519012%;" type="para" /></box><box><div coordinates="460,2194,629,601" index="13" style="position:fixed;left:6.968641114982578%;top:43.01960784313725%;height:11.784313725490197%;width:9.528859263747917%;" type="para">Israel
Italy

Ivory
Coast</div></box><box><div coordinates="1708,2196,122,327" index="14" style="position:fixed;left:25.874867444326615%;top:43.05882352941177%;height:6.411764705882353%;width:1.8482048174519012%;" type="para" /></box><box><div coordinates="3672,2198,688,381" index="15" style="position:fixed;left:55.627935161339195%;top:43.09803921568627%;height:7.470588235294118%;width:10.422663232843508%;" type="para">$125
$15
$35</div></box><box><div coordinates="1256,2223,317,357" index="16" style="position:fixed;left:19.027420087865472%;top:43.588235294117645%;height:7.000000000000001%;width:4.802302681411907%;" type="para">7.0

25.0</div></box><box><div coordinates="3382,2230,238,350" index="17" style="position:fixed;left:51.234661414937136%;top:43.72549019607843%;height:6.862745098039216%;width:3.6055143160127257%;" type="para" /></box><box><div coordinates="2002,2243,264,333" index="18" style="position:fixed;left:30.3287380699894%;top:43.98039215686275%;height:6.529411764705882%;width:3.999394031207393%;" type="para">$25
$10
$125</div></box><box><div coordinates="3240,2301,128,121" index="19" style="position:fixed;left:49.083472201181635%;top:45.11764705882353%;height:2.372549019607843%;width:1.9391001363429785%;" type="para" /></box><box><div coordinates="462,2600,3426,919" index="20" style="position:fixed;left:6.998939554612937%;top:50.98039215686274%;height:18.019607843137255%;width:51.90122708680502%;" type="para">Kingdom

A

 

* Charges applied on complex wide assets</div></box><box><div coordinates="928,2600,121,121" index="21" style="position:fixed;left:14.058475988486594%;top:50.98039215686274%;height:2.372549019607843%;width:1.8330555976367218%;" type="para" /></box><box><div coordinates="1708,2600,122,121" index="22" style="position:fixed;left:25.874867444326615%;top:50.98039215686274%;height:2.372549019607843%;width:1.8482048174519012%;" type="para" /></box><box><div coordinates="1964,2600,501,186" index="23" style="position:fixed;left:29.75306771701257%;top:50.98039215686274%;height:3.6470588235294117%;width:7.589759127404938%;" type="para">$40</div></box><box><div coordinates="2963,2602,121,121" index="24" style="position:fixed;left:44.88713831237691%;top:51.01960784313726%;height:2.372549019607843%;width:1.8330555976367218%;" type="para" /></box><box><div coordinates="3472,2602,374,176" index="25" style="position:fixed;left:52.59809119830329%;top:51.01960784313726%;height:3.4509803921568625%;width:5.66580821087714%;" type="para">|</div></box><box><div coordinates="4419,2604,123,121" index="26" style="position:fixed;left:66.94440236327829%;top:51.05882352941177%;height:2.372549019607843%;width:1.8633540372670807%;" type="para" /></box><box><div coordinates="1369,2626,204,150" index="27" style="position:fixed;left:20.73928192698076%;top:51.490196078431374%;height:2.941176470588235%;width:3.090440842296622%;" type="para">17.0</div></box><box><div coordinates="4102,2632,221,166" index="28" style="position:fixed;left:62.142099681866384%;top:51.6078431372549%;height:3.2549019607843137%;width:3.3479775791546733%;" type="para">$10</div></box><box><div coordinates="3767,2800,776,631" index="29" style="position:fixed;left:57.067111043781246%;top:54.90196078431373%;height:12.372549019607842%;width:11.755794576579307%;" type="para" /></box><box><div coordinates="1685,4006,1637,187" index="30" style="position:fixed;left:25.52643538857749%;top:78.54901960784314%;height:3.6666666666666665%;width:24.79927283744887%;" type="para">[Remainder of page intentionally left blank.]</div></box><box><div coordinates="2435,6043,133,121" index="31" style="position:fixed;left:36.88835024996212%;top:118.49019607843137%;height:2.372549019607843%;width:2.014846235418876%;" type="para" /></box></Blocks></page></doc>