<doc doi="Bi2i_0724" name="/prcanalyt/test-pra1/inventory_module/InputProcessing/5CD/CB3/5CDCB3BDB0D2248D0EE720EE0001835C7E35EA82.pdf"><page num="1" src="img/Bi2i_0724/Bi2i_0724-00.jpg" txt_src="img/Bi2i_0724/Bi2i_0724-00.txt"><Blocks><box><div coordinates="503,337,4158,271" index="0" style="position:fixed;left:7.620057567035297%;top:6.6078431372549025%;height:5.313725490196078%;width:62.990455991516434%;" type="para" /></box><box><div coordinates="802,337,142,121" index="1" style="position:fixed;left:12.149674291773973%;top:6.6078431372549025%;height:2.372549019607843%;width:2.1511892137554915%;" type="para" /></box><box><div coordinates="990,339,904,121" index="2" style="position:fixed;left:14.997727617027723%;top:6.647058823529411%;height:2.372549019607843%;width:13.694894712922284%;" type="para" /></box><box><div coordinates="3042,339,447,121" index="3" style="position:fixed;left:46.08392667777609%;top:6.647058823529411%;height:2.372549019607843%;width:6.771701257385245%;" type="para" /></box><box><div coordinates="1241,624,2608,182" index="4" style="position:fixed;left:18.800181790637783%;top:12.23529411764706%;height:3.568627450980392%;width:39.50916527798818%;" type="para">LEGG MASON COLLECTIVE INVESTMENT TRUST FUNDS</div></box><box><div coordinates="489,822,4106,1554" index="5" style="position:fixed;left:7.407968489622785%;top:16.11764705882353%;height:30.470588235294116%;width:62.202696561127105%;" type="para">DOMESTIC AND FOREIGN CUSTODY, FUND ACCOUNTING
AND TRANSFER AGENCY SERVICES

     
     
       
   
       

This fee schedule is for services provided by State Street Bank and Trust Company or its
affiliates ("State Street&#8217;) to the Funds (as defined below) pursuant to that certain Custodian
and Fund Accounting Services Contract and that certain Transfer Agency Services Agreement
by and between State Street and Legg Mason Investment Counsel &amp; Trust Company, National
Association (the &#8220;Trustee&#8221;), as such agreements same may be amended, restated, modified or
supplemented from time to time. This fee schedule shall apply to all funds, portfolios or
accounts that may be party or subject to the Custodian and Fund Accounting Services Contract
and/or the Transfer Agency Services Agreement from time to time (each a &#8216;Fund&#8217; and
collectively, the &#8220;Funds&#8221;).</div></box><box><div coordinates="501,2382,4198,250" index="6" style="position:fixed;left:7.589759127404938%;top:46.705882352941174%;height:4.901960784313726%;width:63.59642478412362%;" type="para" /></box><box><div coordinates="1196,2646,241,154" index="7" style="position:fixed;left:18.118466898954704%;top:51.88235294117647%;height:3.019607843137255%;width:3.650961975458264%;" type="para" /></box><box><div coordinates="1528,2645,493,177" index="8" style="position:fixed;left:23.148007877594303%;top:51.86274509803922%;height:3.4705882352941178%;width:7.468565368883502%;" type="para">custody fee</div></box><box><div coordinates="3175,2645,943,176" index="9" style="position:fixed;left:48.09877291319497%;top:51.86274509803922%;height:3.4509803921568625%;width:14.285714285714285%;" type="para">\arge, billed and payabl</div></box><box><div coordinates="714,2661,261,265" index="10" style="position:fixed;left:10.816542948038176%;top:52.17647058823529%;height:5.196078431372549%;width:3.9539463717618544%;" type="para">stody
nthly.</div></box><box><div coordinates="2026,2662,288,160" index="11" style="position:fixed;left:30.692319345553702%;top:52.19607843137255%;height:3.1372549019607843%;width:4.362975306771701%;" type="para">shown</div></box><box><div coordinates="2446,2663,152,159" index="12" style="position:fixed;left:37.0549916679291%;top:52.21568627450981%;height:3.1176470588235294%;width:2.3026814119072867%;" type="para">OW |</div></box><box><div coordinates="1004,2679,185,143" index="13" style="position:fixed;left:15.209816694440237%;top:52.52941176470588%;height:2.803921568627451%;width:2.802605665808211%;" type="para">ErVi(</div></box><box><div coordinates="2316,2679,121,121" index="14" style="position:fixed;left:35.085593091955765%;top:52.52941176470588%;height:2.372549019607843%;width:1.8330555976367218%;" type="para">bel</div></box><box><div coordinates="2649,2672,123,144" index="15" style="position:fixed;left:40.130283290410546%;top:52.3921568627451%;height:2.823529411764706%;width:1.8633540372670807%;" type="para" /></box><box><div coordinates="2777,2679,121,122" index="16" style="position:fixed;left:42.06938342675352%;top:52.52941176470588%;height:2.392156862745098%;width:1.8330555976367218%;" type="para" /></box><box><div coordinates="2981,2679,121,137" index="17" style="position:fixed;left:45.15982426905014%;top:52.52941176470588%;height:2.686274509803922%;width:1.8330555976367218%;" type="para">jal</div></box><box><div coordinates="505,2942,4084,2880" index="18" style="position:fixed;left:7.650356006665657%;top:57.68627450980392%;height:56.470588235294116%;width:61.869413725193155%;" type="para">MARKET

Argentina
Australia
Austria
Belgium
Bermuda
Brazil
Canada
Cedel\Clearstream
Chile
China
Columbia
Croatia
Czech Republic
Denmark
Egypt
Euroclear
Finland
France
Germany
Greece
Hong Kong
Hungary
Iceland

          

ASSET
CHARGE
Basis Points
18.0
2.0
2.0
2.0
10.0
10.0
1.0
1.0
18.0
28.0
28.0
40.0
18.0
2.0
27.0
1.0
2.0
2.0
2.0
10.0
8.0
18.0
28.0

TRANSACTION
CHARGE

$20
$20
$20
$20
$50
$34
$13
$15
$40
$40
$40
$75
$40
$20
$40
$15
$20
$20
$18
$29
$25
$40
$40

MARKET

Malaysia
Mauritius
Mexico
Morocco
Netherlands
New Zealand
Nigeria
Norway
Oman
Pakistan
Peru
Philippines
Poland
Portugal
Qatar

Russia
Singapore
Slovak Republic
South Africa
South Korea
Spain

Sri Lanka
Sweden
Switzerland

ASSET |

CHARGE
Basis Points
13.0
40.0
8.0
40.0
2.0
2.0
28.0
2.0
40.0
27.0
29.0
10.0
15.0
10.0
40.0
17.0
3.0
40.0
8.0
12.0
2.0
17.0
2.0
2.0

TRANSACTION
CHARGE

$34
$75
$22
$75
$20
$20
$40
$20
$75
$75
$67
$35
$32
$40
$75
$65
$25
$75
$25
$28
$20
$40
$20
$20</div></box><box><div coordinates="2602,3283,166,844" index="19" style="position:fixed;left:39.41826995909711%;top:64.37254901960785%;height:16.54901960784314%;width:2.5147704893198%;" type="para" /></box><box><div coordinates="3467,3400,121,129" index="20" style="position:fixed;left:52.52234509922739%;top:66.66666666666666%;height:2.5294117647058822%;width:1.8330555976367218%;" type="para">40.</div></box><box><div coordinates="3445,3584,143,157" index="21" style="position:fixed;left:52.18906226329344%;top:70.27450980392157%;height:3.0784313725490198%;width:2.166338433570671%;" type="para">40.</div></box><box><div coordinates="3445,4083,143,150" index="22" style="position:fixed;left:52.18906226329344%;top:80.05882352941175%;height:2.941176470588235%;width:2.166338433570671%;" type="para">40.

PN peg</div></box><box><div coordinates="3439,4363,149,415" index="23" style="position:fixed;left:52.098166944402365%;top:85.54901960784314%;height:8.137254901960784%;width:2.2572337524617483%;" type="para">10.
15.
10.
40.</div></box><box><div coordinates="2621,4676,141,152" index="24" style="position:fixed;left:39.70610513558552%;top:91.68627450980392%;height:2.980392156862745%;width:2.136039993940312%;" type="para">Qat</div></box><box><div coordinates="3449,4889,121,121" index="25" style="position:fixed;left:52.24965914255416%;top:95.86274509803921%;height:2.372549019607843%;width:1.8330555976367218%;" type="para" /></box><box><div coordinates="2154,4973,121,121" index="26" style="position:fixed;left:32.631419481896685%;top:97.50980392156863%;height:2.372549019607843%;width:1.8330555976367218%;" type="para" /></box><box><div coordinates="2721,4988,230,183" index="27" style="position:fixed;left:41.22102711710347%;top:97.80392156862744%;height:3.5882352941176467%;width:3.484320557491289%;" type="para">ovak R
uth Af</div></box><box><div coordinates="797,5288,122,121" index="28" style="position:fixed;left:12.073928192698077%;top:103.68627450980392%;height:2.372549019607843%;width:1.8482048174519012%;" type="para">Ko</div></box><box><div coordinates="2149,5358,121,121" index="29" style="position:fixed;left:32.555673382820785%;top:105.05882352941175%;height:2.372549019607843%;width:1.8330555976367218%;" type="para">$4</div></box><box><div coordinates="4072,5456,121,121" index="30" style="position:fixed;left:61.687623087411005%;top:106.98039215686275%;height:2.372549019607843%;width:1.8330555976367218%;" type="para">$2</div></box><box><div coordinates="3421,6042,1071,477" index="31" style="position:fixed;left:51.82548098772914%;top:118.47058823529413%;height:9.352941176470589%;width:16.224814422057264%;" type="para">JAN STATE STREET.

ATE Serving Institutional Investors Warld side ~</div></box></Blocks></page><page num="2" src="img/Bi2i_0724/Bi2i_0724-01.jpg" txt_src="img/Bi2i_0724/Bi2i_0724-01.txt"><Blocks><box><div coordinates="503,442,4084,1224" index="0" style="position:fixed;left:7.620057567035297%;top:8.666666666666668%;height:24.0%;width:61.869413725193155%;" type="para">CHARGE CHARGE CHARGE CHARGE
Basis Points Basis Points
8.0

India Taiwan
Indonesia : Thailand

Ireland : Turkey

Israel UAE

Italy : United Kingdom

Japan-Mizuho : United States
USA~Joint Repo
Venezuela</div></box><box><div coordinates="585,1718,3586,194" index="1" style="position:fixed;left:8.862293591880018%;top:33.68627450980392%;height:3.8039215686274512%;width:54.32510225723375%;" type="para">** See Appendix 1 for important information on foreign currency exchange transactions.</div></box><box><div coordinates="501,2124,4200,252" index="2" style="position:fixed;left:7.589759127404938%;top:41.647058823529406%;height:4.941176470588235%;width:63.62672322375398%;" type="para" /></box><box><div coordinates="553,2393,3392,495" index="3" style="position:fixed;left:8.377518557794273%;top:46.92156862745098%;height:9.705882352941178%;width:51.38615361308892%;" type="para">State Street will have the exclusive right to lend the portfolio securities for all funds

engage in securities lending as identified in the governing documents for the funds

and approved by the Trustee. The fee split will be 80/20, with 80% credited to the
20% credited to State Street Bank. |</div></box><box><div coordinates="3893,2405,496,369" index="4" style="position:fixed;left:58.97591274049386%;top:47.15686274509804%;height:7.235294117647059%;width:7.514013028329041%;" type="para">s eligible to
s and the tri
&#187; funds and</div></box><box><div coordinates="4401,2513,121,121" index="5" style="position:fixed;left:66.67171640660506%;top:49.27450980392157%;height:2.372549019607843%;width:1.8330555976367218%;" type="para">st</div></box><box><div coordinates="501,3020,4200,254" index="6" style="position:fixed;left:7.589759127404938%;top:59.21568627450981%;height:4.980392156862745%;width:63.62672322375398%;" type="para" /></box><box><div coordinates="3093,3289,587,174" index="7" style="position:fixed;left:46.85653688835025%;top:64.49019607843137%;height:3.4117647058823533%;width:8.892592031510377%;" type="para">d Funds Rate)</div></box><box><div coordinates="555,3290,1463,282" index="8" style="position:fixed;left:8.407816997424632%;top:64.50980392156863%;height:5.529411764705882%;width:22.163308589607635%;" type="para">Each fund will earn balance credits
credit or debit will be posted to the</div></box><box><div coordinates="2046,3305,353,234" index="9" style="position:fixed;left:30.995303741857295%;top:64.80392156862746%;height:4.588235294117647%;width:5.34767459475837%;" type="para">at a rate
nonthly (</div></box><box><div coordinates="2408,3303,121,122" index="10" style="position:fixed;left:36.47932131495228%;top:64.76470588235294%;height:2.392156862745098%;width:1.8330555976367218%;" type="para" /></box><box><div coordinates="2582,3303,340,269" index="11" style="position:fixed;left:39.11528556279352%;top:64.76470588235294%;height:5.2745098039215685%;width:5.150734737161036%;" type="para">5% of th
dy Bill.</div></box><box><div coordinates="3779,3311,121,122" index="12" style="position:fixed;left:57.2489016815634%;top:64.92156862745098%;height:2.392156862745098%;width:1.8330555976367218%;" type="para">The</div></box><box><div coordinates="4225,3310,122,149" index="13" style="position:fixed;left:64.00545371913347%;top:64.90196078431373%;height:2.9215686274509807%;width:1.8482048174519012%;" type="para" /></box><box><div coordinates="2326,6006,122,122" index="14" style="position:fixed;left:35.23708529010756%;top:117.76470588235296%;height:2.392156862745098%;width:1.8482048174519012%;" type="para" /></box><box><div coordinates="3425,6050,1071,477" index="15" style="position:fixed;left:51.88607786698986%;top:118.62745098039215%;height:9.352941176470589%;width:16.224814422057264%;" type="para">STATE STREET,

Serving Institutional lave stors Worldwide =</div></box></Blocks></page><page num="3" src="img/Bi2i_0724/Bi2i_0724-02.jpg" txt_src="img/Bi2i_0724/Bi2i_0724-02.txt"><Blocks><box><div coordinates="499,469,4202,253" index="0" style="position:fixed;left:7.55946068777458%;top:9.19607843137255%;height:4.96078431372549%;width:63.65702166338434%;" type="para" /></box><box><div coordinates="2189,463,253,121" index="1" style="position:fixed;left:33.161642175427964%;top:9.07843137254902%;height:2.372549019607843%;width:3.8327526132404177%;" type="para" /></box><box><div coordinates="551,738,1292,200" index="2" style="position:fixed;left:8.347220118163914%;top:14.470588235294118%;height:3.9215686274509802%;width:19.57279200121194%;" type="para">Per Fund Asset Tier charge:</div></box><box><div coordinates="2402,738,415,172" index="3" style="position:fixed;left:36.3884259960612%;top:14.470588235294118%;height:3.3725490196078427%;width:6.286926223299501%;" type="para">Annual Fe</div></box><box><div coordinates="3203,748,203,165" index="4" style="position:fixed;left:48.52295106802%;top:14.666666666666666%;height:3.2352941176470593%;width:3.0752916224814424%;" type="para">ortfol</div></box><box><div coordinates="3411,772,121,125" index="5" style="position:fixed;left:51.67398878957734%;top:15.137254901960784%;height:2.450980392156863%;width:1.8330555976367218%;" type="para" /></box><box><div coordinates="977,959,480,597" index="6" style="position:fixed;left:14.800787759430388%;top:18.80392156862745%;height:11.705882352941178%;width:7.271625511286168%;" type="para">ets 0 to 1BIl
ets 1Billion -
ets 2Billion -
ets 5Billion -
ets &gt;10Billic</div></box><box><div coordinates="2366,968,668,582" index="7" style="position:fixed;left:35.843054082714744%;top:18.980392156862745%;height:11.411764705882353%;width:10.119678836539919%;" type="para">.[3bp per fund
.68bp per fund
.63bp per fund
.55bp per fund
.50bp per fund</div></box><box><div coordinates="553,975,382,575" index="8" style="position:fixed;left:8.377518557794273%;top:19.11764705882353%;height:11.27450980392157%;width:5.787001969398576%;" type="para">Fund as
Fund as
Fund as
Fund as
Fund as</div></box><box><div coordinates="1421,978,490,546" index="9" style="position:fixed;left:21.527041357370095%;top:19.176470588235293%;height:10.705882352941176%;width:7.423117709437964%;" type="para">Ilion

&#8212; 2Billion
&#8212; 5Billion
&#8212; 10 Billion
on</div></box><box><div coordinates="2362,1589,172,127" index="10" style="position:fixed;left:35.78245720345402%;top:31.156862745098042%;height:2.4901960784313726%;width:2.605665808210877%;" type="para">$17</div></box><box><div coordinates="553,1607,642,155" index="11" style="position:fixed;left:8.377518557794273%;top:31.50980392156863%;height:3.0392156862745097%;width:9.72579912134525%;" type="para">Fund of Funds</div></box><box><div coordinates="2700,1611,122,151" index="12" style="position:fixed;left:40.902893500984696%;top:31.588235294117645%;height:2.9607843137254903%;width:1.8482048174519012%;" type="para" /></box><box><div coordinates="2936,1611,121,121" index="13" style="position:fixed;left:44.47810937736706%;top:31.588235294117645%;height:2.372549019607843%;width:1.8330555976367218%;" type="para">un</div></box><box><div coordinates="553,1802,718,178" index="14" style="position:fixed;left:8.377518557794273%;top:35.333333333333336%;height:3.4901960784313726%;width:10.877139827298894%;" type="para">MultiManaged P</div></box><box><div coordinates="2359,1807,207,173" index="15" style="position:fixed;left:35.73700954400849%;top:35.431372549019606%;height:3.392156862745098%;width:3.1358885017421603%;" type="para">$12,</div></box><box><div coordinates="1290,1819,147,124" index="16" style="position:fixed;left:19.54249356158158%;top:35.66666666666667%;height:2.431372549019608%;width:2.2269353128313893%;" type="para">rifo</div></box><box><div coordinates="2700,1823,222,151" index="17" style="position:fixed;left:40.902893500984696%;top:35.745098039215684%;height:2.9607843137254903%;width:3.3631267989698532%;" type="para">) per |</div></box><box><div coordinates="2962,1824,276,151" index="18" style="position:fixed;left:44.87198909256173%;top:35.76470588235294%;height:2.9607843137254903%;width:4.181184668989547%;" type="para">\anage</div></box><box><div coordinates="1083,2014,234,178" index="19" style="position:fixed;left:16.406605059839418%;top:39.490196078431374%;height:3.4901960784313726%;width:3.544917436752007%;" type="para">SWAF</div></box><box><div coordinates="1420,2016,243,177" index="20" style="position:fixed;left:21.511892137554916%;top:39.52941176470588%;height:3.4705882352941178%;width:3.6812604150886226%;" type="para">Trans</div></box><box><div coordinates="2392,2017,472,173" index="21" style="position:fixed;left:36.23693379790941%;top:39.549019607843135%;height:3.392156862745098%;width:7.1504317527647325%;" type="para">$64 per eve</div></box><box><div coordinates="2877,2029,121,122" index="22" style="position:fixed;left:43.584305408271476%;top:39.78431372549019%;height:2.392156862745098%;width:1.8330555976367218%;" type="para">nt</div></box><box><div coordinates="648,2031,374,161" index="23" style="position:fixed;left:9.816694440236327%;top:39.82352941176471%;height:3.1568627450980395%;width:5.66580821087714%;" type="para">)erivative</div></box><box><div coordinates="1666,2032,287,156" index="24" style="position:fixed;left:25.23860021208908%;top:39.84313725490196%;height:3.058823529411765%;width:4.3478260869565215%;" type="para">saction</div></box><box><div coordinates="1954,2036,284,150" index="25" style="position:fixed;left:29.601575518860777%;top:39.92156862745098%;height:2.941176470588235%;width:4.302378427510983%;" type="para">charge</div></box><box><div coordinates="3235,2030,474,177" index="26" style="position:fixed;left:49.00772610210574%;top:39.80392156862745%;height:3.4705882352941178%;width:7.180730192395092%;" type="para">sition per fu</div></box><box><div coordinates="3088,2064,122,122" index="27" style="position:fixed;left:46.78079078927435%;top:40.470588235294116%;height:2.392156862745098%;width:1.8482048174519012%;" type="para" /></box><box><div coordinates="3746,2065,121,121" index="28" style="position:fixed;left:56.748977427662474%;top:40.490196078431374%;height:2.372549019607843%;width:1.8330555976367218%;" type="para">1d</div></box><box><div coordinates="729,2243,264,161" index="29" style="position:fixed;left:11.043781245265869%;top:43.98039215686275%;height:3.1568627450980395%;width:3.999394031207393%;" type="para">rivative</div></box><box><div coordinates="1525,2241,506,164" index="30" style="position:fixed;left:23.102560218148767%;top:43.94117647058823%;height:3.215686274509804%;width:7.665505226480835%;" type="para">strument ch:</div></box><box><div coordinates="2445,2248,199,154" index="31" style="position:fixed;left:37.03984244811392%;top:44.07843137254902%;height:3.019607843137255%;width:3.014694743220724%;" type="para">32m</div></box><box><div coordinates="2650,2242,280,159" index="32" style="position:fixed;left:40.145432510225724%;top:43.96078431372549%;height:3.1176470588235294%;width:4.241781548250265%;" type="para">onthly &#171;</div></box><box><div coordinates="2992,2242,806,159" index="33" style="position:fixed;left:45.32646568701712%;top:43.96078431372549%;height:3.1176470588235294%;width:12.210271171034693%;" type="para">\arge per position pe</div></box><box><div coordinates="3837,2241,121,121" index="34" style="position:fixed;left:58.12755643084381%;top:43.94117647058823%;height:2.372549019607843%;width:1.8330555976367218%;" type="para">- fu</div></box><box><div coordinates="1083,2257,263,149" index="35" style="position:fixed;left:16.406605059839418%;top:44.254901960784316%;height:2.9215686274509807%;width:3.9842448113922133%;" type="para">SWAP</div></box><box><div coordinates="2092,2261,121,122" index="36" style="position:fixed;left:31.692167853355553%;top:44.333333333333336%;height:2.392156862745098%;width:1.8330555976367218%;" type="para">ge</div></box><box><div coordinates="772,2445,121,121" index="37" style="position:fixed;left:11.695197697318587%;top:47.94117647058824%;height:2.372549019607843%;width:1.8330555976367218%;" type="para" /></box><box><div coordinates="2897,2459,121,122" index="38" style="position:fixed;left:43.88728980457506%;top:48.21568627450981%;height:2.392156862745098%;width:1.8330555976367218%;" type="para">1d</div></box><box><div coordinates="553,2467,208,129" index="39" style="position:fixed;left:8.377518557794273%;top:48.37254901960784%;height:2.5294117647058822%;width:3.1510377215573397%;" type="para">FA</div></box><box><div coordinates="933,2462,182,154" index="40" style="position:fixed;left:14.13422208756249%;top:48.27450980392157%;height:3.019607843137255%;width:2.757158006362672%;" type="para">Pric</div></box><box><div coordinates="1188,2461,123,152" index="41" style="position:fixed;left:17.99727314043327%;top:48.254901960784316%;height:2.980392156862745%;width:1.8633540372670807%;" type="para" /></box><box><div coordinates="2582,2489,121,121" index="42" style="position:fixed;left:39.11528556279352%;top:48.80392156862745%;height:2.372549019607843%;width:1.8330555976367218%;" type="para" /></box><box><div coordinates="2366,2495,123,121" index="43" style="position:fixed;left:35.843054082714744%;top:48.92156862745098%;height:2.372549019607843%;width:1.8633540372670807%;" type="para" /></box><box><div coordinates="1484,2655,191,174" index="44" style="position:fixed;left:22.481442205726403%;top:52.05882352941177%;height:3.4117647058823533%;width:2.893500984699288%;" type="para">0-1C</div></box><box><div coordinates="1193,2675,204,150" index="45" style="position:fixed;left:18.073019239509165%;top:52.450980392156865%;height:2.941176470588235%;width:3.090440842296622%;" type="para">arge</div></box><box><div coordinates="1756,2682,233,142" index="46" style="position:fixed;left:26.602029995455233%;top:52.588235294117645%;height:2.784313725490196%;width:3.529768216936828%;" type="para">lasses</div></box><box><div coordinates="667,2703,121,121" index="47" style="position:fixed;left:10.104529616724738%;top:53.0%;height:2.372549019607843%;width:1.8330555976367218%;" type="para">las</div></box><box><div coordinates="917,2706,124,123" index="48" style="position:fixed;left:13.891834570519618%;top:53.05882352941177%;height:2.411764705882353%;width:1.8785032570822602%;" type="para">VE</div></box><box><div coordinates="1470,2865,381,176" index="49" style="position:fixed;left:22.26935312831389%;top:56.1764705882353%;height:3.4509803921568625%;width:5.771852749583396%;" type="para">(10+ clas</div></box><box><div coordinates="3253,2867,229,170" index="50" style="position:fixed;left:49.28041205877897%;top:56.2156862745098%;height:3.3333333333333335%;width:3.4691713376761095%;" type="para">onth</div></box><box><div coordinates="1194,2887,203,150" index="51" style="position:fixed;left:18.088168459324343%;top:56.607843137254896%;height:2.941176470588235%;width:3.0752916224814424%;" type="para">arge</div></box><box><div coordinates="2574,2885,204,149" index="52" style="position:fixed;left:38.99409180427208%;top:56.568627450980394%;height:2.9215686274509807%;width:3.090440842296622%;" type="para">) per</div></box><box><div coordinates="2966,2884,224,150" index="53" style="position:fixed;left:44.932585971822455%;top:56.549019607843135%;height:2.941176470588235%;width:3.3934252386002126%;" type="para">5 per |</div></box><box><div coordinates="2826,2895,122,138" index="54" style="position:fixed;left:42.81169519769732%;top:56.76470588235294%;height:2.705882352941176%;width:1.8482048174519012%;" type="para" /></box><box><div coordinates="667,2914,122,122" index="55" style="position:fixed;left:10.104529616724738%;top:57.13725490196079%;height:2.392156862745098%;width:1.8482048174519012%;" type="para">las</div></box><box><div coordinates="917,2918,124,124" index="56" style="position:fixed;left:13.891834570519618%;top:57.2156862745098%;height:2.431372549019608%;width:1.8785032570822602%;" type="para">VE</div></box><box><div coordinates="503,3170,4200,254" index="57" style="position:fixed;left:7.620057567035297%;top:62.15686274509804%;height:4.980392156862745%;width:63.62672322375398%;" type="para" /></box><box><div coordinates="1010,3439,297,172" index="58" style="position:fixed;left:15.300712013331314%;top:67.43137254901961%;height:3.3725490196078427%;width:4.499318285108317%;" type="para">uote Fi</div></box><box><div coordinates="3855,3434,394,178" index="59" style="position:fixed;left:58.40024238751704%;top:67.33333333333333%;height:3.4901960784313726%;width:5.96879260718073%;" type="para">Waived</div></box><box><div coordinates="761,3456,212,159" index="60" style="position:fixed;left:11.528556279351614%;top:67.76470588235294%;height:3.1176470588235294%;width:3.2116346008180576%;" type="para">urity</div></box><box><div coordinates="1322,3473,121,121" index="61" style="position:fixed;left:20.027268595667323%;top:68.09803921568628%;height:2.372549019607843%;width:1.8330555976367218%;" type="para">eS</div></box><box><div coordinates="551,3654,714,198" index="62" style="position:fixed;left:8.347220118163914%;top:71.6470588235294%;height:3.882352941176471%;width:10.816542948038176%;" type="para">Fair Valuation</div></box><box><div coordinates="557,3870,3934,202" index="63" style="position:fixed;left:8.438115437054991%;top:75.88235294117646%;height:3.96078431372549%;width:59.597030752916226%;" type="para">Fair Valuation Fee for ITG Services (Paid through State Street). Fee is per fund per year.</div></box><box><div coordinates="3205,4085,309,388" index="64" style="position:fixed;left:48.55324950765036%;top:80.09803921568628%;height:7.6078431372549025%;width:4.681108922890472%;" type="para">Funds
&#8216;Funds
Funds</div></box><box><div coordinates="3529,4089,249,385" index="65" style="position:fixed;left:53.46159672776852%;top:80.17647058823529%;height:7.549019607843137%;width:3.7721557339797%;" type="para">1-10
11-2
21+</div></box><box><div coordinates="3995,4088,122,122" index="66" style="position:fixed;left:60.52113316164217%;top:80.15686274509804%;height:2.392156862745098%;width:1.8482048174519012%;" type="para">B1C</div></box><box><div coordinates="3942,4296,122,121" index="67" style="position:fixed;left:59.718224511437654%;top:84.23529411764706%;height:2.372549019607843%;width:1.8482048174519012%;" type="para" /></box><box><div coordinates="552,4408,2476,459" index="68" style="position:fixed;left:8.362369337979095%;top:86.4313725490196%;height:9.0%;width:37.50946826238449%;" type="para">Fair Valuation Fee for State Street Services

Provide fair valuation services for all funds established by th
pricing. Fee will apply to any fund fair valuing more than 10
portfolio.</div></box><box><div coordinates="3073,4512,539,283" index="69" style="position:fixed;left:46.553552492046656%;top:88.47058823529412%;height:5.549019607843137%;width:8.16542948038176%;" type="para">Trustee as
securities and</div></box><box><div coordinates="3777,4530,563,227" index="70" style="position:fixed;left:57.21860324193304%;top:88.8235294117647%;height:4.450980392156863%;width:8.52901075594607%;" type="para">ring fair value
% of the</div></box><box><div coordinates="557,4754,121,121" index="71" style="position:fixed;left:8.438115437054991%;top:93.2156862745098%;height:2.372549019607843%;width:1.8330555976367218%;" type="para" /></box><box><div coordinates="3990,4934,177,130" index="72" style="position:fixed;left:60.44538706256628%;top:96.74509803921568%;height:2.549019607843137%;width:2.681411907286775%;" type="para">$4 |</div></box><box><div coordinates="575,4941,214,146" index="73" style="position:fixed;left:8.710801393728223%;top:96.88235294117648%;height:2.8627450980392157%;width:3.241933040448417%;" type="para">Annt</div></box><box><div coordinates="797,4958,213,155" index="74" style="position:fixed;left:12.073928192698077%;top:97.2156862745098%;height:3.0392156862745097%;width:3.2267838206332375%;" type="para">jal fe</div></box><box><div coordinates="1204,4957,279,157" index="75" style="position:fixed;left:18.23966065747614%;top:97.19607843137254%;height:3.0784313725490198%;width:4.226632328435086%;" type="para">r fund</div></box><box><div coordinates="1255,5151,803,179" index="76" style="position:fixed;left:19.012270868050297%;top:101.0%;height:3.5098039215686274%;width:12.164823511589153%;" type="para">ses, the monthly qu</div></box><box><div coordinates="3151,5151,443,169" index="77" style="position:fixed;left:47.73519163763066%;top:101.0%;height:3.313725490196078%;width:6.711104378124527%;" type="para">1 the positic</div></box><box><div coordinates="2062,5166,145,140" index="78" style="position:fixed;left:31.23769125890017%;top:101.29411764705883%;height:2.7450980392156863%;width:2.1966368732010304%;" type="para">ote</div></box><box><div coordinates="2210,5166,579,159" index="79" style="position:fixed;left:33.479775791546736%;top:101.29411764705883%;height:3.1176470588235294%;width:8.771398272988941%;" type="para">charge will be</div></box><box><div coordinates="3713,5164,223,127" index="80" style="position:fixed;left:56.24905317376155%;top:101.25490196078431%;height:2.4901960784313726%;width:3.3782760187850327%;" type="para">in the</div></box><box><div coordinates="4098,5164,122,121" index="81" style="position:fixed;left:62.08150280260567%;top:101.25490196078431%;height:2.372549019607843%;width:1.8482048174519012%;" type="para">rtfo</div></box><box><div coordinates="559,5174,674,257" index="82" style="position:fixed;left:8.46841387668535%;top:101.45098039215685%;height:5.03921568627451%;width:10.210574155430995%;" type="para">For billing purpc
of month end.</div></box><box><div coordinates="2826,5170,268,151" index="83" style="position:fixed;left:42.81169519769732%;top:101.37254901960785%;height:2.9607843137254903%;width:4.059990910468111%;" type="para">ased &#162;</div></box><box><div coordinates="4318,5182,121,121" index="84" style="position:fixed;left:65.41433116194516%;top:101.6078431372549%;height:2.372549019607843%;width:1.8330555976367218%;" type="para" /></box><box><div coordinates="3427,6054,1070,477" index="85" style="position:fixed;left:51.91637630662021%;top:118.70588235294117%;height:9.352941176470589%;width:16.209665202242086%;" type="para">STATE STREET.

Serving Institutional Investors World aide =</div></box></Blocks></page><page num="4" src="img/Bi2i_0724/Bi2i_0724-03.jpg" txt_src="img/Bi2i_0724/Bi2i_0724-03.txt"><Blocks><box><div coordinates="2357,459,590,121" index="0" style="position:fixed;left:35.70671110437812%;top:9.0%;height:2.372549019607843%;width:8.938039690955915%;" type="para" /></box><box><div coordinates="2948,459,373,121" index="1" style="position:fixed;left:44.65990001514922%;top:9.0%;height:2.372549019607843%;width:5.6506589910619605%;" type="para" /></box><box><div coordinates="481,461,4216,251" index="2" style="position:fixed;left:7.286774731101349%;top:9.03921568627451%;height:4.921568627450981%;width:63.869110740796856%;" type="para" /></box><box><div coordinates="4327,461,219,121" index="3" style="position:fixed;left:65.55067414028177%;top:9.03921568627451%;height:2.372549019607843%;width:3.317679139524315%;" type="para" /></box><box><div coordinates="701,737,614,281" index="4" style="position:fixed;left:10.619603090440842%;top:14.450980392156861%;height:5.509803921568627%;width:9.301620966520224%;" type="para">00 ERISA Rep
tual filing of forr</div></box><box><div coordinates="2942,736,709,177" index="5" style="position:fixed;left:44.56900469625814%;top:14.431372549019608%;height:3.4705882352941178%;width:10.740796848962278%;" type="para">1g Trusts. This do</div></box><box><div coordinates="1325,744,498,261" index="6" style="position:fixed;left:20.072716255112862%;top:14.588235294117647%;height:5.11764705882353%;width:7.5443114679594%;" type="para">rting on the
n 5500.</div></box><box><div coordinates="2314,752,625,158" index="7" style="position:fixed;left:35.0552946523254%;top:14.745098039215687%;height:3.0980392156862746%;width:9.468262384487199%;" type="para">and Participatir</div></box><box><div coordinates="3826,753,123,123" index="8" style="position:fixed;left:57.96091501287683%;top:14.76470588235294%;height:2.411764705882353%;width:1.8633540372670807%;" type="para">of |</div></box><box><div coordinates="551,761,121,121" index="9" style="position:fixed;left:8.347220118163914%;top:14.921568627450979%;height:2.372549019607843%;width:1.8330555976367218%;" type="para">51</div></box><box><div coordinates="1900,760,312,150" index="10" style="position:fixed;left:28.783517648841084%;top:14.901960784313726%;height:2.941176470588235%;width:4.72655658233601%;" type="para">ore Fun</div></box><box><div coordinates="4093,785,122,125" index="11" style="position:fixed;left:62.00575670352977%;top:15.392156862745098%;height:2.450980392156863%;width:1.8482048174519012%;" type="para">ide</div></box><box><div coordinates="579,893,121,121" index="12" style="position:fixed;left:8.771398272988941%;top:17.50980392156863%;height:2.372549019607843%;width:1.8330555976367218%;" type="para" /></box><box><div coordinates="852,1057,228,155" index="13" style="position:fixed;left:12.90713528253295%;top:20.72549019607843%;height:3.0392156862745097%;width:3.4540221178609305%;" type="para">Annt</div></box><box><div coordinates="1498,1058,367,175" index="14" style="position:fixed;left:22.693531283138917%;top:20.745098039215687%;height:3.431372549019608%;width:5.559763672170883%;" type="para">r Portfolic</div></box><box><div coordinates="1089,1091,241,137" index="15" style="position:fixed;left:16.497500378730496%;top:21.3921568627451%;height:2.686274509803922%;width:3.650961975458264%;" type="para">1al Fes</div></box><box><div coordinates="3874,1113,121,121" index="16" style="position:fixed;left:58.68807756400546%;top:21.823529411764707%;height:2.372549019607843%;width:1.8330555976367218%;" type="para">v2,</div></box><box><div coordinates="499,1978,4200,252" index="17" style="position:fixed;left:7.55946068777458%;top:38.78431372549019%;height:4.941176470588235%;width:63.62672322375398%;" type="para" /></box><box><div coordinates="553,2246,1833,392" index="18" style="position:fixed;left:8.377518557794273%;top:44.03921568627451%;height:7.686274509803921%;width:27.768519921224055%;" type="para">Monthly Maintenance Fee Per Fund:
Charges for services outlined in the Service:
&#8220;Fund&#8221; and will be billed accordingly.</div></box><box><div coordinates="2394,2353,361,171" index="19" style="position:fixed;left:36.267232237539766%;top:46.13725490196078%;height:3.3529411764705883%;width:5.468868353279806%;" type="para">s Agreem</div></box><box><div coordinates="2811,2369,121,121" index="20" style="position:fixed;left:42.584456900469625%;top:46.450980392156865%;height:2.372549019607843%;width:1.8330555976367218%;" type="para">nt.</div></box><box><div coordinates="3195,2369,595,160" index="21" style="position:fixed;left:48.401757309498564%;top:46.450980392156865%;height:3.1372549019607843%;width:9.013785790031813%;" type="para">class or feede|</div></box><box><div coordinates="3967,2373,121,122" index="22" style="position:fixed;left:60.096955006817154%;top:46.52941176470588%;height:2.392156862745098%;width:1.8330555976367218%;" type="para">on

C</div></box><box><div coordinates="3004,2387,122,138" index="23" style="position:fixed;left:45.50825632479928%;top:46.80392156862745%;height:2.705882352941176%;width:1.8482048174519012%;" type="para" /></box><box><div coordinates="4209,2387,121,121" index="24" style="position:fixed;left:63.76306620209059%;top:46.80392156862745%;height:2.372549019607843%;width:1.8330555976367218%;" type="para">rel</div></box><box><div coordinates="4368,2387,121,137" index="25" style="position:fixed;left:66.17179215270413%;top:46.80392156862745%;height:2.686274509803922%;width:1.8330555976367218%;" type="para" /></box><box><div coordinates="1972,2514,121,121" index="26" style="position:fixed;left:29.87426147553401%;top:49.29411764705882%;height:2.372549019607843%;width:1.8330555976367218%;" type="para">ly.</div></box><box><div coordinates="2344,2677,724,698" index="27" style="position:fixed;left:35.509771246780794%;top:52.490196078431374%;height:13.686274509803923%;width:10.96803514618997%;" type="para">1 Shareholder

2-10 Shareholde
11-25 Shareholds
26-35 Sharehold
36-50 Sharehold
51-200 Sharehol</div></box><box><div coordinates="3931,2671,157,178" index="28" style="position:fixed;left:59.55158309347068%;top:52.37254901960784%;height:3.4901960784313726%;width:2.378427510983184%;" type="para">$5(</div></box><box><div coordinates="2997,3012,121,151" index="29" style="position:fixed;left:45.40221178609302%;top:59.05882352941176%;height:2.9607843137254903%;width:1.8330555976367218%;" type="para">de</div></box><box><div coordinates="3891,3152,197,228" index="30" style="position:fixed;left:58.945614300863504%;top:61.80392156862745%;height:4.470588235294118%;width:2.984396303590365%;" type="para">$2, 0(
$2,5(</div></box><box><div coordinates="2346,3227,121,122" index="31" style="position:fixed;left:35.54006968641115%;top:63.27450980392156%;height:2.392156862745098%;width:1.8330555976367218%;" type="para" /></box><box><div coordinates="2476,3256,123,124" index="32" style="position:fixed;left:37.50946826238449%;top:63.84313725490196%;height:2.431372549019608%;width:1.8633540372670807%;" type="para">-2(</div></box><box><div coordinates="551,3424,1414,301" index="33" style="position:fixed;left:8.347220118163914%;top:67.13725490196079%;height:5.901960784313726%;width:21.42099681866384%;" type="para">Activity Based Fees:
All transactions including purchas</div></box><box><div coordinates="3109,3537,403,168" index="34" style="position:fixed;left:47.09892440539312%;top:69.35294117647058%;height:3.294117647058824%;width:6.105135585517346%;" type="para">, transfers</div></box><box><div coordinates="2320,3546,267,157" index="35" style="position:fixed;left:35.14618997121649%;top:69.52941176470588%;height:3.0784313725490198%;width:4.044841690652931%;" type="para">nptions</div></box><box><div coordinates="2834,3552,224,149" index="36" style="position:fixed;left:42.932888956218754%;top:69.6470588235294%;height:2.9215686274509807%;width:3.3934252386002126%;" type="para">ange</div></box><box><div coordinates="3571,3552,433,153" index="37" style="position:fixed;left:54.097863960006066%;top:69.6470588235294%;height:3.0%;width:6.559612179972732%;" type="para">and divide!</div></box><box><div coordinates="2088,3566,223,121" index="38" style="position:fixed;left:31.631570974094835%;top:69.92156862745098%;height:2.372549019607843%;width:3.3782760187850327%;" type="para">rede;</div></box><box><div coordinates="2678,3564,122,126" index="39" style="position:fixed;left:40.569610665050746%;top:69.88235294117648%;height:2.4705882352941173%;width:1.8482048174519012%;" type="para" /></box><box><div coordinates="2348,3742,538,278" index="40" style="position:fixed;left:35.57036812604151%;top:73.37254901960785%;height:5.450980392156863%;width:8.15028026056658%;" type="para">Manual
Automated</div></box><box><div coordinates="3882,3781,158,243" index="41" style="position:fixed;left:58.80927132252689%;top:74.13725490196079%;height:4.764705882352941%;width:2.393576730798364%;" type="para" /></box><box><div coordinates="503,4180,4200,254" index="42" style="position:fixed;left:7.620057567035297%;top:81.96078431372548%;height:4.980392156862745%;width:63.62672322375398%;" type="para" /></box><box><div coordinates="555,4448,173,157" index="43" style="position:fixed;left:8.407816997424632%;top:87.2156862745098%;height:3.0784313725490198%;width:2.620815028026057%;" type="para">Fe</div></box><box><div coordinates="726,4462,2922,269" index="44" style="position:fixed;left:10.99833358582033%;top:87.49019607843137%;height:5.2745098039215685%;width:44.26602029995455%;" type="para">os for activities of a non-recurring nature such as new services or specia
urity shipments and the preparation of special reports will be subject to |</div></box><box><div coordinates="3707,4462,558,261" index="45" style="position:fixed;left:56.158157854870474%;top:87.49019607843137%;height:5.11764705882353%;width:8.453264656870171%;" type="para">extraordinary
sgotiation.</div></box><box><div coordinates="2346,5966,122,122" index="46" style="position:fixed;left:35.54006968641115%;top:116.98039215686276%;height:2.392156862745098%;width:1.8482048174519012%;" type="para" /></box><box><div coordinates="3427,6052,1070,479" index="47" style="position:fixed;left:51.91637630662021%;top:118.66666666666667%;height:9.392156862745098%;width:16.209665202242086%;" type="para">STATE STREET.

Serving Institutional Investors Worldwide =</div></box></Blocks></page><page num="5" src="img/Bi2i_0724/Bi2i_0724-04.jpg" txt_src="img/Bi2i_0724/Bi2i_0724-04.txt"><Blocks><box><div coordinates="501,349,4199,261" index="0" style="position:fixed;left:7.589759127404938%;top:6.843137254901961%;height:5.11764705882353%;width:63.6115740039388%;" type="para">| Out-of-Pocket Exp</div></box><box><div coordinates="1961,349,610,121" index="1" style="position:fixed;left:29.707620057567034%;top:6.843137254901961%;height:2.372549019607843%;width:9.241024087259506%;" type="para" /></box><box><div coordinates="2932,349,715,121" index="2" style="position:fixed;left:44.41751249810635%;top:6.843137254901961%;height:2.372549019607843%;width:10.831692167853356%;" type="para" /></box><box><div coordinates="4313,351,121,121" index="3" style="position:fixed;left:65.33858506286926%;top:6.88235294117647%;height:2.372549019607843%;width:1.8330555976367218%;" type="para" /></box><box><div coordinates="572,621,248,355" index="4" style="position:fixed;left:8.665353734282684%;top:12.176470588235293%;height:6.96078431372549%;width:3.7570065141645204%;" type="para">A billi
each
other</div></box><box><div coordinates="831,622,3557,1543" index="5" style="position:fixed;left:12.589001666414179%;top:12.19607843137255%;height:30.254901960784313%;width:53.88577488259355%;" type="para">1g for the recovery of applicable out-of-pocket expenses will be made as of the end of
month. These out-of-pocket expenses may be adjusted based on market conditions or
circumstances. Out-of-pocket expenses include, but are not limited to the following:

nual maintenance fee for each | .
Istomized program/transmission beyond

ose agreed in the &#8220;service document&#8221; .
3,000) *
chive (waived) *

Jdit (waived)
ommunications/equipment costs beyond

ose already established between Legg &#176;
ason and State Street. oo
ourier service | &#176;

Sor er

On-Sight Consulting ($200 per hour pet
person plus expenses for travel and lod
Physical Checks ($2)

Postage and insurance

Subcustodian out-of-pocket charges
(market fees, registration fees, stamp
duties, etc.)

SWIFT charges (waived).

Third-party internal control review letter
Wire charges (Waived).</div></box><box><div coordinates="2326,869,122,121" index="6" style="position:fixed;left:35.23708529010756%;top:17.03921568627451%;height:2.372549019607843%;width:1.8482048174519012%;" type="para">Se</div></box><box><div coordinates="551,1019,143,143" index="7" style="position:fixed;left:8.347220118163914%;top:19.980392156862745%;height:2.803921568627451%;width:2.166338433570671%;" type="para" /></box><box><div coordinates="734,1013,601,367" index="8" style="position:fixed;left:11.119527344341765%;top:19.862745098039216%;height:7.196078431372549%;width:9.104681108922891%;" type="para">Annual mainte
customized pr
those agreed |

Poe NO wm wm sm %</div></box><box><div coordinates="2596,1019,143,143" index="9" style="position:fixed;left:39.32737464020603%;top:19.980392156862745%;height:2.803921568627451%;width:2.166338433570671%;" type="para" /></box><box><div coordinates="2746,1125,169,149" index="10" style="position:fixed;left:41.59975761248296%;top:22.058823529411764%;height:2.9215686274509807%;width:2.5602181487653386%;" type="para">Pel</div></box><box><div coordinates="4370,1155,121,121" index="11" style="position:fixed;left:66.2020905923345%;top:22.647058823529413%;height:2.372549019607843%;width:1.8330555976367218%;" type="para">fo]</div></box><box><div coordinates="4492,1155,121,121" index="12" style="position:fixed;left:68.0502954097864%;top:22.647058823529413%;height:2.372549019607843%;width:1.8330555976367218%;" type="para">9)</div></box><box><div coordinates="2596,1237,144,367" index="13" style="position:fixed;left:39.32737464020603%;top:24.254901960784313%;height:7.196078431372549%;width:2.1814876533858505%;" type="para" /></box><box><div coordinates="699,1313,1801,1060" index="14" style="position:fixed;left:10.589304650810483%;top:25.745098039215687%;height:20.784313725490197%;width:27.28374488713831%;" type="para">EAN ad] MN ALE AWE lhl WE LS teh Sl Sr LS SE
($3,000)

Archive (waived)

Audit (waived)
Communications/equipment costs beyond
those already established between Legg
Mason and State Street.

Courier service

Duplicating

Non-recurring legal fees</div></box><box><div coordinates="551,1448,144,368" index="15" style="position:fixed;left:8.347220118163914%;top:28.3921568627451%;height:7.215686274509804%;width:2.1814876533858505%;" type="para" /></box><box><div coordinates="4215,1597,121,121" index="16" style="position:fixed;left:63.85396152098167%;top:31.313725490196077%;height:2.372549019607843%;width:1.8330555976367218%;" type="para">np</div></box><box><div coordinates="2596,1786,144,366" index="17" style="position:fixed;left:39.32737464020603%;top:35.01960784313726%;height:7.1764705882352935%;width:2.1814876533858505%;" type="para" /></box><box><div coordinates="3845,1891,501,161" index="18" style="position:fixed;left:58.24875018936525%;top:37.07843137254902%;height:3.1568627450980395%;width:7.589759127404938%;" type="para">| review lette</div></box><box><div coordinates="551,1998,144,368" index="19" style="position:fixed;left:8.347220118163914%;top:39.1764705882353%;height:7.215686274509804%;width:2.1814876533858505%;" type="para" /></box><box><div coordinates="703,2137,214,239" index="20" style="position:fixed;left:10.649901530071201%;top:41.90196078431372%;height:4.686274509803921%;width:3.241933040448417%;" type="para">Dup
Non</div></box><box><div coordinates="1386,2207,351,170" index="21" style="position:fixed;left:20.996818663838813%;top:43.27450980392157%;height:3.3333333333333335%;width:5.317376155128011%;" type="para">gal fees</div></box><box><div coordinates="501,2758,4200,252" index="22" style="position:fixed;left:7.589759127404938%;top:54.07843137254902%;height:4.941176470588235%;width:63.62672322375398%;" type="para" /></box><box><div coordinates="571,3036,121,121" index="23" style="position:fixed;left:8.650204514467505%;top:59.529411764705884%;height:2.372549019607843%;width:1.8330555976367218%;" type="para" /></box><box><div coordinates="1218,3037,821,176" index="24" style="position:fixed;left:18.451749734888654%;top:59.549019607843135%;height:3.4509803921568625%;width:12.437509468262384%;" type="para">3 fee schedule will be</div></box><box><div coordinates="2480,3039,264,170" index="25" style="position:fixed;left:37.5700651416452%;top:59.588235294117645%;height:3.3333333333333335%;width:3.999394031207393%;" type="para">ary 1,</div></box><box><div coordinates="2825,3039,257,139" index="26" style="position:fixed;left:42.79654597788214%;top:59.588235294117645%;height:2.7254901960784315%;width:3.8933494925011365%;" type="para">)13 thr</div></box><box><div coordinates="3173,3035,512,176" index="27" style="position:fixed;left:48.068474473564606%;top:59.509803921568626%;height:3.4509803921568625%;width:7.756400545371914%;" type="para">igh Decembg</div></box><box><div coordinates="3791,3040,324,172" index="28" style="position:fixed;left:57.43069231934555%;top:59.6078431372549%;height:3.3725490196078427%;width:4.908347220118164%;" type="para">31, 201&#8364;</div></box><box><div coordinates="736,3051,122,122" index="29" style="position:fixed;left:11.149825783972126%;top:59.82352941176471%;height:2.392156862745098%;width:1.8482048174519012%;" type="para" /></box><box><div coordinates="998,3051,173,124" index="30" style="position:fixed;left:15.11892137554916%;top:59.82352941176471%;height:2.431372549019608%;width:2.620815028026057%;" type="para">of th</div></box><box><div coordinates="2329,3069,121,137" index="31" style="position:fixed;left:35.282532949553094%;top:60.1764705882353%;height:2.686274509803922%;width:1.8330555976367218%;" type="para">Jan</div></box><box><div coordinates="503,3368,4198,252" index="32" style="position:fixed;left:7.620057567035297%;top:66.03921568627452%;height:4.941176470588235%;width:63.59642478412362%;" type="para" /></box><box><div coordinates="2228,3632,1899,390" index="33" style="position:fixed;left:33.752461748219964%;top:71.2156862745098%;height:7.647058823529412%;width:28.768368429025905%;" type="para">Nn a monthly basis for the fees described above
upon approval by the Trustee. The Trustee wil
15 business days after receipt of the invoice (s,</div></box><box><div coordinates="555,3641,1596,400" index="34" style="position:fixed;left:8.407816997424632%;top:71.3921568627451%;height:7.8431372549019605%;width:24.17815482502651%;" type="para">State Street will invoice on the fund (s
Payment will be made from the fund (s
best efforts to authorize payment withi</div></box><box><div coordinates="4145,3754,284,155" index="35" style="position:fixed;left:62.793516133919105%;top:73.6078431372549%;height:3.0392156862745097%;width:4.302378427510983%;" type="para">use its</div></box><box><div coordinates="974,4176,131,123" index="36" style="position:fixed;left:14.755340099984851%;top:81.88235294117648%;height:2.411764705882353%;width:1.9845477957885167%;" type="para" /></box><box><div coordinates="551,4407,1929,822" index="37" style="position:fixed;left:8.347220118163914%;top:86.41176470588235%;height:16.11764705882353%;width:29.22284502348129%;" type="para" /></box><box><div coordinates="505,4414,4200,1352" index="38" style="position:fixed;left:7.650356006665657%;top:86.54901960784314%;height:26.509803921568626%;width:63.62672322375398%;" type="para" /></box><box><div coordinates="2630,4444,1913,971" index="39" style="position:fixed;left:39.84244811392214%;top:87.13725490196079%;height:19.03921568627451%;width:28.980457506438416%;" type="para" /></box><box><div coordinates="557,4776,225,180" index="40" style="position:fixed;left:8.438115437054991%;top:93.64705882352942%;height:3.5294117647058822%;width:3.408574458415391%;" type="para" /></box><box><div coordinates="2647,4774,226,180" index="41" style="position:fixed;left:40.09998485078018%;top:93.6078431372549%;height:3.5294117647058822%;width:3.423723678230571%;" type="para" /></box><box><div coordinates="557,5216,1898,200" index="42" style="position:fixed;left:8.438115437054991%;top:102.27450980392156%;height:3.9215686274509802%;width:28.753219209210723%;" type="para" /></box><box><div coordinates="2339,6008,122,121" index="43" style="position:fixed;left:35.434025147704894%;top:117.80392156862744%;height:2.372549019607843%;width:1.8482048174519012%;" type="para" /></box><box><div coordinates="3425,6046,1070,481" index="44" style="position:fixed;left:51.88607786698986%;top:118.54901960784315%;height:9.431372549019608%;width:16.209665202242086%;" type="para">STATE STREET.

Serving Institutional Investors Worldwide &#187;</div></box></Blocks></page><page num="6" src="img/Bi2i_0724/Bi2i_0724-05.jpg" txt_src="img/Bi2i_0724/Bi2i_0724-05.txt"><Blocks><box><div coordinates="2286,584,507,184" index="0" style="position:fixed;left:34.63111649750038%;top:11.450980392156863%;height:3.607843137254902%;width:7.680654446296016%;" type="para">Appendix 1</div></box><box><div coordinates="3084,777,562,760" index="1" style="position:fixed;left:46.720193910013634%;top:15.235294117647058%;height:14.901960784313726%;width:8.51386153613089%;" type="para">ssing the settlem
7 services under t
&gt; Fees, unless oth
ransactions with
ssing Fees are in
yw) that may be &#162;
1ch transaction.</div></box><box><div coordinates="1415,781,534,775" index="2" style="position:fixed;left:21.436146038479016%;top:15.313725490196079%;height:15.196078431372548%;width:8.089683381305862%;" type="para">fees in accordan
a Fund in conne
1 Processing Fe
hird party invest
hird party dealer
nts in lieu of, at
a third party de:</div></box><box><div coordinates="2008,805,121,121" index="3" style="position:fixed;left:30.419633388880474%;top:15.784313725490195%;height:2.372549019607843%;width:1.8330555976367218%;" type="para">Wi</div></box><box><div coordinates="3008,827,121,121" index="4" style="position:fixed;left:45.56885320405999%;top:16.215686274509807%;height:2.372549019607843%;width:1.8330555976367218%;" type="para">CES.</div></box><box><div coordinates="2465,1219,121,121" index="5" style="position:fixed;left:37.342826844417516%;top:23.901960784313726%;height:2.372549019607843%;width:1.8330555976367218%;" type="para">Tr</div></box><box><div coordinates="1386,1292,121,121" index="6" style="position:fixed;left:20.996818663838813%;top:25.333333333333336%;height:2.372549019607843%;width:1.8330555976367218%;" type="para">ent</div></box><box><div coordinates="1201,1566,168,127" index="7" style="position:fixed;left:18.1942129980306%;top:30.705882352941178%;height:2.4901960784313726%;width:2.545068928950159%;" type="para">I Ma</div></box><box><div coordinates="3149,1564,493,1246" index="8" style="position:fixed;left:47.704893198000306%;top:30.666666666666664%;height:24.43137254901961%;width:7.468565368883502%;" type="para">al or &#8220;dealer&#8221; 1
platforms) in &#162;
fiduciary inves
however, any s
ee operations,
ations under th
foreign exchar
| transactions &#162;
ncy or similar
th such trading
1ds in a variety
fee or similar a</div></box><box><div coordinates="1411,1591,669,1220" index="9" style="position:fixed;left:21.3755491592183%;top:31.19607843137255%;height:23.92156862745098%;width:10.134828056355099%;" type="para">ets, a separate divis
ices (which include
Jescribed in this sch
| Markets to effect p
ire transmitted throu
ngements that are di
te Street Global Ma
ransactions) to a Fut
iters into them as a c
etween State Street
bal Markets may re
venue share, spread</div></box><box><div coordinates="2283,1767,121,121" index="10" style="position:fixed;left:34.585668838054836%;top:34.64705882352941%;height:2.372549019607843%;width:1.8330555976367218%;" type="para" /></box><box><div coordinates="3027,1778,121,121" index="11" style="position:fixed;left:45.8566883805484%;top:34.86274509803921%;height:2.372549019607843%;width:1.8330555976367218%;" type="para" /></box><box><div coordinates="569,2171,136,143" index="12" style="position:fixed;left:8.619906074837145%;top:42.56862745098039%;height:2.803921568627451%;width:2.0602938948644143%;" type="para" /></box><box><div coordinates="1015,2350,168,127" index="13" style="position:fixed;left:15.37645811240721%;top:46.07843137254902%;height:2.4901960784313726%;width:2.545068928950159%;" type="para">1 Maj</div></box><box><div coordinates="1852,2462,121,146" index="14" style="position:fixed;left:28.056355097712466%;top:48.27450980392157%;height:2.8627450980392157%;width:1.8330555976367218%;" type="para">Str</div></box><box><div coordinates="3027,2657,121,121" index="15" style="position:fixed;left:45.8566883805484%;top:52.09803921568628%;height:2.372549019607843%;width:1.8330555976367218%;" type="para">st,</div></box><box><div coordinates="1844,2672,121,153" index="16" style="position:fixed;left:27.935161339191033%;top:52.3921568627451%;height:3.0%;width:1.8330555976367218%;" type="para">spr</div></box><box><div coordinates="2339,5960,121,121" index="17" style="position:fixed;left:35.434025147704894%;top:116.86274509803923%;height:2.372549019607843%;width:1.8330555976367218%;" type="para" /></box><box><div coordinates="3425,6084,1070,449" index="18" style="position:fixed;left:51.88607786698986%;top:119.29411764705881%;height:8.803921568627452%;width:16.209665202242086%;" type="para">STATE STREET.

Serving Institutional Investors Woddide &#187;</div></box></Blocks></page></doc>