<doc doi="Bi2i_0964" name="/prcanalyt/test-pra1/inventory_module/InputProcessing/78F/1A3/78F1A3EB0FC9A58EF3986573109D23A314BDA845.pdf"><page num="1" src="img/Bi2i_0964/Bi2i_0964-00.jpg" txt_src="img/Bi2i_0964/Bi2i_0964-00.txt"><Blocks><box><div coordinates="1302,660,2152,286" index="0" style="position:fixed;left:19.724284199363733%;top:12.941176470588237%;height:5.607843137254902%;width:32.60112104226632%;" type="para">STATE STREET BANK AND TRUST COMPANY
(&#8220;State Street&#8221;)</div></box><box><div coordinates="2160,987,791,283" index="1" style="position:fixed;left:32.722314800787764%;top:19.35294117647059%;height:5.549019607843137%;width:11.983032873807%;" type="para">FEE SCHEDULE
for</div></box><box><div coordinates="1170,1311,2780,178" index="2" style="position:fixed;left:17.724587183760036%;top:25.705882352941178%;height:3.4901960784313726%;width:42.11483108619906%;" type="para">CARLYLE GLOBAL MARKET STRATEGIES CLO 2012-3 LTD.</div></box><box><div coordinates="765,1528,3590,525" index="3" style="position:fixed;left:11.58915315861233%;top:29.96078431372549%;height:10.294117647058822%;width:54.385699136494466%;" type="para">and such additional fund(s) as may become a party hereto by agreement of State Street
in its sole discretion and for the avoidance of doubt any new funds added may be subject
to fees different than those disclosed herein
(each, a &#8220;Fund&#8221; and collectively, the &#8220;Funds&#8221;)</div></box><box><div coordinates="753,2071,3623,745" index="4" style="position:fixed;left:11.407362520830178%;top:40.6078431372549%;height:14.607843137254903%;width:54.8856233903954%;" type="para">Subject to the terms of the Administrative Services Agreement between State Street and the
relevant Fund, the fees, which will be billed directly to the Funds monthly, are calculated and
charged in basis points per annum of the sum of the Funds&#8217; total month-end Net Assets
subject to the below notations (in each case, as applicable, before deduction of accrued
management fees, deferred management fees, general partner&#8217;s incentive allocations, accrued
incentive fees, deferred incentive fees, if any, and redemptions as of such date) as follows:</div></box><box><div coordinates="756,2835,3586,740" index="5" style="position:fixed;left:11.452810180275716%;top:55.58823529411765%;height:14.50980392156863%;width:54.32510225723375%;" type="para">A. State Street Bank and Trust Fees

~ An annual fee, at the rate provided below, based on outstanding par balance of all |
securities/debt obligations/pledged assets plus any principal cash: paid in accordance with the

priority of payments as defined in the governing documents and based on the balance at the

date of determination, This amount does not include transaction processing fees or out-of-
pocket expenses.</div></box><box><div coordinates="768,3597,1786,289" index="6" style="position:fixed;left:11.634600818057871%;top:70.52941176470588%;height:5.666666666666666%;width:27.05650658991062%;" type="para">Fee
Total collateral outstanding: as defined above</div></box><box><div coordinates="2995,3607,421,298" index="7" style="position:fixed;left:45.371913346462655%;top:70.72549019607844%;height:5.843137254901961%;width:6.377821542190578%;" type="para">&#8216;Amount
2.5 bps</div></box><box><div coordinates="771,3924,1772,200" index="8" style="position:fixed;left:11.680048477503409%;top:76.94117647058823%;height:3.9215686274509802%;width:26.844417512498108%;" type="para">A one time acceptance fee payable at closing</div></box><box><div coordinates="2991,3927,410,179" index="9" style="position:fixed;left:45.31131646720194%;top:77.0%;height:3.5098039215686274%;width:6.211180124223603%;" type="para">$15,000</div></box><box><div coordinates="765,4141,2093,292" index="10" style="position:fixed;left:11.58915315861233%;top:81.19607843137256%;height:5.7254901960784315%;width:31.70731707317073%;" type="para">A one time fee for Trust and Custody services related
to the issuance of a Principal Protected Note</div></box><box><div coordinates="2995,4159,358,169" index="11" style="position:fixed;left:45.371913346462655%;top:81.54901960784314%;height:3.313725490196078%;width:5.4234206938342675%;" type="para">$6,000</div></box><box><div coordinates="768,4467,3068,1577" index="12" style="position:fixed;left:11.634600818057871%;top:87.58823529411764%;height:30.92156862745098%;width:46.47780639297076%;" type="para">* @&amp; &amp; &amp; &amp; &#169;  &amp; &#187;

&#174;

Transaction Processing Fees**

DTCC/Fed Book Entry $12%%
Physical Securities 35
Options/Futures 18
Swaps 100
GNMA Securities 25
Principal Paydown (non loans) 5

3" Party Foreign Exchange THERE
Outgoing Wires 7
Incoming Wires 5

Foreign Exchange through State Street Global Markets

&#165;&#165; These fees assume that trade information is sent to State Street electronically
*#% There are no transaction charges for the use of State Street Repo product</div></box><box><div coordinates="2526,6106,122,166" index="13" style="position:fixed;left:38.26692925314346%;top:119.72549019607843%;height:3.2549019607843137%;width:1.8482048174519012%;" type="para" /></box></Blocks></page><page num="2" src="img/Bi2i_0964/Bi2i_0964-01.jpg" txt_src="img/Bi2i_0964/Bi2i_0964-01.txt"><Blocks><box><div coordinates="762,547,2600,180" index="0" style="position:fixed;left:11.543705499166792%;top:10.72549019607843%;height:3.5294117647058822%;width:39.387971519466745%;" type="para">**&#165;%* There are no charges for f/x contracts executed by State Street</div></box><box><div coordinates="747,759,3587,857" index="1" style="position:fixed;left:11.3164672019391%;top:14.882352941176471%;height:16.80392156862745%;width:54.34025147704893%;" type="para">The Transaction Processing Fees are per trade processing fees charged for processing the
settlement of transactions by State Street on behalf of the Fund in connection with the
provision of custody services hereunder, These transaction processing fees, unless otherwise
waived, apply whether the Fund or its third party investment managers entered into such
transactions with or through a third party dealer or with State Street or one of its affiliates and
are in addition to any spread or other compensation that may be earned by the dealer,
including State Street Global Markets, in connection with such transaction.</div></box><box><div coordinates="753,1630,3593,1927" index="2" style="position:fixed;left:11.407362520830178%;top:31.960784313725487%;height:37.7843137254902%;width:54.43114679594001%;" type="para">State Street and its affiliates provide foreign exchange trading services as part of its State
Street Global Markets business. The Fund or its third party fiduciary investment managers
may select State Street Global Markets as a dealer to effect foreign exchange transactions;
however, any such services are conducted under contractual or other arrangements that are

- distinet from its services under this Agreement, except as expressly provided otherwise, are
entered into as a dealer and not in a fiduciary, agency or similar capacity (regardless of any
other relationships between State Street and the Fund) and, as compensation for such trading
services, State Street Global Markets may charge the Fund a commission, revenue share,
spread, mark-up, mark-down, interest, fee or similar amount. The transaction processing fees
described above are in addition to and are not to be construed as payments in lieu of such
&#8216;other compensation. Th&#233;se trading services are not governed by the Custody Agreement and
&#8220;except as otherwise required by the terms of the separate contractual arrangements governing
such trading relationship, by law or by the rules and regulations of any self-regulatory
organization. State Street is not obligated to disclose the amount of any such compensation to
the Fund. The Fund or its third party investment managers shall be responsible for
determining the appropriateness of the selection of State Street as a counterparty, the foreign
exchange service selected or the rates or fees charged to the Fund.</div></box><box><div coordinates="765,3591,3590,1490" index="3" style="position:fixed;left:11.58915315861233%;top:70.41176470588235%;height:29.215686274509807%;width:54.385699136494466%;" type="para">Whether or not State Street charges a separate fransaction processing fee for settling foreign
exchange transactions executed by the Fund or its investments managers with State Street
Global Markets, the proprietary foreign exchange division of State Street, State Street Global
Markets does seek to earn a profit in connection such foreign exchange trades, which may
include a mark up or mark down from prevailing intra-bank rates at the time the order is
placed or the transaction effected. More.information with respect to the different foreign
exchange execution services offered by State Street Global Markets and the rates charged to
clients in connection with such foreign exchange transactions is included in the Investment
Manager Guide made available by State Street, as custodian, The Investment Manager Guide
is available at date of execution of this fee schedule to all clients and their investment
managers via the following link: https:/my .statestreet.com. The Investment Manager Guide
is updated periodically and may be superseded by other publications or means of making
information regarding foreign exchange services and rates known to our clients.</div></box><box><div coordinates="774,5119,3454,532" index="4" style="position:fixed;left:11.725496136948948%;top:100.37254901960783%;height:10.431372549019608%;width:52.32540524163005%;" type="para">C. Foreign Subcustodian Fees
&#162; Ifrequired, subcustodian fees shall apply for all non-USD, non-bank loan securities
held by the Fund. State Street will provide a separate subcustodian fee schedule if
these services are required.</div></box><box><div coordinates="783,5779,1888,310" index="5" style="position:fixed;left:11.861839115285564%;top:113.31372549019608%;height:6.078431372549019%;width:28.60172701105893%;" type="para">D. Out-of-Pocket Expenses and Other Expenses
o Local Jurisdiction Filing Fees</div></box></Blocks></page><page num="3" src="img/Bi2i_0964/Bi2i_0964-02.jpg" txt_src="img/Bi2i_0964/Bi2i_0964-02.txt"><Blocks><box><div coordinates="885,541,2483,1116" index="0" style="position:fixed;left:13.407059536433874%;top:10.607843137254902%;height:21.88235294117647%;width:37.615512801090745%;" type="para">&#174;

&#174;e &#169; &#169; &#169; &#169; &#162;

Third Party Review (SAS 70) - $100 per quarter

Legal Expenses (relating to contract review)
0 Legal Review for Principal Protected Notes - $1,000
Printing, Delivery &amp; Postage
Extraordinary Travel Expenses
Telecommunications - $75 per quarter
Pricing Services
Forms and Supplies - $125 per quarter
Customized Reporting/Transmissions/Extracts -</div></box><box><div coordinates="759,1677,3521,418" index="1" style="position:fixed;left:11.498257839721255%;top:32.88235294117647%;height:8.196078431372548%;width:53.34040296924708%;" type="para">E. Cash Management
This proposal is based on the investment of the Fund&#8217;s short term cash in State Street sweep
and/or repo product,</div></box><box><div coordinates="762,2115,3581,611" index="2" style="position:fixed;left:11.543705499166792%;top:41.47058823529412%;height:11.980392156862745%;width:54.24935615815786%;" type="para">F. WSO Reporting
Our standard reporting package is available at no charge. Any customized reporting packages
are covered under section I and will include an annual maintenance fee of 33% of the original

systems development work. Any additional systems costs need to be approved by the client
before work will begin. =</div></box><box><div coordinates="762,2763,3260,398" index="3" style="position:fixed;left:11.543705499166792%;top:54.17647058823529%;height:7.803921568627451%;width:49.38645659748523%;" type="para">G. Monthly Reporting / Payment Date Reporting
The reporting packages outlined-in the governing documents will be developed at no
additional cost.</div></box><box><div coordinates="768,3201,3593,853" index="4" style="position:fixed;left:11.634600818057871%;top:62.76470588235294%;height:16.725490196078432%;width:54.43114679594001%;" type="para">H. Systems

The details of any systems work, including customized reporting packages will be determined
after a thorough business analysis. State Street provides an allowance of 10 systems houts for
data extract set up. Additional systems hours will be billed on a time and materials basis.
Requests for customized reporting packages will be subject to an annual maintenance fee of
33% of the original systems development work. Any additional systems costs need to be
approved by the client before work will begin.</div></box><box><div coordinates="777,4182,3572,734" index="5" style="position:fixed;left:11.770943796394485%;top:82.0%;height:14.392156862745098%;width:54.11301317982124%;" type="para">I. Payment
e The above fees will be payable quarterly through the waterfall process.
e The above fees were arrived at through discussions with Wells Fargo and The Carlyle
Group. Any changes to anticipated types of portfolio investments, structure,

customized reports, ox other items upon which this fee schedule was based may result
in an increase in fees,</div></box><box><div coordinates="771,4957,3523,424" index="6" style="position:fixed;left:11.680048477503409%;top:97.19607843137254%;height:8.313725490196077%;width:53.370701408877444%;" type="para">J. Confidentiality
- &amp; This fee schedule is gon! dential and may not be disclosed to any third party without
prior written consent of both parties.</div></box><box><div coordinates="798,5398,2186,199" index="7" style="position:fixed;left:12.089077412513255%;top:105.84313725490195%;height:3.9019607843137254%;width:33.11619451598243%;" type="para">This fee schedule is valid for 30 days from date of issue.</div></box><box><div coordinates="1191,5725,3131,301" index="8" style="position:fixed;left:18.042720799878804%;top:112.25490196078431%;height:5.901960784313726%;width:47.43220724132707%;" type="para">*" For the purpose of determining net asset break points and the overall fee, State
Street will aggregate the assets of all master funds and any stand alone or feeder</div></box><box><div coordinates="2541,6094,121,121" index="9" style="position:fixed;left:38.49416755037115%;top:119.49019607843137%;height:2.372549019607843%;width:1.8330555976367218%;" type="para" /></box></Blocks></page><page num="4" src="img/Bi2i_0964/Bi2i_0964-03.jpg" txt_src="img/Bi2i_0964/Bi2i_0964-03.txt"><Blocks><box><div coordinates="1158,517,3205,1050" index="0" style="position:fixed;left:17.542796545977883%;top:10.137254901960786%;height:20.588235294117645%;width:48.55324950765036%;" type="para">funds (in the case of feeder funds, solely to the extent of such Funds&#8217; investments
that are not made in a master fund under this Fee Schedule). For master-feeder
fund structures, fees will be calculated and charged at the master fund level
(except to the extent that a feeder fund has investments that are not made in a
master fund under this Fee Schedule, and in such case, the fees related to such
investments will be calculated and charged at the relevant Fund level based on a
prorata share of the overall fee for such investments). Each master fund and stand

alone fund will pay its provata share of the overall fee based on such Fund's
month-end net assets.</div></box><box><div coordinates="753,1822,3619,2104" index="1" style="position:fixed;left:11.407362520830178%;top:35.72549019607843%;height:41.25490196078431%;width:54.82502651113468%;" type="para">IN WITNESS WHEREOF, this written Fee Schedule, contemplated by, and constituting a
part of, the relevant Administrative Services Agreement for each Fund, has been executed for
and on behalf of the undersigned as of the date noted below.

Date;

 

Title: | Alene] Sees</div></box><box><div coordinates="759,2259,298,179" index="2" style="position:fixed;left:11.498257839721255%;top:44.294117647058826%;height:3.5098039215686274%;width:4.514467504923497%;" type="para">Date: _</div></box><box><div coordinates="2925,3111,176,128" index="3" style="position:fixed;left:44.31146795940009%;top:61.0%;height:2.5098039215686274%;width:2.666262687471595%;" type="para" /></box><box><div coordinates="2530,6071,124,165" index="4" style="position:fixed;left:38.32752613240418%;top:119.03921568627452%;height:3.2352941176470593%;width:1.8785032570822602%;" type="para" /></box></Blocks></page></doc>