<doc doi="Bi2i_0746" name="/prcanalyt/test-pra1/inventory_module/InputProcessing/606/FF9/606FF957C99B5B37E285F5366BB79CE56E7EA6D5.pdf"><page num="1" src="img/Bi2i_0746/Bi2i_0746-00.jpg" txt_src="img/Bi2i_0746/Bi2i_0746-00.txt"><Blocks><box><div coordinates="3832,218,542,184" index="0" style="position:fixed;left:58.05181033176792%;top:4.2745098039215685%;height:3.607843137254902%;width:8.2108771398273%;" type="para">&#163;0/6/L</div></box><box><div coordinates="778,220,842,186" index="1" style="position:fixed;left:11.786093016209666%;top:4.313725490196078%;height:3.6470588235294117%;width:12.755643084381155%;" type="para">$301</div></box><box><div coordinates="1766,276,402,128" index="2" style="position:fixed;left:26.753522193607026%;top:5.411764705882352%;height:2.5098039215686274%;width:6.089986365702167%;" type="para" /></box><box><div coordinates="2244,274,288,128" index="3" style="position:fixed;left:33.994849265262836%;top:5.372549019607844%;height:2.5098039215686274%;width:4.362975306771701%;" type="para" /></box><box><div coordinates="2620,272,538,130" index="4" style="position:fixed;left:39.69095591577034%;top:5.333333333333334%;height:2.549019607843137%;width:8.15028026056658%;" type="para" /></box><box><div coordinates="3192,274,434,128" index="5" style="position:fixed;left:48.35630965005302%;top:5.372549019607844%;height:2.5098039215686274%;width:6.574761399787911%;" type="para" /></box><box><div coordinates="3634,276,154,122" index="6" style="position:fixed;left:55.052264808362374%;top:5.411764705882352%;height:2.392156862745098%;width:2.332979851537646%;" type="para" /></box><box><div coordinates="282,636,614,722" index="7" style="position:fixed;left:4.272079987880624%;top:12.470588235294118%;height:14.156862745098039%;width:9.301620966520224%;" type="para" /></box><box><div coordinates="1874,678,122,124" index="8" style="position:fixed;left:28.389637933646416%;top:13.294117647058822%;height:2.431372549019608%;width:1.8482048174519012%;" type="para" /></box><box><div coordinates="922,762,3236,414" index="9" style="position:fixed;left:13.967580669595517%;top:14.941176470588236%;height:8.117647058823529%;width:49.02287532192092%;" type="para">"S23] PUN] asked] SU 0] UOLIPpE
ur sso areys Jad oO&#8216; 1&#167; JO 33] [BnUUR Ue PISSISSE aq [JIM SSSSB[I SI&#165;ys [RUOHIPPE AUY

SSOI)-BIMN</div></box><box><div coordinates="296,1182,3868,832" index="10" style="position:fixed;left:4.484169065293138%;top:23.176470588235293%;height:16.31372549019608%;width:58.597182245114375%;" type="para">al

&#8216;put SUIOOUL PANY] ISI Si JO Youns| Si wig 1vak 1S1J 3 W puolielado auwrodsq

181]3 SPUN SUIOIUT PAXT} JOF (&#8220;019 &#8216;OM] YIUOWL UF, Z/&#162; &#8220;UO [UO Uf UInUIUIW Ajyuows
30 ,T1/1 &#8220;9'1) 289A So Jo pouad 2 10A0 A[geajes m-paseyd aq [itm SOOT WINUIINL YL,
AoW etd Hh &#187; br &amp; 0) Spun auoIU] pax) poroa ur-asvyd

~I&#8364;} = o00'rss

 

pty od so318yS WINWIURK [BIUY

=.</div></box><box><div coordinates="2800,1728,1392,200" index="11" style="position:fixed;left:42.417815482502654%;top:33.88235294117647%;height:3.9215686274509802%;width:21.087713982729888%;" type="para">pty od so318yS WINWIURK [BIUY</div></box><box><div coordinates="986,1936,484,298" index="12" style="position:fixed;left:14.937130737767005%;top:37.96078431372549%;height:5.843137254901961%;width:7.332222390546887%;" type="para">sdq sT'v
/ 844 00&#176;F</div></box><box><div coordinates="3014,1932,1190,940" index="13" style="position:fixed;left:45.65974852295106%;top:37.88235294117647%;height:18.43137254901961%;width:18.027571580063626%;" type="para">99 spun Amb
89,] SOY] PAXIY
Idea] -
99 spung Ambg
39] SWIOIU] paXly
&#8220;UOINq &#163;F 1ST] -
532S5Y IN AVIIS

(opIn Xa]duioa) 523, jpnuuy</div></box><box><div coordinates="980,2236,492,298" index="14" style="position:fixed;left:14.846235418875928%;top:43.84313725490196%;height:5.843137254901961%;width:7.453416149068323%;" type="para">5dq &#162;/'p
7 sdq 05&#176;p</div></box><box><div coordinates="896,2538,740,200" index="15" style="position:fixed;left:13.57370095440085%;top:49.76470588235294%;height:3.9215686274509802%;width:11.210422663232844%;" type="para">593.4 INO SISDg</div></box><box><div coordinates="876,2882,3302,408" index="16" style="position:fixed;left:13.27071655809726%;top:56.509803921568626%;height:8.0%;width:50.02272382972277%;" type="para">&#8216;Kjdde 11m spung Jo Iaquumu
ay Aq patjdnprie WNIT aif 20 937 jutod Siseq apm xa1ditod Yl Jo 1512013 oY], &#8216;S195
19u 98e1aAe paseq &#8216;Afpuom sjqeAed pie pajfiq &#8216;a81eyd [enuue Ge ST MOJaq UMOYS 35] A]</div></box><box><div coordinates="752,3284,3696,1206" index="17" style="position:fixed;left:11.392213301014998%;top:64.3921568627451%;height:23.647058823529413%;width:55.991516436903495%;" type="para">Surpodar xu], &#8216;loddns so1gQ stomseany &#8216;eousijduoy  -

sjt0das [etouzug [enue PUR [ENUUBLIIS JO MaIAI put uoyemsdoad prepuels  -
Spas] JOpUIA ySnoxp sajonb Junoud patetnomny -

uonenoes (AVN) Sn[BA 1955V ISN -

yoddns [eds] SutoBuo pue souejstsse uoyeztuedlo puny -

punj a1 Jo sp103a1 pue ${00q Stil JO SoUBUIUE  -

:PHotll SIINAISS I89Y

A2[SUDLT [DUHOUNIISUT pUD KIUITY DJSUPAL YI01S BURUROIIY UOUDSSIIUIPY

     

SIPRIIUT INALDS</div></box><box><div coordinates="908,4496,652,132" index="18" style="position:fixed;left:13.755491592183002%;top:88.15686274509804%;height:2.588235294117647%;width:9.877291319497045%;" type="para" /></box><box><div coordinates="1688,4498,526,130" index="19" style="position:fixed;left:25.571883048023025%;top:88.19607843137256%;height:2.549019607843137%;width:7.968489622784427%;" type="para" /></box><box><div coordinates="2294,4498,254,126" index="20" style="position:fixed;left:34.752310256021815%;top:88.19607843137256%;height:2.4705882352941173%;width:3.8479018330555976%;" type="para" /></box><box><div coordinates="2796,4496,452,128" index="21" style="position:fixed;left:42.35721860324193%;top:88.15686274509804%;height:2.5098039215686274%;width:6.847447356461142%;" type="para" /></box><box><div coordinates="3396,4496,294,126" index="22" style="position:fixed;left:51.44675049234964%;top:88.15686274509804%;height:2.4705882352941173%;width:4.453870625662779%;" type="para" /></box><box><div coordinates="3762,4494,382,130" index="23" style="position:fixed;left:56.991364944705346%;top:88.11764705882354%;height:2.549019607843137%;width:5.787001969398576%;" type="para" /></box><box><div coordinates="4202,4494,248,176" index="24" style="position:fixed;left:63.65702166338434%;top:88.11764705882354%;height:3.4509803921568625%;width:3.7570065141645204%;" type="para" /></box><box><div coordinates="752,4502,124,176" index="25" style="position:fixed;left:11.392213301014998%;top:88.27450980392156%;height:3.4509803921568625%;width:1.8785032570822602%;" type="para" /></box><box><div coordinates="1142,4630,2910,200" index="26" style="position:fixed;left:17.30040902893501%;top:90.7843137254902%;height:3.9215686274509802%;width:44.0842296621724%;" type="para">AONTOV YAISNVUL &#165; NVIAOLSD &#8216;NOLLVULSININGY ANd</div></box><box><div coordinates="4328,4728,124,214" index="27" style="position:fixed;left:65.56582336009696%;top:92.70588235294117%;height:4.196078431372549%;width:1.8785032570822602%;" type="para" /></box><box><div coordinates="750,4732,124,186" index="28" style="position:fixed;left:11.361914861384639%;top:92.7843137254902%;height:3.6470588235294117%;width:1.8785032570822602%;" type="para" /></box><box><div coordinates="2246,4856,742,198" index="29" style="position:fixed;left:34.0251477048932%;top:95.2156862745098%;height:3.882352941176471%;width:11.240721102863201%;" type="para">(S17) 02ST</div></box><box><div coordinates="752,4946,122,228" index="30" style="position:fixed;left:11.392213301014998%;top:96.98039215686275%;height:4.470588235294118%;width:1.8482048174519012%;" type="para" /></box><box><div coordinates="4330,4950,122,340" index="31" style="position:fixed;left:65.59612179972731%;top:97.05882352941177%;height:6.666666666666667%;width:1.8482048174519012%;" type="para" /></box><box><div coordinates="2070,5092,1092,190" index="32" style="position:fixed;left:31.3588850174216%;top:99.84313725490196%;height:3.7254901960784315%;width:16.542948038176032%;" type="para">40d TINATHIS TTA</div></box><box><div coordinates="340,5204,1806,760" index="33" style="position:fixed;left:5.150734737161036%;top:102.03921568627452%;height:14.901960784313726%;width:27.359490986214208%;" type="para">Urapy pony ANVINOD
Caen z
CHEN

&#8220;Aad cL</div></box><box><div coordinates="1540,5314,2142,192" index="34" style="position:fixed;left:23.329798515376456%;top:104.19607843137256%;height:3.7647058823529407%;width:32.44962884411453%;" type="para">ANVINOO LSNYL ANV INVE LHHYLS TLVLS</div></box><box><div coordinates="2166,5522,2242,582" index="35" style="position:fixed;left:32.813210119678835%;top:108.27450980392157%;height:11.411764705882353%;width:33.96455082563248%;" type="para">EE &#8212;

&#8220;ur 3saayf nog ButyiAizng Jo4

/ 5G</div></box><box><div coordinates="42,5556,386,446" index="36" style="position:fixed;left:0.6362672322375398%;top:108.94117647058823%;height:8.745098039215685%;width:5.847598848659294%;" type="para">&#163;955"
1.555:</div></box><box><div coordinates="2698,5758,852,424" index="37" style="position:fixed;left:40.87259506135434%;top:112.90196078431372%;height:8.313725490196077%;width:12.90713528253295%;" type="para">an TIAA
HUY)</div></box><box><div coordinates="1804,5800,468,322" index="38" style="position:fixed;left:27.32919254658385%;top:113.72549019607843%;height:6.313725490196079%;width:7.089834873504014%;" type="para">. rH]</div></box><box><div coordinates="1242,5836,550,258" index="39" style="position:fixed;left:18.81533101045296%;top:114.4313725490196%;height:5.0588235294117645%;width:8.332070898348736%;" type="para">eH)</div></box><box><div coordinates="474,6022,122,122" index="40" style="position:fixed;left:7.180730192395092%;top:118.078431372549%;height:2.392156862745098%;width:1.8482048174519012%;" type="para" /></box><box><div coordinates="4514,6124,122,122" index="41" style="position:fixed;left:68.38357824572034%;top:120.078431372549%;height:2.392156862745098%;width:1.8482048174519012%;" type="para" /></box><box><div coordinates="4734,6120,190,142" index="42" style="position:fixed;left:71.71640660505983%;top:120.0%;height:2.784313725490196%;width:2.8783517648841084%;" type="para">rm</div></box><box><div coordinates="538,6232,950,180" index="43" style="position:fixed;left:8.15028026056658%;top:122.19607843137254%;height:3.5294117647058822%;width:14.391758824420542%;" type="para">Brp=d  &#165;00/100&#176;d BS0-L</div></box><box><div coordinates="1862,6244,438,176" index="44" style="position:fixed;left:28.207847295864262%;top:122.43137254901961%;height:3.4509803921568625%;width:6.63535827904863%;" type="para">0581299218</div></box><box><div coordinates="3014,6254,916,182" index="45" style="position:fixed;left:45.65974852295106%;top:122.62745098039215%;height:3.568627450980392%;width:13.876685350704438%;" type="para">NOILVLSININGY QNnd-wo.</div></box><box><div coordinates="3960,6266,778,178" index="46" style="position:fixed;left:59.99091046811089%;top:122.8627450980392%;height:3.4901960784313726%;width:11.786093016209666%;" type="para">Wdgy:e0 E&#163;00Z-30-AON</div></box></Blocks></page><page num="2" src="img/Bi2i_0746/Bi2i_0746-01.jpg" txt_src="img/Bi2i_0746/Bi2i_0746-01.txt"><Blocks><box><div coordinates="3952,272,396,178" index="0" style="position:fixed;left:59.86971670958946%;top:5.333333333333334%;height:3.4901960784313726%;width:5.999091046811089%;" type="para">&#163;0/6/L</div></box><box><div coordinates="754,280,322,180" index="1" style="position:fixed;left:11.422511740645357%;top:5.490196078431373%;height:3.5294117647058822%;width:4.878048780487805%;" type="para">sioy</div></box><box><div coordinates="2860,328,472,128" index="2" style="position:fixed;left:43.326768671413426%;top:6.431372549019608%;height:2.5098039215686274%;width:7.1504317527647325%;" type="para" /></box><box><div coordinates="3392,326,468,126" index="3" style="position:fixed;left:51.38615361308892%;top:6.3921568627450975%;height:2.4705882352941173%;width:7.089834873504014%;" type="para" /></box><box><div coordinates="1090,334,548,128" index="4" style="position:fixed;left:16.512649598545675%;top:6.549019607843137%;height:2.5098039215686274%;width:8.301772458718377%;" type="para" /></box><box><div coordinates="1750,334,442,126" index="5" style="position:fixed;left:26.511134676564158%;top:6.549019607843137%;height:2.4705882352941173%;width:6.695955158309347%;" type="para" /></box><box><div coordinates="2296,330,472,128" index="6" style="position:fixed;left:34.78260869565217%;top:6.470588235294119%;height:2.5098039215686274%;width:7.1504317527647325%;" type="para" /></box><box><div coordinates="740,3504,3720,2650" index="7" style="position:fixed;left:11.210422663232844%;top:68.70588235294117%;height:51.9607843137255%;width:56.3550977124678%;" type="para">&#8212;wrer 1R(] po ee

La &lt;A &#8212;70127 2 2] PLL
- &gt;
&#187; a T l

Aueduroy) jsna jy, pue yueyg 13311&#167; AES 00ST

 

"POEL ST SOTOATT SU Jay. SAvp ssaUISNq &#167; (Siqeatidde S1aym) unos
URIPOISNY (JS), SILOS At sureSe padaeyd aq [jim pus sig]jop "Sl W passaxdxs are $99 [[V

$2.7 Jo aiudog &#8216;1A

&#8216;fred JIS

Aq pairunn suoneEnoSou Jo Jnsal &#169; $8 PASIAAL STi [Hun 1294 0} 1894 WOK SHUuos [{La

ustusoISe SU &#8220;UL1a) [RMI OU JJ '1USUISSISE STL JO Sryeusis Jo 3jep SUL wo SIesk

39R[1 Jo poutad Jeniul ue 107 105719 UL ULLAL [[BYS S[Mpayos 33] Siqj tet) 3218&#162;e soysed yf,
| 10.0107) ay Jo uLIdy Tif

=Uf 352Au) noA BuIAINg Jo)

TAAAIS 2IVIS</div></box><box><div coordinates="782,3548,1942,878" index="8" style="position:fixed;left:11.846689895470384%;top:69.56862745098039%;height:17.215686274509803%;width:29.419784881078627%;" type="para">Aaeduro)) jsnay, pue yuey 333.11 ALIS</div></box><box><div coordinates="4164,4010,234,194" index="9" style="position:fixed;left:63.08135131040752%;top:78.62745098039215%;height:3.8039215686274512%;width:3.544917436752007%;" type="para">Ag,</div></box><box><div coordinates="2386,4020,224,192" index="10" style="position:fixed;left:36.14603847901833%;top:78.82352941176471%;height:3.7647058823529407%;width:3.3934252386002126%;" type="para">Ag</div></box><box><div coordinates="3926,4224,466,180" index="11" style="position:fixed;left:59.47583699439479%;top:82.82352941176471%;height:3.5294117647058822%;width:7.059536433873656%;" type="para">0DSTIA</div></box><box><div coordinates="4076,4408,332,128" index="12" style="position:fixed;left:61.74821996667171%;top:86.4313725490196%;height:2.5098039215686274%;width:5.0295409786396%;" type="para" /></box><box><div coordinates="3652,4412,352,126" index="13" style="position:fixed;left:55.324950765035595%;top:86.50980392156863%;height:2.4705882352941173%;width:5.33252537494319%;" type="para" /></box><box><div coordinates="2064,4426,350,126" index="14" style="position:fixed;left:31.267989698530524%;top:86.7843137254902%;height:2.4705882352941173%;width:5.302226935312832%;" type="para" /></box><box><div coordinates="774,4434,566,128" index="15" style="position:fixed;left:11.725496136948948%;top:86.94117647058823%;height:2.5098039215686274%;width:8.574458415391607%;" type="para" /></box><box><div coordinates="1440,4430,548,128" index="16" style="position:fixed;left:21.814876533858506%;top:86.86274509803921%;height:2.5098039215686274%;width:8.301772458718377%;" type="para" /></box><box><div coordinates="3976,6108,892,468" index="17" style="position:fixed;left:60.23329798515377%;top:119.76470588235296%;height:9.176470588235293%;width:13.51310407514013%;" type="para">LY ar

A
v&#8217;

udyy:g0 &#163;002=90=AON

r
1</div></box><box><div coordinates="4736,6124,172,168" index="18" style="position:fixed;left:71.7467050446902%;top:120.078431372549%;height:3.294117647058824%;width:2.605665808210877%;" type="para">aw</div></box><box><div coordinates="546,6258,268,172" index="19" style="position:fixed;left:8.271474019088016%;top:122.70588235294117%;height:3.3725490196078427%;width:4.059990910468111%;" type="para">B&#165;p-d</div></box><box><div coordinates="820,6256,680,174" index="20" style="position:fixed;left:12.422360248447205%;top:122.66666666666666%;height:3.4117647058823533%;width:10.301469474322072%;" type="para">&#165;00/&#8364;00&#176;d 880-1</div></box><box><div coordinates="1872,6256,442,176" index="21" style="position:fixed;left:28.359339494016055%;top:122.66666666666666%;height:3.4509803921568625%;width:6.695955158309347%;" type="para">0481299.19</div></box><box><div coordinates="3028,6260,914,176" index="22" style="position:fixed;left:45.87183760036358%;top:122.74509803921569%;height:3.4509803921568625%;width:13.84638691107408%;" type="para">NOILYYLS ININGY QNnd-Wod4</div></box></Blocks></page><page num="3" src="img/Bi2i_0746/Bi2i_0746-02.jpg" txt_src="img/Bi2i_0746/Bi2i_0746-02.txt"><Blocks><box><div coordinates="3148,246,1236,186" index="0" style="position:fixed;left:47.68974397818512%;top:4.823529411764706%;height:3.6470588235294117%;width:18.724435691561887%;" type="para">&#163;0/6/L</div></box><box><div coordinates="752,256,1226,188" index="1" style="position:fixed;left:11.392213301014998%;top:5.019607843137255%;height:3.686274509803922%;width:18.57294349341009%;" type="para">5Jo&#162;</div></box><box><div coordinates="2476,308,350,128" index="2" style="position:fixed;left:37.50946826238449%;top:6.03921568627451%;height:2.5098039215686274%;width:5.302226935312832%;" type="para" /></box><box><div coordinates="2022,312,332,128" index="3" style="position:fixed;left:30.631722466292988%;top:6.11764705882353%;height:2.5098039215686274%;width:5.0295409786396%;" type="para" /></box><box><div coordinates="3046,640,906,196" index="4" style="position:fixed;left:46.14452355703681%;top:12.549019607843137%;height:3.8431372549019605%;width:13.725193152552642%;" type="para">p4</div></box><box><div coordinates="932,658,238,180" index="5" style="position:fixed;left:14.119072867747311%;top:12.901960784313726%;height:3.5294117647058822%;width:3.6055143160127257%;" type="para">05%</div></box><box><div coordinates="2550,838,1400,286" index="6" style="position:fixed;left:38.630510528707774%;top:16.431372549019606%;height:5.607843137254902%;width:21.208907741251327%;" type="para">JUSWIIAOT ASUOUX OU &#8212; SUOHIBSURL],
- Sang</div></box><box><div coordinates="934,858,240,178" index="7" style="position:fixed;left:14.14937130737767%;top:16.823529411764707%;height:3.4901960784313726%;width:3.635812755643084%;" type="para">01s</div></box><box><div coordinates="1690,1130,2260,402" index="8" style="position:fixed;left:25.602181487653386%;top:22.15686274509804%;height:7.882352941176471%;width:34.237236782305715%;" type="para">19501q 1ad &#8216;ansst Jad &#8216;as1919%9 10 uonendxs vondg
Jav01q ad &#8216;ansst rad &#8220;oB1u0s Suisord 10 um uoiido yoey
TSuotidp</div></box><box><div coordinates="938,1160,238,284" index="9" style="position:fixed;left:14.209968186638388%;top:22.745098039215687%;height:5.568627450980392%;width:3.6055143160127257%;" type="para">S18
YA</div></box><box><div coordinates="2936,1538,1022,196" index="10" style="position:fixed;left:44.47810937736706%;top:30.15686274509804%;height:3.8431372549019605%;width:15.482502651113467%;" type="para">$92] uondesSuely, JogQ0</div></box><box><div coordinates="3976,1552,194,180" index="11" style="position:fixed;left:60.23329798515377%;top:30.43137254901961%;height:3.5294117647058822%;width:2.9389486441448267%;" type="para" /></box><box><div coordinates="744,1736,3230,1574" index="12" style="position:fixed;left:11.271019542493562%;top:34.03921568627451%;height:30.86274509803922%;width:48.93198000302984%;" type="para">USpam&#167;
ueds
amdagug

   
   
 
   
  
  
  
  
   

 
  
  

  
     
   

   
   

        
     

     
   
    
 

   
     
  

      
  
     
 
 

  
 
 

   

[vSn04 uop3utyf pastur)
AemION uapams puspioAIMg
SPUBLJAISN. atodedutg uteds
eishejein 1e2nuod puR[EsZ MON
pue|aif AeMION SPUBIAYION
Suoyf Suolg 2I8AL[eN Juoy Suol
~ a30&#8482;D pusjal pus Ieajsomy
puejig 3331D jpeita(y BpeURD
uniBosgy BlASHY winded eljelsny
priL / ops WPpEly, / TIS sillod s1seq gf | Sjulod s1seq &#167; S1u10a siseq 5&#176;1

535% SudaenosS

$994 APIS) 159010</div></box><box><div coordinates="2474,1744,500,286" index="13" style="position:fixed;left:37.47916982275413%;top:34.19607843137255%;height:5.607843137254902%;width:7.5746099075897595%;" type="para" /></box><box><div coordinates="740,1754,126,234" index="14" style="position:fixed;left:11.210422663232844%;top:34.3921568627451%;height:4.588235294117647%;width:1.9088016967126193%;" type="para" /></box><box><div coordinates="746,2052,122,150" index="15" style="position:fixed;left:11.301317982123921%;top:40.23529411764706%;height:2.941176470588235%;width:1.8482048174519012%;" type="para" /></box><box><div coordinates="746,2208,128,466" index="16" style="position:fixed;left:11.301317982123921%;top:43.29411764705882%;height:9.137254901960784%;width:1.9391001363429785%;" type="para" /></box><box><div coordinates="4002,3126,184,178" index="17" style="position:fixed;left:60.62717770034843%;top:61.29411764705882%;height:3.4901960784313726%;width:2.7874564459930316%;" type="para" /></box><box><div coordinates="2622,3318,1354,302" index="18" style="position:fixed;left:39.721254355400696%;top:65.05882352941177%;height:5.921568627450981%;width:20.51204362975307%;" type="para">(O14 &#8216;994 &#8220;O1Q) Anug yjooy -
ies JO Ang -&#8212; SapeI] OljOI0g &#167; Nl</div></box><box><div coordinates="1174,3342,200,182" index="19" style="position:fixed;left:17.785184063020754%;top:65.52941176470588%;height:3.568627450980392%;width:3.0298439630359035%;" type="para">LS</div></box><box><div coordinates="1066,3636,432,200" index="20" style="position:fixed;left:16.149068322981368%;top:71.29411764705881%;height:3.9215686274509802%;width:6.544462960157552%;" type="para">sdq 06'0</div></box><box><div coordinates="3388,3640,592,288" index="21" style="position:fixed;left:51.3255567338282%;top:71.37254901960785%;height:5.647058823529412%;width:8.968338130586275%;" type="para">3s] 181 -
$9 FUPOR</div></box><box><div coordinates="3514,3928,466,200" index="22" style="position:fixed;left:53.23435843054083%;top:77.01960784313725%;height:3.9215686274509802%;width:7.059536433873656%;" type="para">soa S11</div></box><box><div coordinates="4008,3948,182,166" index="23" style="position:fixed;left:60.718073019239505%;top:77.41176470588236%;height:3.2549019607843137%;width:2.757158006362672%;" type="para" /></box><box><div coordinates="1094,4130,3110,418" index="24" style="position:fixed;left:16.573246477806393%;top:80.98039215686275%;height:8.196078431372548%;width:47.114073625208306%;" type="para">*S19858 PUA-IIUONI Uo paseq &#8216;Ayjuowt ajqeAed
pue pa[[iq 237 fenuue ue st 397 Suidsayayes ay], &#8216;sdnoid Anumod uo paseq pended
08 YOTYM &#8216;S33[ HOUIDSUDLL PUD Swidaayjafrg 5011083180 0M] 01U} PAPIAD IB $99]</div></box><box><div coordinates="764,4540,3722,1598" index="25" style="position:fixed;left:11.574003938797151%;top:89.01960784313725%;height:31.333333333333336%;width:56.38539615209817%;" type="para">STUSTOINSS ApuaLmd 3jeUIpIOCD =

sttolioesuen {Sed LI0da1 PUk SIUINUIIMASIP YSBI NEN  -
suonos A1eJodion Iolo -

SUIOoUI O1{0}110d 199][02 put SUMUANNT -

AAn9e JUSWaes Moday -

sous pue sssetjaand orjopiod spe -

SIOSSE 1URI[D JO APOISNd MizjuIey]  -

:apNaul SIAJIS ISI],

Saag dpoisn) ppqotd CIT

=] 353AU) nO} BUtylAiaAg 104

TIALS dIVIS</div></box><box><div coordinates="4066,4566,144,438" index="26" style="position:fixed;left:61.59672776851992%;top:89.52941176470588%;height:8.588235294117647%;width:2.1814876533858505%;" type="para" /></box><box><div coordinates="4480,6100,122,122" index="27" style="position:fixed;left:67.86850477200424%;top:119.6078431372549%;height:2.392156862745098%;width:1.8482048174519012%;" type="para" /></box><box><div coordinates="4780,6150,122,124" index="28" style="position:fixed;left:72.4132707165581%;top:120.58823529411764%;height:2.431372549019608%;width:1.8482048174519012%;" type="para" /></box><box><div coordinates="560,6256,266,172" index="29" style="position:fixed;left:8.48356309650053%;top:122.66666666666666%;height:3.3725490196078427%;width:4.029692470837752%;" type="para">Bvp=-4</div></box><box><div coordinates="828,6254,684,176" index="30" style="position:fixed;left:12.543554006968641%;top:122.62745098039215%;height:3.4509803921568625%;width:10.362066353582792%;" type="para">y00/200&#176;'d 890-1</div></box><box><div coordinates="1886,6258,440,174" index="31" style="position:fixed;left:28.57142857142857%;top:122.70588235294117%;height:3.4117647058823533%;width:6.665656718678988%;" type="para">0581298419</div></box><box><div coordinates="3040,6262,918,178" index="32" style="position:fixed;left:46.053628238145734%;top:122.7843137254902%;height:3.4901960784313726%;width:13.906983790334799%;" type="para">NOILYNLSININGY gNn4-wold</div></box><box><div coordinates="3988,6266,866,292" index="33" style="position:fixed;left:60.41508862293592%;top:122.8627450980392%;height:5.7254901960784315%;width:13.119224359945465%;" type="para">Udyyie0 &#163;00Z-30-AON</div></box></Blocks></page><page num="4" src="img/Bi2i_0746/Bi2i_0746-03.jpg" txt_src="img/Bi2i_0746/Bi2i_0746-03.txt"><Blocks><box><div coordinates="3842,276,516,182" index="0" style="position:fixed;left:58.20330252991971%;top:5.411764705882352%;height:3.568627450980392%;width:7.816997424632631%;" type="para">&#163;0/6/L</div></box><box><div coordinates="782,290,836,180" index="1" style="position:fixed;left:11.846689895470384%;top:5.686274509803922%;height:3.5294117647058822%;width:12.664747765490079%;" type="para" /></box><box><div coordinates="2832,334,698,130" index="2" style="position:fixed;left:42.9025905165884%;top:6.549019607843137%;height:2.549019607843137%;width:10.574155430995305%;" type="para" /></box><box><div coordinates="3612,336,152,122" index="3" style="position:fixed;left:54.718981972428416%;top:6.588235294117648%;height:2.392156862745098%;width:2.3026814119072867%;" type="para" /></box><box><div coordinates="1738,344,204,122" index="4" style="position:fixed;left:26.329344038782004%;top:6.745098039215685%;height:2.392156862745098%;width:3.090440842296622%;" type="para" /></box><box><div coordinates="1990,340,602,126" index="5" style="position:fixed;left:30.146947432207245%;top:6.666666666666667%;height:2.4705882352941173%;width:9.11983032873807%;" type="para" /></box><box><div coordinates="2646,340,150,122" index="6" style="position:fixed;left:40.084835630965%;top:6.666666666666667%;height:2.392156862745098%;width:2.2723829722769278%;" type="para" /></box><box><div coordinates="754,1426,3620,902" index="7" style="position:fixed;left:11.422511740645357%;top:27.96078431372549%;height:17.68627450980392%;width:54.84017573094986%;" type="para">ORLY SL],
EA lr rE /

Ag Ag

Auedwmo) isn, pue ure 133.08 2181S 00ST</div></box><box><div coordinates="3914,1516,456,192" index="8" style="position:fixed;left:59.29404635661264%;top:29.72549019607843%;height:3.7647058823529407%;width:6.908044235721861%;" type="para">Tg</div></box><box><div coordinates="2296,1746,304,178" index="9" style="position:fixed;left:34.78260869565217%;top:34.23529411764706%;height:3.4901960784313726%;width:4.605362823814573%;" type="para">EA</div></box><box><div coordinates="3902,1924,192,126" index="10" style="position:fixed;left:59.112255718830475%;top:37.72549019607843%;height:2.4705882352941173%;width:2.9086502045144678%;" type="para" /></box><box><div coordinates="4146,1920,226,194" index="11" style="position:fixed;left:62.808665353734284%;top:37.64705882352941%;height:3.8039215686274512%;width:3.423723678230571%;" type="para">Ag</div></box><box><div coordinates="2364,1930,536,194" index="12" style="position:fixed;left:35.81275564308438%;top:37.84313725490196%;height:3.8039215686274512%;width:8.119981820936221%;" type="para">Ag</div></box><box><div coordinates="890,1942,234,122" index="13" style="position:fixed;left:13.48280563550977%;top:38.07843137254902%;height:2.392156862745098%;width:3.544917436752007%;" type="para" /></box><box><div coordinates="3914,2134,464,180" index="14" style="position:fixed;left:59.29404635661264%;top:41.84313725490196%;height:3.5294117647058822%;width:7.029237994243297%;" type="para">00SJTad</div></box><box><div coordinates="3786,2316,320,128" index="15" style="position:fixed;left:57.35494622026965%;top:45.41176470588235%;height:2.5098039215686274%;width:4.847750340857446%;" type="para" /></box><box><div coordinates="4144,2318,176,122" index="16" style="position:fixed;left:62.77836691410392%;top:45.450980392156865%;height:2.392156862745098%;width:2.666262687471595%;" type="para" /></box><box><div coordinates="1804,2326,862,130" index="17" style="position:fixed;left:27.32919254658385%;top:45.6078431372549%;height:2.549019607843137%;width:13.058627480684745%;" type="para" /></box><box><div coordinates="2884,2322,684,128" index="18" style="position:fixed;left:43.69034994697773%;top:45.529411764705884%;height:2.5098039215686274%;width:10.362066353582792%;" type="para" /></box><box><div coordinates="752,2332,886,128" index="19" style="position:fixed;left:11.392213301014998%;top:45.72549019607843%;height:2.5098039215686274%;width:13.422208756249054%;" type="para" /></box><box><div coordinates="720,2454,3726,1464" index="20" style="position:fixed;left:10.907438266929253%;top:48.11764705882353%;height:28.705882352941174%;width:56.44599303135889%;" type="para">&#8216;payoune|
918 ABO1S SU} WIM SPURT M3U SB &#8220;atitfl 03 SUM) Woy QOS PUR "V"S SInoquuaxn
ure 1995S 2181S UIQ IauraasSe eran Aq parepdn aq 0) St 3NPayos SILL

| SoupopinD uswpusmty p mpayss III

-gondiuapal 10 HOLESId&#174; B JO 1B JUSUISISS Ui uodn spqeAed s1 say oy
quediomied pazuoyine ue woxg uondwspal pu Uoues1d Aue Uo po3Ieya 318 $331 3A0qe ay],

$29.0 fo ywawidvg oy

'SPOYJou AISAT[ID puE Siusuodinod
193[52q JO UONBOIINOU Uodn PSUIULINAP 3 [11M $33] SUONAWSPa1 PUB UOTBIII SWOT] Paxty</div></box><box><div coordinates="2692,3922,1454,396" index="21" style="position:fixed;left:40.78169974246326%;top:76.90196078431373%;height:7.764705882352942%;width:22.026965611271017%;" type="para">0S XXO18 ong Ssuof Mo @0I591
0S XXOLS SSUO[ MO(] @00531]
pun. ; xopuf</div></box><box><div coordinates="810,3940,688,394" index="22" style="position:fixed;left:12.270868050295409%;top:77.25490196078432%;height:7.7254901960784315%;width:10.422663232843508%;" type="para">00&#176;00S&#176;T
00'008&#176;1
23, |quonady</div></box><box><div coordinates="1810,3940,686,386" index="23" style="position:fixed;left:27.42008786547493%;top:77.25490196078432%;height:7.568627450980392%;width:10.392364793213149%;" type="para">asin

asn
DAI) pung</div></box><box><div coordinates="734,4320,3722,834" index="24" style="position:fixed;left:11.119527344341765%;top:84.70588235294117%;height:16.35294117647059%;width:56.38539615209817%;" type="para">$39, HORAMIPIY pup HoRvILy I

pr appanos

(&#8216;S'1) 02STUL</div></box><box><div coordinates="2340,4700,560,188" index="25" style="position:fixed;left:35.44917436752007%;top:92.15686274509804%;height:3.686274509803922%;width:8.48356309650053%;" type="para">Vy opnparos</div></box><box><div coordinates="4336,4710,122,170" index="26" style="position:fixed;left:65.6870171186184%;top:92.3529411764706%;height:3.3333333333333335%;width:1.8482048174519012%;" type="para" /></box><box><div coordinates="2246,4916,748,198" index="27" style="position:fixed;left:34.0251477048932%;top:96.3921568627451%;height:3.882352941176471%;width:11.33161642175428%;" type="para">(&#8216;S'1) 02STUL</div></box><box><div coordinates="4338,4914,124,234" index="28" style="position:fixed;left:65.71731555824874%;top:96.35294117647058%;height:4.588235294117647%;width:1.8785032570822602%;" type="para" /></box><box><div coordinates="2070,5150,1096,190" index="29" style="position:fixed;left:31.3588850174216%;top:100.98039215686273%;height:3.7254901960784315%;width:16.603544917436754%;" type="para">&#8216;HOA HINAIHIS H34</div></box><box><div coordinates="3218,5152,1252,1016" index="30" style="position:fixed;left:48.750189365247685%;top:101.01960784313727%;height:19.92156862745098%;width:18.966823208604758%;" type="para">LS ALVIS

&#171;Uj 253nv) nog BunyIArang Jog

TIHALS AIVIS</div></box><box><div coordinates="742,5306,122,148" index="31" style="position:fixed;left:11.240721102863201%;top:104.0392156862745%;height:2.9019607843137254%;width:1.8482048174519012%;" type="para" /></box><box><div coordinates="1540,5368,2152,200" index="32" style="position:fixed;left:23.329798515376456%;top:105.25490196078431%;height:3.9215686274509802%;width:32.60112104226632%;" type="para">ANVINOD ISN1Y ANV INVE LATYLS ALVIS</div></box><box><div coordinates="742,5496,126,220" index="33" style="position:fixed;left:11.240721102863201%;top:107.76470588235294%;height:4.313725490196078%;width:1.9088016967126193%;" type="para" /></box><box><div coordinates="2362,5588,984,130" index="34" style="position:fixed;left:35.78245720345402%;top:109.56862745098039%;height:2.549019607843137%;width:14.906832298136646%;" type="para" /></box><box><div coordinates="882,5598,404,126" index="35" style="position:fixed;left:13.361611876988336%;top:109.76470588235294%;height:2.4705882352941173%;width:6.120284805332525%;" type="para" /></box><box><div coordinates="1458,5596,818,128" index="36" style="position:fixed;left:22.087562490531738%;top:109.72549019607843%;height:2.5098039215686274%;width:12.392061808816845%;" type="para" /></box><box><div coordinates="4480,6104,132,126" index="37" style="position:fixed;left:67.86850477200424%;top:119.68627450980391%;height:2.4705882352941173%;width:1.9996970156036964%;" type="para" /></box><box><div coordinates="4754,6122,160,150" index="38" style="position:fixed;left:72.01939100136343%;top:120.03921568627452%;height:2.941176470588235%;width:2.423875170428723%;" type="para" /></box><box><div coordinates="558,6264,954,176" index="39" style="position:fixed;left:8.453264656870171%;top:122.82352941176471%;height:3.4509803921568625%;width:14.45235570368126%;" type="para">&#167;&#165;y-4 &#165;00/&#165;00&#176;'d BGO-L</div></box><box><div coordinates="1886,6264,442,174" index="40" style="position:fixed;left:28.57142857142857%;top:122.82352941176471%;height:3.4117647058823533%;width:6.695955158309347%;" type="para">0481299.18</div></box><box><div coordinates="3048,6264,916,176" index="41" style="position:fixed;left:46.17482199666717%;top:122.82352941176471%;height:3.4509803921568625%;width:13.876685350704438%;" type="para">NOILYHLSININGY dNnd-ticdd</div></box><box><div coordinates="4002,6266,818,270" index="42" style="position:fixed;left:60.62717770034843%;top:122.8627450980392%;height:5.294117647058823%;width:12.392061808816845%;" type="para">UippiE0  &#163;00Z-90-AON</div></box></Blocks></page></doc>