<doc doi="Bi2i_0843" name="/prcanalyt/test-pra1/inventory_module/InputProcessing/6BD/95D/6BD95D67FF2FFE701253203CA969747503A14848.pdf"><page num="1" src="img/Bi2i_0843/Bi2i_0843-00.jpg" txt_src="img/Bi2i_0843/Bi2i_0843-00.txt"><Blocks><box><div coordinates="0,0,2670,6601" index="0" style="position:fixed;left:0.0%;top:0.0%;height:129.63472113118618%;width:40.44841690652932%;" type="para">STATE STREET.
STATE STREET BANK A

GMO MULTI-STRATEG

CUSTODY AND SAFEKEI]

 

+ CUSTODY SERVICES

Fees are divided into two categories:

These services include:

- Maintain custody of client assets*

- Settle portfolio purchases and sales

- Report settlement activity

- Determine and collect portfolio income

- Make cash disbursements and report cash transa
- Provide selected portfolio transactions, position
- Co-ordinate currency settlements

- Reconcile holdings with Administrator

*Fund may hold cash, T-Bills, Commercial Paper, an
limited to the repurchase agreement and time deposit). &#8221;
holdings extend beyond these asset types.

op be i) Safekeeping fee
i 2 ) Transaction on fees

&gt; Safekeeping fee

The safekeeping fee is an annual fee, billed and payable
Strategy Fund (Onshore) (the &#8220;Fund&#8221;) as held by State S

For assets held in the United States

Custody Fees

First $1,000 million
Next $1,000 million
Excess

Annual Minimum Fee
(to be applied and billed on a monthly basis only when tl
annualized amount of $24,000/annum based on the aver:

Per Additional Account
(to be applied to each feeder and each account required f

For assets held outside of the United States

Incremental basis point and transaction fees will be char
Company serves as custodian. The asset based fees and
Global Custody Fee Schedule. Local duties, script fees,
will be billed out-of-pocket.</div></box><box><div coordinates="5029,0,63,458" index="1" style="position:fixed;left:76.18542645053779%;top:0.0%;height:8.99450117831893%;width:0.9544008483563097%;" type="para" /></box><box><div coordinates="2996,99,1223,139" index="2" style="position:fixed;left:45.387062566277834%;top:1.9442262372348782%;height:2.729772191673213%;width:18.52749583396455%;" type="para" /></box><box><div coordinates="4224,94,716,357" index="3" style="position:fixed;left:63.990304499318285%;top:1.8460329929300863%;height:7.010997643362137%;width:10.846841387668535%;" type="para" /></box><box><div coordinates="1918,108,626,360" index="4" style="position:fixed;left:29.056203605514312%;top:2.1209740769835035%;height:7.0699135899450125%;width:9.483411604302379%;" type="para">26</div></box><box><div coordinates="2837,105,124,124" index="5" style="position:fixed;left:42.97833661566429%;top:2.0620581304006285%;height:2.4351924587588374%;width:1.8785032570822602%;" type="para" /></box><box><div coordinates="871,114,319,124" index="6" style="position:fixed;left:13.19497045902136%;top:2.2388059701492535%;height:2.4351924587588374%;width:4.832601121042266%;" type="para" /></box><box><div coordinates="1624,111,242,124" index="7" style="position:fixed;left:24.60233297985154%;top:2.1798900235663785%;height:2.4351924587588374%;width:3.6661111952734435%;" type="para" /></box><box><div coordinates="2585,114,169,124" index="8" style="position:fixed;left:39.16073322223905%;top:2.2388059701492535%;height:2.4351924587588374%;width:2.5602181487653386%;" type="para" /></box><box><div coordinates="1369,120,208,124" index="9" style="position:fixed;left:20.73928192698076%;top:2.356637863315004%;height:2.4351924587588374%;width:3.1510377215573397%;" type="para" /></box><box><div coordinates="4837,243,136,370" index="10" style="position:fixed;left:73.27677624602333%;top:4.772191673212883%;height:7.266300078554595%;width:2.0602938948644143%;" type="para" /></box><box><div coordinates="4840,675,136,355" index="11" style="position:fixed;left:73.32222390546886%;top:13.256087981146896%;height:6.97172034564022%;width:2.0602938948644143%;" type="para" /></box><box><div coordinates="1330,687,2574,202" index="12" style="position:fixed;left:20.14846235418876%;top:13.491751767478396%;height:3.9670070699135898%;width:38.99409180427208%;" type="para">STATE STREET BANK AND TRUST COMPANY</div></box><box><div coordinates="153,768,139,1109" index="13" style="position:fixed;left:2.317830631722466%;top:15.082482325216025%;height:21.77926158680283%;width:2.105741554309953%;" type="para" /></box><box><div coordinates="1357,948,2370,229" index="14" style="position:fixed;left:20.557491289198605%;top:18.617439120188532%;height:4.497250589159465%;width:35.90365096197546%;" type="para">GMO MULTI-STRATEGY FUND (ONSHORE)</div></box><box><div coordinates="4843,1053,136,511" index="15" style="position:fixed;left:73.3676715649144%;top:20.67949725058916%;height:10.035349567949725%;width:2.0602938948644143%;" type="para" /></box><box><div coordinates="1429,1197,2358,190" index="16" style="position:fixed;left:21.64823511589153%;top:23.507462686567166%;height:3.731343283582089%;width:35.72186032419331%;" type="para">CUSTODY AND SAFEKEEPING FEE SCHEDULE</div></box><box><div coordinates="357,1380,3817,1172" index="17" style="position:fixed;left:5.408271474019088%;top:27.101335428122546%;height:23.016496465043204%;width:57.824572034540225%;" type="para">These services include:
- Maintain custody of client assets*
- Settle portfolio purchases and sales
- Report settlement activity
- Determine and collect portfolio income
- Make cash disbursements and report cash transactions
- Provide selected portfolio transactions, position and income reports
- Co-ordinate currency settlements
- Reconcile holdings with Administrator</div></box><box><div coordinates="4846,1623,136,422" index="18" style="position:fixed;left:73.41311922435995%;top:31.87352710133543%;height:8.28750981932443%;width:2.0602938948644143%;" type="para" /></box><box><div coordinates="156,1920,142,3410" index="19" style="position:fixed;left:2.363278291168005%;top:37.706205813040064%;height:66.96779261586802%;width:2.1511892137554915%;" type="para" /></box><box><div coordinates="4849,2133,136,440" index="20" style="position:fixed;left:73.45856688380549%;top:41.889238020424195%;height:8.64100549882168%;width:2.0602938948644143%;" type="para" /></box><box><div coordinates="717,2557,3881,391" index="21" style="position:fixed;left:10.861990607483715%;top:50.216025137470545%;height:7.67871170463472%;width:58.79412210271171%;" type="para">*Fund may hold cash, T-Bills, Commercial Paper, and/or a State Street sweep product (includes but is not
limited to the repurchase agreement and time deposit). This fee schedule is subject to change should the Fund&#8217;s
holdings extend beyond these asset types. :</div></box><box><div coordinates="4858,2592,127,122" index="22" style="position:fixed;left:73.5949098621421%;top:50.903377847604084%;height:2.3959151610369207%;width:1.9239509165277988%;" type="para" /></box><box><div coordinates="4849,2715,142,1046" index="23" style="position:fixed;left:73.45856688380549%;top:53.31893165750196%;height:20.54202670856245%;width:2.1511892137554915%;" type="para" /></box><box><div coordinates="684,2956,1394,180" index="24" style="position:fixed;left:10.362066353582792%;top:58.05184603299293%;height:3.5349567949725063%;width:21.11801242236025%;" type="para">&#8216;Fees are divided into two categories:</div></box><box><div coordinates="3098,3135,695,269" index="25" style="position:fixed;left:46.93228298742615%;top:61.56716417910447%;height:5.2827965435978%;width:10.528707771549765%;" type="para">See Details below
See Details below</div></box><box><div coordinates="1327,3146,818,275" index="26" style="position:fixed;left:20.10301469474322%;top:61.78318931657502%;height:5.400628436763551%;width:12.392061808816845%;" type="para">+1) * Safekeeping fee
2). Transaction fees</div></box><box><div coordinates="717,3438,3957,370" index="27" style="position:fixed;left:10.861990607483715%;top:67.51767478397485%;height:7.266300078554595%;width:59.945462808665354%;" type="para">1) Safekeeping fee |
The safekeeping fee is an annual fee, billed and payable monthly, based on the average daily assets of GMO Multi-
Strategy Fund (Onshore) (the &#8220;Fund&#8221;) as held by State Street on behalf of the Fund.</div></box><box><div coordinates="4855,3762,139,467" index="28" style="position:fixed;left:73.54946220269656%;top:73.88059701492537%;height:9.171249018067556%;width:2.105741554309953%;" type="para" /></box><box><div coordinates="721,3816,1244,173" index="29" style="position:fixed;left:10.922587486744433%;top:74.94108405341713%;height:3.3974862529457974%;width:18.84562945008332%;" type="para">For assets held in the United States</div></box><box><div coordinates="1618,4004,527,187" index="30" style="position:fixed;left:24.51143766096046%;top:78.6331500392773%;height:3.672427336999214%;width:7.983638842599607%;" type="para">Custody Fees</div></box><box><div coordinates="3125,4189,632,379" index="31" style="position:fixed;left:47.341311922436%;top:82.2663000785546%;height:7.443047918303221%;width:9.574306923193456%;" type="para">0.75 basis points
0.50 basis points
0.25 basis points</div></box><box><div coordinates="723,4201,764,361" index="32" style="position:fixed;left:10.952885926374792%;top:82.5019638648861%;height:7.08955223880597%;width:11.574003938797151%;" type="para">First $1,000 million
Next $1,000 million
Excess</div></box><box><div coordinates="4861,4369,136,364" index="33" style="position:fixed;left:73.64035752158765%;top:85.8012568735271%;height:7.148468185388845%;width:2.0602938948644143%;" type="para" /></box><box><div coordinates="717,4573,3490,379" index="34" style="position:fixed;left:10.861990607483715%;top:89.8075412411626%;height:7.443047918303221%;width:52.87077715497652%;" type="para">Annual Minimum Fee $24,000 per year
(to be applied and billed on a monthly basis only when the Custody Fees per the schedule above are le:
annualized amount of $24,000/annum based on the average daily assets of the month)</div></box><box><div coordinates="4227,4663,347,172" index="35" style="position:fixed;left:64.03575215876383%;top:91.57501963864885%;height:3.377847604084839%;width:5.256779275867292%;" type="para">s than an</div></box><box><div coordinates="4864,4816,136,382" index="36" style="position:fixed;left:73.68580518103317%;top:94.5797329143755%;height:7.501963864886097%;width:2.0602938948644143%;" type="para" /></box><box><div coordinates="720,4958,3574,291" index="37" style="position:fixed;left:10.907438266929253%;top:97.36842105263158%;height:5.714846818538884%;width:54.143311619451595%;" type="para">Per Additional Account $10,000 per year
(to be applied to each feeder and each account required for operationally segregating assets for brokers)</div></box><box><div coordinates="724,5249,1514,177" index="38" style="position:fixed;left:10.96803514618997%;top:103.08326787117046%;height:3.4760408483896303%;width:22.93591880018179%;" type="para">For assets held outside of the United States</div></box><box><div coordinates="162,5362,953,1066" index="39" style="position:fixed;left:2.454173610059082%;top:105.30243519245876%;height:20.93479968578162%;width:14.43720648386608%;" type="para">Me Ter Ta Tar Tw hh

Increment
Company
Global Cu
will be bil</div></box><box><div coordinates="4876,5380,127,313" index="40" style="position:fixed;left:73.86759581881533%;top:105.65593087195602%;height:6.146897093479969%;width:1.9239509165277988%;" type="para" /></box><box><div coordinates="720,5431,4094,487" index="41" style="position:fixed;left:10.907438266929253%;top:106.65750196386487%;height:9.564021995286724%;width:62.02090592334495%;" type="para">Incremental basis point and transaction fees will be charged for all global assets for which State Street Bank and Trust
Company serves as custodian. The asset based fees and transaction fees vary by country based upon the attached
Global Custody Fee Schedule. Local duties, script fees, reclaims, registration, exchange fees, and other market charges
will be billed out-of-pocket.</div></box><box><div coordinates="4876,5707,127,121" index="42" style="position:fixed;left:73.86759581881533%;top:112.07776904948939%;height:2.376276512175962%;width:1.9239509165277988%;" type="para" /></box><box><div coordinates="1831,5893,3175,529" index="43" style="position:fixed;left:27.7382214815937%;top:115.73055773762766%;height:10.388845247446977%;width:48.09877291319497%;" type="para" /></box><box><div coordinates="3834,6079,259,181" index="44" style="position:fixed;left:58.082108771398275%;top:119.38334642576591%;height:3.5545954438334646%;width:3.923647932131495%;" type="para">Page |</div></box><box><div coordinates="3066,6082,171,121" index="45" style="position:fixed;left:46.447507953340406%;top:119.44226237234878%;height:2.376276512175962%;width:2.590516588395698%;" type="para" /></box><box><div coordinates="613,6094,144,121" index="46" style="position:fixed;left:9.286471746705045%;top:119.6779261586803%;height:2.376276512175962%;width:2.1814876533858505%;" type="para" /></box><box><div coordinates="1219,6286,596,139" index="47" style="position:fixed;left:18.466898954703833%;top:123.4485467399843%;height:2.729772191673213%;width:9.028935009846993%;" type="para" /></box><box><div coordinates="921,6520,4171,81" index="48" style="position:fixed;left:13.952431449780336%;top:128.04399057344855%;height:1.5907305577376276%;width:63.18739584911377%;" type="para" /></box></Blocks></page><page num="2" src="img/Bi2i_0843/Bi2i_0843-01.jpg" txt_src="img/Bi2i_0843/Bi2i_0843-01.txt"><Blocks><box><div coordinates="0,0,5092,6601" index="0" style="position:fixed;left:0.0%;top:0.0%;height:129.63472113118618%;width:77.1398272988941%;" type="para">2) Transaction fees
The transaction fees are based on the number of transactions during the month (settling in the US) and are billed
and payable monthly. Refer to the attached Global Custody fee schedule for non-US transactions.

State Street Bank Repos or Time Deposits 3 6.00
Book Entry $ 6.00
New York Physical Settlements $25.00
Maturity Collections $5 6.00
3 Party Foreign Exchange $75.00

 

A billing for the recovery of applicable out-of-pocket expenses will be made as of the end of each
month. Out-of-pocket expenses include, but are not limited to the following:

- Fund set up, modification legal fees (if required)

- Communication charges

- Stock Transfer fees

- Specific Systems Programming (if required)

- Stock Exchange Listing fees (if required)

- Financial report printing and binding

- Security registration statement iN apan distribution ony)
= Publication costs (if required) oe

- Postage and Insurance

- Courier Service |

&gt; Legal Fees ae ' Co S

, ~ Supplies Related to Fund Records Co . Co eer

- Third Party Internal Control Review &#169; = a a A a Re

- Wire Charges ($5.00 per wire in and out) 3 .

 

BALANCE CREDITS

State Street Bank and Trust Company will allow the use of balance credit against fees (excluding out-of-pocket charges) for
collected Fund balances arising out of the custody relationship. The monthly earnings allowance is equal to 75% of the 90-
day T-bill rate.

 

All fees are expressed in U.S. dollars and will be charged by State Street Bank and Trust Company against the Fund&#8217;s cash
account upon written authorization from GMO to be received within 30 business days of receipt of the invoice.</div></box><box><div coordinates="2966,108,701,136" index="1" style="position:fixed;left:44.932585971822455%;top:2.1209740769835035%;height:2.670856245090338%;width:10.619603090440842%;" type="para" /></box><box><div coordinates="3735,105,154,136" index="2" style="position:fixed;left:56.5823360096955%;top:2.0620581304006285%;height:2.670856245090338%;width:2.332979851537646%;" type="para" /></box><box><div coordinates="3927,105,827,136" index="3" style="position:fixed;left:59.490986214209975%;top:2.0620581304006285%;height:2.670856245090338%;width:12.52840478715346%;" type="para" /></box><box><div coordinates="1741,111,1094,136" index="4" style="position:fixed;left:26.37479169822754%;top:2.1798900235663785%;height:2.670856245090338%;width:16.573246477806393%;" type="para" /></box><box><div coordinates="4837,228,136,526" index="5" style="position:fixed;left:73.27677624602333%;top:4.477611940298507%;height:10.3299293008641%;width:2.0602938948644143%;" type="para" /></box><box><div coordinates="708,519,3962,379" index="6" style="position:fixed;left:10.7256476291471%;top:10.192458758837391%;height:7.443047918303221%;width:60.021208907741254%;" type="para">2) Transaction fees
The transaction fees are based on the number of transactions during the month (settling in the US) and are billed
and payable monthly. Refer to the attached Global Custody fee schedule for non-US transactions.</div></box><box><div coordinates="4837,876,136,523" index="7" style="position:fixed;left:73.27677624602333%;top:17.203456402199528%;height:10.271013354281225%;width:2.0602938948644143%;" type="para" /></box><box><div coordinates="1015,900,1484,565" index="8" style="position:fixed;left:15.37645811240721%;top:17.674783974862528%;height:11.095836606441477%;width:22.481442205726403%;" type="para">State Street Bank Repos or Time Deposits
Book Entry

New York Physical Settlements

Maturity Collections

3 Party Foreign Exchange</div></box><box><div coordinates="3720,915,331,523" index="9" style="position:fixed;left:56.3550977124678%;top:17.969363707776907%;height:10.271013354281225%;width:5.014391758824421%;" type="para">3 6.00
$ 6.00
$25.00
5 6.00
$75.00</div></box><box><div coordinates="4843,1680,136,749" index="10" style="position:fixed;left:73.3676715649144%;top:32.992930086410055%;height:14.709347996857817%;width:2.0602938948644143%;" type="para" /></box><box><div coordinates="354,1722,3937,508" index="11" style="position:fixed;left:5.36282381457355%;top:33.817753338570306%;height:9.97643362136685%;width:59.64247841236177%;" type="para">A billing for the recovery of applicable out-of-pocket expenses will be made as of the end of each
month. Out-of-pocket expenses include, but are not limited to the following:</div></box><box><div coordinates="354,2236,4301,2023" index="12" style="position:fixed;left:5.36282381457355%;top:43.91201885310291%;height:39.72898664571877%;width:65.1567944250871%;" type="para">- Fund set up, modification legal fees (if required)
- Communication charges
- Stock Transfer fees
- Specific Systems Programming (if required)
- Stock Exchange Listing fees (if required)
- Financial report printing and binding
- Security registration statement iN apan distribution only)
= Publication costs (if required)
- Postage and Insurance ~~
- Courier Service |
. Legal Fees
- ~ Supplies Related to Fund Records oo y |
-. Third Party Internal Control Review &#176;&#176; = a Ct
- Wire Charges ($5.00 per wire in and out) ;

 

State Street Bank and Trust Company will allow the use of balance credit against fees (excluding out-of-pocket charges) for
collected Fund balances arising out of the custody relationship. The monthly earnings allowance is equal to 75% of the 90-
day T-bill rate.</div></box><box><div coordinates="706,2367,132,506" index="13" style="position:fixed;left:10.69534918951674%;top:46.48468185388845%;height:9.937156323644933%;width:1.9996970156036964%;" type="para" /></box><box><div coordinates="4843,2682,139,872" index="14" style="position:fixed;left:73.3676715649144%;top:52.670856245090334%;height:17.124901806755695%;width:2.105741554309953%;" type="para" /></box><box><div coordinates="706,3039,131,218" index="15" style="position:fixed;left:10.69534918951674%;top:59.68185388845247%;height:4.281225451688924%;width:1.9845477957885167%;" type="para" /></box><box><div coordinates="4846,3588,139,779" index="16" style="position:fixed;left:73.41311922435995%;top:70.46347211311861%;height:15.298507462686567%;width:2.105741554309953%;" type="para" /></box><box><div coordinates="354,4333,4274,511" index="17" style="position:fixed;left:5.36282381457355%;top:85.0942655145326%;height:10.035349567949725%;width:64.74776549007726%;" type="para">All fees are expressed in U.S. dollars and will be charged by State Street Bank and Trust Company against the Fund&#8217;s cash
account upon written authorization from GMO to be received within 30 business days of receipt of the invoice.</div></box><box><div coordinates="4858,4410,127,122" index="18" style="position:fixed;left:73.5949098621421%;top:86.60644147682639%;height:2.3959151610369207%;width:1.9239509165277988%;" type="para" /></box><box><div coordinates="4849,4555,139,553" index="19" style="position:fixed;left:73.45856688380549%;top:89.45404556166537%;height:10.860172820109977%;width:2.105741554309953%;" type="para" /></box><box><div coordinates="4852,5232,139,713" index="20" style="position:fixed;left:73.50401454325102%;top:102.74941084053417%;height:14.002356637863315%;width:2.105741554309953%;" type="para" /></box><box><div coordinates="150,6000,4832,437" index="21" style="position:fixed;left:2.2723829722769278%;top:117.8318931657502%;height:8.582089552238806%;width:73.20103014694743%;" type="para" /></box><box><div coordinates="3099,6169,423,121" index="22" style="position:fixed;left:46.94743220724133%;top:121.15082482325217%;height:2.376276512175962%;width:6.408119981820937%;" type="para" /></box><box><div coordinates="1715,6175,312,121" index="23" style="position:fixed;left:25.980911983032872%;top:121.26865671641791%;height:2.376276512175962%;width:4.72655658233601%;" type="para" /></box><box><div coordinates="2387,6172,243,121" index="24" style="position:fixed;left:36.16118769883351%;top:121.20974076983504%;height:2.376276512175962%;width:3.6812604150886226%;" type="para" /></box><box><div coordinates="2008,6532,3084,69" index="25" style="position:fixed;left:30.419633388880474%;top:128.27965435978004%;height:1.3550667714061273%;width:46.720193910013634%;" type="para" /></box></Blocks></page><page num="3" src="img/Bi2i_0843/Bi2i_0843-02.jpg" txt_src="img/Bi2i_0843/Bi2i_0843-02.txt"><Blocks><box><div coordinates="0,0,5092,6601" index="0" style="position:fixed;left:0.0%;top:0.0%;height:129.63472113118618%;width:77.1398272988941%;" type="para">GMO MULTI-STRATEGY FUND (ONSHORE)

STATE STREET BANK AND TRUST COMPANY

Name:

Title:

Date:

Page 3</div></box><box><div coordinates="0,0,70,5344" index="1" style="position:fixed;left:0.0%;top:0.0%;height:104.94893951296152%;width:1.0604453870625663%;" type="para" /></box><box><div coordinates="150,15,1142,2309" index="2" style="position:fixed;left:2.2723829722769278%;top:0.2945797329143755%;height:45.34564021995286%;width:17.30040902893501%;" type="para">ted
:
ft
&lt;4
=
er]
it
&gt;
QC
&gt;.
O</div></box><box><div coordinates="1333,102,1019,124" index="3" style="position:fixed;left:20.193910013634298%;top:2.0031421838177534%;height:2.4351924587588374%;width:15.437054991667928%;" type="para" /></box><box><div coordinates="2714,102,2256,235" index="4" style="position:fixed;left:41.11498257839721%;top:2.0031421838177534%;height:4.615082482325216%;width:34.17663990304499%;" type="para" /></box><box><div coordinates="2516,111,124,124" index="5" style="position:fixed;left:38.115437054991666%;top:2.1798900235663785%;height:2.4351924587588374%;width:1.8785032570822602%;" type="para" /></box><box><div coordinates="4846,393,127,709" index="6" style="position:fixed;left:73.41311922435995%;top:7.717989002356637%;height:13.923802042419481%;width:1.9239509165277988%;" type="para" /></box><box><div coordinates="390,525,1851,171" index="7" style="position:fixed;left:5.9081957279200115%;top:10.310290652003143%;height:3.3582089552238807%;width:28.04120587789729%;" type="para">GMO MULTI-STRATEGY FUND (ONSHORE)</div></box><box><div coordinates="393,1104,304,358" index="8" style="position:fixed;left:5.953643387365551%;top:21.681068342498037%;height:7.030636292223096%;width:4.605362823814573%;" type="para">Name:
Title:
Date:</div></box><box><div coordinates="4846,1248,126,124" index="9" style="position:fixed;left:73.41311922435995%;top:24.50903377847604%;height:2.4351924587588374%;width:1.9088016967126193%;" type="para" /></box><box><div coordinates="2192,1488,1928,169" index="10" style="position:fixed;left:33.20708983487351%;top:29.222309505106047%;height:3.318931657501964%;width:29.207695803666113%;" type="para">STATE STREET BANK AND TRUST COMPANY</div></box><box><div coordinates="3348,2031,121,121" index="11" style="position:fixed;left:50.71958794122102%;top:39.88609583660644%;height:2.376276512175962%;width:1.8330555976367218%;" type="para" /></box><box><div coordinates="4015,2031,147,121" index="12" style="position:fixed;left:60.82411755794577%;top:39.88609583660644%;height:2.376276512175962%;width:2.2269353128313893%;" type="para" /></box><box><div coordinates="2195,2062,262,357" index="13" style="position:fixed;left:33.25253749431904%;top:40.49489395129615%;height:7.010997643362137%;width:3.9690955915770334%;" type="para">Name:
Title:
Date:</div></box><box><div coordinates="138,2568,4841,3848" index="14" style="position:fixed;left:2.0905923344947737%;top:50.43205027494109%;height:75.5695208169678%;width:73.33737312528405%;" type="para">Page 3

 

i
LU
H
!
|
|
H
[
:
i
;
Hl
|
i a 1
i i f
- &#8217; oo i
I
13
&#187; H
i
. i
3 1
:
i
|
!
. : - |
- :
aa - Tn |
. - et rw ]
. |
. .
&#8221;&#187;"- "
. i
-r H
- - -. }
. i - .
. .
. i |
s .
I
2 |
. . |
. - |
. . . |
- |
1]
|]
3
i
y
|
I
8
1
. ry
i
I
I
3
i
- )
i.
|
!
}
|
l
ll
. - !
_&#8212;
|
i
I}
a rs Sr SY TT NRT rt rr re ltd Tibet Wy willl wr Tw A WT ST tn tte 2 TJ TTT a Ed Et}</div></box><box><div coordinates="4837,3372,139,1763" index="15" style="position:fixed;left:73.27677624602333%;top:66.22152395915161%;height:34.622937941869594%;width:2.105741554309953%;" type="para" /></box></Blocks></page><page num="4" src="img/Bi2i_0843/Bi2i_0843-03.jpg" txt_src="img/Bi2i_0843/Bi2i_0843-03.txt"><Blocks><box><div coordinates="0,0,5092,6601" index="0" style="position:fixed;left:0.0%;top:0.0%;height:129.63472113118618%;width:77.1398272988941%;" type="para">Global Custody Fee Schedule

Country BP Charge Trade Charge
Argentina * 17.00 $75.00
Australia 5.00 $45.00
Austria 5.00 $60.00
Bangladesh 41.00 $150.00
Belgium 5.00 $60.00
Bermuda 20.00 $75.00
Bahrain 41.00 $140.00
Botswana 50.00 $175.00
Brazil ** 18.00 $65.00
Bulgaria 40.00 $125.00
Canada 4.00 $25.00
Chile 45.00 $100.00
China A Shares 10.00 $100.00
China B Shares 10.00 $60.00
Clearstream 5.00 $20.00
Colombia *** 45.00 $140.00
Costa Rica 40.00 $100.00
Croatia 45.00 ws $125.00
Cyprus 50.00- { $150.00
Czech Republic 17.00 $75.00
Denmark 5.00 $40.00
Egypt 41.00 - $100.00
Estonia 30.00 $100.00
Euroclear &#169; 3.00 $20.00
Euroclear Equities 3.00 $60.00
Finland 5.00 $50.00
France 4.00 $40.00
Germany 4.00 $25.00
Ghana 50.00 $200.00
Greece 15.00 $75.00
Hong Kong 7.00 $50.00
Hungary 25.00 $80.00
Iceland 8.00 $50.00
India 20.00 $150.00
Indonesia 13.00 $65.00
Ireland 5.00 $50.00
Israel 20.00 $70.00
Italy 4.00 $40.00
Japan 4.00 $25.00</div></box><box><div coordinates="1120,129,1304,133" index="1" style="position:fixed;left:16.96712619300106%;top:2.5333857030636295%;height:2.6119402985074625%;width:19.75458263899409%;" type="para" /></box><box><div coordinates="2438,126,202,136" index="2" style="position:fixed;left:36.933797909407666%;top:2.474469756480754%;height:2.670856245090338%;width:3.0601424026662625%;" type="para" /></box><box><div coordinates="3483,126,127,133" index="3" style="position:fixed;left:52.76473261627026%;top:2.474469756480754%;height:2.6119402985074625%;width:1.9239509165277988%;" type="para" /></box><box><div coordinates="3687,123,1298,2324" index="4" style="position:fixed;left:55.85517345856689%;top:2.415553809897879%;height:45.64021995286724%;width:19.663687320103016%;" type="para">Trade Charge

$75.00
$45.00
$60.00
$150.00
$60.00
$75.00
$140.00
$175.00
$65.00
$125.00
$25.00
$100.00
T1000 00</div></box><box><div coordinates="162,138,710,6311" index="5" style="position:fixed;left:2.454173610059082%;top:2.7101335428122546%;height:123.93951296150824%;width:10.755946068777458%;" type="para">Global Cu

Country

Argentina

Australia
Austria
Banglades
Belgium
Bermuda
Bahrain
Botswana
Brazil **
Bulgaria
Canada
Chile
China A S
China B S
Clearstresz
Colombia
Costa Ric:
Croatia
Cyprus
Czech Rey
Denmark
Egypt
Estonia
Euroclear
Euroclear
Finland
France
Germany
Ghana
Greece
Hong Kon
Hungary
Iceland
India
Indonesia
Ireland
Israel
Italy
Japan</div></box><box><div coordinates="2909,135,560,127" index="6" style="position:fixed;left:44.06908044235722%;top:2.6512175962293796%;height:2.4941084053417124%;width:8.48356309650053%;" type="para" /></box><box><div coordinates="402,567,4274,5111" index="7" style="position:fixed;left:6.089986365702167%;top:11.135113904163394%;height:100.37313432835822%;width:64.74776549007726%;" type="para">Global Custody Fee Schedule
Country

Argentina *
Australia
Austria
Bangladesh
Belgium
Bermuda
Bahrain
Botswana
Brazil **
Bulgaria
Canada

Chile

China A Shares
China B Shares
Clearstream
Colombia ***
Costa Rica
Croatia
Cyprus

Czech Republic

Euroclear
Euroclear Equities
Finland
France
Germany
Ghana
Greece
Hong Kong
Hungary
Iceland
India
Indonesia
Ireland
Israel

Italy

Japan

BP Charge

17.00
5.00
5.00

41.00
5.00

20.00

41.00

50.00

18.00

40.00
4.00

45.00

10.00

10.00
5.00

45.00

40.00

45.00&#176;
50.00

17.00

5.00
41.00

30.00

~ 3.00

3.00
5.00
4.00
4.00
50.00
15.00
7.00
25.00
8.00
20.00
13.00
5.00
20.00
4.00
4.00

"ay

Trade Charge

$75.00
$45.00
$60.00
$150.00
$60.00
$75.00
$140.00
$175.00
$65.00
$125.00
$25.00
$100.00
$100.00
$60.00
$20.00
$140.00
$100.00
$125.00
$150.00
$75.00
$40.00
$100.00
$100.00
$20.00
$60.00
$50.00
$40.00
$25.00
$200.00
$75.00
$50.00
$80.00
$50.00
$150.00
$65.00
$50.00
$70.00
$40.00
$25.00</div></box><box><div coordinates="4849,2451,136,161" index="8" style="position:fixed;left:73.45856688380549%;top:48.134328358208954%;height:3.161822466614297%;width:2.0602938948644143%;" type="para" /></box><box><div coordinates="3681,2628,1316,3815" index="9" style="position:fixed;left:55.7642781396758%;top:51.610369206598584%;height:74.92144540455617%;width:19.936373276776244%;" type="para">Lees

$140.00
$100.00
$125.00
$150.00
$75.00
$40.00
$100.00
$100.00
$20.00
$60.00
$50.00
$40.00
$25.00
$200.00
$75.00
$50.00
$80.00
$50.00
$150.00
$65.00
$50.00
$70.00
$40.00
$25.00</div></box><box><div coordinates="3867,3079,121,121" index="10" style="position:fixed;left:58.5820330252992%;top:60.46739984289081%;height:2.376276512175962%;width:1.8330555976367218%;" type="para" /></box><box><div coordinates="402,5695,4286,133" index="11" style="position:fixed;left:6.089986365702167%;top:111.8421052631579%;height:2.6119402985074625%;width:64.92955612785941%;" type="para" /></box><box><div coordinates="2759,6187,905,259" index="12" style="position:fixed;left:41.79669747008029%;top:121.50432050274942%;height:5.086410054988217%;width:13.710043932737465%;" type="para" /></box><box><div coordinates="1970,6190,144,121" index="13" style="position:fixed;left:29.843963035903652%;top:121.5632364493323%;height:2.376276512175962%;width:2.1814876533858505%;" type="para" /></box><box><div coordinates="1312,6310,1295,139" index="14" style="position:fixed;left:19.875776397515526%;top:123.91987431264728%;height:2.729772191673213%;width:19.618239660657476%;" type="para" /></box><box><div coordinates="1015,6322,220,127" index="15" style="position:fixed;left:15.37645811240721%;top:124.1555380989788%;height:2.4941084053417124%;width:3.332828359339494%;" type="para" /></box></Blocks></page><page num="5" src="img/Bi2i_0843/Bi2i_0843-04.jpg" txt_src="img/Bi2i_0843/Bi2i_0843-04.txt"><Blocks><box><div coordinates="0,0,5092,5287" index="0" style="position:fixed;left:0.0%;top:0.0%;height:103.82953652788689%;width:77.1398272988941%;" type="para">Country BP Charge Trade Charge
Jordan 41.00 $120.00
Kazakhstan**** 45.00 $150.00
Kenya 50.00 $200.00
Korea 8.00 $60.00
Kuwait 41.00 $150.00
Latvia 30.00 $125.00
Lebanon 41.00 $140.00
Lithuania 20.00 $75.00
Lithuania T Bills 25.00 $75.00
Luxembourg 5.00 $60.00
Malaysia 10.00 $60.00
Malta 20.00 $100.00
Mauritius 41.00 $140.00
Mexico 8.00 $40.00
Morocco 40.00 $150.00
Namibia 50.00 $200.00
Netherlands 5.00 $35.00
...New Zealand 5.00. &#171;0 .. $50.00
., Norway 5000 Cuooun oo. $45.00
Oman 41.00 $140.00
Pakistan 41.00. $140.00
Peru 35.00 $100.00
Philippines 13.00 $65.00
Poland 20.00 $100.00
Portugal 15.00 $100.00
Qtar 41.00 $150.00
Romania 45.00 $125.00
Russia Equities**** 20.00 $100.00
Russia Min Fins 18.00 $75.00
Serbia &amp; Montenegro 60.00 $175.00
Singapore 7.00 $60.00
Slovakia 20.00 $75.00
Slovenia 41.00 $100.00
South Africa 7.00 $45.00
Spain 5.00 $60.00
Sri Lanka 13.00 $65.00
[wn EL PR | Ed NN Fila Tatalavtae</div></box><box><div coordinates="991,117,857,136" index="1" style="position:fixed;left:15.012876836842903%;top:2.297721916732129%;height:2.670856245090338%;width:12.982881381608847%;" type="para" /></box><box><div coordinates="2294,117,553,136" index="2" style="position:fixed;left:34.752310256021815%;top:2.297721916732129%;height:2.670856245090338%;width:8.377518557794273%;" type="para" /></box><box><div coordinates="144,123,4835,6317" index="3" style="position:fixed;left:2.1814876533858505%;top:2.415553809897879%;height:124.05734485467399%;width:73.24647780639297%;" type="para">Country BP Charge Trade Charge
Jordan 41.00 $120.00
Kazakhstan**** 45.00 $150.00
Kenya 50.00 $200.00
Korea 8.00 $60.00
Kuwait 41.00 $150.00
Latvia 30.00 $125.00
Lebanon 41.00 $140.00
Lithuania 20.00 $75.00
Lithuania T Bills 25.00 $75.00
Luxembourg 5.00 $60.00
Malaysia 10.00 $60.00
Malta 20.00 $100.00
Mauritius 41.00 $140.00
Mexico 8.00 $40.00
Morocco 40.00 $150.00
Namibia 50.00 $200.00
Netherlands 5.00 $35.00
.. New Zealand toon 5.00. &#171;0 .. $50.00
., Norway 5000 Tuoeosx $45.00
Oman 41.00 $140.00
Pakistan 41.00. $140.00
Peru 35.00 $100.00
Philippines 13.00 $65.00
Poland 20.00 $100.00
Portugal 15.00 $100.00
Qtar 41.00 $150.00
Romania 45.00 $125.00
Russia Equities**** 20.00 $100.00
Russia Min Fins 18.00 $75.00
Serbia &amp; Montenegro 60.00 $175.00
Singapore 7.00 $60.00
Slovakia 20.00 $75.00
Slovenia 41.00 $100.00
South Africa 7.00 $45.00
Spain 5.00 $60.00
Sri Lanka 13.00 $65.00
Swaziland 50.00 $200.00
Sweden 5.00 $35.00
Switzerland 4.00 $45.00
Taiwan 10.00 $60.00</div></box><box><div coordinates="2852,120,121,124" index="4" style="position:fixed;left:43.20557491289199%;top:2.356637863315004%;height:2.4351924587588374%;width:1.8330555976367218%;" type="para" /></box><box><div coordinates="3032,120,329,136" index="5" style="position:fixed;left:45.9324344796243%;top:2.356637863315004%;height:2.670856245090338%;width:4.984093319194061%;" type="para" /></box><box><div coordinates="3672,120,1310,2300" index="6" style="position:fixed;left:55.627935161339195%;top:2.356637863315004%;height:45.16889238020424%;width:19.84547795788517%;" type="para">Trade Charge

$120.00
$150.00
$200.00
$60.00
$150.00
$125.00
$140.00
$75.00
$75.00
$60.00
$60.00
$100.00
140 OO</div></box><box><div coordinates="402,648,4273,5093" index="7" style="position:fixed;left:6.089986365702167%;top:12.725844461901021%;height:100.01963864886096%;width:64.73261627026207%;" type="para">Country BP Charge Trade Charge
Jordan 41.00 $120.00
Kazakhstan**** 45.00 $150.00
Kenya 50.00 $200.00
Korea 8.00 $60.00
Kuwait 41.00 $150.00
Latvia 30.00 $125.00
Lebanon 41.00 $140.00
Lithuania 20.00 $75.00
Lithuania T Bills 25.00 $75.00
Luxembourg 5.00 $60.00
Malaysia 10.00 $60.00
Malta 20.00 $100.00
Mauritius 41.00 $140.00
Mexico 8.00 $40.00
Morocco 40.00 $150.00
Namibia 50.00 $200.00
Netherlands 5.00 $35.00
.New Zealand 500. &#171;0 $50.00
Norway 500.  uooir oo $45.00
Oman 41.00 $140.00
Pakistan 41.00. $140.00
Peru 35.00 $100.00
Philippines 13.00 $65.00
Poland 20.00 $100.00
Portugal 15.00 $100.00
Qtar 41.00 $150.00
Romania 45.00 $125.00
Russia Equities**** 20.00 $100.00
Russia Min Fins 18.00 $75.00
Serbia &amp; Montenegro 60.00 $175.00
Singapore 7.00 $60.00
Slovakia 20.00 $75.00
Slovenia 41.00 $100.00
South Africa 7.00 $45.00
Spain 5.00 $60.00
Sri Lanka 13.00 $65.00
Swaziland 50.00 $200.00
Sweden 5.00 $35.00
Switzerland 4.00 $45.00
Taiwan 10.00 $60.00</div></box><box><div coordinates="5020,2387,72,4214" index="8" style="position:fixed;left:76.04908347220119%;top:46.87745483110762%;height:82.75726630007856%;width:1.0907438266929252%;" type="para" /></box><box><div coordinates="4852,2484,127,122" index="9" style="position:fixed;left:73.50401454325102%;top:48.78240377062058%;height:2.3959151610369207%;width:1.9239509165277988%;" type="para" /></box><box><div coordinates="4843,2760,127,164" index="10" style="position:fixed;left:73.3676715649144%;top:54.20267085624509%;height:3.2207384131971715%;width:1.9239509165277988%;" type="para" /></box><box><div coordinates="4843,3588,136,167" index="11" style="position:fixed;left:73.3676715649144%;top:70.46347211311861%;height:3.2796543597800474%;width:2.0602938948644143%;" type="para" /></box><box><div coordinates="4843,3897,136,671" index="12" style="position:fixed;left:73.3676715649144%;top:76.53181461115474%;height:13.177533385703063%;width:2.0602938948644143%;" type="para" /></box><box><div coordinates="4843,4600,127,121" index="13" style="position:fixed;left:73.3676715649144%;top:90.33778476040848%;height:2.376276512175962%;width:1.9239509165277988%;" type="para" /></box><box><div coordinates="4843,4737,127,149" index="14" style="position:fixed;left:73.3676715649144%;top:93.02827965435978%;height:2.926158680282797%;width:1.9239509165277988%;" type="para" /></box><box><div coordinates="376,5872,4300,130" index="15" style="position:fixed;left:5.696106650507499%;top:115.31814611154752%;height:2.553024351924588%;width:65.14164520527193%;" type="para" /></box><box><div coordinates="1829,6181,126,121" index="16" style="position:fixed;left:27.70792304196334%;top:121.38648860958365%;height:2.376276512175962%;width:1.9088016967126193%;" type="para" /></box><box><div coordinates="2063,6181,201,121" index="17" style="position:fixed;left:31.252840478715342%;top:121.38648860958365%;height:2.376276512175962%;width:3.0449931828510834%;" type="para" /></box></Blocks></page><page num="6" src="img/Bi2i_0843/Bi2i_0843-05.jpg" txt_src="img/Bi2i_0843/Bi2i_0843-05.txt"><Blocks><box><div coordinates="0,0,5092,3583" index="0" style="position:fixed;left:0.0%;top:0.0%;height:70.36527886881383%;width:77.1398272988941%;" type="para">Country

Thailand
Turkey
Uganda

UK* wk Rk
Ukraine****
Uruguay
Venezuela **
Vietnam
Zambia
Zimbabwe

BP Charge

10.00
15.00
50.00

3.00
60.00
50.00
45.00
45.00
50.00
50.00

Trade Charge

$60.00
$100.00
$200.00

$27.00
$250.00
$150.00
$140.00
$140.00
$200.00
$175.00

 

Most common out of pocket charges:

* Bonds billed at face value

** Local Administrator fees passed through as actuals

*xdxkk $30 surcharge for non-STP trades
Euroclear charges apply, to only approved continental European countries ae pe
&#8220;All other local marke: Cut-of-Pocke: charees. incindineg Euroclear Cross Border fees are od throneh aQ

~~ &#165;*% Local administration charge on month end market value each month. ($400 minimum, , $4, 000+ maximum
peraccount)tVAT = &#169; Hi, | Te
+ *&#165;%&#165;* Transaction fees are charged for corporate actions. Registrar depository fees dre charged a as I</div></box><box><div coordinates="306,111,740,136" index="1" style="position:fixed;left:4.635661263444932%;top:2.1798900235663785%;height:2.670856245090338%;width:11.210422663232844%;" type="para" /></box><box><div coordinates="1117,117,319,124" index="2" style="position:fixed;left:16.92167853355552%;top:2.297721916732129%;height:2.4351924587588374%;width:4.832601121042266%;" type="para" /></box><box><div coordinates="1465,126,452,127" index="3" style="position:fixed;left:22.193607029237995%;top:2.474469756480754%;height:2.4941084053417124%;width:6.847447356461142%;" type="para" /></box><box><div coordinates="2111,120,514,124" index="4" style="position:fixed;left:31.980003029843964%;top:2.356637863315004%;height:2.4351924587588374%;width:7.786698985002273%;" type="para" /></box><box><div coordinates="2990,120,449,133" index="5" style="position:fixed;left:45.29616724738676%;top:2.356637863315004%;height:2.6119402985074625%;width:6.801999697015604%;" type="para" /></box><box><div coordinates="3495,123,1478,4838" index="6" style="position:fixed;left:52.946523254052416%;top:2.415553809897879%;height:95.01178318931657%;width:22.390546886835327%;" type="para">e Trade Charge

$60.00
$100.00
$200.00

$27.00
$250.00
$150.00
$140.00
$140.00
$200.00
$175.00

OOO OO OCC OO

inimum, $4,000&#8217; maximum

are charged as actuals

es, are passed through as</div></box><box><div coordinates="154,138,141,1306" index="7" style="position:fixed;left:2.332979851537646%;top:2.7101335428122546%;height:25.648075412411625%;width:2.136039993940312%;" type="para" /></box><box><div coordinates="396,765,4271,1477" index="8" style="position:fixed;left:5.999091046811089%;top:15.023566378633149%;height:29.006284367635505%;width:64.70231783063171%;" type="para">Country

Thailand
Turkey
Uganda

UK* wk Rk
Ukraine****
Uruguay
Venezuela **
Vietnam
Zambia
Zimbabwe

BP Charge

10.00
15.00
50.00

3.00
60.00
50.00
45.00
45.00
50.00
50.00

Trade Charge

$60.00
$100.00
$200.00

$27.00
$250.00
$150.00
$140.00
$140.00
$200.00
$175.00</div></box><box><div coordinates="151,1623,138,536" index="9" style="position:fixed;left:2.2875321920921072%;top:31.87352710133543%;height:10.526315789473683%;width:2.0905923344947737%;" type="para" /></box><box><div coordinates="5014,1880,78,4721" index="10" style="position:fixed;left:75.9581881533101%;top:36.92065985860173%;height:92.71406127258444%;width:1.1816391455840025%;" type="para" /></box><box><div coordinates="150,2328,136,554" index="11" style="position:fixed;left:2.2723829722769278%;top:45.718774548311075%;height:10.879811468970935%;width:2.0602938948644143%;" type="para" /></box><box><div coordinates="384,2367,4283,133" index="12" style="position:fixed;left:5.8173004090289355%;top:46.48468185388845%;height:2.6119402985074625%;width:64.88410846841388%;" type="para" /></box><box><div coordinates="399,2610,4130,1127" index="13" style="position:fixed;left:6.044538706256628%;top:51.256873527101334%;height:22.13275726630008%;width:62.566277836691405%;" type="para">Most common out of pocket charges:

* Bonds billed at face value

** Local Administrator fees passed through as actuals
- &#174;** Local administration charge on month end market value each month. (3400 minimum, , $4, 000+ maximum
peraccounty+VAT = =o Mi. 0 dey,
&#169; &#165;%%* Transaction fees are charged for corporate actions. Registrar depository fees 4 are chatged a as aciuals
*xdxkk $30 surcharge for non-STP trades

Euroclear charges apply, to only approved continental European countries ) LH

"All other local market Out-of-Pocket charges, including Euroclear Cross Border fees, are &#169; passed through a as

actuals</div></box><box><div coordinates="129,2943,4841,3497" index="14" style="position:fixed;left:1.9542493561581578%;top:57.79654359780048%;height:68.67635506677141%;width:73.33737312528405%;" type="para">&#169; #%x  ocal administration charge &#162; on month end market value each month. ($400 minimum, , $4, 000+ maximum

peraccount)+tVAT =&#187; Hi.

+ &#165;%&#165;* Transaction fees are charged for corporate actions. Registrar depository fees 4 are chatged a as asiuate

*xdxkk $30 surcharge for non-STP trades

Euroclear charges apply, to only approved continental European countries Ge +
"All other local market Out-of-Pocket charges, including Euroclear Cross Border fees, are &#169; passed through as
actuals</div></box><box><div coordinates="892,6178,219,121" index="15" style="position:fixed;left:13.51310407514013%;top:121.32757266300078%;height:2.376276512175962%;width:3.317679139524315%;" type="para" /></box><box><div coordinates="1853,6181,489,121" index="16" style="position:fixed;left:28.071504317527644%;top:121.38648860958365%;height:2.376276512175962%;width:7.407968489622785%;" type="para" /></box><box><div coordinates="2345,6181,121,121" index="17" style="position:fixed;left:35.52492046659597%;top:121.38648860958365%;height:2.376276512175962%;width:1.8330555976367218%;" type="para" /></box></Blocks></page></doc>