<doc doi="Bi2i_0738" name="/prcanalyt/test-pra1/inventory_module/InputProcessing/5F2/E19/5F2E199A614314AE576F5C6B2DFAA80524E59845.pdf"><page num="1" src="img/Bi2i_0738/Bi2i_0738-00.jpg" txt_src="img/Bi2i_0738/Bi2i_0738-00.txt"><Blocks><box><div coordinates="759,356,3634,886" index="0" style="position:fixed;left:11.498257839721255%;top:6.980392156862745%;height:17.372549019607845%;width:55.052264808362374%;" type="para">STATE STREET BANK AND TRUST COMPANY

WATER JSLAND CAPITAL
THE ARBITRAGE TACTICAL EQUITY FUND
CONFIDENTIAL GLOBAL CUSTODY FEE SCHEDULE
JANUARY 2018</div></box><box><div coordinates="727,1628,3698,886" index="1" style="position:fixed;left:11.013482805635508%;top:31.92156862745098%;height:17.372549019607845%;width:56.02181487653386%;" type="para">CUSTODY SERVICES

This fee schedule is for services (the &#8220;Services&#8221;) provided by State Street Bank and Trust

Company or its affiliates (&#8220;State Streef&#8221;) to the &#8216;The Arbitrage Tactical Equity Fund&#8217; pursuant to
that certain Custodian Agreement dated as of June 19, 2008 by and between State Street and the
Funds (the &#8220;Custody Agreement&#8217;, as may be amended, supplemented, restated or otherwise
modified from time to time).</div></box><box><div coordinates="738,2534,3675,256" index="2" style="position:fixed;left:11.180124223602485%;top:49.68627450980392%;height:5.019607843137255%;width:55.67338282078473%;" type="para">1. US DOMESTIC CUSTODY FEES</div></box><box><div coordinates="793,2830,3550,393" index="3" style="position:fixed;left:12.013331313437357%;top:55.490196078431374%;height:7.705882352941177%;width:53.77973034388729%;" type="para">For the provision of custody services pursuant to the Custody Agreement, State Street shall be
entitled to the fees set forth below. The Basis Point Fee will be calculated by multiplying the
month-end assets of each Fund by the basis point fees shown in the table below</div></box><box><div coordinates="793,3304,1000,322" index="4" style="position:fixed;left:12.013331313437357%;top:64.7843137254902%;height:6.313725490196079%;width:15.149219815179519%;" type="para">Basis Point Fees:
US Assets under Custody -</div></box><box><div coordinates="1836,3444,373,177" index="5" style="position:fixed;left:27.813967580669598%;top:67.52941176470588%;height:3.4705882352941178%;width:5.6506589910619605%;" type="para">hasis point</div></box><box><div coordinates="2859,3456,173,144" index="6" style="position:fixed;left:43.31161945159824%;top:67.76470588235294%;height:2.823529411764706%;width:2.620815028026057%;" type="para" /></box><box><div coordinates="794,3750,1512,1217" index="7" style="position:fixed;left:12.028480533252537%;top:73.52941176470588%;height:23.862745098039216%;width:22.90562036055143%;" type="para">Transaction Processing Fees per item
DTC Trades

FBE Trades

Physical Trades

Maturities

Paydowns

Reorganization/Corporate Actions

Memo Pledges/Releases</div></box><box><div coordinates="2715,3898,339,285" index="8" style="position:fixed;left:41.130131798212396%;top:76.4313725490196%;height:5.588235294117648%;width:5.135585517345857%;" type="para">$ 4.00
$ 4.00</div></box><box><div coordinates="2717,4202,311,289" index="9" style="position:fixed;left:41.160430237842746%;top:82.3921568627451%;height:5.666666666666666%;width:4.71140736252083%;" type="para">$75.00
$ 6.00</div></box><box><div coordinates="2714,4504,272,428" index="10" style="position:fixed;left:41.11498257839721%;top:88.31372549019608%;height:8.392156862745098%;width:4.1205877897288286%;" type="para">$ 6.0(
$ 4.0
$20.0(</div></box><box><div coordinates="1051,4646,842,320" index="11" style="position:fixed;left:15.921830025753675%;top:91.09803921568627%;height:6.2745098039215685%;width:12.755643084381155%;" type="para">anization/Corporate Ac

y Pledges/Releases</div></box><box><div coordinates="2862,4800,124,139" index="12" style="position:fixed;left:43.357067111043776%;top:94.11764705882352%;height:2.7254901960784315%;width:1.8785032570822602%;" type="para">3.0</div></box></Blocks></page><page num="2" src="img/Bi2i_0738/Bi2i_0738-01.jpg" txt_src="img/Bi2i_0738/Bi2i_0738-01.txt"><Blocks><box><div coordinates="765,355,3634,887" index="0" style="position:fixed;left:11.58915315861233%;top:6.96078431372549%;height:17.392156862745097%;width:55.052264808362374%;" type="para">STATE STREET BANK AND TRUST COMPANY

WATER ISLAND CAPITAL

 

THE ARBITRAGE TACTICAL EQUITY FUND
CONFIDENTIAL GLOBAL CUSTODY FEE SCHEDULE
JANUARY 2015</div></box><box><div coordinates="1574,1635,1928,199" index="1" style="position:fixed;left:23.84487198909256%;top:32.05882352941177%;height:3.9019607843137254%;width:29.207695803666113%;" type="para">TRANSACTION PROCESSING FEES PER TRADE"</div></box><box><div coordinates="731,1918,2003,378" index="2" style="position:fixed;left:11.074079684896228%;top:37.6078431372549%;height:7.411764705882352%;width:30.343887289804577%;" type="para">Wire Transfers In and Out
Third Party Foreign Exchange *
Foreign Exchange through State Street Global Markets</div></box><box><div coordinates="3587,1925,656,469" index="3" style="position:fixed;left:54.34025147704893%;top:37.745098039215684%;height:9.19607843137255%;width:9.937888198757763%;" type="para">$ 5.00

$ 75.00

No Charge (See
Footnote 2)</div></box><box><div coordinates="797,2728,3560,2978" index="4" style="position:fixed;left:12.073928192698077%;top:53.490196078431374%;height:58.39215686274509%;width:53.93122254203908%;" type="para">! Transaction Processing Fees Per Trade. Thesc are per trade processing fees charged
for processing the settlement of transactions by State Street on behalf of the Funds in
connection with the provision of custody services under the Custody Agreement. These
Transaction Processing Fees, unless otherwise waived, apply whether a Fund or its third
party investment managers entered into such transactions with or through State Street or
one of its affiliates or a third party dealer or broker. The processing fees are in addition
to, and are not to be construed as payments in lieu of, any compensation (as described
herein) that may be earned by State Street or any of its affiliates or by a third party dealer
or broker in connection with such transaction.

? Foreign Exchange. State Street Global Markets, a separate division of State Street,
offers principal or &#8220;dealer&#8221; trading services as well as agency execution services (which
include its proprietary electronic trading platforms) in a variety of asset classes, including
most of those described in this schedule. A Fund or its third party fiduciary investment
managers may select State Street Global Markets to effect principal or agency
transactions, however, any such services, irrespective of whether trade orders are
{ransmitted through State Street&#8217;s custody or trustee operations, are conducted under
contractual or other arrangements that are distinct from its services and obligations under
the Agreements. When State Street or State Street Global Markets acts as a counterparty
(e.g., foreign exchange, over the counter derivatives, repurchase transactions) to a Fund,
such transactions are principal transactions and State Street or State Street Global
Markets enters into them as a dealer and not in a fiduciary, agency or similar capacity
(regardless of any other relationships between State Street and the Funds under the
Agreements). In connection with such trading or agency execution services, State Street
Global Markets may receive compensation from the Funds in a variety of forms,
including a commission, click fee, revenue share, spread, mark-up, mark-down, interest,
fee or similar amount.</div></box></Blocks></page><page num="3" src="img/Bi2i_0738/Bi2i_0738-02.jpg" txt_src="img/Bi2i_0738/Bi2i_0738-02.txt"><Blocks><box><div coordinates="745,331,3640,901" index="0" style="position:fixed;left:11.286168762308742%;top:6.490196078431372%;height:17.666666666666668%;width:55.143160127253445%;" type="para">STATE STREET BANK AND TRUST COMPANY
WATER ISLAND CAPITAL

THE ARBITRAGE TACTICAL EQUITY FUND
CONFIDENTIAL GLOBAL CUSTODY FEE SCHEDULE

   

JANUARY 2015</div></box><box><div coordinates="729,1822,3882,3329" index="1" style="position:fixed;left:11.043781245265869%;top:35.72549019607843%;height:65.27450980392156%;width:58.80927132252689%;" type="para">Il. GLOBAL CUSTODYFEES he &#8216;

 

Maintain custody of fund assets. Settle portfolio purchases and sales. Report buy and sell fails,
Determine and collect portfolio income. Make cash disbursements and report cash transactions in
local and base currency. Withhold foreign taxes. File foreign tax reclaims. Monitor corporate
actions. Report portfolio positions. The following safekeeping fees are monthly fees by country.

 

CHARGE CHARGE CHARGE CHARGE
Basis Points Basis Points
2.5 $30

Argentina 40 Luxembourg

Australia 1.25 : To Malaysia 2.5 $25
Austria 1.25 $7 Mexico 2.5 $25
Bangladesh 40 $100 Morocco 40 $100
Belgium 1.25 $5 Namibia 40 $100
Botswana 40 $100 Netherlands 1.25 $12.5
Brazil 40 $25 New Zealand 1.25 $12.5
Canada 1 $3 Norway 1,25 $12.5
Cedel\Clearstream 1.25 $25 Pakistan 40 $100
Chile 40) $100 Peru 40 $100
China 40 $100 Philippines 40 $25
Colombia 40 $100 Poland 40 $25
Cyprus 40 $100 Portugal 40 $25
Czech Republic 40 $50 Russia 40 $100
Denmark 1.25 $10 Singapore 2.5 $25
Ecuador 40 $100 South Africa 5 S12.5
Egypt 40 $100 South Korea 40 $50
Finland 1.25 $10 Spain 1.25 S10
france 1.25 $10 Sri Lanka 40 $100
Germany 1.25 $10 Sweden 1.25 $10
Ghana 40 $100 Switzerland 1.28 $10
Greece 40 $25 Taiwan 25 $35
Hong Kong 1.25 $12.5 Thailand 2.5 $15
Hungary 40 $50 Tunisia 40 $100
India | 40 $100 Turkey 40 $100

r Teste m ~ fp</div></box><box><div coordinates="4453,1910,133,135" index="2" style="position:fixed;left:67.4594758369944%;top:37.450980392156865%;height:2.6470588235294117%;width:2.014846235418876%;" type="para" /></box><box><div coordinates="4127,2756,280,2349" index="3" style="position:fixed;left:62.52083017724587%;top:54.03921568627451%;height:46.05882352941176%;width:4.241781548250265%;" type="para">$30
$25
$25
$100
$100
$12.5
$12.5
$12.5
$100
$100
$25
$25
$25
$100
$25
S12.5
$50
S10
$100
$10
$10
$335
$15
$100
$100</div></box><box><div coordinates="2746,2778,514,2997" index="4" style="position:fixed;left:41.59975761248296%;top:54.470588235294116%;height:58.76470588235294%;width:7.786698985002273%;" type="para">Luxembourg
Malaysia
Mexico
Morocco
Namibia
Netherlands
New Zealand
Norway
Pakistan
Peru
Philippines
Poland
Portugal
Russia
Singapore
South Africa
South Korea
Spain

Sri Lanka
Sweden
Switzertand
Taiwan
Thailand
Tunisia
Turkey
United Arab
Emirates
United Kings
Uruguay
Venezuela
Zambia
Zimbahwe</div></box><box><div coordinates="2308,2782,129,222" index="5" style="position:fixed;left:34.96439933343433%;top:54.54901960784314%;height:4.352941176470588%;width:1.9542493561581578%;" type="para" /></box><box><div coordinates="3331,2951,121,672" index="6" style="position:fixed;left:50.46205120436298%;top:57.86274509803921%;height:13.176470588235295%;width:1.8330555976367218%;" type="para" /></box><box><div coordinates="2284,3042,227,1186" index="7" style="position:fixed;left:34.60081805787002%;top:59.647058823529406%;height:23.254901960784313%;width:3.4388728980457506%;" type="para">$100
$100
$25
$3
$25
$100
$100
$100
$100
$50
$10

m1 MAN</div></box><box><div coordinates="3548,3044,216,1073" index="8" style="position:fixed;left:53.74943190425693%;top:59.686274509803916%;height:21.03921568627451%;width:3.272231480078776%;" type="para">40
1.25
1.25
1.25
40
40
40
40
40
40</div></box><box><div coordinates="1207,3528,226,152" index="9" style="position:fixed;left:18.28510831692168%;top:69.17647058823529%;height:2.980392156862745%;width:3.423723678230571%;" type="para">rstrear</div></box><box><div coordinates="3333,4021,121,301" index="10" style="position:fixed;left:50.492349643993336%;top:78.84313725490196%;height:5.901960784313726%;width:1.8330555976367218%;" type="para" /></box><box><div coordinates="3569,4159,212,585" index="11" style="position:fixed;left:54.0675655203757%;top:81.54901960784314%;height:11.470588235294118%;width:3.2116346008180576%;" type="para">40
1.25

1.25
1.25</div></box><box><div coordinates="2289,4246,167,145" index="12" style="position:fixed;left:34.676564156945915%;top:83.25490196078431%;height:2.843137254901961%;width:2.5299197091349797%;" type="para" /></box><box><div coordinates="1450,4379,121,121" index="13" style="position:fixed;left:21.966368732010302%;top:85.86274509803921%;height:2.372549019607843%;width:1.8330555976367218%;" type="para" /></box><box><div coordinates="3335,4379,121,316" index="14" style="position:fixed;left:50.522648083623686%;top:85.86274509803921%;height:6.196078431372549%;width:1.8330555976367218%;" type="para" /></box><box><div coordinates="2284,4442,242,681" index="15" style="position:fixed;left:34.60081805787002%;top:87.09803921568627%;height:13.352941176470587%;width:3.6661111952734435%;" type="para">$10
$10
$100
$25
$12.5
$50
S100</div></box><box><div coordinates="1684,4476,171,124" index="16" style="position:fixed;left:25.51128616876231%;top:87.76470588235294%;height:2.431372549019608%;width:2.590516588395698%;" type="para" /></box><box><div coordinates="1682,4633,233,505" index="17" style="position:fixed;left:25.48098772913195%;top:90.84313725490196%;height:9.901960784313726%;width:3.529768216936828%;" type="para" /></box><box><div coordinates="3587,4910,126,215" index="18" style="position:fixed;left:54.34025147704893%;top:96.27450980392157%;height:4.215686274509804%;width:1.9088016967126193%;" type="para" /></box><box><div coordinates="3171,5023,287,638" index="19" style="position:fixed;left:48.038176033934256%;top:98.49019607843137%;height:12.509803921568627%;width:4.3478260869565215%;" type="para">rdom</div></box><box><div coordinates="4146,5150,230,608" index="20" style="position:fixed;left:62.808665353734284%;top:100.98039215686273%;height:11.92156862745098%;width:3.484320557491289%;" type="para">$100
12.5
$100
$100
$100
$100</div></box><box><div coordinates="1684,5169,125,160" index="21" style="position:fixed;left:25.51128616876231%;top:101.35294117647058%;height:3.1372549019607843%;width:1.8936524768974399%;" type="para">1.2</div></box><box><div coordinates="2283,5178,218,669" index="22" style="position:fixed;left:34.585668838054836%;top:101.52941176470588%;height:13.117647058823529%;width:3.3025299197091353%;" type="para">$12.5

$12.5
$50
$10

$100
$100</div></box><box><div coordinates="2424,5176,122,122" index="23" style="position:fixed;left:36.72170883199515%;top:101.49019607843137%;height:2.392156862745098%;width:1.8482048174519012%;" type="para" /></box><box><div coordinates="800,5190,325,700" index="24" style="position:fixed;left:12.119375852143614%;top:101.76470588235293%;height:13.725490196078432%;width:4.923496439933343%;" type="para">Indonesi
Ireland
Israel
Italy
Japan
Jordan
Kenya</div></box><box><div coordinates="1452,5205,121,122" index="25" style="position:fixed;left:21.99666717164066%;top:102.05882352941175%;height:2.392156862745098%;width:1.8330555976367218%;" type="para" /></box><box><div coordinates="3589,5260,190,324" index="26" style="position:fixed;left:54.37054991667929%;top:103.1372549019608%;height:6.352941176470588%;width:2.8783517648841084%;" type="para">125

40</div></box><box><div coordinates="1704,5353,157,518" index="27" style="position:fixed;left:25.8142705650659%;top:104.96078431372548%;height:10.156862745098039%;width:2.378427510983184%;" type="para">1.25
1.23
40
40</div></box><box><div coordinates="3573,5618,141,149" index="28" style="position:fixed;left:54.128162399636416%;top:110.15686274509804%;height:2.9215686274509807%;width:2.136039993940312%;" type="para" /></box><box><div coordinates="3339,5885,121,179" index="29" style="position:fixed;left:50.58324496288441%;top:115.39215686274508%;height:3.5098039215686274%;width:1.8330555976367218%;" type="para" /></box></Blocks></page><page num="4" src="img/Bi2i_0738/Bi2i_0738-03.jpg" txt_src="img/Bi2i_0738/Bi2i_0738-03.txt"><Blocks><box><div coordinates="759,351,3640,885" index="0" style="position:fixed;left:11.498257839721255%;top:6.88235294117647%;height:17.352941176470587%;width:55.143160127253445%;" type="para">STATE STREET BANK AND TRUST COMPANY

WATER ISLAND CAPITAL

THE ARBITRAGE TACTICAL EQUITY FUND
CONFIDENTIAL GLOBAL CUSTODY FEE SCHEDULE
JANUARY 2015</div></box><box><div coordinates="2038,1798,1010,176" index="1" style="position:fixed;left:30.874109983335856%;top:35.25490196078431%;height:3.4509803921568625%;width:15.300712013331314%;" type="para">quote will be furnished upo</div></box><box><div coordinates="796,1805,483,171" index="2" style="position:fixed;left:12.058778972882896%;top:35.3921568627451%;height:3.3529411764705883%;width:7.317073170731707%;" type="para">For markets</div></box><box><div coordinates="1530,1803,313,173" index="3" style="position:fixed;left:23.17830631722466%;top:35.35294117647059%;height:3.392156862745098%;width:4.7417058021511895%;" type="para">luded ab</div></box><box><div coordinates="3193,1814,218,156" index="4" style="position:fixed;left:48.3714588698682%;top:35.568627450980394%;height:3.058823529411765%;width:3.3025299197091353%;" type="para">Juest.</div></box><box><div coordinates="1326,1820,123,122" index="5" style="position:fixed;left:20.08786547492804%;top:35.68627450980392%;height:2.392156862745098%;width:1.8633540372670807%;" type="para" /></box><box><div coordinates="3054,1822,124,150" index="6" style="position:fixed;left:46.26571731555825%;top:35.72549019607843%;height:2.941176470588235%;width:1.8785032570822602%;" type="para">1 IC</div></box><box><div coordinates="737,2079,3679,889" index="7" style="position:fixed;left:11.164975003787305%;top:40.76470588235294%;height:17.431372549019606%;width:55.733979700045445%;" type="para">NI SPECIAL SERVICES

Additional special activities of a non-recurring nature such as fund consolidations or
reorganizations, extraordinary security shipments and the preparation of special reports will be
subject to negotiation. There will be a fee of $150 per hour for customized programming or
customized transmissions. There will be an annual fee of $1,200 for maintenance of customized
programming, transmissions or other customized development. Fees for other special items will
be negotiated separately.</div></box><box><div coordinates="783,2990,3576,590" index="8" style="position:fixed;left:11.861839115285564%;top:58.62745098039216%;height:11.568627450980392%;width:54.17361005908196%;" type="para">Significant regulatory changes, significant legal changes or changes in the Funds&#8217; service
elections or status may, as a result of such changes, necessitate additional services, processing or
reports, In these instances, if State Street elects to provide such services or arrange for their
provision, State Street shall be entitled to additional fees and expenses as negotiated with the
Funds.</div></box><box><div coordinates="733,3582,3682,781" index="9" style="position:fixed;left:11.104378124526587%;top:70.23529411764706%;height:15.313725490196079%;width:55.77942735949099%;" type="para">IV. OUT-OF-POCKET EXPENSES

 

A billing for the recovery of other reimbursable expenses, fees and charges incurred on behalf of
the Funds, as applicable, will be made as of the end of each month. Unless indicated otherwise,
the Funds&#8217; share of such expenses, fees and charges will be based upon actual usage of a service
or an allocated charge for the use of the service for the benefit of the Funds. New or increased
fees imposed upon State Street beyond State Street&#8217;s control will be passed through to the Funds.</div></box><box><div coordinates="824,4242,170,124" index="10" style="position:fixed;left:12.482957127707923%;top:83.17647058823529%;height:2.431372549019608%;width:2.575367368580518%;" type="para">fees</div></box><box><div coordinates="2887,4384,1150,176" index="11" style="position:fixed;left:43.73579760642327%;top:85.9607843137255%;height:3.4509803921568625%;width:17.421602787456447%;" type="para">ed by State Street on their behalt</div></box><box><div coordinates="791,4394,2077,270" index="12" style="position:fixed;left:11.983032873807%;top:86.15686274509804%;height:5.294117647058823%;width:31.464929556127856%;" type="para">The Funds will reimburse State Street for expenses incurt
including, but not limited to, the following:</div></box><box><div coordinates="2842,4688,1735,1416" index="13" style="position:fixed;left:43.05408271474019%;top:91.92156862745098%;height:27.764705882352942%;width:26.283896379336465%;" type="para">SSAE 16 Charges (pro rata portion)
Archive/Document Storage

IRS Certifications and Form Filing
Reasonable Legal Expenses
Subcustodian/Depository Charges, ADR, GDR
Rule 17f-5

Miscellaneous expenses incurred in connection
with foreign custody (e.g., stamp duties,
registration costs, script fees, special
transportation costs)

Pricing and Verification Services - Non-
Standard Vendors</div></box><box><div coordinates="933,4692,1099,915" index="14" style="position:fixed;left:14.13422208756249%;top:92.0%;height:17.941176470588236%;width:16.64899257688229%;" type="para">SWIFT

Dedicated Hardware / Transn
Forms and Supplies Related t
Printing, Delivery, Postage ar
SAS99 (audit firm data feeds
Telephone

Board Related Travel</div></box><box><div coordinates="787,4718,141,882" index="15" style="position:fixed;left:11.92243599454628%;top:92.50980392156862%;height:17.294117647058822%;width:2.136039993940312%;" type="para" /></box><box><div coordinates="2694,4712,142,882" index="16" style="position:fixed;left:40.811998182093625%;top:92.3921568627451%;height:17.294117647058822%;width:2.1511892137554915%;" type="para" /></box><box><div coordinates="2044,4812,555,409" index="17" style="position:fixed;left:30.965005302226935%;top:94.35294117647058%;height:8.019607843137255%;width:8.407816997424632%;" type="para">ission Lines
y Fund Records
d Courier</div></box><box><div coordinates="1024,5840,217,168" index="18" style="position:fixed;left:15.512801090743828%;top:114.50980392156862%;height:3.294117647058824%;width:3.2873806998939554%;" type="para">air Ve</div></box><box><div coordinates="4099,5840,226,157" index="19" style="position:fixed;left:62.09665202242085%;top:114.50980392156862%;height:3.0784313725490198%;width:3.423723678230571%;" type="para">- Non-</div></box><box><div coordinates="1250,5856,587,156" index="20" style="position:fixed;left:18.936524768974397%;top:114.8235294117647%;height:3.058823529411765%;width:8.892592031510377%;" type="para">luation Services</div></box><box><div coordinates="2698,5856,136,138" index="21" style="position:fixed;left:40.87259506135434%;top:114.8235294117647%;height:2.705882352941176%;width:2.0602938948644143%;" type="para" /></box><box><div coordinates="787,5866,138,138" index="22" style="position:fixed;left:11.92243599454628%;top:115.01960784313725%;height:2.705882352941176%;width:2.0905923344947737%;" type="para" /></box></Blocks></page><page num="5" src="img/Bi2i_0738/Bi2i_0738-04.jpg" txt_src="img/Bi2i_0738/Bi2i_0738-04.txt"><Blocks><box><div coordinates="763,351,3632,885" index="0" style="position:fixed;left:11.558854718981973%;top:6.88235294117647%;height:17.352941176470587%;width:55.02196636873201%;" type="para">STATE STREET BANK AND TRUST COMPANY

WATER ISLAND CAPITAL

 

THE ARBITRAGE TACTICAL EQUITY FUND
CONFIDENTIAL GLOBAL CUSTODY FEE SCHEDULE
JANUARY 2015</div></box><box><div coordinates="929,1648,1698,497" index="1" style="position:fixed;left:14.073625208301774%;top:32.31372549019608%;height:9.745098039215687%;width:25.72337524617482%;" type="para">FDIC Insurance Charge: Calculated monthly
on the Funds&#8217; average positive non-interest
bearing U.S. Dollar cash balances. (Currently:
2.50 basis points/year)</div></box><box><div coordinates="2848,1658,951,170" index="2" style="position:fixed;left:43.14497803363127%;top:32.509803921568626%;height:3.3333333333333335%;width:14.406908044235722%;" type="para">CCQ Attestation Report</div></box><box><div coordinates="791,1671,138,139" index="3" style="position:fixed;left:11.983032873807%;top:32.76470588235294%;height:2.7254901960784315%;width:2.0905923344947737%;" type="para" /></box><box><div coordinates="2708,1670,138,144" index="4" style="position:fixed;left:41.02408725950614%;top:32.745098039215684%;height:2.823529411764706%;width:2.0905923344947737%;" type="para" /></box><box><div coordinates="771,2184,3604,218" index="5" style="position:fixed;left:11.680048477503409%;top:42.8235294117647%;height:4.2745098039215685%;width:54.59778821390698%;" type="para">V. CASH MANAGEMENT AND FOREIGN EXCHANGE ~~</div></box><box><div coordinates="725,2506,3688,1993" index="6" style="position:fixed;left:10.983184366005151%;top:49.13725490196079%;height:39.07843137254902%;width:55.87032267838207%;" type="para">This Fee Schedule is predicated on the Fund(s) executing all trade-related and repatriation
Foreign Exchange instructions with State Street Bank on a standing instruction basis,

This Fee Schedule is predicated on the investment of the Funds&#8217; short term cash in a State Street

sweep and/or repo product. Acceptance of this fee schedule constitutes proper standing
instructions from the fund(s) to State Street for the same.

   

VI. OVERDRAFTS

An overdraft charge equal to 100% of the average collected (negative) balances times the Fed
Funds rate plus 200 basis points will be applied to the monthly custody invoice for USD
Overdrafis. Foreign currency overdraft rates are set by a senior level board at State Street who
meet regularly and weigh numerous factors such as central bank action and market activity.

   

VIL PAYMENT

The fees, charges and expenses set forth herein will be charged against each Fund&#8217;s demand
deposit account 15 days after the invoice is mailed to Funds&#8217; offices. Any fees or reimbursable
expenses not paid within 30 days of the date of the original invoice will be charged a late
payment fee of 1% per month until payment of the fees are received by Billing. Failure to charge
a fee is not a waiver of that fee.</div></box><box><div coordinates="725,4500,3682,1114" index="7" style="position:fixed;left:10.983184366005151%;top:88.23529411764706%;height:21.84313725490196%;width:55.77942735949099%;" type="para">VII. ASSUMPTIONS

This fee schedule is provided by State Street upon the assumptions, and information provided by
'The Arbitrage Fund', &#8216;The Arbitrage Event Driven Fund&#8217;, &#8216;The Arbitrage Credit Opportunities
Fund&#8217;, &#8216;The Arbitrage Tactical Equity Fund&#8217; including. In the event that these assumptions are
not met, the parties hereto agree to negotiate a revised fee schedule in good faith.

IX. CONFIDENTIALITY

 

This fee schedule is the confidential information of the parties and shall not be disclosed to any
third party without the prior written consent of the other parties.</div></box><box><div coordinates="729,5694,3676,250" index="8" style="position:fixed;left:11.043781245265869%;top:111.6470588235294%;height:4.901960784313726%;width:55.68853204059992%;" type="para">X.EFFECTIVENESS</div></box></Blocks></page><page num="6" src="img/Bi2i_0738/Bi2i_0738-05.jpg" txt_src="img/Bi2i_0738/Bi2i_0738-05.txt"><Blocks><box><div coordinates="753,346,3634,890" index="0" style="position:fixed;left:11.407362520830178%;top:6.784313725490196%;height:17.45098039215686%;width:55.052264808362374%;" type="para">STATE STREET BANK AND TRUST COMPANY

WATER ISLAND CAPITAL

 

THE ARBITRAGE TACTICAL EQUITY FUND
CONFIDENTIAL GLOBAL CUSTODY FEE SCHEDULE
JANUARY 2015</div></box><box><div coordinates="785,1642,3572,390" index="1" style="position:fixed;left:11.892137554915921%;top:32.19607843137255%;height:7.647058823529412%;width:54.11301317982124%;" type="para">This fee schedule shall become effective upon the commencement of the provision of the
Services and shall remain in effect for six (6) months . At that time it reverts back to the original
negotiated fee schedule which was effective January 2013.</div></box><box><div coordinates="2750,2152,276,174" index="2" style="position:fixed;left:41.660354491743675%;top:42.19607843137255%;height:3.4117647058823533%;width:4.181184668989547%;" type="para">allows]</div></box><box><div coordinates="2076,2179,617,171" index="3" style="position:fixed;left:31.44978033631268%;top:42.72549019607843%;height:3.3529411764705883%;width:9.347068625965763%;" type="para">[Signature page</div></box></Blocks></page><page num="7" src="img/Bi2i_0738/Bi2i_0738-06.jpg" txt_src="img/Bi2i_0738/Bi2i_0738-06.txt"><Blocks><box><div coordinates="747,340,3632,896" index="0" style="position:fixed;left:11.3164672019391%;top:6.666666666666667%;height:17.568627450980394%;width:55.02196636873201%;" type="para">STATE STREET BANK AND TRUST COMPANY

WATER ISLAND CAPITAL

THE ARBITRAGE TACTICAL EQUITY FUND
CONFIDENTIAL GLOBAL CUSTODY FEE SCHEDULE
JANUARY 2015</div></box><box><div coordinates="3251,1760,125,122" index="1" style="position:fixed;left:49.250113619148614%;top:34.509803921568626%;height:2.392156862745098%;width:1.8936524768974399%;" type="para" /></box><box><div coordinates="2506,1896,1855,188" index="2" style="position:fixed;left:37.96394485683987%;top:37.1764705882353%;height:3.686274509803922%;width:28.101802757158005%;" type="para">STATE STREET BANK AND TRUST COMPANY</div></box><box><div coordinates="599,1904,1737,190" index="3" style="position:fixed;left:9.07438266929253%;top:37.333333333333336%;height:3.7254901960784315%;width:26.314194818966826%;" type="para">THE ARBITRAGE TACTICAL EQUITY FUND</div></box><box><div coordinates="2508,2105,1919,721" index="4" style="position:fixed;left:37.99424329647023%;top:41.27450980392157%;height:14.137254901960784%;width:29.071352825329495%;" type="para">Print Name: _

Signature:

Title:</div></box><box><div coordinates="601,2144,1849,700" index="5" style="position:fixed;left:9.104681108922891%;top:42.03921568627451%;height:13.725490196078432%;width:28.01090743826693%;" type="para" /></box><box><div coordinates="603,2228,536,176" index="6" style="position:fixed;left:9.13497954855325%;top:43.68627450980392%;height:3.4509803921568625%;width:8.119981820936221%;" type="para">Print Name:</div></box><box><div coordinates="2218,2495,199,123" index="7" style="position:fixed;left:33.60096955006817%;top:48.92156862745098%;height:2.411764705882353%;width:3.014694743220724%;" type="para" /></box><box><div coordinates="2558,2639,206,159" index="8" style="position:fixed;left:38.7517042872292%;top:51.745098039215684%;height:3.1176470588235294%;width:3.120739281926981%;" type="para">Title:</div></box></Blocks></page></doc>