<doc doi="Bi2i_0967" name="/prcanalyt/test-pra1/inventory_module/InputProcessing/794/C94/794C94625608EFD55E7CB7B3B14DA8CEC317F571.pdf"><page num="1" src="img/Bi2i_0967/Bi2i_0967-00.jpg" txt_src="img/Bi2i_0967/Bi2i_0967-00.txt"><Blocks><box><div coordinates="638,527,750,204" index="0" style="position:fixed;left:9.106480159862974%;top:10.640016151827176%;height:4.118715929739552%;width:10.705109905795032%;" type="para">State Street</div></box><box><div coordinates="1397,530,1809,210" index="1" style="position:fixed;left:19.94005138452755%;top:10.70058550373511%;height:4.239854633555421%;width:25.820725092777618%;" type="para" /></box><box><div coordinates="617,1232,1065,498" index="2" style="position:fixed;left:8.806737082500714%;top:24.8738138501918%;height:10.054512416717142%;width:15.201256066228947%;" type="para">Pramal Patel

Chief Operating Officer
New Amsterdam Capital

20 Balderion Street, London
W1K 6TL, UK</div></box><box><div coordinates="3839,1763,444,123" index="3" style="position:fixed;left:54.79588923779617%;top:35.59458913789623%;height:2.483343428225318%;width:6.337425064230659%;" type="para">19/02/2008</div></box><box><div coordinates="615,2027,524,129" index="4" style="position:fixed;left:8.778190122751926%;top:40.92469210579447%;height:2.604482132041187%;width:7.479303454182129%;" type="para">Dear Pramai,</div></box><box><div coordinates="609,2168,3680,322" index="5" style="position:fixed;left:8.692549243505567%;top:43.771451645467394%;height:6.501110438118313%;width:52.52640593776763%;" type="para">Please review the attached proposal for services for Mercator CLO Ill Limited. The purpose of the
attached document is to summarize our understanding of the transaction, identify the services we are
offering and to outline the costs associated therewith.</div></box><box><div coordinates="608,2493,1707,144" index="6" style="position:fixed;left:8.678275763631174%;top:50.33313143549364%;height:2.9073288915808604%;width:24.364830145589494%;" type="para">The document includes the following sections:</div></box><box><div coordinates="899,2642,3321,217" index="7" style="position:fixed;left:12.831858407079647%;top:53.34140924692106%;height:4.381183121340602%;width:47.4022266628604%;" type="para">Section | is a summary of assumptions for Mercator CLO li Limited upon which our service
solution is based.</div></box><box><div coordinates="756,2663,89,88" index="8" style="position:fixed;left:10.790750785041393%;top:53.7653947102766%;height:1.7767009892994143%;width:1.2703397088210107%;" type="para" /></box><box><div coordinates="899,2882,1109,127" index="9" style="position:fixed;left:12.831858407079647%;top:58.18695739955583%;height:2.564102564102564%;width:15.829289180702254%;" type="para">Section il is the fee schedule.</div></box><box><div coordinates="754,2903,88,88" index="10" style="position:fixed;left:10.762203825292605%;top:58.610942862911365%;height:1.7767009892994143%;width:1.2560662289466171%;" type="para" /></box><box><div coordinates="897,3029,1208,142" index="11" style="position:fixed;left:12.80331144733086%;top:61.15485564304461%;height:2.866949323642237%;width:17.242363688267197%;" type="para">Section [ll is the signature page.</div></box><box><div coordinates="752,3047,87,91" index="12" style="position:fixed;left:10.73365686554382%;top:61.518271754492226%;height:1.837270341207349%;width:1.2417927490722238%;" type="para" /></box><box><div coordinates="599,3167,3717,238" index="13" style="position:fixed;left:8.549814444761633%;top:63.94104583080961%;height:4.805168584696143%;width:53.054524693120186%;" type="para">We are very pleased to have the opportunity to submit this proposal and to further strengthen the solid
relationship our two firms enjoy.</div></box><box><div coordinates="602,3402,2876,147" index="14" style="position:fixed;left:8.592634884384813%;top:68.68564506359782%;height:2.967898243488795%;width:41.05052811875535%;" type="para">| will look forward to speaking with you once you have reviewed this document.</div></box><box><div coordinates="594,3683,404,139" index="15" style="position:fixed;left:8.478447045389666%;top:74.35897435897436%;height:2.8063799717343025%;width:5.766485869254924%;" type="para">Sincerely,</div></box><box><div coordinates="584,4250,585,123" index="16" style="position:fixed;left:8.335712246645732%;top:85.80658186957399%;height:2.483343428225318%;width:8.349985726520126%;" type="para">Valerie Mulhall</div></box></Blocks></page><page num="2" src="img/Bi2i_0967/Bi2i_0967-01.jpg" txt_src="img/Bi2i_0967/Bi2i_0967-01.txt"><Blocks><box><div coordinates="629,527,756,174" index="0" style="position:fixed;left:8.978018840993435%;top:10.640016151827176%;height:3.513022410660206%;width:10.790750785041393%;" type="para">State Street</div></box><box><div coordinates="1391,533,1806,207" index="1" style="position:fixed;left:19.854410505281187%;top:10.761154855643044%;height:4.179285281647487%;width:25.777904653154437%;" type="para" /></box><box><div coordinates="738,1113,805,128" index="2" style="position:fixed;left:10.533828147302312%;top:22.47122955784373%;height:2.584292348071876%;width:11.490151298886667%;" type="para">Table of Contents</div></box><box><div coordinates="611,1355,3840,144" index="3" style="position:fixed;left:8.721096203254355%;top:27.35715727841712%;height:2.9073288915808604%;width:54.810162717670565%;" type="para">Assumptions and Services ......cccceeeevemnvirerirenns

sana FINRA BNE FP AIEEE PERE EN FP REVENPO PANE FE PE NI NENA TROPICANA CaP aaS i</div></box><box><div coordinates="614,1505,3837,144" index="4" style="position:fixed;left:8.763916642877534%;top:30.38562487381385%;height:2.9073288915808604%;width:54.767342278047394%;" type="para">Fees...ovnnn

APA T ANN bar EEQERN NIIP AuEEERN RES RESIN EASADN

CEIRAREATFIBNIANATED</div></box><box><div coordinates="611,1655,3840,147" index="5" style="position:fixed;left:8.721096203254355%;top:33.41409246921058%;height:2.967898243488795%;width:54.810162717670565%;" type="para">SIignatures......ccvviviincvernniierenens

ARI FFRAMSPFRANIPIFRATY PIGUET ET ER ORN LAE ERS EER EN ENENNHN.] FFARR IAPR VF ITAPUE TAT EE RANIENENGESEN TRABRIEERNIS HI</div></box></Blocks></page><page num="3" src="img/Bi2i_0967/Bi2i_0967-02.jpg" txt_src="img/Bi2i_0967/Bi2i_0967-02.txt"><Blocks><box><div coordinates="629,530,762,207" index="0" style="position:fixed;left:8.978018840993435%;top:10.70058550373511%;height:4.179285281647487%;width:10.876391664287754%;" type="para">State Street</div></box><box><div coordinates="1395,536,1853,213" index="1" style="position:fixed;left:19.911504424778762%;top:10.82172420755098%;height:4.300423985463356%;width:26.44875820725093%;" type="para" /></box><box><div coordinates="3668,686,66,66" index="2" style="position:fixed;left:52.3551241792749%;top:13.850191802947709%;height:1.3325257419745609%;width:0.9420496717099628%;" type="para">Fieasiay</div></box><box><div coordinates="611,1355,3822,225" index="3" style="position:fixed;left:8.721096203254355%;top:27.35715727841712%;height:4.5427013930950935%;width:54.553240079931484%;" type="para">Based on our review of the initial information received, we have made the following structural and operational
assumptions regarding the product:</div></box><box><div coordinates="612,1583,959,121" index="4" style="position:fixed;left:8.735369683128747%;top:31.96042802342015%;height:2.442963860286695%;width:13.68826719954325%;" type="para">Mercator CLO fl Limited:</div></box><box><div coordinates="906,1730,818,126" index="5" style="position:fixed;left:12.9317727662004%;top:34.92832626690895%;height:2.543912780133253%;width:11.675706537253783%;" type="para">400 million Euro CLO</div></box><box><div coordinates="761,1751,87,87" index="6" style="position:fixed;left:10.86211818441336%;top:35.35231173026448%;height:1.756511205330103%;width:1.2417927490722238%;" type="para" /></box><box><div coordinates="911,1877,1209,126" index="7" style="position:fixed;left:13.003140165572367%;top:37.896224510397744%;height:2.543912780133253%;width:17.25663716814159%;" type="para">Irish-domiciled ISE listed vehicle</div></box><box><div coordinates="761,1895,87,90" index="8" style="position:fixed;left:10.86211818441336%;top:38.25964062184535%;height:1.8170805572380373%;width:1.2417927490722238%;" type="para" /></box><box><div coordinates="906,2024,1571,135" index="9" style="position:fixed;left:12.9317727662004%;top:40.864122753886534%;height:2.725620835857056%;width:22.423636882671996%;" type="para">Syndicated bank loans: various currencies</div></box><box><div coordinates="758,2045,87,87" index="10" style="position:fixed;left:10.81929774479018%;top:41.288108217242076%;height:1.756511205330103%;width:1.2417927490722238%;" type="para" /></box><box><div coordinates="908,2171,1293,127" index="11" style="position:fixed;left:12.960319725949187%;top:43.832020997375324%;height:2.564102564102564%;width:18.455609477590638%;" type="para">Notes will all be Euro denominated</div></box><box><div coordinates="758,2190,87,90" index="12" style="position:fixed;left:10.81929774479018%;top:44.21562689279225%;height:1.8170805572380373%;width:1.2417927490722238%;" type="para" /></box><box><div coordinates="902,2316,837,138" index="13" style="position:fixed;left:12.874678846702825%;top:46.7595396729255%;height:2.786190187764991%;width:11.946902654867257%;" type="para">Quarterly distributions</div></box><box><div coordinates="755,2337,87,90" index="14" style="position:fixed;left:10.776477305166999%;top:47.18352513628104%;height:1.8170805572380373%;width:1.2417927490722238%;" type="para" /></box><box><div coordinates="902,2462,912,138" index="15" style="position:fixed;left:12.874678846702825%;top:49.70724813244498%;height:2.786190187764991%;width:13.01741364544676%;" type="para">Close date of April 2007</div></box><box><div coordinates="755,2483,87,90" index="16" style="position:fixed;left:10.776477305166999%;top:50.13123359580053%;height:1.8170805572380373%;width:1.2417927490722238%;" type="para" /></box><box><div coordinates="608,2744,2115,142" index="17" style="position:fixed;left:8.678275763631174%;top:55.400767211790836%;height:2.866949323642237%;width:30.18840993434199%;" type="para">Trustee Services Offered by State Street and its affiliates:</div></box><box><div coordinates="897,2891,3404,235" index="18" style="position:fixed;left:12.80331144733086%;top:58.36866545527963%;height:4.744599232788209%;width:48.58692549243506%;" type="para">Collateral Administration: track loan portfolio, loan characteristics, income collection, standard
loan administration portfolio maintenance</div></box><box><div coordinates="749,2913,87,89" index="19" style="position:fixed;left:10.69083642592064%;top:58.81284070260448%;height:1.796890773268726%;width:1.2417927490722238%;" type="para" /></box><box><div coordinates="896,3131,2595,151" index="20" style="position:fixed;left:12.789037967456466%;top:63.214213607914395%;height:3.0486573793660408%;width:37.03968027405081%;" type="para">Serve as Trustee performing all duties defined in governing documents</div></box><box><div coordinates="747,3152,87,88" index="21" style="position:fixed;left:10.662289466171853%;top:63.63819907126994%;height:1.7767009892994143%;width:1.2417927490722238%;" type="para" /></box><box><div coordinates="896,3278,1218,142" index="22" style="position:fixed;left:12.789037967456466%;top:66.18211185140319%;height:2.866949323642237%;width:17.385098487011135%;" type="para">Provide trade testing as required</div></box><box><div coordinates="746,3299,87,88" index="23" style="position:fixed;left:10.64801598629746%;top:66.60609731475873%;height:1.7767009892994143%;width:1.2417927490722238%;" type="para" /></box><box><div coordinates="893,3425,2652,150" index="24" style="position:fixed;left:12.746217527833286%;top:69.150010094892%;height:3.0284675953967293%;width:37.853268626891236%;" type="para">Compliance reporting to investors per governing document requirements</div></box><box><div coordinates="743,3444,88,90" index="25" style="position:fixed;left:10.60519554667428%;top:69.5336159903089%;height:1.8170805572380373%;width:1.2560662289466171%;" type="para" /></box><box><div coordinates="890,3570,753,126" index="26" style="position:fixed;left:12.703397088210105%;top:72.07752877044216%;height:2.543912780133253%;width:10.747930345418213%;" type="para">Serve as Custodian</div></box><box><div coordinates="741,3593,89,88" index="27" style="position:fixed;left:10.576648586925492%;top:72.54189380173632%;height:1.7767009892994143%;width:1.2703397088210107%;" type="para" /></box><box><div coordinates="887,3716,1515,142" index="28" style="position:fixed;left:12.660576648586924%;top:75.02523722996163%;height:2.866949323642237%;width:21.624322009705963%;" type="para">Serve as Calculation Agent on the Notes</div></box><box><div coordinates="740,3737,87,90" index="29" style="position:fixed;left:10.562375107051098%;top:75.44922269331718%;height:1.8170805572380373%;width:1.2417927490722238%;" type="para" /></box><box><div coordinates="887,3866,1593,136" index="30" style="position:fixed;left:12.660576648586924%;top:78.05370482535837%;height:2.745810619826368%;width:22.73765343990865%;" type="para">Paying Agent: will utilize Bank of New York</div></box><box><div coordinates="737,3885,87,90" index="31" style="position:fixed;left:10.519554667427919%;top:78.43731072077529%;height:1.8170805572380373%;width:1.2417927490722238%;" type="para" /></box><box><div coordinates="882,4013,1649,136" index="32" style="position:fixed;left:12.589209249214958%;top:81.02160306884716%;height:2.745810619826368%;width:23.536968312874677%;" type="para">Transfer Agent: will utilize Bank of New York</div></box><box><div coordinates="735,4031,88,91" index="33" style="position:fixed;left:10.491007707679133%;top:81.38501918029478%;height:1.837270341207349%;width:1.2560662289466171%;" type="para" /></box><box><div coordinates="884,4158,1437,138" index="34" style="position:fixed;left:12.617756208963746%;top:83.94912174439733%;height:2.786190187764991%;width:20.510990579503282%;" type="para">Registrar: will utilize Bank of New York</div></box><box><div coordinates="734,4178,87,91" index="35" style="position:fixed;left:10.476734227804739%;top:84.35291742378357%;height:1.837270341207349%;width:1.2417927490722238%;" type="para" /></box><box><div coordinates="878,4305,1719,144" index="36" style="position:fixed;left:12.532115329717385%;top:86.91701998788614%;height:2.9073288915808604%;width:24.536111904082215%;" type="para">Will value loans based on NAC directed prices</div></box><box><div coordinates="731,4325,87,90" index="37" style="position:fixed;left:10.43391378818156%;top:87.32081566727236%;height:1.8170805572380373%;width:1.2417927490722238%;" type="para" /></box><box><div coordinates="572,4586,2409,141" index="38" style="position:fixed;left:8.16443048815301%;top:92.59034928326267%;height:2.8467595396729255%;width:34.38481301741365%;" type="para">Administration Services Offered (Corporate Secretarial Services):</div></box><box><div coordinates="878,4736,1779,144" index="39" style="position:fixed;left:12.532115329717385%;top:95.6188168786594%;height:2.9073288915808604%;width:25.392520696545816%;" type="para">Prepare 2 Board Packages annually as required</div></box><box><div coordinates="725,4755,90,87" index="40" style="position:fixed;left:10.348272908935199%;top:96.00242277407631%;height:1.756511205330103%;width:1.284613188695404%;" type="para" /></box><box><div coordinates="875,4881,777,126" index="41" style="position:fixed;left:12.489294890094204%;top:98.54633555420958%;height:2.543912780133253%;width:11.090493862403655%;" type="para">Provide VAT returns</div></box><box><div coordinates="725,4901,87,91" index="42" style="position:fixed;left:10.348272908935199%;top:98.9501312335958%;height:1.837270341207349%;width:1.2417927490722238%;" type="para" /></box><box><div coordinates="875,5028,1881,144" index="43" style="position:fixed;left:12.489294890094204%;top:101.51423379769837%;height:2.9073288915808604%;width:26.84841564373394%;" type="para">Financial Reporting as required by Irish regulations</div></box><box><div coordinates="722,5049,89,87" index="44" style="position:fixed;left:10.305452469312018%;top:101.9382192610539%;height:1.756511205330103%;width:1.2703397088210107%;" type="para" /></box><box><div coordinates="875,5175,831,137" index="45" style="position:fixed;left:12.489294890094204%;top:104.48213204118717%;height:2.766000403795679%;width:11.861261775620896%;" type="para">ISE filings as required</div></box><box><div coordinates="722,5196,87,87" index="46" style="position:fixed;left:10.305452469312018%;top:104.9061175045427%;height:1.756511205330103%;width:1.2417927490722238%;" type="para" /></box><box><div coordinates="867,5322,788,123" index="47" style="position:fixed;left:12.375107051099057%;top:107.45003028467595%;height:2.483343428225318%;width:11.24750214102198%;" type="para">Tax work: Form TR2</div></box><box><div coordinates="719,5340,87,89" index="48" style="position:fixed;left:10.262632029688838%;top:107.81344639612355%;height:1.796890773268726%;width:1.2417927490722238%;" type="para" /></box><box><div coordinates="869,5466,2439,150" index="49" style="position:fixed;left:12.403654010847845%;top:110.35735917625682%;height:3.0284675953967293%;width:34.81301741364545%;" type="para">Provide administrative assistance for UK Inland Revenue reporting</div></box><box><div coordinates="717,5487,89,87" index="50" style="position:fixed;left:10.234085069940052%;top:110.78134463961236%;height:1.756511205330103%;width:1.2703397088210107%;" type="para" /></box><box><div coordinates="563,5748,3600,243" index="51" style="position:fixed;left:8.035969169283472%;top:116.05087825560267%;height:4.906117504542702%;width:51.38452754781616%;" type="para">It is understood that Mercator CL.O lll Limited Share Trustee will be provided by Matheson Ormsby
Prentice Lawyers in Dublin. The annexed cost will be addressed under a separate fee agreement.</div></box></Blocks></page><page num="4" src="img/Bi2i_0967/Bi2i_0967-03.jpg" txt_src="img/Bi2i_0967/Bi2i_0967-03.txt"><Blocks><box><div coordinates="626,533,762,171" index="0" style="position:fixed;left:8.935198401370254%;top:10.761154855643044%;height:3.4524530587522717%;width:10.876391664287754%;" type="para">State Street</div></box><box><div coordinates="1395,536,1802,210" index="1" style="position:fixed;left:19.911504424778762%;top:10.82172420755098%;height:4.239854633555421%;width:25.72081073365687%;" type="para" /></box><box><div coordinates="729,1109,701,129" index="2" style="position:fixed;left:10.405366828432772%;top:22.390470421966484%;height:2.604482132041187%;width:10.005709391949758%;" type="para">Section ll. Fees</div></box><box><div coordinates="606,1310,3308,162" index="3" style="position:fixed;left:8.649728803882386%;top:26.4486169997981%;height:3.2707450030284675%;width:47.21667142449329%;" type="para">A. Accounting, CDO Compliance/Reporting, Tax, Custody and Financial Reporting</div></box><box><div coordinates="605,1457,3741,328" index="4" style="position:fixed;left:8.635455324007992%;top:29.416515243286895%;height:6.622249141934182%;width:53.39708821010562%;" type="para">For all the services detailed in Section Il, Mercator CLO Ili Limited will be charged an annual fee based
on the total collateral outstanding balance of the entity. This amount does not include transaction
processing fees or out-of-pocket expenses.</div></box><box><div coordinates="2363,1793,693,127" index="5" style="position:fixed;left:33.72823294319155%;top:36.20028265697557%;height:2.564102564102564%;width:9.891521552954611%;" type="para">Euro Annual Fee</div></box><box><div coordinates="900,1928,1019,142" index="6" style="position:fixed;left:12.84613188695404%;top:38.925903492832624%;height:2.866949323642237%;width:14.54467599200685%;" type="para">Total collateral outstanding</div></box><box><div coordinates="2402,1937,213,120" index="7" style="position:fixed;left:34.28489865829289%;top:39.107611548556434%;height:2.4227740763173835%;width:3.0402512132457895%;" type="para" /></box><box><div coordinates="2654,1940,534,123" index="8" style="position:fixed;left:37.88181558664002%;top:39.168180900464364%;height:2.483343428225318%;width:7.622038252926064%;" type="para">Basis Points</div></box><box><div coordinates="599,2069,2160,151" index="9" style="position:fixed;left:8.549814444761633%;top:41.772663032505555%;height:3.0486573793660408%;width:30.830716528689695%;" type="para">A one time acceptance fee of 15K USD payable at closing.</div></box><box><div coordinates="602,2253,2568,153" index="10" style="position:fixed;left:8.592634884384813%;top:45.48758328285887%;height:3.0890369473046637%;width:36.65429631744219%;" type="para">Monthly charge of 6,500.00 USD during warehouse payable at closing</div></box><box><div coordinates="608,2441,2058,142" index="11" style="position:fixed;left:8.678275763631174%;top:49.28326266908944%;height:2.866949323642237%;width:29.37482158150157%;" type="para">10,000.00 Euro annual charge for role of Share Trustee.</div></box><box><div coordinates="594,2622,3841,237" index="12" style="position:fixed;left:8.478447045389666%;top:52.937613567534825%;height:4.784978800726832%;width:54.824436197544955%;" type="para">*All transaction charges listed below in Section B will be waived during the warehouse period, leaving just
the flat $6,500.00 monthly charge as noted above for that timeframe.</div></box><box><div coordinates="590,2903,3768,322" index="13" style="position:fixed;left:8.421353125892091%;top:58.610942862911365%;height:6.501110438118313%;width:53.78247216671424%;" type="para">Legal fees during pre-closing period will be 25K USD, payable at closing, based on the assumption that
document variations between Mercator CLO I PLC and Mercator CLO Ill Limited, from a legal review
perspective, will be minimal.</div></box><box><div coordinates="587,3341,1352,151" index="14" style="position:fixed;left:8.378532686268912%;top:67.45406824146981%;height:3.0486573793660408%;width:19.297744790179845%;" type="para">B. Transaction Processing Costs</div></box><box><div coordinates="581,3491,3804,312" index="15" style="position:fixed;left:8.292891807022553%;top:70.48253583686655%;height:6.299212598425196%;width:54.29631744219241%;" type="para">For less than 30 transactions, the vehicle will bear no transaction processing costs. If more than 30

transactions occur in the month of reference, the following fee would apply for each transaction over and
above the 30" (excluded);</div></box><box><div coordinates="581,3818,975,133" index="16" style="position:fixed;left:8.292891807022553%;top:77.08459519483142%;height:2.685241267918433%;width:13.916642877533542%;" type="para">Non-USD Transactions</div></box><box><div coordinates="875,3977,1223,519" index="17" style="position:fixed;left:12.489294890094204%;top:80.29477084595194%;height:10.478497880072684%;width:17.4564658863831%;" type="para">Loan Purchases &amp; Sales:

Loan Paydowns:

Inter-company loan transactions:
Non-US$ Payments &amp; Receipts:
FX Transactions (non-IBT):</div></box><box><div coordinates="2403,3986,305,517" index="18" style="position:fixed;left:34.299172138167286%;top:80.47647890167575%;height:10.43811831213406%;width:4.3534113616899806%;" type="para">&#8364;10.00
&#8364;4.00
&#8364;7.50
&#8364;15.00
&#8364;25.00</div></box><box><div coordinates="726,3995,89,91" index="19" style="position:fixed;left:10.362546388809593%;top:80.65818695739956%;height:1.837270341207349%;width:1.2703397088210107%;" type="para" /></box><box><div coordinates="725,4094,88,90" index="20" style="position:fixed;left:10.348272908935199%;top:82.6569755703614%;height:1.8170805572380373%;width:1.2560662289466171%;" type="para" /></box><box><div coordinates="725,4193,87,90" index="21" style="position:fixed;left:10.348272908935199%;top:84.65576418332323%;height:1.8170805572380373%;width:1.2417927490722238%;" type="para" /></box><box><div coordinates="722,4290,87,90" index="22" style="position:fixed;left:10.305452469312018%;top:86.61417322834646%;height:1.8170805572380373%;width:1.2417927490722238%;" type="para" /></box><box><div coordinates="722,4388,87,91" index="23" style="position:fixed;left:10.305452469312018%;top:88.59277205733899%;height:1.837270341207349%;width:1.2417927490722238%;" type="para" /></box><box><div coordinates="576,4511,848,130" index="24" style="position:fixed;left:8.221524407650586%;top:91.0761154855643%;height:2.6246719160104988%;width:12.103910933485585%;" type="para">USD Transactions&#8482;*</div></box><box><div coordinates="863,4667,1038,627" index="25" style="position:fixed;left:12.318013131601484%;top:94.22572178477691%;height:12.65899454875833%;width:14.815872109620326%;" type="para">DTCC/Fed Book Entry
Options/Futures/SWAPS
GNMA Securities
Mortgage Paydowns
Incoming &amp; Qutgoing Wires
Expense Checks:</div></box><box><div coordinates="2372,4676,303,616" index="26" style="position:fixed;left:33.85669426206109%;top:94.40742984050071%;height:12.4369069250959%;width:4.324864401941193%;" type="para">$9.00
$18.00
$35.00
$56.00
$5.00
$5.00</div></box><box><div coordinates="717,4686,89,90" index="27" style="position:fixed;left:10.234085069940052%;top:94.60932768019383%;height:1.8170805572380373%;width:1.2703397088210107%;" type="para" /></box><box><div coordinates="716,4784,87,90" index="28" style="position:fixed;left:10.219811590065659%;top:96.58792650918635%;height:1.8170805572380373%;width:1.2417927490722238%;" type="para" /></box><box><div coordinates="716,4883,87,88" index="29" style="position:fixed;left:10.219811590065659%;top:98.58671512214819%;height:1.7767009892994143%;width:1.2417927490722238%;" type="para" /></box><box><div coordinates="713,4980,87,90" index="30" style="position:fixed;left:10.176991150442479%;top:100.54512416717141%;height:1.8170805572380373%;width:1.2417927490722238%;" type="para" /></box><box><div coordinates="713,5079,87,90" index="31" style="position:fixed;left:10.176991150442479%;top:102.54391278013327%;height:1.8170805572380373%;width:1.2417927490722238%;" type="para" /></box><box><div coordinates="711,5178,88,90" index="32" style="position:fixed;left:10.148444190693692%;top:104.5427013930951%;height:1.8170805572380373%;width:1.2560662289466171%;" type="para" /></box><box><div coordinates="563,5343,3321,155" index="33" style="position:fixed;left:8.035969169283472%;top:107.87401574803151%;height:3.129416515243287%;width:47.4022266628604%;" type="para">US Dollar costs will be calculated in US Dollars, but converted to Euros for billing purposes</div></box><box><div coordinates="557,5526,2621,149" index="34" style="position:fixed;left:7.950328290037111%;top:111.5687462144155%;height:3.008277811427418%;width:37.41079075078504%;" type="para">There are no transaction charges for using State Street's Repo Product</div></box><box><div coordinates="554,5712,2981,144" index="35" style="position:fixed;left:7.90750785041393%;top:115.32404603270746%;height:2.9073288915808604%;width:42.54924350556666%;" type="para">There are no transaction charges for FX transactions conducted with State Street</div></box><box><div coordinates="551,5898,3029,150" index="36" style="position:fixed;left:7.864687410790751%;top:119.0793458509994%;height:3.0284675953967293%;width:43.23437053953754%;" type="para">The 25 Euro transaction charge for forwards also includes the spot settlement cost</div></box></Blocks></page><page num="5" src="img/Bi2i_0967/Bi2i_0967-04.jpg" txt_src="img/Bi2i_0967/Bi2i_0967-04.txt"><Blocks><box><div coordinates="623,530,1764,201" index="0" style="position:fixed;left:8.892377961747073%;top:10.70058550373511%;height:4.058146577831617%;width:25.178418498429917%;" type="para">State Street Bank and Trust</div></box><box><div coordinates="2390,539,801,204" index="1" style="position:fixed;left:34.11361689980017%;top:10.882293559458914%;height:4.118715929739552%;width:11.433057379389094%;" type="para" /></box><box><div coordinates="3422,677,66,66" index="2" style="position:fixed;left:48.84384813017414%;top:13.668483747223906%;height:1.3325257419745609%;width:0.9420496717099628%;" type="para">avmarn</div></box><box><div coordinates="683,1142,1170,132" index="3" style="position:fixed;left:9.748786754210677%;top:23.056733292953766%;height:2.6650514839491217%;width:16.699971453040252%;" type="para">Section ll. Fees Continued</div></box><box><div coordinates="611,1400,3681,636" index="4" style="position:fixed;left:8.721096203254355%;top:28.26569755703614%;height:12.840702604482132%;width:52.540679417642025%;" type="para">For the purpose of clarity:

&#187;

* &#169; &amp; &#187;

A wire received for a sale is not charged the $5.00 fee

The sale itself, when recorded on the books and records of the entity, is charged 10.00 Euros
An outgoing wire, when associated with a purchase, is not charged the $5.00 fee

The purchase, when recorded on the books and records of the entity, is charged 10.00 Euros
No wire charge will be assessed for interest payments received</div></box><box><div coordinates="753,1616,86,87" index="5" style="position:fixed;left:10.747930345418213%;top:32.62669089440743%;height:1.756511205330103%;width:1.2275192691978303%;" type="para" /></box><box><div coordinates="752,1715,87,87" index="6" style="position:fixed;left:10.73365686554382%;top:34.62547950736927%;height:1.756511205330103%;width:1.2417927490722238%;" type="para" /></box><box><div coordinates="752,1812,87,89" index="7" style="position:fixed;left:10.73365686554382%;top:36.58388855239249%;height:1.796890773268726%;width:1.2417927490722238%;" type="para" /></box><box><div coordinates="752,1911,86,89" index="8" style="position:fixed;left:10.73365686554382%;top:38.582677165354326%;height:1.796890773268726%;width:1.2275192691978303%;" type="para" /></box><box><div coordinates="599,2126,3777,238" index="9" style="position:fixed;left:8.549814444761633%;top:42.92348071875631%;height:4.805168584696143%;width:53.91093348558379%;" type="para">The charge for loan administration/tracking services for which IBT is not the Custodian is included in the
annual 4.75 bps fee above. These loan assets will be subject to the following Transaction Costs:</div></box><box><div coordinates="896,2367,1020,125" index="10" style="position:fixed;left:12.789037967456466%;top:47.789218655360386%;height:2.523722996163941%;width:14.558949471881244%;" type="para">[.oan Purchases and Sales</div></box><box><div coordinates="2349,2372,260,123" index="11" style="position:fixed;left:33.528404224950044%;top:47.890167575206945%;height:2.483343428225318%;width:3.711104767342278%;" type="para">&#8364;5.00</div></box><box><div coordinates="746,2387,87,90" index="12" style="position:fixed;left:10.64801598629746%;top:48.19301433474662%;height:1.8170805572380373%;width:1.2417927490722238%;" type="para" /></box><box><div coordinates="895,2514,628,138" index="13" style="position:fixed;left:12.774764487582072%;top:50.75711689884918%;height:2.786190187764991%;width:8.963745361119042%;" type="para">Loan Paydowns</div></box><box><div coordinates="2348,2519,259,124" index="14" style="position:fixed;left:33.51413074507565%;top:50.85806581869574%;height:2.5035332121946294%;width:3.6968312874678846%;" type="para">&#8364;2.50</div></box><box><div coordinates="746,2534,87,90" index="15" style="position:fixed;left:10.64801598629746%;top:51.16091257823542%;height:1.8170805572380373%;width:1.2417927490722238%;" type="para" /></box><box><div coordinates="600,2805,1256,146" index="16" style="position:fixed;left:8.564087924636027%;top:56.632344033918834%;height:2.9477084595194833%;width:17.927490722238083%;" type="para">C. Foreign Subcustodian Fees</div></box><box><div coordinates="887,2961,3431,423" index="17" style="position:fixed;left:12.660576648586924%;top:59.78195033313144%;height:8.540278619018776%;width:48.97230944904368%;" type="para">Incremental basis point and transaction fees will be charged for all foreign assets for which we
are custodian. Asset based fees and transaction fees vary by country, based upon a global
custody fee schedule (please see attached Section 1V). Local duties, script fees, reclaims,
registration, exchange fees, and other market charges are out-of-pocket.</div></box><box><div coordinates="742,2981,87,88" index="18" style="position:fixed;left:10.590922066799886%;top:60.18574601251767%;height:1.7767009892994143%;width:1.2417927490722238%;" type="para" /></box><box><div coordinates="884,3386,3534,138" index="19" style="position:fixed;left:12.617756208963746%;top:68.36260852008883%;height:2.786190187764991%;width:50.442477876106196%;" type="para">State Street will require the fund to hold all international assets at the subcustodian of our choice.</div></box><box><div coordinates="737,3407,87,88" index="20" style="position:fixed;left:10.519554667427919%;top:68.78659398344438%;height:1.7767009892994143%;width:1.2417927490722238%;" type="para" /></box><box><div coordinates="587,3677,812,144" index="21" style="position:fixed;left:8.378532686268912%;top:74.23783565515849%;height:2.9073288915808604%;width:11.590065658007422%;" type="para">DD. Other Expenses</div></box><box><div coordinates="867,3833,2281,1218" index="22" style="position:fixed;left:12.375107051099057%;top:77.38744195437108%;height:24.591156874621444%;width:32.5578075934913%;" type="para">Legal Expenses (relating to contract review)
Printing, Delivery &amp; Postage

Extraordinary Travel Expenses

Financial Report Modification after initially agreed upon layout
Printing of Financial Reports (if use financial printer)
Pricing Services

Customized Reporting/Transmissions/Extracts
Local Jurisdiction Filing Fees

Edgar Filings

Board Book Production

Third Party Review

38A-1 Support</div></box><box><div coordinates="731,3851,87,91" index="23" style="position:fixed;left:10.43391378818156%;top:77.75085806581869%;height:1.837270341207349%;width:1.2417927490722238%;" type="para" /></box><box><div coordinates="731,3950,87,88" index="24" style="position:fixed;left:10.43391378818156%;top:79.74964667878054%;height:1.7767009892994143%;width:1.2417927490722238%;" type="para" /></box><box><div coordinates="731,4049,86,88" index="25" style="position:fixed;left:10.43391378818156%;top:81.74843529174238%;height:1.7767009892994143%;width:1.2275192691978303%;" type="para" /></box><box><div coordinates="728,4146,87,90" index="26" style="position:fixed;left:10.391093348558378%;top:83.7068443367656%;height:1.8170805572380373%;width:1.2417927490722238%;" type="para" /></box><box><div coordinates="728,4247,87,88" index="27" style="position:fixed;left:10.391093348558378%;top:85.74601251766606%;height:1.7767009892994143%;width:1.2417927490722238%;" type="para" /></box><box><div coordinates="728,4344,87,90" index="28" style="position:fixed;left:10.391093348558378%;top:87.70442156268928%;height:1.8170805572380373%;width:1.2417927490722238%;" type="para" /></box><box><div coordinates="726,4443,86,90" index="29" style="position:fixed;left:10.362546388809593%;top:89.70321017565112%;height:1.8170805572380373%;width:1.2275192691978303%;" type="para" /></box><box><div coordinates="725,4542,87,90" index="30" style="position:fixed;left:10.348272908935199%;top:91.70199878861295%;height:1.8170805572380373%;width:1.2417927490722238%;" type="para" /></box><box><div coordinates="725,4641,87,90" index="31" style="position:fixed;left:10.348272908935199%;top:93.7007874015748%;height:1.8170805572380373%;width:1.2417927490722238%;" type="para" /></box><box><div coordinates="723,4739,86,88" index="32" style="position:fixed;left:10.319725949186411%;top:95.67938623056733%;height:1.7767009892994143%;width:1.2275192691978303%;" type="para" /></box><box><div coordinates="722,4836,87,90" index="33" style="position:fixed;left:10.305452469312018%;top:97.63779527559055%;height:1.8170805572380373%;width:1.2417927490722238%;" type="para" /></box><box><div coordinates="722,4934,87,88" index="34" style="position:fixed;left:10.305452469312018%;top:99.61639410458308%;height:1.7767009892994143%;width:1.2417927490722238%;" type="para" /></box><box><div coordinates="570,5193,3832,335" index="35" style="position:fixed;left:8.135883528404225%;top:104.84554815263476%;height:6.763577629719363%;width:54.69597487867542%;" type="para">* Except for legal fees incurred by State Street in its pursuit to perform the duties outlined either herein or
the duties defined in any contract relating to the Mercator CLO Ill Limited to which State Street is a party
thereto, all expenses listed above will be pre-approved by New Amsterdam Capital.</div></box><box><div coordinates="569,5673,923,144" index="36" style="position:fixed;left:8.121610048529831%;top:114.5366444579043%;height:2.9073288915808604%;width:13.174421924065088%;" type="para">E. Cash Management</div></box><box><div coordinates="566,5820,1956,141" index="37" style="position:fixed;left:8.078789608906652%;top:117.5045427013931%;height:2.8467595396729255%;width:27.918926634313447%;" type="para">Same provisions as applied to NAC-European Credit</div></box></Blocks></page><page num="6" src="img/Bi2i_0967/Bi2i_0967-05.jpg" txt_src="img/Bi2i_0967/Bi2i_0967-05.txt"><Blocks><box><div coordinates="638,533,756,171" index="0" style="position:fixed;left:9.106480159862974%;top:10.761154855643044%;height:3.4524530587522717%;width:10.790750785041393%;" type="para">State Street</div></box><box><div coordinates="1403,537,1803,206" index="1" style="position:fixed;left:20.02569226377391%;top:10.841913991520292%;height:4.159095497678175%;width:25.735084213531255%;" type="para" /></box><box><div coordinates="698,1142,1167,135" index="2" style="position:fixed;left:9.962888952326578%;top:23.056733292953766%;height:2.725620835857056%;width:16.65715101341707%;" type="para">Section ll. Fees Continued</div></box><box><div coordinates="623,1310,494,144" index="3" style="position:fixed;left:8.892377961747073%;top:26.4486169997981%;height:2.9073288915808604%;width:7.051099057950329%;" type="para">F. Systems</div></box><box><div coordinates="617,1457,3837,528" index="4" style="position:fixed;left:8.806737082500714%;top:29.416515243286895%;height:10.660205935796487%;width:54.767342278047394%;" type="para">The details of any systems work, including customized reporting packages will be determined after a
thorough business analysis. State Street provides an allowance of 10 systems hours for data extract set
up. Additional systems hours will be billed on a time and materials basis. Requests for customized
reporting packages will be subject to an annual maintenance fee of 33% of the original systems
development work. Any additional systems costs need to be approved by the client before work will begin.</div></box><box><div coordinates="620,2063,1233,144" index="5" style="position:fixed;left:8.849557522123893%;top:41.65152432868968%;height:2.9073288915808604%;width:17.599200685127034%;" type="para">G. Assumptions to Quotations</div></box><box><div coordinates="890,2219,3468,1008" index="6" style="position:fixed;left:12.703397088210105%;top:44.80113062790228%;height:20.351302241066023%;width:49.50042820439623%;" type="para">This fee schedule is valid for 60 days from date of issue,

This fee schedule is based on the assumptions described in Section | herein. Any significant
amendments therewith may result in a revision of this schedule.

This fee schedule is confidential information exchanged between State Street and its affiliates
and New Amsterdam Capital and shall not be disclosed to any third party without prior written
consent.

This fee schedule assumes billing consistent with the priority of payments detailed in the
governing documents of Mercator CLO Ill Limited.

Any additional services provided by State Street and its affiliates not specifically outlined herein
will be charged separately to those provided for in this quotation</div></box><box><div coordinates="758,2240,86,87" index="7" style="position:fixed;left:10.81929774479018%;top:45.225116091257824%;height:1.756511205330103%;width:1.2275192691978303%;" type="para" /></box><box><div coordinates="756,2337,86,90" index="8" style="position:fixed;left:10.790750785041393%;top:47.18352513628104%;height:1.8170805572380373%;width:1.2275192691978303%;" type="para" /></box><box><div coordinates="755,2528,84,90" index="9" style="position:fixed;left:10.776477305166999%;top:51.039773874419545%;height:1.8170805572380373%;width:1.1989723094490436%;" type="para" /></box><box><div coordinates="750,2813,87,88" index="10" style="position:fixed;left:10.705109905795032%;top:56.79386230567333%;height:1.7767009892994143%;width:1.2417927490722238%;" type="para" /></box><box><div coordinates="749,3003,86,89" index="11" style="position:fixed;left:10.69083642592064%;top:60.629921259842526%;height:1.796890773268726%;width:1.2275192691978303%;" type="para" /></box></Blocks></page><page num="7" src="img/Bi2i_0967/Bi2i_0967-06.jpg" txt_src="img/Bi2i_0967/Bi2i_0967-06.txt"><Blocks><box><div coordinates="629,569,759,168" index="0" style="position:fixed;left:8.978018840993435%;top:11.48798707853826%;height:3.391883706844337%;width:10.833571224664574%;" type="para">State Street</div></box><box><div coordinates="1391,570,1809,203" index="1" style="position:fixed;left:19.854410505281187%;top:11.508176862507572%;height:4.098526145770241%;width:25.820725092777618%;" type="para" /></box><box><div coordinates="669,1157,986,144" index="2" style="position:fixed;left:9.54895803596917%;top:23.35958005249344%;height:2.9073288915808604%;width:14.07365115615187%;" type="para">Section lll. Signatures</div></box><box><div coordinates="2951,1320,1575,692" index="3" style="position:fixed;left:42.12103910933486%;top:26.65051483949122%;height:13.971330506763577%;width:22.480730802169568%;" type="para">Accepted and Approved

weir im</div></box><box><div coordinates="2279,1331,588,369" index="4" style="position:fixed;left:32.52926063374251%;top:26.872602463153644%;height:7.450030284675954%;width:8.392806166143306%;" type="para" /></box><box><div coordinates="1194,1506,1061,137" index="5" style="position:fixed;left:17.04253497002569%;top:30.40581465778316%;height:2.766000403795679%;width:15.144162146731373%;" type="para">Accepted and Approved By:</div></box><box><div coordinates="1196,1791,288,119" index="6" style="position:fixed;left:17.07108192977448%;top:36.15990308903695%;height:2.4025842923480716%;width:4.110762203825293%;" type="para">Name:</div></box><box><div coordinates="2954,1793,426,180" index="7" style="position:fixed;left:42.16385954895804%;top:36.20028265697557%;height:3.6341611144760746%;width:6.080502426491579%;" type="para">Name: /&#8221;_</div></box><box><div coordinates="1868,1829,732,174" index="8" style="position:fixed;left:26.66286040536683%;top:36.927114879870786%;height:3.513022410660206%;width:10.448187268055952%;" type="para">Roddy Stafford</div></box><box><div coordinates="4217,2012,576,186" index="9" style="position:fixed;left:60.19126463031688%;top:40.621845346254794%;height:3.755299818291944%;width:8.221524407650586%;" type="para">rts
Cho tif</div></box><box><div coordinates="2034,2033,395,138" index="10" style="position:fixed;left:29.03225806451613%;top:41.04583080961034%;height:2.786190187764991%;width:5.638024550385383%;" type="para">Director</div></box><box><div coordinates="3446,2052,876,287" index="11" style="position:fixed;left:49.18641164715958%;top:41.42943670502726%;height:5.794467999192408%;width:12.503568369968598%;" type="para">MEL cAwR  C</div></box><box><div coordinates="1194,2069,422,138" index="12" style="position:fixed;left:17.04253497002569%;top:41.772663032505555%;height:2.786190187764991%;width:6.023408506994006%;" type="para">Company:</div></box><box><div coordinates="2951,2072,420,138" index="13" style="position:fixed;left:42.12103910933486%;top:41.833232384413485%;height:2.786190187764991%;width:5.994861547245218%;" type="para">Company;</div></box><box><div coordinates="1616,2189,677,150" index="14" style="position:fixed;left:23.065943477019697%;top:44.19543710882294%;height:3.0284675953967293%;width:9.663145874964316%;" type="para">MERCATOR</div></box><box><div coordinates="2309,2231,378,129" index="15" style="position:fixed;left:32.95746502997431%;top:45.04340803553402%;height:2.604482132041187%;width:5.395375392520696%;" type="para">CLL ii</div></box><box><div coordinates="2693,2247,228,123" index="16" style="position:fixed;left:38.43848130174136%;top:45.366444579043005%;height:2.483343428225318%;width:3.25435341136169%;" type="para">Load)</div></box><box><div coordinates="3314,2334,600,185" index="17" style="position:fixed;left:47.302312303739654%;top:47.122955784373104%;height:3.735110034322633%;width:8.564087924636027%;" type="para">DKgcoR</div></box><box><div coordinates="1191,2354,229,118" index="18" style="position:fixed;left:16.999714530402514%;top:47.52675146375934%;height:2.3823945083787605%;width:3.268626891236083%;" type="para">Title:</div></box><box><div coordinates="2949,2357,227,120" index="19" style="position:fixed;left:42.09249214958607%;top:47.58732081566727%;height:2.4227740763173835%;width:3.240079931487297%;" type="para">Title:</div></box><box><div coordinates="1193,2636,243,121" index="20" style="position:fixed;left:17.0282614901513%;top:53.22027054310519%;height:2.442963860286695%;width:3.4684556094775907%;" type="para">Date:</div></box><box><div coordinates="2951,2642,243,121" index="21" style="position:fixed;left:42.12103910933486%;top:53.34140924692106%;height:2.442963860286695%;width:3.4684556094775907%;" type="para">Date:</div></box></Blocks></page><page num="8" src="img/Bi2i_0967/Bi2i_0967-07.jpg" txt_src="img/Bi2i_0967/Bi2i_0967-07.txt"><Blocks><box><div coordinates="629,575,759,168" index="0" style="position:fixed;left:8.978018840993435%;top:11.609125782354129%;height:3.391883706844337%;width:10.833571224664574%;" type="para">State Street</div></box><box><div coordinates="1397,572,1806,207" index="1" style="position:fixed;left:19.94005138452755%;top:11.548556430446194%;height:4.179285281647487%;width:25.777904653154437%;" type="para" /></box><box><div coordinates="3938,713,66,66" index="2" style="position:fixed;left:56.20896374536112%;top:14.39531597011912%;height:1.3325257419745609%;width:0.9420496717099628%;" type="para">&#8212;</div></box><box><div coordinates="696,1184,1169,129" index="3" style="position:fixed;left:9.93434199257779%;top:23.90470421966485%;height:2.604482132041187%;width:16.68569797316586%;" type="para">Section il. Fees Continued</div></box><box><div coordinates="584,1349,1443,4671" index="4" style="position:fixed;left:8.335712246645732%;top:27.23601857460125%;height:94.30648092065414%;width:20.59663145874964%;" type="para">Country BPS
Argentina * 17.00
Australia 5.00
Austria 7.00
Bahrain 41,00
Bangladesh 41.00
Belgium 7.00
Bermuda 20.00
Botswana 50.00
Brazil ** 29.00
Bulgaria 40.00
Canada 5.00
Clearstream 5.00
Chile &#8482; 45.00
China 20.00
Colombia *** 45.00
Croatia 45.00
Cyprus 50.00
Czech Republic 170
Denmark 5.00
Ecuador 45.00
Egypt 41.00
Estonia 30.00
Euroclear 5.00
Finland 7.00
France 5.00
Germany 5.00
Ghana 50.00

Greece - Equity Fund***

Per Trade
5.00
$60.00
$60.00
$140.00
$150.00
$60.00
$100.00
$175.00
$80.00
$100.00
$30.00
$20.00
$100.00
$75.00
$140.00
$125.00
$150.00
$75.00
$60.00
$100.00
$100.00
$125.00
$20.00
$70.00
$60.00
$30.00
$200.00

Greece - Fixed Income Fund ****

Hong Kong 10.00 $65.00
Hungary 25.00 $100.00
India 40.00 $600.00
Indonesia 13.00 $65.00
ireland 7.00 $60.00
Israel 20.00 $60.00
Italy 5.00 $50.00
Japan 5.00 $30.00
Jordan 41.00 $120.00
Kazakhstan&#8482;**** 45.00 $150.00
Kenya 50.00 $200.00
Korea 13.00 $65.00
Latvia 30.00 $125.00
Lebanon 41.00 $140.00
Lithuania 20.00 $75.00
Luxembourg 7.00 $60.00
Malaysia 10.00 $70.00
Mauritius 41.00 $140.00
Mexico 10.00 $40.00
Morocco 40.00 $150.00

20.00</div></box><box><div coordinates="2063,3947,633,222" index="5" style="position:fixed;left:29.44618898087354%;top:79.6890773268726%;height:4.482132041187159%;width:9.035112760491009%;" type="para">$100.00
15.00 $100.00</div></box></Blocks></page><page num="9" src="img/Bi2i_0967/Bi2i_0967-08.jpg" txt_src="img/Bi2i_0967/Bi2i_0967-08.txt"><Blocks><box><div coordinates="629,575,752,168" index="0" style="position:fixed;left:8.978018840993435%;top:11.609125782354129%;height:3.391883706844337%;width:10.73365686554382%;" type="para">State Street</div></box><box><div coordinates="1388,575,1811,201" index="1" style="position:fixed;left:19.81159006565801%;top:11.609125782354129%;height:4.058146577831617%;width:25.849272052526405%;" type="para" /></box><box><div coordinates="695,1181,1166,129" index="2" style="position:fixed;left:9.920068512703399%;top:23.844134867756914%;height:2.604482132041187%;width:16.642877533542677%;" type="para">Section li. Fees Continued</div></box><box><div coordinates="587,1343,1410,2913" index="3" style="position:fixed;left:8.378532686268912%;top:27.11487987078538%;height:58.81284070260448%;width:20.12560662289466%;" type="para">Namibia
Netherlands
New Zealand
Norway
Oman
Pakistan
Peru
Philippines
Poland
Portugal
Romania

Russia - Equity **** 50.00 $250.00
Russia - Min Fins**** 35.00 $140.00

Singapore
Slovakia
Slovenia
South Africa
Spain

Sri L.anka
Swaziland
Sweden
Switzerland
Taiwan
Thailand

Uruguay
Venezuela **
Zambia
Zimbabwe

50.00
5.00

5.00

7.00

41.00
41.00
35.00
13.00
20.00
15.00
45.00

10.00
20.00
41.00
7.00
5.00
13.00
50.00
5.00
5.00
13.00
10.00
15.00
5.00
1.50
50.00
45.00
50.00
50.00

$200.00
$40.00
$60.00
$90.00
$140.00
$140.00
$100.00
$65.00
$100.00
$125.00
$125.00

$65.00
$75.00
$100.00
$40.00
$60.00
$65.00
$200.00
$40.00
$60.00
$65.00
$65.00
$100.00
$50.00
$10.00
$150.00
$140.00
$200.00
$175.00</div></box><box><div coordinates="584,4322,3393,807" index="4" style="position:fixed;left:8.335712246645732%;top:87.26024631536443%;height:16.293155663234405%;width:48.42991721381673%;" type="para">* Bonds billed at Face Value

** Local Administrator Fees passed through as actuals.

+ 20 BP Local Administration Charge on month end market value each month.
($400 minimum, $4,000 maximum per account)

**** The Designation as an Equity or Fixed Income Fund shall be determined
based on 50% or greater of fund Assets invested in Equity or

Fixed Income Securities,

re Transaction fees are charged for corporate actions. Depository fees are charged at actuals,
Euroclear charges apply to only approved continental European countries.</div></box><box><div coordinates="581,5169,3519,213" index="5" style="position:fixed;left:8.292891807022553%;top:104.3609933373713%;height:4.300423985463356%;width:50.228375677990286%;" type="para">Out-of Pocket Charges, including Euroclear Cross Border fees, are passed through as actuals in
all markets</div></box></Blocks></page><page num="10" src="img/Bi2i_0967/Bi2i_0967-09.jpg" txt_src="img/Bi2i_0967/Bi2i_0967-09.txt"><Blocks><box><div coordinates="629,569,759,168" index="0" style="position:fixed;left:8.978018840993435%;top:11.48798707853826%;height:3.391883706844337%;width:10.833571224664574%;" type="para">State Street</div></box><box><div coordinates="1391,570,1809,203" index="1" style="position:fixed;left:19.854410505281187%;top:11.508176862507572%;height:4.098526145770241%;width:25.820725092777618%;" type="para" /></box><box><div coordinates="669,1157,986,144" index="2" style="position:fixed;left:9.54895803596917%;top:23.35958005249344%;height:2.9073288915808604%;width:14.07365115615187%;" type="para">Section lll. Signatures</div></box><box><div coordinates="2951,1320,1575,692" index="3" style="position:fixed;left:42.12103910933486%;top:26.65051483949122%;height:13.971330506763577%;width:22.480730802169568%;" type="para">Accepted and Approved

weir im</div></box><box><div coordinates="2279,1331,588,369" index="4" style="position:fixed;left:32.52926063374251%;top:26.872602463153644%;height:7.450030284675954%;width:8.392806166143306%;" type="para" /></box><box><div coordinates="1194,1506,1061,137" index="5" style="position:fixed;left:17.04253497002569%;top:30.40581465778316%;height:2.766000403795679%;width:15.144162146731373%;" type="para">Accepted and Approved By:</div></box><box><div coordinates="1196,1791,288,119" index="6" style="position:fixed;left:17.07108192977448%;top:36.15990308903695%;height:2.4025842923480716%;width:4.110762203825293%;" type="para">Name:</div></box><box><div coordinates="2954,1793,426,180" index="7" style="position:fixed;left:42.16385954895804%;top:36.20028265697557%;height:3.6341611144760746%;width:6.080502426491579%;" type="para">Name: /&#8221;_</div></box><box><div coordinates="1868,1829,732,174" index="8" style="position:fixed;left:26.66286040536683%;top:36.927114879870786%;height:3.513022410660206%;width:10.448187268055952%;" type="para">Roddy Stafford</div></box><box><div coordinates="4217,2012,576,186" index="9" style="position:fixed;left:60.19126463031688%;top:40.621845346254794%;height:3.755299818291944%;width:8.221524407650586%;" type="para">rts
Cho tif</div></box><box><div coordinates="2034,2033,395,138" index="10" style="position:fixed;left:29.03225806451613%;top:41.04583080961034%;height:2.786190187764991%;width:5.638024550385383%;" type="para">Director</div></box><box><div coordinates="3446,2052,876,287" index="11" style="position:fixed;left:49.18641164715958%;top:41.42943670502726%;height:5.794467999192408%;width:12.503568369968598%;" type="para">MEL cAwR  C</div></box><box><div coordinates="1194,2069,422,138" index="12" style="position:fixed;left:17.04253497002569%;top:41.772663032505555%;height:2.786190187764991%;width:6.023408506994006%;" type="para">Company:</div></box><box><div coordinates="2951,2072,420,138" index="13" style="position:fixed;left:42.12103910933486%;top:41.833232384413485%;height:2.786190187764991%;width:5.994861547245218%;" type="para">Company;</div></box><box><div coordinates="1616,2189,677,150" index="14" style="position:fixed;left:23.065943477019697%;top:44.19543710882294%;height:3.0284675953967293%;width:9.663145874964316%;" type="para">MERCATOR</div></box><box><div coordinates="2309,2231,378,129" index="15" style="position:fixed;left:32.95746502997431%;top:45.04340803553402%;height:2.604482132041187%;width:5.395375392520696%;" type="para">CLL ii</div></box><box><div coordinates="2693,2247,228,123" index="16" style="position:fixed;left:38.43848130174136%;top:45.366444579043005%;height:2.483343428225318%;width:3.25435341136169%;" type="para">Load)</div></box><box><div coordinates="3314,2334,600,185" index="17" style="position:fixed;left:47.302312303739654%;top:47.122955784373104%;height:3.735110034322633%;width:8.564087924636027%;" type="para">DKgcoR</div></box><box><div coordinates="1191,2354,229,118" index="18" style="position:fixed;left:16.999714530402514%;top:47.52675146375934%;height:2.3823945083787605%;width:3.268626891236083%;" type="para">Title:</div></box><box><div coordinates="2949,2357,227,120" index="19" style="position:fixed;left:42.09249214958607%;top:47.58732081566727%;height:2.4227740763173835%;width:3.240079931487297%;" type="para">Title:</div></box><box><div coordinates="1193,2636,243,121" index="20" style="position:fixed;left:17.0282614901513%;top:53.22027054310519%;height:2.442963860286695%;width:3.4684556094775907%;" type="para">Date:</div></box><box><div coordinates="2951,2642,243,121" index="21" style="position:fixed;left:42.12103910933486%;top:53.34140924692106%;height:2.442963860286695%;width:3.4684556094775907%;" type="para">Date:</div></box></Blocks></page><page num="11" src="img/Bi2i_0967/Bi2i_0967-10.jpg" txt_src="img/Bi2i_0967/Bi2i_0967-10.txt"><Blocks><box><div coordinates="629,575,759,168" index="0" style="position:fixed;left:8.978018840993435%;top:11.609125782354129%;height:3.391883706844337%;width:10.833571224664574%;" type="para">State Street</div></box><box><div coordinates="1397,572,1806,207" index="1" style="position:fixed;left:19.94005138452755%;top:11.548556430446194%;height:4.179285281647487%;width:25.777904653154437%;" type="para" /></box><box><div coordinates="3938,713,66,66" index="2" style="position:fixed;left:56.20896374536112%;top:14.39531597011912%;height:1.3325257419745609%;width:0.9420496717099628%;" type="para">&#8212;</div></box><box><div coordinates="696,1184,1169,129" index="3" style="position:fixed;left:9.93434199257779%;top:23.90470421966485%;height:2.604482132041187%;width:16.68569797316586%;" type="para">Section il. Fees Continued</div></box><box><div coordinates="584,1349,1443,4671" index="4" style="position:fixed;left:8.335712246645732%;top:27.23601857460125%;height:94.30648092065414%;width:20.59663145874964%;" type="para">Country BPS
Argentina * 17.00
Australia 5.00
Austria 7.00
Bahrain 41,00
Bangladesh 41.00
Belgium 7.00
Bermuda 20.00
Botswana 50.00
Brazil ** 29.00
Bulgaria 40.00
Canada 5.00
Clearstream 5.00
Chile &#8482; 45.00
China 20.00
Colombia *** 45.00
Croatia 45.00
Cyprus 50.00
Czech Republic 170
Denmark 5.00
Ecuador 45.00
Egypt 41.00
Estonia 30.00
Euroclear 5.00
Finland 7.00
France 5.00
Germany 5.00
Ghana 50.00

Greece - Equity Fund***

Per Trade
5.00
$60.00
$60.00
$140.00
$150.00
$60.00
$100.00
$175.00
$80.00
$100.00
$30.00
$20.00
$100.00
$75.00
$140.00
$125.00
$150.00
$75.00
$60.00
$100.00
$100.00
$125.00
$20.00
$70.00
$60.00
$30.00
$200.00

Greece - Fixed Income Fund ****

Hong Kong 10.00 $65.00
Hungary 25.00 $100.00
India 40.00 $600.00
Indonesia 13.00 $65.00
ireland 7.00 $60.00
Israel 20.00 $60.00
Italy 5.00 $50.00
Japan 5.00 $30.00
Jordan 41.00 $120.00
Kazakhstan&#8482;**** 45.00 $150.00
Kenya 50.00 $200.00
Korea 13.00 $65.00
Latvia 30.00 $125.00
Lebanon 41.00 $140.00
Lithuania 20.00 $75.00
Luxembourg 7.00 $60.00
Malaysia 10.00 $70.00
Mauritius 41.00 $140.00
Mexico 10.00 $40.00
Morocco 40.00 $150.00

20.00</div></box><box><div coordinates="2063,3947,633,222" index="5" style="position:fixed;left:29.44618898087354%;top:79.6890773268726%;height:4.482132041187159%;width:9.035112760491009%;" type="para">$100.00
15.00 $100.00</div></box></Blocks></page><page num="12" src="img/Bi2i_0967/Bi2i_0967-11.jpg" txt_src="img/Bi2i_0967/Bi2i_0967-11.txt"><Blocks><box><div coordinates="629,575,752,168" index="0" style="position:fixed;left:8.978018840993435%;top:11.609125782354129%;height:3.391883706844337%;width:10.73365686554382%;" type="para">State Street</div></box><box><div coordinates="1388,575,1811,201" index="1" style="position:fixed;left:19.81159006565801%;top:11.609125782354129%;height:4.058146577831617%;width:25.849272052526405%;" type="para" /></box><box><div coordinates="695,1181,1166,129" index="2" style="position:fixed;left:9.920068512703399%;top:23.844134867756914%;height:2.604482132041187%;width:16.642877533542677%;" type="para">Section li. Fees Continued</div></box><box><div coordinates="587,1343,1410,2913" index="3" style="position:fixed;left:8.378532686268912%;top:27.11487987078538%;height:58.81284070260448%;width:20.12560662289466%;" type="para">Namibia
Netherlands
New Zealand
Norway
Oman
Pakistan
Peru
Philippines
Poland
Portugal
Romania

Russia - Equity **** 50.00 $250.00
Russia - Min Fins**** 35.00 $140.00

Singapore
Slovakia
Slovenia
South Africa
Spain

Sri L.anka
Swaziland
Sweden
Switzerland
Taiwan
Thailand

Uruguay
Venezuela **
Zambia
Zimbabwe

50.00
5.00

5.00

7.00

41.00
41.00
35.00
13.00
20.00
15.00
45.00

10.00
20.00
41.00
7.00
5.00
13.00
50.00
5.00
5.00
13.00
10.00
15.00
5.00
1.50
50.00
45.00
50.00
50.00

$200.00
$40.00
$60.00
$90.00
$140.00
$140.00
$100.00
$65.00
$100.00
$125.00
$125.00

$65.00
$75.00
$100.00
$40.00
$60.00
$65.00
$200.00
$40.00
$60.00
$65.00
$65.00
$100.00
$50.00
$10.00
$150.00
$140.00
$200.00
$175.00</div></box><box><div coordinates="584,4322,3393,807" index="4" style="position:fixed;left:8.335712246645732%;top:87.26024631536443%;height:16.293155663234405%;width:48.42991721381673%;" type="para">* Bonds billed at Face Value

** Local Administrator Fees passed through as actuals.

+ 20 BP Local Administration Charge on month end market value each month.
($400 minimum, $4,000 maximum per account)

**** The Designation as an Equity or Fixed Income Fund shall be determined
based on 50% or greater of fund Assets invested in Equity or

Fixed Income Securities,

re Transaction fees are charged for corporate actions. Depository fees are charged at actuals,
Euroclear charges apply to only approved continental European countries.</div></box><box><div coordinates="581,5169,3519,213" index="5" style="position:fixed;left:8.292891807022553%;top:104.3609933373713%;height:4.300423985463356%;width:50.228375677990286%;" type="para">Out-of Pocket Charges, including Euroclear Cross Border fees, are passed through as actuals in
all markets</div></box></Blocks></page></doc>