<doc doi="Bi2i_1005" name="/prcanalyt/test-pra1/inventory_module/InputProcessing/7E0/9ED/7E09EDB894716D6487FF5E3593859AE4760C322F.pdf"><page num="1" src="img/Bi2i_1005/Bi2i_1005-00.jpg" txt_src="img/Bi2i_1005/Bi2i_1005-00.txt"><Blocks><box><div coordinates="396,308,712,493" index="0" style="position:fixed;left:5.999091046811089%;top:6.03921568627451%;height:9.666666666666666%;width:10.786244508407817%;" type="para">STATE STREET</div></box><box><div coordinates="1329,802,2088,501" index="1" style="position:fixed;left:20.13331313437358%;top:15.725490196078432%;height:9.823529411764707%;width:31.631570974094835%;" type="para">STATE STREET BANK AND TRUST COMPANY
ANNUAL FEE SCHEDULE
FOR
MERCATOR ASSET MANAGEMENT LP</div></box><box><div coordinates="712,1328,3294,387" index="2" style="position:fixed;left:10.786244508407817%;top:26.03921568627451%;height:7.588235294117647%;width:49.901530071201336%;" type="para">Assumptions: Standard custody-only servicing for Mercator seed account. State Street &#171;
provide accounting, security pricing, tax, performance or participant recordkeeping servi
this time.</div></box><box><div coordinates="4084,1345,167,260" index="3" style="position:fixed;left:61.869413725193155%;top:26.372549019607845%;height:5.098039215686274%;width:2.5299197091349797%;" type="para">11] nc
S at</div></box><box><div coordinates="692,1556,121,121" index="4" style="position:fixed;left:10.483260112104228%;top:30.50980392156863%;height:2.372549019607843%;width:1.8330555976367218%;" type="para">th</div></box><box><div coordinates="547,1752,153,173" index="5" style="position:fixed;left:8.286623238903196%;top:34.35294117647059%;height:3.392156862745098%;width:2.317830631722466%;" type="para" /></box><box><div coordinates="838,1765,687,164" index="6" style="position:fixed;left:12.695046205120436%;top:34.6078431372549%;height:3.215686274509804%;width:10.40751401302833%;" type="para">CUSTODY ONLY</div></box><box><div coordinates="1009,1967,170,165" index="7" style="position:fixed;left:15.285562793516133%;top:38.568627450980394%;height:3.2352941176470593%;width:2.575367368580518%;" type="para" /></box><box><div coordinates="1462,1962,1349,300" index="8" style="position:fixed;left:22.148159369792456%;top:38.470588235294116%;height:5.88235294117647%;width:20.43629753067717%;" type="para">1.0 Basis Points per year (Group I)
5.0 Basis Points per year (Group II)</div></box><box><div coordinates="1329,2006,127,200" index="9" style="position:fixed;left:20.13331313437358%;top:39.33333333333333%;height:3.9215686274509802%;width:1.9239509165277988%;" type="para">&#174;@&#174;</div></box><box><div coordinates="992,2273,181,174" index="10" style="position:fixed;left:15.028026056658081%;top:44.568627450980394%;height:3.4117647058823533%;width:2.7420087865474927%;" type="para" /></box><box><div coordinates="1296,2275,2126,199" index="11" style="position:fixed;left:19.633388880472655%;top:44.6078431372549%;height:3.9019607843137254%;width:32.20724132707166%;" type="para">$1,000 per global portfolio maintenance fee, per month</div></box><box><div coordinates="1295,2486,1098,286" index="12" style="position:fixed;left:19.618239660657476%;top:48.745098039215684%;height:5.607843137254902%;width:16.63384335706711%;" type="para">$25.00 per trade (Group I)
$70.00 per trade (Group II)</div></box><box><div coordinates="986,2493,191,167" index="13" style="position:fixed;left:14.937130737767005%;top:48.88235294117647%;height:3.2745098039215685%;width:2.893500984699288%;" type="para" /></box><box><div coordinates="685,2914,3515,592" index="14" style="position:fixed;left:10.37721557339797%;top:57.13725490196079%;height:11.607843137254902%;width:53.24950765035601%;" type="para">Group I countries include, but not limited to: Australia, Austria, Belgium, Canada, CEDEL,
Denmark, Euroclear, France, Finland, Germany, Greece, Hong Kong, Indonesia, Ireland, Italy
Japan, Luxembourg, Malaysia, Mexico, Namibia, Netherlands, New Zealand, Norway,
Singapore, South Africa, South Korea, Spain, Sweden, Switzerland, Taiwan, Thailand, UK,
DTC, FED, MBS.</div></box><box><div coordinates="685,3543,3623,607" index="15" style="position:fixed;left:10.37721557339797%;top:69.47058823529412%;height:11.901960784313726%;width:54.8856233903954%;" type="para">Group II countries include, but not limited to: Argentina, Bangladesh, Bolivia, Brazil, China,
Czech Republic, Chile, Colombia, Cyprus, Egypt, Ecuador, Ghana, Hungary, India, Israel, Ivory
Coast, Jamaica, Jordan, Kenya, Mauritius, Morocco, Pakistan, Peru, Philippines, Poland,
Portugal, Russia, Slovak Republic, Sri Lanka, Trinidad &amp; Tobago, Tunisia, Turkey, Uruguay,
Venezuela, Zambia, Zimbabwe, Other Countries.</div></box><box><div coordinates="392,4184,1771,176" index="16" style="position:fixed;left:5.938494167550371%;top:82.03921568627452%;height:3.4509803921568625%;width:26.82926829268293%;" type="para">II. OTHER CHARGES (ONLY IF APPLICABLE)</div></box><box><div coordinates="1009,4394,2894,400" index="17" style="position:fixed;left:15.285562793516133%;top:86.15686274509804%;height:7.8431372549019605%;width:43.841842145129526%;" type="para">A. Stamp and Duty Registration
Expenses paid to a third party for stamp duty and registration will be
billed to the client.</div></box><box><div coordinates="990,4846,3325,414" index="18" style="position:fixed;left:14.997727617027723%;top:95.01960784313725%;height:8.117647058823529%;width:50.37115588547189%;" type="para">B. Foreign Exchange
A charge of $75.00 will be assessed for each foreign exchange executed through
a third party. Foreign Exchange through State Street - No Charge.</div></box><box><div coordinates="985,5395,3329,409" index="19" style="position:fixed;left:14.921981517951826%;top:105.7843137254902%;height:8.019607843137255%;width:50.43175276473262%;" type="para">C. Out-of-Pockets
Out-of-pockets such as wires at $10.00 each, courier, communication, and other
applicable miscellaneous charges are borne by the client.</div></box></Blocks></page><page num="2" src="img/Bi2i_1005/Bi2i_1005-01.jpg" txt_src="img/Bi2i_1005/Bi2i_1005-01.txt"><Blocks><box><div coordinates="402,421,554,507" index="0" style="position:fixed;left:6.089986365702167%;top:8.254901960784315%;height:9.941176470588236%;width:8.392667777609454%;" type="para" /></box><box><div coordinates="959,745,192,184" index="1" style="position:fixed;left:14.528101802757156%;top:14.607843137254903%;height:3.607843137254902%;width:2.9086502045144678%;" type="para" /></box><box><div coordinates="401,1163,3975,621" index="2" style="position:fixed;left:6.0748371458869865%;top:22.80392156862745%;height:12.176470588235293%;width:60.21814876533858%;" type="para">This schedule shall remain in effect for a minimum of one year from October 15,2010. After the
expiration of this fee schedule, State Street Bank and Trust Company may request to change fees upon 30
days written notice to the client. State Street Bank and Trust Company reserves the right to re-negotiate
fees should the client&#8217;s actual investment strategy or service requirement vary significantly from the
assumptions used to develop the fee quote.</div></box><box><div coordinates="693,1949,497,234" index="3" style="position:fixed;left:10.498409331919406%;top:38.2156862745098%;height:4.588235294117647%;width:7.529162248144221%;" type="para" /></box><box><div coordinates="1252,1986,139,192" index="4" style="position:fixed;left:18.966823208604758%;top:38.94117647058823%;height:3.7647058823529407%;width:2.105741554309953%;" type="para" /></box><box><div coordinates="1396,2020,308,163" index="5" style="position:fixed;left:21.14831086199061%;top:39.6078431372549%;height:3.1960784313725488%;width:4.665959703075292%;" type="para" /></box><box><div coordinates="2791,2088,1469,416" index="6" style="position:fixed;left:42.28147250416603%;top:40.94117647058824%;height:8.15686274509804%;width:22.254203908498713%;" type="para" /></box><box><div coordinates="396,2185,1582,212" index="7" style="position:fixed;left:5.999091046811089%;top:42.84313725490196%;height:4.156862745098039%;width:23.966065747614%;" type="para">re

ercator kmerg arke ners LLC</div></box><box><div coordinates="408,2408,1915,415" index="8" style="position:fixed;left:6.180881684593244%;top:47.21568627450981%;height:8.137254901960784%;width:29.010755946068777%;" type="para">Mamas a Member ish
Title / Date</div></box><box><div coordinates="3538,2494,330,209" index="9" style="position:fixed;left:53.59793970610514%;top:48.90196078431372%;height:4.098039215686274%;width:4.999242539009241%;" type="para">AT</div></box><box><div coordinates="4002,2518,189,146" index="10" style="position:fixed;left:60.62717770034843%;top:49.372549019607845%;height:2.8627450980392157%;width:2.863202545068929%;" type="para" /></box><box><div coordinates="4447,2526,131,137" index="11" style="position:fixed;left:67.36858051810331%;top:49.529411764705884%;height:2.686274509803922%;width:1.9845477957885167%;" type="para" /></box><box><div coordinates="2807,2539,725,286" index="12" style="position:fixed;left:42.52386002120891%;top:49.7843137254902%;height:5.607843137254902%;width:10.983184366005151%;" type="para">Title / Date</div></box><box><div coordinates="2214,6132,122,147" index="13" style="position:fixed;left:33.54037267080746%;top:120.23529411764706%;height:2.8823529411764706%;width:1.8482048174519012%;" type="para">Pa</div></box><box><div coordinates="3567,6152,220,128" index="14" style="position:fixed;left:54.037267080745345%;top:120.62745098039215%;height:2.5098039215686274%;width:3.332828359339494%;" type="para">Conf</div></box></Blocks></page></doc>