<doc doi="Bi2i_0972" name="/prcanalyt/test-pra1/inventory_module/InputProcessing/79C/DB0/79CDB0B3008BA7A07863D8B455AAB5586DBE2DC1.pdf"><page num="1" src="img/Bi2i_0972/Bi2i_0972-00.jpg" txt_src="img/Bi2i_0972/Bi2i_0972-00.txt"><Blocks><box><div coordinates="582,365,3892,332" index="0" style="position:fixed;left:8.816845932434479%;top:7.156862745098039%;height:6.509803921568627%;width:58.96076352067868%;" type="para">STATE STREET BANK AND TRUST COMPANY</div></box><box><div coordinates="510,712,3992,1857" index="1" style="position:fixed;left:7.726102105741554%;top:13.96078431372549%;height:36.411764705882355%;width:60.47568550219664%;" type="para">AMENDMENT TO
CONFIDENTIAL FEE SCHEDULE
RIDGEWORTH FUNDS
DATED AS OF MAY 30, 2014

   

DOMESTIC AND GLOBAL CUSTODY, FUND ACCOUNTING AND FUND ADMINISTRATION
SERVICES

   
     

Reference is made to that certain fee schedule dated as of November 1, 2013 (as amended, supplemented, restated or
otherwise modified from time to time, the &#8220;Fee Schedule&#8221;) for services (the &#8220;Services&#8221;) provided by State Street
Bank and Trust Company or its affiliates (&#8220;State Stree&#8217;) to the Funds pursuant to that certain (a) Master Custodian
Agreement dated as of August 30, 2010 by and between State Street and the Funds (the &#8220;Custody Agreement&#8221;), and
(b) Administration Agreement dated as of August 30, 2010 by and between State Street and the Funds (the
&#8220;Administration Agreement&#8217; and together with the Custody Agreement, the &#8220;Agreements,&#8221; all as may be amended,
supplemented, restated or otherwise modified from time to time). The parties hereto desire to amend the Fee
Schedule to add reference to the services described herein. Any capitalized term not defined herein shall have the
meaning assigned to such term in the Fee Schedule.</div></box><box><div coordinates="546,2631,4016,278" index="2" style="position:fixed;left:8.271474019088016%;top:51.588235294117645%;height:5.450980392156863%;width:60.83926677776095%;" type="para">Fund Administration Services</div></box><box><div coordinates="604,2875,898,262" index="3" style="position:fixed;left:9.150128768368429%;top:56.372549019607845%;height:5.137254901960785%;width:13.603999394031208%;" type="para">Section I of the Fee Sched
fund administration servic</div></box><box><div coordinates="1510,2883,392,166" index="4" style="position:fixed;left:22.87532192092107%;top:56.529411764705884%;height:3.2549019607843137%;width:5.938494167550371%;" type="para">ile titled &#8220;Fu</div></box><box><div coordinates="1918,2891,182,159" index="5" style="position:fixed;left:29.056203605514312%;top:56.68627450980392%;height:3.1176470588235294%;width:2.757158006362672%;" type="para">nd Ad</div></box><box><div coordinates="2924,2919,340,158" index="6" style="position:fixed;left:44.29631873958491%;top:57.235294117647065%;height:3.0980392156862746%;width:5.150734737161036%;" type="para">iereby ame</div></box><box><div coordinates="3898,2929,130,137" index="7" style="position:fixed;left:59.05165883956977%;top:57.43137254901961%;height:2.686274509803922%;width:1.9693985759733375%;" type="para">IWIT</div></box><box><div coordinates="4226,2939,122,125" index="8" style="position:fixed;left:64.02060293894864%;top:57.62745098039216%;height:2.450980392156863%;width:1.8482048174519012%;" type="para">:
)

for</div></box><box><div coordinates="598,3155,1547,377" index="9" style="position:fixed;left:9.059233449477352%;top:61.86274509803922%;height:7.392156862745098%;width:23.435843054082714%;" type="para">&#8220;OTHER FUND ADMINISTRATION SERVICES

 

STATE STREET PRONAVIGATOR $M</div></box><box><div coordinates="3024,3463,268,137" index="10" style="position:fixed;left:45.81124072110286%;top:67.90196078431373%;height:2.686274509803922%;width:4.059990910468111%;" type="para">PER PA</div></box><box><div coordinates="3334,3500,122,124" index="11" style="position:fixed;left:50.50749886380851%;top:68.62745098039215%;height:2.431372549019608%;width:1.8482048174519012%;" type="para">1a]</div></box><box><div coordinates="602,3526,270,166" index="12" style="position:fixed;left:9.11983032873807%;top:69.13725490196079%;height:3.2549019607843137%;width:4.0902893500984705%;" type="para">Prospe</div></box><box><div coordinates="956,3537,124,123" index="13" style="position:fixed;left:14.482654143311619%;top:69.35294117647058%;height:2.411764705882353%;width:1.8785032570822602%;" type="para">15%</div></box><box><div coordinates="930,3715,259,167" index="14" style="position:fixed;left:14.08877442811695%;top:72.84313725490196%;height:3.2745098039215685%;width:3.923647932131495%;" type="para">y Prospe</div></box><box><div coordinates="1282,3728,122,122" index="15" style="position:fixed;left:19.421299803060144%;top:73.09803921568627%;height:2.392156862745098%;width:1.8482048174519012%;" type="para">5%</div></box><box><div coordinates="688,3730,122,126" index="16" style="position:fixed;left:10.422663232843508%;top:73.13725490196077%;height:2.4705882352941173%;width:1.8482048174519012%;" type="para">Um</div></box><box><div coordinates="3153,3753,231,129" index="17" style="position:fixed;left:47.76549007726102%;top:73.58823529411764%;height:2.5294117647058822%;width:3.4994697773064685%;" type="para">$150</div></box><box><div coordinates="611,3999,121,121" index="18" style="position:fixed;left:9.256173307074686%;top:78.41176470588235%;height:2.372549019607843%;width:1.8330555976367218%;" type="para">*A</div></box><box><div coordinates="597,4172,249,355" index="19" style="position:fixed;left:9.044084229662172%;top:81.80392156862744%;height:6.96078431372549%;width:3.7721557339797%;" type="para">All cc
financ
Fund&#8217;</div></box><box><div coordinates="1166,4193,122,149" index="20" style="position:fixed;left:17.66399030449932%;top:82.2156862745098%;height:2.9215686274509807%;width:1.8482048174519012%;" type="para">ed</div></box><box><div coordinates="1576,4202,122,122" index="21" style="position:fixed;left:23.87517042872292%;top:82.3921568627451%;height:2.392156862745098%;width:1.8482048174519012%;" type="para">tra;</div></box><box><div coordinates="1752,4205,122,123" index="22" style="position:fixed;left:26.54143311619452%;top:82.45098039215686%;height:2.411764705882353%;width:1.8482048174519012%;" type="para">ferr</div></box><box><div coordinates="1898,4206,562,334" index="23" style="position:fixed;left:28.753219209210723%;top:82.47058823529412%;height:6.549019607843137%;width:8.51386153613089%;" type="para">ng summary pros
ity of the Fund. |
SEC, printing, m:</div></box><box><div coordinates="1025,4286,121,121" index="24" style="position:fixed;left:15.527950310559005%;top:84.0392156862745%;height:2.372549019607843%;width:1.8330555976367218%;" type="para">inte</div></box><box><div coordinates="900,4290,122,144" index="25" style="position:fixed;left:13.634297833661565%;top:84.11764705882354%;height:2.823529411764706%;width:1.8482048174519012%;" type="para">1 pr</div></box><box><div coordinates="2446,4299,186,247" index="26" style="position:fixed;left:37.0549916679291%;top:84.29411764705883%;height:4.8431372549019605%;width:2.8177548856233905%;" type="para">Such
ailing</div></box><box><div coordinates="2677,4301,123,217" index="27" style="position:fixed;left:40.55446144523557%;top:84.33333333333334%;height:4.254901960784314%;width:1.8633540372670807%;" type="para">ySts
nd f</div></box><box><div coordinates="2933,4305,219,219" index="28" style="position:fixed;left:44.432661717921526%;top:84.41176470588235%;height:4.294117647058823%;width:3.317679139524315%;" type="para">ide, bu
Iment -</div></box><box><div coordinates="3314,4326,122,122" index="29" style="position:fixed;left:50.20451446750492%;top:84.82352941176471%;height:2.392156862745098%;width:1.8482048174519012%;" type="para">not</div></box><box><div coordinates="1224,4386,122,122" index="30" style="position:fixed;left:18.54264505377973%;top:86.0%;height:2.392156862745098%;width:1.8482048174519012%;" type="para">rint</div></box><box><div coordinates="1389,4381,191,152" index="31" style="position:fixed;left:21.042266323284352%;top:85.90196078431373%;height:2.980392156862745%;width:2.893500984699288%;" type="para">filin,</div></box><box><div coordinates="1653,4385,121,121" index="32" style="position:fixed;left:25.041660354491746%;top:85.98039215686275%;height:2.372549019607843%;width:1.8330555976367218%;" type="para">vith</div></box><box><div coordinates="2810,4426,122,122" index="33" style="position:fixed;left:42.56930768065445%;top:86.7843137254902%;height:2.392156862745098%;width:1.8482048174519012%;" type="para">1lfil</div></box><box><div coordinates="534,4626,4018,616" index="34" style="position:fixed;left:8.089683381305862%;top:90.70588235294117%;height:12.07843137254902%;width:60.86956521739131%;" type="para">This Amendment is intended to modify and amend the Fee Schedule and the terms of this Amendment and the Fee

Schedule are to be construed to be cumulative and not exclusive to each other. The Fee Schedule, as amended
hereby, is hereby ratified and confirmed and remains in full force and effect.</div></box><box><div coordinates="606,4878,122,164" index="35" style="position:fixed;left:9.180427207998788%;top:95.6470588235294%;height:3.215686274509804%;width:1.8482048174519012%;" type="para" /></box><box><div coordinates="784,4884,130,144" index="36" style="position:fixed;left:11.876988335100743%;top:95.76470588235294%;height:2.823529411764706%;width:1.9693985759733375%;" type="para" /></box><box><div coordinates="1342,4893,288,328" index="37" style="position:fixed;left:20.330252991970912%;top:95.94117647058825%;height:6.431372549019608%;width:4.362975306771701%;" type="para">tended t
onstrued
ied and &#162;</div></box><box><div coordinates="3142,4925,121,121" index="38" style="position:fixed;left:47.59884865929405%;top:96.56862745098039%;height:2.372549019607843%;width:1.8330555976367218%;" type="para">terr</div></box><box><div coordinates="3558,4932,122,122" index="39" style="position:fixed;left:53.90092410240872%;top:96.70588235294117%;height:2.392156862745098%;width:1.8482048174519012%;" type="para" /></box><box><div coordinates="4054,4935,235,233" index="40" style="position:fixed;left:61.41493713073777%;top:96.76470588235294%;height:4.568627450980392%;width:3.560066656567187%;" type="para">xd the F
amenc</div></box><box><div coordinates="2936,4944,122,122" index="41" style="position:fixed;left:44.47810937736706%;top:96.94117647058823%;height:2.392156862745098%;width:1.8482048174519012%;" type="para">nd t</div></box><box><div coordinates="4302,5026,122,122" index="42" style="position:fixed;left:65.17194364490229%;top:98.54901960784314%;height:2.392156862745098%;width:1.8482048174519012%;" type="para">ed</div></box><box><div coordinates="589,5088,247,146" index="43" style="position:fixed;left:8.922890471140736%;top:99.76470588235294%;height:2.8627450980392157%;width:3.7418572943493413%;" type="para">hereb:</div></box><box><div coordinates="2776,5096,122,128" index="44" style="position:fixed;left:42.05423420693834%;top:99.92156862745098%;height:2.5098039215686274%;width:1.8482048174519012%;" type="para">nd e</div></box><box><div coordinates="2438,5126,122,122" index="45" style="position:fixed;left:36.933797909407666%;top:100.50980392156863%;height:2.392156862745098%;width:1.8482048174519012%;" type="para">ull</div></box></Blocks></page><page num="2" src="img/Bi2i_0972/Bi2i_0972-01.jpg" txt_src="img/Bi2i_0972/Bi2i_0972-01.txt"><Blocks><box><div coordinates="566,371,3894,322" index="0" style="position:fixed;left:8.574458415391607%;top:7.274509803921568%;height:6.313725490196079%;width:58.99106196030905%;" type="para">STATE STREET BANK AND TRUST COMPANY</div></box><box><div coordinates="1650,711,1728,556" index="1" style="position:fixed;left:24.996212695046204%;top:13.941176470588236%;height:10.901960784313726%;width:26.177851840630208%;" type="para">AMENDMENT TO
CONFIDENTIAL FEE SCHEDULE
RIDGEWORTH FUNDS
DATED AS OF MAY 30, 2014</div></box><box><div coordinates="540,1351,4054,272" index="2" style="position:fixed;left:8.180578700196941%;top:26.49019607843137%;height:5.333333333333334%;width:61.41493713073777%;" type="para" /></box><box><div coordinates="598,1605,962,171" index="3" style="position:fixed;left:9.059233449477352%;top:31.470588235294116%;height:3.3529411764705883%;width:14.573549462202697%;" type="para">RIDGEWORTH FUNDS</div></box><box><div coordinates="2604,1619,1408,547" index="4" style="position:fixed;left:39.44856839872747%;top:31.745098039215687%;height:10.72549019607843%;width:21.33010149977276%;" type="para" /></box><box><div coordinates="850,1835,1141,951" index="5" style="position:fixed;left:12.87683684290259%;top:35.98039215686274%;height:18.64705882352941%;width:17.28525980911983%;" type="para">urs 30. 2014</div></box><box><div coordinates="597,1979,173,158" index="6" style="position:fixed;left:9.044084229662172%;top:38.80392156862745%;height:3.0980392156862746%;width:2.620815028026057%;" type="para">By:</div></box><box><div coordinates="2636,2003,146,131" index="7" style="position:fixed;left:39.93334343281321%;top:39.27450980392157%;height:2.5686274509803924%;width:2.2117860930162094%;" type="para" /></box><box><div coordinates="598,2171,318,339" index="8" style="position:fixed;left:9.059233449477352%;top:42.56862745098039%;height:6.647058823529411%;width:4.817451901227087%;" type="para">Name:

Title:</div></box><box><div coordinates="2610,2187,208,154" index="9" style="position:fixed;left:39.539463717618546%;top:42.88235294117647%;height:3.019607843137255%;width:3.1510377215573397%;" type="para">Nam</div></box><box><div coordinates="3020,2243,124,126" index="10" style="position:fixed;left:45.75064384184214%;top:43.98039215686275%;height:2.4705882352941173%;width:1.8785032570822602%;" type="para" /></box><box><div coordinates="3202,2241,365,132" index="11" style="position:fixed;left:48.50780184820482%;top:43.94117647058823%;height:2.588235294117647%;width:5.529465232540525%;" type="para" /></box><box><div coordinates="3576,2255,123,123" index="12" style="position:fixed;left:54.17361005908196%;top:44.2156862745098%;height:2.411764705882353%;width:1.8633540372670807%;" type="para" /></box><box><div coordinates="2727,2415,122,121" index="13" style="position:fixed;left:41.311922435994546%;top:47.35294117647059%;height:2.372549019607843%;width:1.8482048174519012%;" type="para">tle:</div></box><box><div coordinates="2956,2411,479,146" index="14" style="position:fixed;left:44.781093773670655%;top:47.27450980392157%;height:2.8627450980392157%;width:7.25647629147099%;" type="para" /></box><box><div coordinates="3838,2437,124,126" index="15" style="position:fixed;left:58.14270565065899%;top:47.78431372549019%;height:2.4705882352941173%;width:1.8785032570822602%;" type="para" /></box><box><div coordinates="594,2541,122,166" index="16" style="position:fixed;left:8.998636570216634%;top:49.8235294117647%;height:3.2549019607843137%;width:1.8482048174519012%;" type="para">Dx</div></box><box><div coordinates="2607,2577,191,127" index="17" style="position:fixed;left:39.494016058173%;top:50.52941176470588%;height:2.4901960784313726%;width:2.893500984699288%;" type="para">Date</div></box><box><div coordinates="3038,2611,488,171" index="18" style="position:fixed;left:46.02332979851538%;top:51.19607843137255%;height:3.3529411764705883%;width:7.392819269807605%;" type="para">S50, &#162;</div></box><box><div coordinates="3591,2611,183,146" index="19" style="position:fixed;left:54.40084835630965%;top:51.19607843137255%;height:2.8627450980392157%;width:2.7723072261778516%;" type="para" /></box></Blocks></page></doc>