<doc doi="Bi2i_0961" name="/prcanalyt/test-pra1/inventory_module/InputProcessing/786/EA4/786EA438E2A1424A1034282CF18E7B9659D1FCA7.pdf"><page num="1" src="img/Bi2i_0961/Bi2i_0961-00.jpg" txt_src="img/Bi2i_0961/Bi2i_0961-00.txt"><Blocks><box><div coordinates="496,377,410,477" index="0" style="position:fixed;left:7.514013028329041%;top:7.392156862745098%;height:9.352941176470589%;width:6.211180124223603%;" type="para">; pa
ar i
EET Er RAN
ST &#8212;&#8212;&#8212; 5

STATE STREET</div></box><box><div coordinates="1606,606,1982,220" index="1" style="position:fixed;left:24.329647023178307%;top:11.882352941176471%;height:4.313725490196078%;width:30.025753673685806%;" type="para">State Street Bank and Trust Company</div></box><box><div coordinates="1249,876,2723,218" index="2" style="position:fixed;left:18.92137554915922%;top:17.176470588235293%;height:4.2745098039215685%;width:41.251325556733825%;" type="para">Fund Accounting and Custody Services Fee Schedule</div></box><box><div coordinates="1860,1148,1474,216" index="3" style="position:fixed;left:28.1775488562339%;top:22.509803921568626%;height:4.235294117647059%;width:22.32995000757461%;" type="para">John Hancock Fund Family</div></box><box><div coordinates="768,1852,3434,550" index="4" style="position:fixed;left:11.634600818057871%;top:36.31372549019608%;height:10.784313725490197%;width:52.022420845326465%;" type="para">Custody and Fund Accounting Services: The following fee schedule is for services
provided pursuant to one or more Custodian Agreements (each, an &#8220;Agreement&#8221;) in
effect from time to time with State Street Bank and Trust Company and each John
Hancock registered investment company (each, a &#8220;fund&#8221; and together, the funds&#8221;).</div></box><box><div coordinates="768,2428,3558,416" index="5" style="position:fixed;left:11.634600818057871%;top:47.6078431372549%;height:8.15686274509804%;width:53.90092410240872%;" type="para">The fee shown below is an annual fund charge, fees will be billed and payable monthly
based upon average daily net assets for the month. Each fund will be billed for both
domestic and international assets.</div></box><box><div coordinates="776,2908,406,186" index="6" style="position:fixed;left:11.755794576579307%;top:57.01960784313725%;height:3.6470588235294117%;width:6.150583244962885%;" type="para">I.) Fees</div></box><box><div coordinates="768,3152,1048,644" index="7" style="position:fixed;left:11.634600818057871%;top:61.80392156862745%;height:12.627450980392158%;width:15.876382366308134%;" type="para">Domestic Fund Assets
First $100 million
Next $300 million
Over $400 million
Minimum Fund Charge</div></box><box><div coordinates="2260,3266,750,530" index="8" style="position:fixed;left:34.237236782305715%;top:64.0392156862745%;height:10.392156862745098%;width:11.361914861384639%;" type="para">2.0 Basis Points
1.5 Basis Points
1.25 Basis Points
$12,000</div></box><box><div coordinates="769,3844,1219,644" index="9" style="position:fixed;left:11.64975003787305%;top:75.37254901960785%;height:12.627450980392158%;width:18.466898954703833%;" type="para">International Fund Assets
First $300 million
Next $300 million
Next $300 million
Over $900 million</div></box><box><div coordinates="2262,3958,720,532" index="10" style="position:fixed;left:34.26753522193607%;top:77.6078431372549%;height:10.431372549019608%;width:10.907438266929253%;" type="para">12 Basis Points
11 Basis Points
10 Basis Points
9 Basis Points</div></box><box><div coordinates="772,4536,1478,296" index="11" style="position:fixed;left:11.695197697318587%;top:88.94117647058823%;height:5.803921568627451%;width:22.390546886835327%;" type="para">Index Funds and Fund of Funds
Fixed Fee</div></box><box><div coordinates="2264,4650,786,206" index="12" style="position:fixed;left:34.29783366156643%;top:91.17647058823529%;height:4.03921568627451%;width:11.907286774731102%;" type="para">$12,000 per fund</div></box><box><div coordinates="773,4884,609,298" index="13" style="position:fixed;left:11.710346917133768%;top:95.76470588235294%;height:5.843137254901961%;width:9.225874867444327%;" type="para">DFA Funds
Fixed Fee</div></box><box><div coordinates="2281,4998,1059,208" index="14" style="position:fixed;left:34.55537039842448%;top:98.0%;height:4.07843137254902%;width:16.04302378427511%;" type="para">10 Basis Points per fund</div></box><box><div coordinates="783,5246,939,202" index="15" style="position:fixed;left:11.861839115285564%;top:102.86274509803921%;height:3.96078431372549%;width:14.225117406453567%;" type="para">IL.) Special Services</div></box><box><div coordinates="780,5484,3595,434" index="16" style="position:fixed;left:11.816391455840023%;top:107.52941176470587%;height:8.509803921568627%;width:54.46144523557037%;" type="para">Fee for activities of a non-recurring nature such as fund consolidations or
reorganizations, extra ordinary security shipments and the preparation of special reports
will be subject to negotiation. Fees for tax accounting will be negotiated separately.</div></box></Blocks></page><page num="2" src="img/Bi2i_0961/Bi2i_0961-01.jpg" txt_src="img/Bi2i_0961/Bi2i_0961-01.txt"><Blocks><box><div coordinates="496,361,408,475" index="0" style="position:fixed;left:7.514013028329041%;top:7.078431372549019%;height:9.313725490196079%;width:6.180881684593244%;" type="para">raya</div></box><box><div coordinates="766,948,1299,202" index="1" style="position:fixed;left:11.604302378427512%;top:18.58823529411765%;height:3.96078431372549%;width:19.678836539918194%;" type="para">II1.) Out of Pocket Expenses</div></box><box><div coordinates="768,1187,3540,321" index="2" style="position:fixed;left:11.634600818057871%;top:23.27450980392157%;height:6.294117647058823%;width:53.628238145735494%;" type="para">All domestic out of pocket expenses will be waived. International assets will be billed
for all expenses incurred for stamp duty, registration, and taxes.</div></box><box><div coordinates="770,1550,1409,184" index="3" style="position:fixed;left:11.664899257688228%;top:30.392156862745097%;height:3.607843137254902%;width:21.34525071958794%;" type="para">IV.) Future Growth Fee Credit</div></box><box><div coordinates="766,1792,3680,532" index="4" style="position:fixed;left:11.604302378427512%;top:35.13725490196079%;height:10.431372549019608%;width:55.749128919860624%;" type="para">State Street will provide a fee credit to the funds when assets for domestic and
international funds increase by certain increments from the original fund net assets as
outlined in the step schedule below. All fixed fee funds, including Index, Life Style and
and DFA funds, are excluded from the fee credit.</div></box><box><div coordinates="1990,2378,1468,540" index="5" style="position:fixed;left:30.146947432207245%;top:46.627450980392155%;height:10.588235294117647%;width:22.23905468868353%;" type="para">Fund Net Assets

$ 115 Billion

From $115 Billion to $125 Billion
&gt; $125 Billion</div></box><box><div coordinates="3492,2380,830,531" index="6" style="position:fixed;left:52.90107559460687%;top:46.666666666666664%;height:10.411764705882351%;width:12.573852446599002%;" type="para">% Credit of Fees</div></box><box><div coordinates="768,2494,964,425" index="7" style="position:fixed;left:11.634600818057871%;top:48.90196078431372%;height:8.333333333333332%;width:14.603847901833056%;" type="para">Original Date
First $10 Billion
Excess of $10 Billion</div></box><box><div coordinates="771,2969,3681,437" index="8" style="position:fixed;left:11.680048477503409%;top:58.21568627450981%;height:8.568627450980394%;width:55.7642781396758%;" type="para">For each billing period, State Street will provide a report showing the average daily net
assets, fees by step schedule, and % credit of fees, if any. The credit will be allocated to
the individual funds on a pro-rata basis as determined by John Hancock.</div></box><box><div coordinates="780,3431,2995,207" index="9" style="position:fixed;left:11.816391455840023%;top:67.27450980392156%;height:4.0588235294117645%;width:45.371913346462655%;" type="para">In the event of an acquisition by John Hancock, the following will apply:</div></box><box><div coordinates="1073,3662,3386,648" index="10" style="position:fixed;left:16.255112861687625%;top:71.80392156862744%;height:12.705882352941176%;width:51.29525829419785%;" type="para">1.) With respect to the acquisition of separate/new funds, these new assets would
not be eligible for the fee credit.

2.) With respect to the acquisition of additional assets that are merged or
incorporated into the existing funds, these additional assets would be eligible
for the fee credit at 50%.</div></box><box><div coordinates="782,4358,3678,300" index="11" style="position:fixed;left:11.846689895470384%;top:85.45098039215686%;height:5.88235294117647%;width:55.71883048023027%;" type="para">For new funds added to an Agreement after the effective date of this fee schedule, those
new assets will not be included in this calculation.</div></box><box><div coordinates="783,4718,790,185" index="12" style="position:fixed;left:11.861839115285564%;top:92.50980392156862%;height:3.6274509803921573%;width:11.96788365399182%;" type="para">| V.) Fixed Credit</div></box><box><div coordinates="782,4958,3614,551" index="13" style="position:fixed;left:11.846689895470384%;top:97.2156862745098%;height:10.80392156862745%;width:54.74928041205877%;" type="para">A fixed credit of $4,500,000 per year ($375,000 per month) will be applied to all funds,
excluding Index, Fund of Funds, and DFA Funds. The credit will be applied monthly to
each fund as outlined in Schedule A attached hereto, which Schedule A may be updated
from time to time as determined by John Hancock and communicated to State Street.</div></box></Blocks></page><page num="3" src="img/Bi2i_0961/Bi2i_0961-02.jpg" txt_src="img/Bi2i_0961/Bi2i_0961-02.txt"><Blocks><box><div coordinates="484,376,933,666" index="0" style="position:fixed;left:7.332222390546887%;top:7.372549019607844%;height:13.058823529411764%;width:14.13422208756249%;" type="para">| V1.) Payment</div></box><box><div coordinates="750,1081,3518,321" index="1" style="position:fixed;left:11.361914861384639%;top:21.196078431372552%;height:6.294117647058823%;width:53.29495530980155%;" type="para">The above fees will be charged against the fund&#8217;s custodian checking account five (5)
days after the invoice is mailed to the fund&#8217;s offices.</div></box><box><div coordinates="756,1448,564,184" index="2" style="position:fixed;left:11.452810180275716%;top:28.3921568627451%;height:3.607843137254902%;width:8.544159975761248%;" type="para">VIL.) Term</div></box><box><div coordinates="758,1688,3426,438" index="3" style="position:fixed;left:11.483108619906075%;top:33.09803921568628%;height:8.588235294117647%;width:51.90122708680502%;" type="para">The parties agree that this fee schedule shall become effective once the transition of
business from Bank of New York to State Street Corporation has been completed,
scheduled for April 1%, 2009.</div></box><box><div coordinates="759,2386,1573,631" index="4" style="position:fixed;left:11.498257839721255%;top:46.78431372549019%;height:12.372549019607842%;width:23.82972276927738%;" type="para">Each fund that is or becomes party
to an Ta
By:

7)</div></box><box><div coordinates="2546,2502,2251,918" index="5" style="position:fixed;left:38.56991364944705%;top:49.05882352941177%;height:18.0%;width:34.10089380396909%;" type="para">ank and Trust Company

  
  

State Stree
RB 4</div></box><box><div coordinates="764,2730,236,202" index="6" style="position:fixed;left:11.574003938797151%;top:53.529411764705884%;height:3.96078431372549%;width:3.5752158763823663%;" type="para">By:</div></box><box><div coordinates="780,2898,624,246" index="7" style="position:fixed;left:11.816391455840023%;top:56.8235294117647%;height:4.823529411764706%;width:9.45311316467202%;" type="para">Title: C ~</div></box><box><div coordinates="2568,2961,298,183" index="8" style="position:fixed;left:38.903196485381%;top:58.05882352941176%;height:3.5882352941176467%;width:4.514467504923497%;" type="para">Title:</div></box><box><div coordinates="1167,3107,663,236" index="9" style="position:fixed;left:17.679139524314497%;top:60.92156862745098%;height:4.627450980392156%;width:10.04393273746402%;" type="para">(1/8/0 &#167;</div></box><box><div coordinates="766,3194,283,182" index="10" style="position:fixed;left:11.604302378427512%;top:62.627450980392155%;height:3.568627450980392%;width:4.287229207695804%;" type="para">Date:</div></box></Blocks></page><page num="4" src="img/Bi2i_0961/Bi2i_0961-03.jpg" txt_src="img/Bi2i_0961/Bi2i_0961-03.txt"><Blocks><box><div coordinates="1792,258,1590,780" index="0" style="position:fixed;left:27.1474019088017%;top:5.0588235294117645%;height:15.294117647058824%;width:24.08725950613543%;" type="para">Appendix A
to the
Master Custodian Agreement
between
John Hancock Funds and
State Street Bank and Trust Company</div></box><box><div coordinates="478,333,416,479" index="1" style="position:fixed;left:7.241327071655809%;top:6.529411764705882%;height:9.392156862745098%;width:6.3020754431146795%;" type="para">STATE STREET</div></box><box><div coordinates="1093,1404,999,186" index="2" style="position:fixed;left:16.558097257991214%;top:27.52941176470588%;height:3.6470588235294117%;width:15.134070595364339%;" type="para">JOHN HANCOCK FUNDS</div></box><box><div coordinates="1095,1612,1205,492" index="3" style="position:fixed;left:16.58839569762157%;top:31.607843137254903%;height:9.647058823529411%;width:18.25480987729132%;" type="para">John Hancock Bond Trust

JH Government Income Fund
JH High Yield Fund

JH Investment Grade Bond Fund</div></box><box><div coordinates="1100,2148,1834,278" index="4" style="position:fixed;left:16.66414179669747%;top:42.11764705882353%;height:5.450980392156863%;width:27.783669141039237%;" type="para">John Hancock California Tax-Free Income Fund
JH California Tax-Free Income Fund</div></box><box><div coordinates="1100,2468,1168,704" index="5" style="position:fixed;left:16.66414179669747%;top:48.392156862745104%;height:13.80392156862745%;width:17.694288744129675%;" type="para">John Hancock Capital Series
JH Classic Value Fund

JH Classic Value Fund II

JH International Classic Value Fu
JH Large Cap Select Fund

JH U.S. Global Leaders Growth I</div></box><box><div coordinates="2294,2799,122,153" index="6" style="position:fixed;left:34.752310256021815%;top:54.88235294117647%;height:3.0%;width:1.8482048174519012%;" type="para">nd</div></box><box><div coordinates="2196,3009,268,159" index="7" style="position:fixed;left:33.26768671413422%;top:59.0%;height:3.1176470588235294%;width:4.059990910468111%;" type="para">1 Fund</div></box><box><div coordinates="1107,3214,1219,278" index="8" style="position:fixed;left:16.77018633540373%;top:63.01960784313726%;height:5.450980392156863%;width:18.466898954703833%;" type="para">John Hancock Current Interest
JH Money Market Fund</div></box><box><div coordinates="1108,3536,1090,278" index="9" style="position:fixed;left:16.785335555218907%;top:69.33333333333334%;height:5.450980392156863%;width:16.512649598545675%;" type="para">John Hancock Equity Trust
JH Small Cap Fund</div></box><box><div coordinates="1112,3856,1274,704" index="10" style="position:fixed;left:16.845932434479625%;top:75.6078431372549%;height:13.80392156862745%;width:19.300106044538705%;" type="para">John Hancock Investment Trust
JH Balanced Fund

JH Global Opportunities Fund

JH Large Cap Equity Fund

JH Small Cap Intrinsic Value Fund
JH Sovereign Investors Fund</div></box><box><div coordinates="1116,4604,1330,506" index="11" style="position:fixed;left:16.906529313740343%;top:90.27450980392156%;height:9.92156862745098%;width:20.14846235418876%;" type="para">John Hancock Investment Trust II
JH Financial Industries Fund

JH Regional Bank Fund

JH Small Cap Equity Fund</div></box><box><div coordinates="1120,5138,1362,294" index="12" style="position:fixed;left:16.96712619300106%;top:100.74509803921569%;height:5.764705882352941%;width:20.6332373882745%;" type="para">John Hancock Investment Trust II
JH Greater China Opportunities Fund</div></box><box><div coordinates="1122,5460,1444,384" index="13" style="position:fixed;left:16.997424632631418%;top:107.05882352941177%;height:7.529411764705881%;width:21.875473413119224%;" type="para">John Hancock Municipal Series Trust
JH High Yield Municipal Bond Fund
JH Tax-Free Bond Fund</div></box><box><div coordinates="2564,6206,122,157" index="14" style="position:fixed;left:38.84259960612029%;top:121.68627450980392%;height:3.0784313725490198%;width:1.8482048174519012%;" type="para" /></box></Blocks></page><page num="5" src="img/Bi2i_0961/Bi2i_0961-04.jpg" txt_src="img/Bi2i_0961/Bi2i_0961-04.txt"><Blocks><box><div coordinates="2328,292,568,204" index="0" style="position:fixed;left:35.267383729737915%;top:5.7254901960784315%;height:4.0%;width:8.604756855021966%;" type="para">Appendix A</div></box><box><div coordinates="508,355,412,477" index="1" style="position:fixed;left:7.695803666111195%;top:6.96078431372549%;height:9.352941176470589%;width:6.241478563853962%;" type="para">&#8212;&#8212;

TVA)</div></box><box><div coordinates="3427,507,165,121" index="2" style="position:fixed;left:51.91637630662021%;top:9.941176470588236%;height:2.372549019607843%;width:2.4996212695046207%;" type="para" /></box><box><div coordinates="3655,507,212,121" index="3" style="position:fixed;left:55.37039842448114%;top:9.941176470588236%;height:2.372549019607843%;width:3.2116346008180576%;" type="para" /></box><box><div coordinates="3889,507,128,121" index="4" style="position:fixed;left:58.91531586123314%;top:9.941176470588236%;height:2.372549019607843%;width:1.9391001363429785%;" type="para" /></box><box><div coordinates="4045,507,127,121" index="5" style="position:fixed;left:61.278594152401155%;top:9.941176470588236%;height:2.372549019607843%;width:1.9239509165277988%;" type="para" /></box><box><div coordinates="4177,507,247,121" index="6" style="position:fixed;left:63.278291168004856%;top:9.941176470588236%;height:2.372549019607843%;width:3.7418572943493413%;" type="para" /></box><box><div coordinates="1098,511,159,121" index="7" style="position:fixed;left:16.63384335706711%;top:10.019607843137255%;height:2.372549019607843%;width:2.4087259506135434%;" type="para" /></box><box><div coordinates="1265,511,176,121" index="8" style="position:fixed;left:19.16376306620209%;top:10.019607843137255%;height:2.372549019607843%;width:2.666262687471595%;" type="para" /></box><box><div coordinates="1990,511,139,121" index="9" style="position:fixed;left:30.146947432207245%;top:10.019607843137255%;height:2.372549019607843%;width:2.105741554309953%;" type="para" /></box><box><div coordinates="2133,511,172,121" index="10" style="position:fixed;left:32.313285865777914%;top:10.019607843137255%;height:2.372549019607843%;width:2.605665808210877%;" type="para" /></box><box><div coordinates="2323,511,133,121" index="11" style="position:fixed;left:35.19163763066202%;top:10.019607843137255%;height:2.372549019607843%;width:2.014846235418876%;" type="para" /></box><box><div coordinates="1098,660,1081,402" index="12" style="position:fixed;left:16.63384335706711%;top:12.941176470588237%;height:7.882352941176471%;width:16.376306620209057%;" type="para">John Hancock Series Trust
JH Global Real Estate Fund
JH Mid Cap Equity Fund</div></box><box><div coordinates="1100,1088,1402,276" index="13" style="position:fixed;left:16.66414179669747%;top:21.333333333333336%;height:5.411764705882352%;width:21.239206180881684%;" type="para">John Hancock Sovereign Bond Fund
JH Bond Fund</div></box><box><div coordinates="1102,1408,1184,276" index="14" style="position:fixed;left:16.69444023632783%;top:27.6078431372549%;height:5.411764705882352%;width:17.93667626117255%;" type="para">John Hancock Strategic Series
JH Strategic Income Fund</div></box><box><div coordinates="1104,1728,1520,386" index="15" style="position:fixed;left:16.72473867595819%;top:33.88235294117647%;height:7.568627450980392%;width:23.026814119072867%;" type="para">John Hancock Tax-Exempt Series Fund
JH Massachusetts Tax-Free Income Fund
JH New York Tax-Free Income Fund</div></box><box><div coordinates="1105,2158,1071,277" index="16" style="position:fixed;left:16.739887895773368%;top:42.31372549019608%;height:5.431372549019608%;width:16.224814422057264%;" type="para">John Hancock World Fund
JH Health Sciences Fund</div></box><box><div coordinates="1107,2480,1841,1128" index="17" style="position:fixed;left:16.77018633540373%;top:48.627450980392155%;height:22.11764705882353%;width:27.889713679745494%;" type="para">John Hancock Closed End Funds

JH Bank and Thrift Opportunity Fund

JH Income Securities Trust

JH Investors Trust

JH Patriot Premium Dividend Fund II

JH Preferred Income Fund

JH Preferred Income Fund II

JH Preferred Income Fund III

JH Tax Advantaged Global Shareholder Yield Fund
JH Tax-Advantaged Dividend Income Fund</div></box><box><div coordinates="1128,3650,222,170" index="18" style="position:fixed;left:17.088319951522497%;top:71.56862745098039%;height:3.3333333333333335%;width:3.3631267989698532%;" type="para">JH C:</div></box><box><div coordinates="1352,3650,674,172" index="19" style="position:fixed;left:20.48174519012271%;top:71.56862745098039%;height:3.3725490196078427%;width:10.210574155430995%;" type="para">ish Investment Trust</div></box><box><div coordinates="1114,3874,1376,2301" index="20" style="position:fixed;left:16.876230874109982%;top:75.9607843137255%;height:45.11764705882353%;width:20.845326465687016%;" type="para">JOHN HANCOCK TRUST

JHT Active Bond Trust (Multi)

JHT All Cap Core Trust

JHT All Cap Growth Trust

JHT All Cap Value Trust

JHT Blue Chip Growth Trust

JHT Capital Appreciation Trust

JHT Capital Appreciation Value Trust
JHT Classic Value Trust

JHT Core Asset Allocation Plus Trust
JHT Core Bond Trust

JHT Core Equity Trust

JHT Disciplined Diversification Trust
JHT Emerging Growth Trust

JHT Emerging Small Company Trust

JHT Equity-Income Trust

JHT Financial Services Trust

JHT Floating Rate Income Trust

JHT Fundamental Value Trust

JHT Global Allocation Trust

JHT Global Bond Trust</div></box><box><div coordinates="2560,6276,138,123" index="21" style="position:fixed;left:38.78200272685957%;top:123.05882352941175%;height:2.411764705882353%;width:2.0905923344947737%;" type="para" /></box></Blocks></page><page num="6" src="img/Bi2i_0961/Bi2i_0961-05.jpg" txt_src="img/Bi2i_0961/Bi2i_0961-05.txt"><Blocks><box><div coordinates="2315,290,594,204" index="0" style="position:fixed;left:35.07044387214059%;top:5.686274509803922%;height:4.0%;width:8.998636570216634%;" type="para">Appendix A</div></box><box><div coordinates="510,361,458,479" index="1" style="position:fixed;left:7.726102105741554%;top:7.078431372549019%;height:9.392156862745098%;width:6.938342675352219%;" type="para" /></box><box><div coordinates="1024,505,536,121" index="2" style="position:fixed;left:15.512801090743828%;top:9.901960784313726%;height:2.372549019607843%;width:8.119981820936221%;" type="para" /></box><box><div coordinates="1600,505,456,121" index="3" style="position:fixed;left:24.23875170428723%;top:9.901960784313726%;height:2.372549019607843%;width:6.908044235721861%;" type="para" /></box><box><div coordinates="2095,505,122,121" index="4" style="position:fixed;left:31.737615512801092%;top:9.901960784313726%;height:2.372549019607843%;width:1.8482048174519012%;" type="para" /></box><box><div coordinates="2240,505,161,121" index="5" style="position:fixed;left:33.93425238600212%;top:9.901960784313726%;height:2.372549019607843%;width:2.4390243902439024%;" type="para" /></box><box><div coordinates="2424,505,145,121" index="6" style="position:fixed;left:36.72170883199515%;top:9.901960784313726%;height:2.372549019607843%;width:2.1966368732010304%;" type="para" /></box><box><div coordinates="2616,505,249,123" index="7" style="position:fixed;left:39.630359036509624%;top:9.901960784313726%;height:2.411764705882353%;width:3.7721557339797%;" type="para" /></box><box><div coordinates="2879,507,282,121" index="8" style="position:fixed;left:43.61460384790183%;top:9.941176470588236%;height:2.372549019607843%;width:4.272079987880624%;" type="para" /></box><box><div coordinates="3181,507,123,121" index="9" style="position:fixed;left:48.18966823208605%;top:9.941176470588236%;height:2.372549019607843%;width:1.8633540372670807%;" type="para" /></box><box><div coordinates="3473,507,167,121" index="10" style="position:fixed;left:52.613240418118465%;top:9.941176470588236%;height:2.372549019607843%;width:2.5299197091349797%;" type="para" /></box><box><div coordinates="3689,507,154,121" index="11" style="position:fixed;left:55.885471898197245%;top:9.941176470588236%;height:2.372549019607843%;width:2.332979851537646%;" type="para" /></box><box><div coordinates="3879,505,297,123" index="12" style="position:fixed;left:58.76382366308135%;top:9.901960784313726%;height:2.411764705882353%;width:4.499318285108317%;" type="para" /></box><box><div coordinates="4177,507,255,121" index="13" style="position:fixed;left:63.278291168004856%;top:9.941176470588236%;height:2.372549019607843%;width:3.863051052870777%;" type="para" /></box><box><div coordinates="1125,654,1541,5518" index="14" style="position:fixed;left:17.042872292076957%;top:12.823529411764707%;height:108.19607843137256%;width:23.34494773519164%;" type="para">JHT Global Real Estate Trust

JHT Global Trust

JHT Growth Equity Trust

JHT Health Sciences Trust

JHT High Income Trust

JHT High Yield Trust

JHT Income and Value Trust

JHT Income Trust

JHT International Core Trust

JHT International Opportunities Trust
JHT International Small Cap Trust
JHT International Value Trust

JHT Investment Quality Bond Trust
JHT Large Cap Trust

JHT Large Cap Value Trust

JHT Managed Trust (Multi)

JHT Mid Cap Intersection Trust
JHT Mid Cap Stock Trust

JHT Mid Cap Value Equity Trust
JHT Mid Cap Value Trust

JHT Mid Value Trust

JHT Money Market Trust

JHT Money Market Trust B

JHT Mutual Shares Trust

JHT Natural Resources Trust

JHT Optimized All Cap Trust

JHT Optimized Value Trust

JHT Overseas Equity Trust

JHT Pacific Rim Trust

JHT Real Estate Equity Trust

JHT Real Estate Securities Trust
JHT Real Return Bond Trust

JHT Science and Technology Trust (Multi)
JHT Short Term Bond Trust

JHT Small Cap Growth Trust

JHT Small Cap Intrinsic Value Trust
JHT Small Cap Opportunities Trust (Multi)
JHT Small Cap Trust

JHT Small Cap Value Trust

JHT Small Company Growth Trust
JHT Small Company Trust

JHT Small Company Value Trust
JHT Spectrum Income Trust

JHT Strategic Bond Trust

JHT Strategic Income Trust

JHT Total Return Trust

JHT U.S. Core Trust

JHT U.S. Government Securities Trust
JHT U.S. High Yield Bond Trust
JHT U.S. Large Cap Trust

JHT U.S. Multi Sector Trust</div></box><box><div coordinates="2186,3878,122,143" index="15" style="position:fixed;left:33.11619451598243%;top:76.0392156862745%;height:2.803921568627451%;width:1.8482048174519012%;" type="para" /></box></Blocks></page><page num="7" src="img/Bi2i_0961/Bi2i_0961-06.jpg" txt_src="img/Bi2i_0961/Bi2i_0961-06.txt"><Blocks><box><div coordinates="2334,292,563,202" index="0" style="position:fixed;left:35.358279048628994%;top:5.7254901960784315%;height:3.96078431372549%;width:8.52901075594607%;" type="para">Appendix A</div></box><box><div coordinates="496,357,433,479" index="1" style="position:fixed;left:7.514013028329041%;top:7.000000000000001%;height:9.392156862745098%;width:6.559612179972732%;" type="para" /></box><box><div coordinates="938,499,168,121" index="2" style="position:fixed;left:14.209968186638388%;top:9.784313725490195%;height:2.372549019607843%;width:2.545068928950159%;" type="para" /></box><box><div coordinates="1787,503,134,121" index="3" style="position:fixed;left:27.071655809725797%;top:9.862745098039216%;height:2.372549019607843%;width:2.0299954552340553%;" type="para" /></box><box><div coordinates="1924,503,293,121" index="4" style="position:fixed;left:29.147098924405395%;top:9.862745098039216%;height:2.372549019607843%;width:4.438721405847599%;" type="para" /></box><box><div coordinates="2424,505,218,123" index="5" style="position:fixed;left:36.72170883199515%;top:9.901960784313726%;height:2.411764705882353%;width:3.3025299197091353%;" type="para" /></box><box><div coordinates="2799,507,162,121" index="6" style="position:fixed;left:42.402666262687475%;top:9.941176470588236%;height:2.372549019607843%;width:2.454173610059082%;" type="para" /></box><box><div coordinates="3005,507,308,121" index="7" style="position:fixed;left:45.523405544614455%;top:9.941176470588236%;height:2.372549019607843%;width:4.665959703075292%;" type="para" /></box><box><div coordinates="3399,507,138,121" index="8" style="position:fixed;left:51.492198151795186%;top:9.941176470588236%;height:2.372549019607843%;width:2.0905923344947737%;" type="para" /></box><box><div coordinates="3551,507,164,121" index="9" style="position:fixed;left:53.794879563702466%;top:9.941176470588236%;height:2.372549019607843%;width:2.484472049689441%;" type="para" /></box><box><div coordinates="3735,507,145,121" index="10" style="position:fixed;left:56.5823360096955%;top:9.941176470588236%;height:2.372549019607843%;width:2.1966368732010304%;" type="para" /></box><box><div coordinates="4271,511,129,121" index="11" style="position:fixed;left:64.70231783063171%;top:10.019607843137255%;height:2.372549019607843%;width:1.9542493561581578%;" type="para" /></box><box><div coordinates="1110,650,1206,496" index="12" style="position:fixed;left:16.815633994849264%;top:12.745098039215685%;height:9.725490196078432%;width:18.2699590971065%;" type="para">JHT Utilities Trust

JHT Value &amp; Restructuring Trust
JHT Value Trust

JHT Vista Trust</div></box><box><div coordinates="1106,1190,1388,404" index="13" style="position:fixed;left:16.755037115588546%;top:23.333333333333332%;height:7.92156862745098%;width:21.02711710346917%;" type="para">DFA
JHT Emerging Markets Value Trust
JHT International Small Company Trust</div></box><box><div coordinates="1106,1618,1778,2108" index="14" style="position:fixed;left:16.755037115588546%;top:31.725490196078432%;height:41.333333333333336%;width:26.935312831389187%;" type="para">Fund of Funds

JHT American Asset Allocation Trust

JHT American Asset High - Income Bond Trust
JHT American Blue Chip Income and Growth Trust
JHT American Bond Trust

JHT American Diversified Growth &amp; Income Trust
JHT American Fundamental Holdings Trust

JHT American Global Diversification Trust

JHT American Global Growth Trust

JHT American Global Small Cap Trust

JHT American Growth Trust

JHT American Growth-Income Trust

JHT American International Trust

JHT American New World Trust

JHT Lifestyle Aggressive Trust

JHT Lifestyle Balanced Trust

JHT Lifestyle Conservative Trust

JHT Lifestyle Growth Trust

JHT Lifestyle Moderate Trust</div></box><box><div coordinates="1110,3754,1014,276" index="15" style="position:fixed;left:16.815633994849264%;top:73.6078431372549%;height:5.411764705882352%;width:15.361308892592032%;" type="para">Fund of Funds - Index
JHT Index Allocation Trust</div></box><box><div coordinates="1112,4072,1826,1244" index="16" style="position:fixed;left:16.845932434479625%;top:79.84313725490196%;height:24.3921568627451%;width:27.662475382517798%;" type="para">Index

JHT 500 Index Trust

JHT 500 Index Trust Fund B

JHT Franklin Templeton Founding Allocation Trust
JHT International Equity Index Trust A
JHT International Equity Index Trust B
JHT Mid Cap Index Trust

JHT Small Cap Index Trust

JHT Total Bond Market Index Trust A
JHT Total Bond Market Index Trust B
JHT Total Stock Market Index Trust</div></box><box><div coordinates="1107,5364,1225,822" index="17" style="position:fixed;left:16.77018633540373%;top:105.17647058823529%;height:16.11764705882353%;width:18.55779427359491%;" type="para">JOHN HANCOCK FUNDS II

JHF II Active Bond Fund (Multi)
JHF 11 All Cap Core Fund

JHF II All Cap Growth Fund

JHF II All Cap Value Fund

JHF II Blue Chip Growth Fund
JHF II Capital Appreciation Fund</div></box><box><div coordinates="2547,6228,134,155" index="18" style="position:fixed;left:38.58506286926223%;top:122.11764705882354%;height:3.0392156862745097%;width:2.0299954552340553%;" type="para" /></box></Blocks></page><page num="8" src="img/Bi2i_0961/Bi2i_0961-07.jpg" txt_src="img/Bi2i_0961/Bi2i_0961-07.txt"><Blocks><box><div coordinates="2341,259,570,205" index="0" style="position:fixed;left:35.46432358733525%;top:5.078431372549019%;height:4.019607843137255%;width:8.635055294652325%;" type="para">Appendix A</div></box><box><div coordinates="504,331,769,477" index="1" style="position:fixed;left:7.635206786850477%;top:6.490196078431372%;height:9.352941176470589%;width:11.64975003787305%;" type="para" /></box><box><div coordinates="1280,473,585,121" index="2" style="position:fixed;left:19.391001363429783%;top:9.274509803921568%;height:2.372549019607843%;width:8.862293591880018%;" type="para" /></box><box><div coordinates="1923,475,254,121" index="3" style="position:fixed;left:29.131949704590216%;top:9.313725490196079%;height:2.372549019607843%;width:3.8479018330555976%;" type="para" /></box><box><div coordinates="2795,479,509,123" index="4" style="position:fixed;left:42.342069383426754%;top:9.392156862745098%;height:2.411764705882353%;width:7.710952885926376%;" type="para" /></box><box><div coordinates="3624,479,144,123" index="5" style="position:fixed;left:54.900772610210566%;top:9.392156862745098%;height:2.411764705882353%;width:2.1814876533858505%;" type="para" /></box><box><div coordinates="3806,479,283,123" index="6" style="position:fixed;left:57.65793061657325%;top:9.392156862745098%;height:2.411764705882353%;width:4.287229207695804%;" type="para" /></box><box><div coordinates="4126,479,315,123" index="7" style="position:fixed;left:62.505680957430684%;top:9.392156862745098%;height:2.411764705882353%;width:4.7720042417815485%;" type="para" /></box><box><div coordinates="3335,481,196,121" index="8" style="position:fixed;left:50.522648083623686%;top:9.431372549019608%;height:2.372549019607843%;width:2.9692470837751856%;" type="para" /></box><box><div coordinates="1126,622,1454,4660" index="9" style="position:fixed;left:17.05802151189214%;top:12.19607843137255%;height:91.37254901960785%;width:22.026965611271017%;" type="para">JHF II Core Bond Fund

JHF II Core Equity Fund

JHF II Emerging Growth Fund

JHF II Emerging Small Company Fund
JHF II Equity-Income Fund

JHEF II Floating Rate Income Fund
JHF II Fundamental Value Fund

JHF II Global Bond Fund (PIMCO)
JHF II Global Real Estate Fund

JHF II High Income Fund

JHF II High Yield Fund

JHF II International Opportunities Fund
JHF II International Small Cap Fund
JHF II International Value Fund

JHF II Investment Quality Bond Fund
JHF II Large Cap Fund

JHF II Large Cap Value Fund

JHF II Mid Cap Intersection Fund
JHF II Mid Cap Stock Fund

JHF II Mid Cap Value Equity Fund
JHF II Mid Cap Value Fund

JHF II Natural Resources Fund

JHF II Optimized All Cap Fund

JHF II Optimized Value Fund

JHF II Real Estate Equity Fund

JHF II Real Estate Securities Fund
JHF II Real Return Bond Fund

JHF II Small Cap Fund

JHF II Small Cap Growth Fund

JHF II Small Cap Opportunities Fund (Mu
JHF II Small Company Fund

JHF II Small Company Growth Fund
JHF II Small Company Value Fund
JHF II Spectrum Income Fund

JHF II Strategic Bond Fund

JHF 11 Strategic Income Fund

JHF II Total Return Fund

JHF II U.S. Government Securities Fund
JHF II U.S. High Yield Bond Fund
JHF II U.S. Multi Sector Fund

JHF II Value &amp; Restructuring Fund
JHF II Value Fund

JHF II Vista Fund</div></box><box><div coordinates="2349,3724,389,172" index="10" style="position:fixed;left:35.58551734585669%;top:73.01960784313725%;height:3.3725490196078427%;width:5.893046508104833%;" type="para">1d (Multi)</div></box><box><div coordinates="1133,5326,1499,401" index="11" style="position:fixed;left:17.164066050598397%;top:104.43137254901961%;height:7.862745098039216%;width:22.7086805029541%;" type="para">DFA
JHF II Emerging Markets Value Fund
JHF II International Small Company Fund</div></box><box><div coordinates="1134,5754,1966,387" index="12" style="position:fixed;left:17.17921527041357%;top:112.8235294117647%;height:7.588235294117647%;width:29.78336615664293%;" type="para">Fund of Funds
JHF II American Diversified Growth &amp; Income Portfolio
JHF II American Fundamental Holdings Portfolio</div></box><box><div coordinates="2562,6194,131,123" index="13" style="position:fixed;left:38.812301166489924%;top:121.45098039215686%;height:2.411764705882353%;width:1.9845477957885167%;" type="para" /></box></Blocks></page><page num="9" src="img/Bi2i_0961/Bi2i_0961-08.jpg" txt_src="img/Bi2i_0961/Bi2i_0961-08.txt"><Blocks><box><div coordinates="2295,285,589,203" index="0" style="position:fixed;left:34.76745947583699%;top:5.588235294117648%;height:3.980392156862745%;width:8.922890471140736%;" type="para">Appendix A</div></box><box><div coordinates="470,357,436,477" index="1" style="position:fixed;left:7.120133313134374%;top:7.000000000000001%;height:9.352941176470589%;width:6.605059839418271%;" type="para">STATE STREET</div></box><box><div coordinates="1061,499,139,121" index="2" style="position:fixed;left:16.07332222390547%;top:9.784313725490195%;height:2.372549019607843%;width:2.105741554309953%;" type="para" /></box><box><div coordinates="1293,497,739,123" index="3" style="position:fixed;left:19.587941221027116%;top:9.745098039215687%;height:2.411764705882353%;width:11.195273443417664%;" type="para" /></box><box><div coordinates="2033,499,168,121" index="4" style="position:fixed;left:30.79836388425996%;top:9.784313725490195%;height:2.372549019607843%;width:2.545068928950159%;" type="para" /></box><box><div coordinates="2207,499,155,121" index="5" style="position:fixed;left:33.4343281321012%;top:9.784313725490195%;height:2.372549019607843%;width:2.348129071352825%;" type="para" /></box><box><div coordinates="3943,499,121,121" index="6" style="position:fixed;left:59.73337373125284%;top:9.784313725490195%;height:2.372549019607843%;width:1.8330555976367218%;" type="para" /></box><box><div coordinates="2527,503,238,121" index="7" style="position:fixed;left:38.282078472958645%;top:9.862745098039216%;height:2.372549019607843%;width:3.6055143160127257%;" type="para" /></box><box><div coordinates="2813,503,189,121" index="8" style="position:fixed;left:42.61475534009998%;top:9.862745098039216%;height:2.372549019607843%;width:2.863202545068929%;" type="para" /></box><box><div coordinates="1087,646,1753,1886" index="9" style="position:fixed;left:16.467201939100136%;top:12.666666666666668%;height:36.98039215686275%;width:26.556582336009694%;" type="para">JHF II American Global Diversification Portfolio
JHF II Lifecycle 2010 Portfolio

JHF II Lifecycle 2015 Portfolio

JHF II Lifecycle 2020 Portfolio

JHEF II Lifecycle 2025 Portfolio

JHF II Lifecycle 2030 Portfolio

JHF II Lifecycle 2035 Portfolio

JHF II Lifecycle 2040 Portfolio

JHF II Lifecycle 2045 Portfolio

JHF II Lifecycle Retirement Portfolio

JHF II Lifestyle Aggressive Portfolio

JHF II Lifestyle Balanced Portfolio

JHF II Lifestyle Conservative Portfolio

JHF II Lifestyle Growth Portfolio

JHF II Lifestyle Moderate Portfolio

JHF II Retirement Distribution Portfolio

JHF II Retirement Rising Distribution Portfolio</div></box><box><div coordinates="1094,2574,1258,810" index="10" style="position:fixed;left:16.573246477806393%;top:50.47058823529412%;height:15.88235294117647%;width:19.057718527495833%;" type="para">Index

JHF II Absolute Return Portfolio
JHF II Index 500 Fund

JHF II International Equity Index Fu
JHF 1I Mid Cap Index Fund

JHF II Small Cap Index Fund

JHEF II Total Bond Market</div></box><box><div coordinates="2379,2939,121,121" index="11" style="position:fixed;left:36.03999394031207%;top:57.62745098039216%;height:2.372549019607843%;width:1.8330555976367218%;" type="para">1d</div></box><box><div coordinates="1091,3436,1415,1352" index="12" style="position:fixed;left:16.527798818360854%;top:67.37254901960785%;height:26.509803921568626%;width:21.436146038479016%;" type="para">JOHN HANCOCK FUNDS III

JHF III Classic Mega Cap Fund
JHF III Global Shareholder Yield Fund
JHF III Growth Fund

JHF III Growth Opportunities Fund
JHF III International Core Fund
JHF III International Growth Fund
JHF III Intrinsic Value Fund

JHF III Leveraged Companies Fund
JHF III Rainier Growth Fund

JHF III US Core Fund

JHF III Value Opportunities Fund</div></box><box><div coordinates="1106,4860,1448,278" index="13" style="position:fixed;left:16.755037115588546%;top:95.29411764705881%;height:5.450980392156863%;width:21.93607029237994%;" type="para">FOF - Index
JHF III International Allocation Portfolio</div></box><box><div coordinates="1100,5290,1342,384" index="14" style="position:fixed;left:16.66414179669747%;top:103.72549019607844%;height:7.529411764705881%;width:20.330252991970912%;" type="para">NON-CUSTODY ACCOUNTS
John Hancock Bulk Trading Account
John Hancock Joint Repo Account</div></box><box><div coordinates="2532,6234,126,137" index="15" style="position:fixed;left:38.35782457203454%;top:122.23529411764706%;height:2.686274509803922%;width:1.9088016967126193%;" type="para" /></box></Blocks></page><page num="10" src="img/Bi2i_0961/Bi2i_0961-09.jpg" txt_src="img/Bi2i_0961/Bi2i_0961-09.txt"><Blocks><box><div coordinates="184,129,121,121" index="0" style="position:fixed;left:2.7874564459930316%;top:2.5294117647058822%;height:2.372549019607843%;width:1.8330555976367218%;" type="para" /></box><box><div coordinates="1377,311,2443,533" index="1" style="position:fixed;left:20.860475685502198%;top:6.098039215686275%;height:10.450980392156863%;width:37.009544008483566%;" type="para">State Street Bank and Trust Company
Fund Accounting and Custodian Services Fee Schedule
Schedule for Fixed Credit
Schedule A</div></box><box><div coordinates="486,389,414,475" index="2" style="position:fixed;left:7.362520830177245%;top:7.627450980392157%;height:9.313725490196079%;width:6.2717770034843205%;" type="para">STATE STREET</div></box><box><div coordinates="625,1130,821,170" index="3" style="position:fixed;left:9.468262384487199%;top:22.15686274509804%;height:3.3333333333333335%;width:12.437509468262384%;" type="para">All Amounts are in $</div></box><box><div coordinates="624,1322,1272,185" index="4" style="position:fixed;left:9.45311316467202%;top:25.92156862745098%;height:3.6274509803921573%;width:19.269807604908348%;" type="para">Total Monthly Credit = $375, 000</div></box><box><div coordinates="605,1706,617,190" index="5" style="position:fixed;left:9.165277988183608%;top:33.450980392156865%;height:3.7254901960784315%;width:9.347068625965763%;" type="para">FUND NAME</div></box><box><div coordinates="2537,1708,1561,194" index="6" style="position:fixed;left:38.43357067111044%;top:33.490196078431374%;height:3.8039215686274512%;width:23.647932131495228%;" type="para">FUND NUMBER MONTHY CREDIT</div></box><box><div coordinates="606,1914,1838,1102" index="7" style="position:fixed;left:9.180427207998788%;top:37.529411764705884%;height:21.6078431372549%;width:27.84426602029996%;" type="para">John Hancock Funds

JH Classic Value Fund II

JH Financial Industries Fund

JH Greater China Opportunities Fund

JH Large Cap Equity Fund

JH Preferred Income Fund III

JH Small Cap Equity Fund

JH Small Cap Intrinsic Value Fund

JH Strategic Income Fund

JH Tax Advantaged Global Shareholder Yield Fund</div></box><box><div coordinates="3666,2028,390,990" index="8" style="position:fixed;left:55.53703984244811%;top:39.76470588235294%;height:19.411764705882355%;width:5.9081957279200115%;" type="para">1,128.41
5,241.90
14,705.10
15,033.12
5,733.88
2,818.83
5,658.97
34,126.05
2,691.90</div></box><box><div coordinates="3326,2047,123,123" index="9" style="position:fixed;left:50.38630510528708%;top:40.13725490196079%;height:2.411764705882353%;width:1.8633540372670807%;" type="para" /></box><box><div coordinates="609,3054,1413,2980" index="10" style="position:fixed;left:9.225874867444327%;top:59.88235294117648%;height:58.43137254901961%;width:21.40584759884866%;" type="para">John Hancock Trust

JHT Money Market Trust B

JHT Growth &amp; Income Trust

JHT Emerging Small Company Trust
JHT Real Estate Securities Trust
JHT Natural Resources Trust

JHT Large Cap Value Trust

JHT Small Cap Opportunities Trust
JHT U.S. Global Leaders Growth Trust
JHT Quantitative Value Trust

JHT Strategic Income Trust

JHT Large Cap

JHT International Opportunities Trust
JHT Small Cap Trust

JHT Value &amp; Restructuring Trust
JHT Real Estate Equity Trust

JHT Money Market Trust

JHT Blue Chip Growth Trust

JHT Equity-Income Trust

JHT Global Bond Trust

JHT All Cap Growth Trust

JHT All Cap Core Trust

JHT Value Trust

JHT U.S. Large Cap Trust

JHT Dynamic Growth Trust

JHT Capital Appreciation Trust

JHT Financial Services Trust

JHT Mid Cap Intersection Trust</div></box><box><div coordinates="2760,3156,292,2864" index="11" style="position:fixed;left:41.81184668989547%;top:61.882352941176464%;height:56.15686274509804%;width:4.423572186032419%;" type="para" /></box><box><div coordinates="3638,3158,426,2860" index="12" style="position:fixed;left:55.11286168762308%;top:61.92156862745099%;height:56.07843137254902%;width:6.453567641266475%;" type="para">6,207.33
9,750.72
1,660.30
4,107.38
14,070.43
4,871.67
2,382.97
2,358.29
5,564.05
4,265.97
4,303.99
19,507.65
1,256.30
4,397.03
2,411.17
27,896.98
19,677.38
10,146.58
23,669.46
1,857.07
3,959.42
3,259.18
4,123.46
1,718.06
7,055.31
1,339.61
2,145.25</div></box><box><div coordinates="1714,4296,261,170" index="13" style="position:fixed;left:25.965762763217693%;top:84.23529411764706%;height:3.3333333333333335%;width:3.9539463717618544%;" type="para">, Trust</div></box><box><div coordinates="2482,6248,281,169" index="14" style="position:fixed;left:37.600363581275566%;top:122.50980392156863%;height:3.313725490196078%;width:4.256930768065445%;" type="para">1of2</div></box></Blocks></page><page num="11" src="img/Bi2i_0961/Bi2i_0961-10.jpg" txt_src="img/Bi2i_0961/Bi2i_0961-10.txt"><Blocks><box><div coordinates="479,383,413,479" index="0" style="position:fixed;left:7.25647629147099%;top:7.509803921568628%;height:9.392156862745098%;width:6.256627783669141%;" type="para" /></box><box><div coordinates="2304,778,578,184" index="1" style="position:fixed;left:34.90380245417361%;top:15.254901960784315%;height:3.607843137254902%;width:8.756249053173763%;" type="para">Schedule A</div></box><box><div coordinates="594,1134,1332,290" index="2" style="position:fixed;left:8.998636570216634%;top:22.235294117647058%;height:5.686274509803922%;width:20.178760793819116%;" type="para">FUND NAME
JHT Small Cap Intrinsic Value Trust</div></box><box><div coordinates="2532,1134,1563,274" index="3" style="position:fixed;left:38.35782457203454%;top:22.235294117647058%;height:5.372549019607844%;width:23.678230571125585%;" type="para">FUND NUMBER MONTHY CREDIT
2CIR 2,746.06</div></box><box><div coordinates="597,1446,1305,274" index="4" style="position:fixed;left:9.044084229662172%;top:28.352941176470587%;height:5.372549019607844%;width:19.769731858809273%;" type="para">DFA
JHT Emerging Markets Value Trust</div></box><box><div coordinates="2755,1548,281,170" index="5" style="position:fixed;left:41.736100590819575%;top:30.352941176470587%;height:3.3333333333333335%;width:4.256930768065445%;" type="para">2CIA</div></box><box><div coordinates="3776,1548,251,170" index="6" style="position:fixed;left:57.20345402211786%;top:30.352941176470587%;height:3.3333333333333335%;width:3.802454173610059%;" type="para">146.52</div></box><box><div coordinates="596,1756,1442,1844" index="7" style="position:fixed;left:9.028935009846993%;top:34.431372549019606%;height:36.15686274509804%;width:21.845174973488866%;" type="para">John Hancock Funds II

JHF II Capital Appreciation Fund
JHF II Fundamental Value Fund
JHF II Natural Resources Fund
JHF II Large Cap Value Fund

JHF II Emerging Growth Fund
JHF II Optimized Value Fund

JHF II Large Cap Fund

JHF II International Opportunities Fund
JHF II Small Cap Fund

JHF II Blue Chip Growth Fund
JHF II Value &amp; Restructuring Fund
JHF II Real Estate Equity Fund
JHF II High Income Fund

JHF II All Cap Core Fund

JHF II Strategic Income Fund

JHF II Mid Cap Intersection Fund</div></box><box><div coordinates="3618,1858,440,1722" index="8" style="position:fixed;left:54.809877291319495%;top:36.431372549019606%;height:33.76470588235294%;width:6.665656718678988%;" type="para">7,652.04
5,458.37
11,921.92
4,987.22
1,526.66
5,461.02
1,555.36
20,256.04
1,431.86
11,366.63
3,369.44
2,225.36
1,929.54
3,289.69
4,675.92
3,213.49</div></box><box><div coordinates="2738,1860,328,1722" index="9" style="position:fixed;left:41.47856385396152%;top:36.470588235294116%;height:33.76470588235294%;width:4.968944099378882%;" type="para">2CVA
2CVB
2CZF
2CZG
2CZL
2CZP
2CZQ
2CZR
2CZV
2CZY
2DAE
2DB]J
2DBM
2DBN
2DBP
2DCP</div></box><box><div coordinates="606,3722,1084,274" index="10" style="position:fixed;left:9.180427207998788%;top:72.98039215686275%;height:5.372549019607844%;width:16.4217542796546%;" type="para">John Hancock Funds III
JHF III Global Shareholder Yi</div></box><box><div coordinates="1709,3824,315,170" index="11" style="position:fixed;left:25.890016664141797%;top:74.98039215686273%;height:3.3333333333333335%;width:4.7720042417815485%;" type="para">1d Fund</div></box><box><div coordinates="2796,3824,257,170" index="12" style="position:fixed;left:42.35721860324193%;top:74.98039215686273%;height:3.3333333333333335%;width:3.8933494925011365%;" type="para">2CY5</div></box><box><div coordinates="3724,3821,338,163" index="13" style="position:fixed;left:56.415694591728524%;top:74.92156862745098%;height:3.1960784313725488%;width:5.120436297530677%;" type="para">685.70</div></box><box><div coordinates="2475,6264,290,155" index="14" style="position:fixed;left:37.49431904256931%;top:122.82352941176471%;height:3.0392156862745097%;width:4.393273746402061%;" type="para">2 of 2</div></box></Blocks></page></doc>