<doc doi="Bi2i_0920" name="/prcanalyt/test-pra1/inventory_module/InputProcessing/741/312/741312626D4A5C1C767B20755BE4A805A60FC5C4.pdf"><page num="1" src="img/Bi2i_0920/Bi2i_0920-00.jpg" txt_src="img/Bi2i_0920/Bi2i_0920-00.txt"><Blocks><box><div coordinates="2149,366,703,172" index="0" style="position:fixed;left:32.555673382820785%;top:7.1764705882352935%;height:3.3725490196078427%;width:10.649901530071201%;" type="para">STATE STREET</div></box><box><div coordinates="1572,570,1910,577" index="1" style="position:fixed;left:23.814573549462203%;top:11.176470588235295%;height:11.313725490196079%;width:28.93500984699288%;" type="para">CUSTODY FEE SCHEDULE
For
MERRILL LYNCH, PIERCE, FENNER &amp; SMITH
as Custodian for
MAINE COLLEGE SAVINGS PROGRAM</div></box><box><div coordinates="687,1188,127,169" index="2" style="position:fixed;left:10.40751401302833%;top:23.294117647058822%;height:3.313725490196078%;width:1.9239509165277988%;" type="para" /></box><box><div coordinates="1003,1185,625,169" index="3" style="position:fixed;left:15.194667474625057%;top:23.235294117647058%;height:3.313725490196078%;width:9.468262384487199%;" type="para">Administration</div></box><box><div coordinates="984,1366,3374,391" index="4" style="position:fixed;left:14.906832298136646%;top:26.784313725490193%;height:7.666666666666666%;width:51.11346765641569%;" type="para">Custody Service: Maintain custody of fund assets. Settle portfolio purchases and sales.
Report buy and sell fails. Collect portfolio income. Make cash disbursements and report cash

transactions.</div></box><box><div coordinates="3264,1768,1097,186" index="5" style="position:fixed;left:49.44705347674595%;top:34.66666666666667%;height:3.6470588235294117%;width:16.618694137251932%;" type="para">yable monthly, based on month</div></box><box><div coordinates="996,1774,2254,285" index="6" style="position:fixed;left:15.0886229359188%;top:34.78431372549019%;height:5.588235294117648%;width:34.146341463414636%;" type="para">The administration fees shown below are an annual charge, and pe
end market values.</div></box><box><div coordinates="1854,2175,1361,176" index="7" style="position:fixed;left:28.086653537342826%;top:42.64705882352941%;height:3.4509803921568625%;width:20.618088168459327%;" type="para">ANNUAL FEES PER PORTFOLIO</div></box><box><div coordinates="2172,2376,365,188" index="8" style="position:fixed;left:32.904105438569914%;top:46.588235294117645%;height:3.686274509803922%;width:5.529465232540525%;" type="para">Custody</div></box><box><div coordinates="996,2676,1610,482" index="9" style="position:fixed;left:15.0886229359188%;top:52.470588235294116%;height:9.450980392156863%;width:24.390243902439025%;" type="para">Domestic Fund Month-End Market Values
First $400 Million
Next $1,600 Million
Excess of $2,000 Million</div></box><box><div coordinates="3397,2769,286,386" index="10" style="position:fixed;left:51.46189971216483%;top:54.294117647058826%;height:7.568627450980392%;width:4.332676867141342%;" type="para">25 bp
25 bp
20 bp</div></box><box><div coordinates="991,3180,1521,380" index="11" style="position:fixed;left:15.012876836842903%;top:62.35294117647059%;height:7.450980392156863%;width:23.041963338888046%;" type="para">Global Fund Month-End Market Values
United Kingdom
Euroclear/Cedel</div></box><box><div coordinates="3423,3274,242,283" index="12" style="position:fixed;left:51.855779427359494%;top:64.19607843137256%;height:5.549019607843137%;width:3.6661111952734435%;" type="para">1 bp
1 bp</div></box><box><div coordinates="996,3777,1730,197" index="13" style="position:fixed;left:15.0886229359188%;top:74.05882352941177%;height:3.8627450980392157%;width:26.20815028026057%;" type="para">Portfolio Trades - for each line item processed</div></box><box><div coordinates="696,3792,160,167" index="14" style="position:fixed;left:10.543856991364944%;top:74.3529411764706%;height:3.2745098039215685%;width:2.423875170428723%;" type="para">II</div></box><box><div coordinates="996,3982,827,190" index="15" style="position:fixed;left:15.0886229359188%;top:78.07843137254902%;height:3.7254901960784315%;width:12.52840478715346%;" type="para">Domestic Transactions</div></box><box><div coordinates="3679,4167,370,1265" index="16" style="position:fixed;left:55.733979700045445%;top:81.70588235294117%;height:24.80392156862745%;width:5.605211331616422%;" type="para">$ 10.00
$ 5.00
$10.00
$20.00
$ 4.00
$ 4.00
$ 4.00
$ 30.00
$25.00
$30.00
&#167; 7.00
$ 8.00</div></box><box><div coordinates="993,4182,1691,1295" index="17" style="position:fixed;left:15.043175276473262%;top:82.0%;height:25.392156862745097%;width:25.617330707468568%;" type="para">Physical buy/sell

DTC/Fed buy/sell

SSB NY commercial paper rec/sell/maturities
Transactions unrelated to securities &amp; TPFX
PTC paydowns |
Incoming wires

Outgoing wires

Delivery of loan securities vs security collateral
Delivery of security collateral vs receipt of loan
Substitution of securities collateral

Boston book entry buy/sell

Maturity collections</div></box><box><div coordinates="996,5491,1250,385" index="18" style="position:fixed;left:15.0886229359188%;top:107.66666666666667%;height:7.549019607843137%;width:18.936524768974397%;" type="para">Global Transactions
United Kingdom euro CD buy/sell
Euroclear/Cedel euro CD buy/sell</div></box><box><div coordinates="3691,5581,364,265" index="19" style="position:fixed;left:55.915770337827595%;top:109.4313725490196%;height:5.196078431372549%;width:5.514316012725344%;" type="para">$ 10.00
$ 10.00</div></box><box><div coordinates="999,5899,673,190" index="20" style="position:fixed;left:15.134070595364339%;top:115.66666666666667%;height:3.7254901960784315%;width:10.195424935615815%;" type="para">Special Services</div></box><box><div coordinates="702,5905,193,169" index="21" style="position:fixed;left:10.634752310256022%;top:115.78431372549021%;height:3.313725490196078%;width:2.923799424329647%;" type="para">II</div></box><box><div coordinates="999,6086,3337,495" index="22" style="position:fixed;left:15.134070595364339%;top:119.33333333333334%;height:9.705882352941178%;width:50.55294652325405%;" type="para">Fees for activities of a non-recurring nature such as fund consolidations or reorganizations,
extraordinary security shipments and the preparation of special reports will be subject to
negotiation. Fees for the tax accounting / record keeping for options, financial futures and other
special items will be negotiated separately.</div></box></Blocks></page><page num="2" src="img/Bi2i_0920/Bi2i_0920-01.jpg" txt_src="img/Bi2i_0920/Bi2i_0920-01.txt"><Blocks><box><div coordinates="4970,0,130,61" index="0" style="position:fixed;left:75.2916224814422%;top:0.0%;height:1.196078431372549%;width:1.9693985759733375%;" type="para" /></box><box><div coordinates="996,498,937,190" index="1" style="position:fixed;left:15.0886229359188%;top:9.76470588235294%;height:3.7254901960784315%;width:14.194818966823208%;" type="para">Out of Pocket Expenses</div></box><box><div coordinates="705,505,169,171" index="2" style="position:fixed;left:10.68019996970156%;top:9.901960784313726%;height:3.3529411764705883%;width:2.5602181487653386%;" type="para">IV</div></box><box><div coordinates="999,688,3347,303" index="3" style="position:fixed;left:15.134070595364339%;top:13.49019607843137%;height:5.9411764705882355%;width:50.70443872140584%;" type="para">A billing for the recovery of applicable out of pocket expenses will be made as of the end of each
month. Out of pocket fees include, but are not limited to the following:</div></box><box><div coordinates="999,1005,1127,1078" index="4" style="position:fixed;left:15.134070595364339%;top:19.705882352941178%;height:21.137254901960784%;width:17.073170731707318%;" type="para">Telephone

Postage and Insurance

Courier Service

Duplicating

Legal Fees

Supplies related to fund records
Rush transfers: 38.00 each
Transfer fees

Sub custodian charges

Price Waterhouse audit letters</div></box><box><div coordinates="699,2196,1958,1084" index="5" style="position:fixed;left:10.589304650810483%;top:43.05882352941177%;height:21.254901960784313%;width:29.662172398121495%;" type="para">Merrill Lynch, Jierce Fenner &amp; Smith Incorporated</div></box><box><div coordinates="3085,2199,726,172" index="6" style="position:fixed;left:46.73534312982881%;top:43.11764705882353%;height:3.3725490196078427%;width:10.99833358582033%;" type="para">State Street Bank</div></box><box><div coordinates="3093,2401,1499,806" index="7" style="position:fixed;left:46.85653688835025%;top:47.07843137254902%;height:15.803921568627452%;width:22.7086805029541%;" type="para">7
By;

Title: Ja Si
Date: Z / /</div></box><box><div coordinates="708,2613,220,187" index="8" style="position:fixed;left:10.7256476291471%;top:51.23529411764706%;height:3.6666666666666665%;width:3.332828359339494%;" type="para">By:</div></box><box><div coordinates="3093,3000,289,170" index="9" style="position:fixed;left:46.85653688835025%;top:58.82352941176471%;height:3.3333333333333335%;width:4.378124526586881%;" type="para">Date:</div></box><box><div coordinates="705,3015,294,170" index="10" style="position:fixed;left:10.68019996970156%;top:59.11764705882353%;height:3.3333333333333335%;width:4.453870625662779%;" type="para">Date:</div></box></Blocks></page></doc>