<doc doi="Bi2i_0844" name="/prcanalyt/test-pra1/inventory_module/InputProcessing/6BE/D32/6BED326EA034DCFF2D6DD70586BBA16EE1A1D366.pdf"><page num="1" src="img/Bi2i_0844/Bi2i_0844-00.jpg" txt_src="img/Bi2i_0844/Bi2i_0844-00.txt"><Blocks><box><div coordinates="537,285,4028,298" index="0" style="position:fixed;left:8.135131040751402%;top:5.588235294117648%;height:5.843137254901961%;width:61.0210574155431%;" type="para" /></box><box><div coordinates="1380,699,2345,445" index="1" style="position:fixed;left:20.905923344947734%;top:13.705882352941176%;height:8.72549019607843%;width:35.52492046659597%;" type="para">CONFIDENTIAL FEE SCHEDULE
INTECH INVESTMENT MANAGEMENT LLC
FEBRUARY 1, 2013</div></box><box><div coordinates="465,1173,4193,1186" index="2" style="position:fixed;left:7.044387214058475%;top:23.0%;height:23.254901960784313%;width:63.52067868504771%;" type="para">CUSTODY SERVICES

This fee schedule is for services (the &#8220;Services&#8482;) provided by State Street Bank and Trust Company or its affiliates
(&#8220;State Streer&#8217;) to the Funds (as defined below) pursuant to that certain Custodian Agreement by and between State
Street and INTECH Investment Management LLC dated as of February 1, 2013, as may be amended, supplemented,
restated or otherwise modified from time to time{ the &#8220;Agreement&#8221;). This fee schedule shall apply to all funds,
portfolios or accounts that may be party to or subject to the Agreement from time to time (each a &#8220;Fund&#8221; and
collectively, the &#8220;Funds&#8221;).</div></box><box><div coordinates="561,2362,3863,384" index="3" style="position:fixed;left:8.498712316315709%;top:46.31372549019608%;height:7.529411764705881%;width:58.521436146038475%;" type="para">For the provision of custody services pursuant to the Agreement, State Street shall be entitled to the fees set forth
below. This amount does not include transaction processing fees*, foreign custody, out-of-pocket expenses or any
other fees, charges or expenses specifically identified in this fee schedule.</div></box><box><div coordinates="558,2755,3968,285" index="4" style="position:fixed;left:8.453264656870171%;top:54.01960784313725%;height:5.588235294117648%;width:60.112104226632326%;" type="para">See Appendix 1 for information on transaction processing fees including important information on
foreign currency exchange transactions,</div></box><box><div coordinates="549,3048,547,185" index="5" style="position:fixed;left:8.316921678533555%;top:59.76470588235294%;height:3.6274509803921573%;width:8.286623238903196%;" type="para">Annual Fees</div></box><box><div coordinates="567,3240,1636,173" index="6" style="position:fixed;left:8.589607635206786%;top:63.52941176470588%;height:3.392156862745098%;width:24.78412361763369%;" type="para">The custody fee shown below is an annual charg</div></box><box><div coordinates="2226,3243,1835,188" index="7" style="position:fixed;left:33.72216330858961%;top:63.588235294117645%;height:3.686274509803922%;width:27.798818360854415%;" type="para">, payable monthly, based on month end market values.</div></box><box><div coordinates="555,3435,1610,173" index="8" style="position:fixed;left:8.407816997424632%;top:67.3529411764706%;height:3.392156862745098%;width:24.390243902439025%;" type="para">Domestic Aggregate Month End Market Value</div></box><box><div coordinates="3247,3439,604,190" index="9" style="position:fixed;left:49.18951673988789%;top:67.43137254901961%;height:3.7254901960784315%;width:9.150128768368429%;" type="para">035 basis point</div></box><box><div coordinates="552,3631,630,187" index="10" style="position:fixed;left:8.362369337979095%;top:71.19607843137254%;height:3.6666666666666665%;width:9.544008483563097%;" type="para">Foreign Custody</div></box><box><div coordinates="3370,3636,511,188" index="11" style="position:fixed;left:51.05287077715498%;top:71.29411764705881%;height:3.686274509803922%;width:7.741251325556734%;" type="para">c Appendix 2</div></box><box><div coordinates="3229,3643,135,139" index="12" style="position:fixed;left:48.916830783214664%;top:71.43137254901961%;height:2.7254901960784315%;width:2.0451446750492352%;" type="para">Se</div></box><box><div coordinates="544,3829,641,187" index="13" style="position:fixed;left:8.241175579457657%;top:75.07843137254902%;height:3.6666666666666665%;width:9.710649901530072%;" type="para">Balance Credit</div></box><box><div coordinates="546,4021,3977,373" index="14" style="position:fixed;left:8.271474019088016%;top:78.84313725490196%;height:7.313725490196078%;width:60.24844720496895%;" type="para">The balance credit equals 80% of the average collected credit balance in the custodian account for the month billed
times the 90-day T-Bill Rate on the last Monday of the month billed and will be applied to the asset fee charge for
that month. State Street reserves the right, with notice, to change balance credit rates.</div></box><box><div coordinates="522,4408,4169,253" index="15" style="position:fixed;left:7.907892743523709%;top:86.4313725490196%;height:4.96078431372549%;width:63.15709740948341%;" type="para">0. Additional Services</div></box><box><div coordinates="537,4669,3908,580" index="16" style="position:fixed;left:8.135131040751402%;top:91.54901960784314%;height:11.372549019607844%;width:59.203151037721554%;" type="para">Additional special activities of a non-recurring nature such as fund consolidations or reorganizations, extraordinary
security shipments and the preparation of special reports will be subject to negotiation. There will be a fee of $150
per hour for customized programining or customized transmissions. Fees for other special items will be negotiated
separately. There will be an annual fee of $1,200 for maintenance of customized programming, transmissions or
other customized development.</div></box><box><div coordinates="534,5257,3980,463" index="17" style="position:fixed;left:8.089683381305862%;top:103.07843137254902%;height:9.07843137254902%;width:60.29389486441449%;" type="para">Significant regulatory changes, significant legal changes or changes in the Funds&#8217; service elections or status may, as
a result of such changes, necessitate additional services, processing or reports. In these instances, if State Street
elects to provide such services or arrange for their provision, State Street shall be entitled to additional fees and
expenses as negotiated with the Funds,</div></box><box><div coordinates="2463,6112,122,157" index="18" style="position:fixed;left:37.31252840478715%;top:119.84313725490196%;height:3.0784313725490198%;width:1.8482048174519012%;" type="para" /></box></Blocks></page><page num="2" src="img/Bi2i_0844/Bi2i_0844-01.jpg" txt_src="img/Bi2i_0844/Bi2i_0844-01.txt"><Blocks><box><div coordinates="534,273,4028,307" index="0" style="position:fixed;left:8.089683381305862%;top:5.352941176470588%;height:6.019607843137255%;width:61.0210574155431%;" type="para" /></box><box><div coordinates="498,660,4202,253" index="1" style="position:fixed;left:7.5443114679594%;top:12.941176470588237%;height:4.96078431372549%;width:63.65702166338434%;" type="para" /></box><box><div coordinates="561,922,3958,558" index="2" style="position:fixed;left:8.498712316315709%;top:18.07843137254902%;height:10.941176470588236%;width:59.96061202848053%;" type="para">A billing for the recovery of reimbursable expenses, direct pass-through fees and other charges, as applicable, will be
made as of the end of each month. Unless indicated otherwise, the Funds&#8217; share of such expenses, fees and charges
will be based upon actual usage of a service or an allocated charge for the use of the service for the benefit of the
Funds. New or increased fees imposed upon State Street beyond State Street&#8217;s control will be passed through to the
Funds.</div></box><box><div coordinates="553,1509,954,364" index="3" style="position:fixed;left:8.377518557794273%;top:29.58823529411765%;height:7.137254901960784%;width:14.45235570368126%;" type="para">Out-of-Pocket Expenses
The Funds will reimburse S

to, the following:</div></box><box><div coordinates="1509,1608,2360,187" index="4" style="position:fixed;left:22.860172701105892%;top:31.529411764705884%;height:3.6666666666666665%;width:35.75215876382366%;" type="para">tate Street for out-of-pocket expenses incurred on their behalf including</div></box><box><div coordinates="3871,1611,589,172" index="5" style="position:fixed;left:58.64262990455992%;top:31.588235294117645%;height:3.3725490196078427%;width:8.922890471140736%;" type="para">but not limited</div></box><box><div coordinates="849,1908,2270,682" index="6" style="position:fixed;left:12.86168762308741%;top:37.411764705882355%;height:13.372549019607844%;width:34.38872898045751%;" type="para">Wire Charges ($5.00 per wire)

Legal Fees

Sub custodian Charges

Federal Reserve Fee for Return Check items over $ 2,500 ($4.25)
SAS 70 Report

CCO Attestation Report ($100.00 per fund)</div></box><box><div coordinates="552,2605,3917,364" index="7" style="position:fixed;left:8.362369337979095%;top:51.07843137254902%;height:7.137254901960784%;width:59.33949401605817%;" type="para">Direct Pass-Through Vendor Fees
The Funds will reimburse State Street for direct pass-through vendor fees incurred on their behalf including, but not
limited to, the following:</div></box><box><div coordinates="576,2998,1937,388" index="8" style="position:fixed;left:8.725950613543402%;top:58.7843137254902%;height:7.6078431372549025%;width:29.34403878200273%;" type="para">e Miscellaneous expenses incurred in connection with
foreign custody (e.g., stamp duties, registration
costs, script fees, special transportation costs)</div></box><box><div coordinates="489,3381,4199,259" index="9" style="position:fixed;left:7.407968489622785%;top:66.29411764705883%;height:5.078431372549019%;width:63.6115740039388%;" type="para" /></box><box><div coordinates="486,3634,4202,535" index="10" style="position:fixed;left:7.362520830177245%;top:71.25490196078431%;height:10.490196078431373%;width:63.65702166338434%;" type="para">Overdrafts are not allowed; however, should one occur, a charge will be imposed by State Street based on 100% of
the balance at a rate equivalent to Federal Funds Rate, as applicable.</div></box><box><div coordinates="3013,3644,1501,186" index="11" style="position:fixed;left:45.64459930313589%;top:71.45098039215686%;height:3.6470588235294117%;width:22.738978942584456%;" type="para">imposed by State Street based on 100% of</div></box><box><div coordinates="480,4162,4205,535" index="12" style="position:fixed;left:7.271625511286168%;top:81.6078431372549%;height:10.490196078431373%;width:63.70246932282987%;" type="para">This fee schedule is the confidential information of the parties and shall not be disclosed to any third party without
the prior written consent of the other parties.</div></box><box><div coordinates="2625,4171,1793,175" index="13" style="position:fixed;left:39.76670201484623%;top:81.7843137254902%;height:3.431372549019608%;width:27.162551128616876%;" type="para">and shall not be disclosed to any third party without</div></box><box><div coordinates="531,4702,3980,481" index="14" style="position:fixed;left:8.044235721860323%;top:92.19607843137256%;height:9.431372549019608%;width:60.29389486441449%;" type="para">The fees, charges and expenses set forth herein will be charged monthly and auto debited against each Fund&#8217;s
demand deposit account 5 days after the invoice is mailed to Funds&#8217; offices. Any fees or reimbursable expenses not
paid within 30 days of the date of the original invoice will be charged a late payment fee of 1% per month until
payment of the fees are received by Billing. Failure to charge a fee is not a waiver of that fee.</div></box><box><div coordinates="474,5293,4205,256" index="15" style="position:fixed;left:7.180730192395092%;top:103.7843137254902%;height:5.019607843137255%;width:63.70246932282987%;" type="para" /></box><box><div coordinates="510,5543,4013,693" index="16" style="position:fixed;left:7.726102105741554%;top:108.68627450980392%;height:13.588235294117649%;width:60.793819118315405%;" type="para">This fee schedule shall become effective upon the commencement of the provision of the Services and shall remain
in effect until January 31, 2016 and from year to year thereafter, until it is revised as a result of negotiations initiated

by either party.</div></box></Blocks></page><page num="3" src="img/Bi2i_0844/Bi2i_0844-02.jpg" txt_src="img/Bi2i_0844/Bi2i_0844-02.txt"><Blocks><box><div coordinates="531,291,4034,298" index="0" style="position:fixed;left:8.044235721860323%;top:5.705882352941177%;height:5.843137254901961%;width:61.11195273443417%;" type="para" /></box><box><div coordinates="504,675,4199,247" index="1" style="position:fixed;left:7.635206786850477%;top:13.23529411764706%;height:4.8431372549019605%;width:63.6115740039388%;" type="para" /></box><box><div coordinates="564,936,1468,876" index="2" style="position:fixed;left:8.544159975761248%;top:18.352941176470587%;height:17.176470588235293%;width:22.23905468868353%;" type="para">INTECH INVESTMENT
MANAGEMENT LLC</div></box><box><div coordinates="2640,939,1456,265" index="3" style="position:fixed;left:39.99394031207393%;top:18.41176470588235%;height:5.196078431372549%;width:22.057264050901377%;" type="para">STATE STREET BANK AND TRUST
COMPANY</div></box><box><div coordinates="2971,1215,1002,330" index="4" style="position:fixed;left:45.00833207089835%;top:23.823529411764703%;height:6.470588235294119%;width:15.179518254809876%;" type="para" /></box><box><div coordinates="561,1326,187,186" index="5" style="position:fixed;left:8.498712316315709%;top:26.0%;height:3.6470588235294117%;width:2.83290410543857%;" type="para">By:</div></box><box><div coordinates="2643,1329,188,184" index="6" style="position:fixed;left:40.03938797151947%;top:26.05882352941176%;height:3.607843137254902%;width:2.8480533252537494%;" type="para">By:</div></box><box><div coordinates="3814,1540,667,233" index="7" style="position:fixed;left:57.77912437509468%;top:30.19607843137255%;height:4.568627450980392%;width:10.104529616724738%;" type="para">lac pent</div></box><box><div coordinates="3439,1558,322,201" index="8" style="position:fixed;left:52.098166944402365%;top:30.549019607843135%;height:3.9411764705882355%;width:4.878048780487805%;" type="para">\Vcce</div></box><box><div coordinates="2905,1591,516,195" index="9" style="position:fixed;left:44.008483563096505%;top:31.19607843137255%;height:3.823529411764706%;width:7.816997424632631%;" type="para">SEM 0</div></box><box><div coordinates="573,1618,244,171" index="10" style="position:fixed;left:8.680502954097864%;top:31.725490196078432%;height:3.3529411764705883%;width:3.6964096349038025%;" type="para">Title:</div></box><box><div coordinates="2656,1622,244,170" index="11" style="position:fixed;left:40.2363278291168%;top:31.80392156862745%;height:3.3333333333333335%;width:3.6964096349038025%;" type="para">Title:</div></box><box><div coordinates="3049,1819,619,276" index="12" style="position:fixed;left:46.18997121648235%;top:35.66666666666667%;height:5.411764705882352%;width:9.377367065596122%;" type="para">3[ 7/3</div></box><box><div coordinates="906,1876,849,232" index="13" style="position:fixed;left:13.725193152552642%;top:36.7843137254902%;height:4.549019607843137%;width:12.86168762308741%;" type="para">Marcia |, 2013</div></box><box><div coordinates="558,1914,214,169" index="14" style="position:fixed;left:8.453264656870171%;top:37.529411764705884%;height:3.313725490196078%;width:3.241933040448417%;" type="para">Date</div></box><box><div coordinates="2643,1917,247,169" index="15" style="position:fixed;left:40.03938797151947%;top:37.588235294117645%;height:3.313725490196078%;width:3.7418572943493413%;" type="para">Date:</div></box><box><div coordinates="2464,6136,127,136" index="16" style="position:fixed;left:37.32767762460234%;top:120.31372549019608%;height:2.666666666666667%;width:1.9239509165277988%;" type="para" /></box></Blocks></page><page num="4" src="img/Bi2i_0844/Bi2i_0844-03.jpg" txt_src="img/Bi2i_0844/Bi2i_0844-03.txt"><Blocks><box><div coordinates="534,282,4031,298" index="0" style="position:fixed;left:8.089683381305862%;top:5.529411764705882%;height:5.843137254901961%;width:61.06650507498864%;" type="para" /></box><box><div coordinates="2287,688,519,183" index="1" style="position:fixed;left:34.64626571731556%;top:13.49019607843137%;height:3.5882352941176467%;width:7.86244508407817%;" type="para">APPENDIX 1</div></box><box><div coordinates="1719,876,1667,175" index="2" style="position:fixed;left:26.041508862293593%;top:17.176470588235293%;height:3.431372549019608%;width:25.253749431904254%;" type="para">TRANSACTION PROCESSING FEES PER TRADE'</div></box><box><div coordinates="855,1084,1880,972" index="3" style="position:fixed;left:12.952582941978488%;top:21.254901960784313%;height:19.058823529411764%;width:28.480533252537494%;" type="para">Domestic Transactions

Book Entry Settlements&#174;

Physical Settlements

Jumbo Repo Trades

Third Party Foreign Exchange*

Foreign Exchange through State Street Global Markets
Bilateral processing rates

All Other Trades

Centrally cleared processing rates</div></box><box><div coordinates="3535,1191,628,868" index="4" style="position:fixed;left:53.552492046659594%;top:23.352941176470587%;height:17.019607843137255%;width:9.513710043932736%;" type="para">$1.50
$10.00
$2.00
Waived
Waived&#8217;

See Appendix 3
$10.00

See Appendix 4</div></box><box><div coordinates="606,2065,3542,189" index="5" style="position:fixed;left:9.180427207998788%;top:40.490196078431374%;height:3.705882352941176%;width:53.65853658536586%;" type="para">*These fees and charges assume automated trade instruction/information delivery in an electronic format.</div></box><box><div coordinates="615,4045,3910,778" index="6" style="position:fixed;left:9.316770186335404%;top:79.31372549019608%;height:15.254901960784315%;width:59.23344947735192%;" type="para">' The Transaction Processing Fees are per trade processing fees charged for processing the settlement of
transactions by State Street on behalf of the Funds in connection with the provision of custody services under the
Custody Agreement. These Transaction Processing Fees, unless otherwise waived, apply whether a Fund or its
third party investment managers entered into such transactions with or through State Street or one of its affiliates
or a third party dealer or broker. The processing fees are in addition to, and are not to be construed as payments in
lieu of, any compensation (as described herein) that may be earned by State Street or any of its affiliates or by a

third party dealer or broker in connection with such transaction.</div></box><box><div coordinates="609,4831,3911,1342" index="7" style="position:fixed;left:9.225874867444327%;top:94.72549019607843%;height:26.313725490196077%;width:59.2485986971671%;" type="para">State Street Global Markets, a separate division of State Street, offers principal or &#8220;dealer&#8221; trading services as well
as agency execution services (which include its proprietary electronic trading platforms) in a variety of asset
classes, including most of those described in this schedule. A Fund or its third party fiduciary investment
managers may select State Street Global Markets to effect principal or agency transactions; however, any such
services, irrespective of whether trade orders are transmitted through State Street&#8217;s custody or trustee operations,
are conducted under contractual or other arrangements that are distinct from its services and obligations under the
Agreements. When State Street or State Street Global Markets acts as a counterparty (e.g., foreign exchange, over
the counter derivatives, repurchase transactions) to a Fund, such transactions are principal transactions and State
Street or State Street Global Markets enters into them as a dealer and not in a fiduciary, agency or similar capacity
(regardless of any other relationships between State Street and the Funds under the Agreements). In connection
with such trading or agency execution services, State Street Global Markets may receive compensation from the
Funds in a variety of forms, including a commission, click fee, revenue share, spread, mark-up, mark-down,
interest, fee or similar amount,

&#187;</div></box><box><div coordinates="2466,6109,125,163" index="8" style="position:fixed;left:37.35797606423269%;top:119.7843137254902%;height:3.1960784313725488%;width:1.8936524768974399%;" type="para" /></box></Blocks></page><page num="5" src="img/Bi2i_0844/Bi2i_0844-04.jpg" txt_src="img/Bi2i_0844/Bi2i_0844-04.txt"><Blocks><box><div coordinates="531,297,4031,298" index="0" style="position:fixed;left:8.044235721860323%;top:5.823529411764706%;height:5.843137254901961%;width:61.06650507498864%;" type="para" /></box><box><div coordinates="2284,702,522,184" index="1" style="position:fixed;left:34.60081805787002%;top:13.76470588235294%;height:3.607843137254902%;width:7.907892743523709%;" type="para">APPENDIX 2</div></box><box><div coordinates="1740,897,1619,169" index="2" style="position:fixed;left:26.35964247841236%;top:17.588235294117645%;height:3.313725490196078%;width:24.52658688077564%;" type="para">FOREIGN CUSTODY - COUNTRY BASED FEES</div></box><box><div coordinates="532,1089,4231,3596" index="3" style="position:fixed;left:8.059384941675503%;top:21.352941176470587%;height:70.50980392156862%;width:64.09634903802454%;" type="para">ry
&#169;
J
@
oo
=
&amp;
0
21
&lt;D
&amp;
&#8212;
i
oe
3
=
ao.
=
a
re
&lt;&lt;
=
=
Lev
=
pt.
&#8212;_&#8212;
oo
Le
oO
ws
=
U9
&lt;T
fo.
=
iq
-
-&#8212;
&#8212;
&gt;
e
vt
=
ot
oc
ae
e
-=
J
-
pv
oO
&#169;
=
&#8212;
~
&#8220;
-
Q
pe
&gt;
&#8482;
w
oo
oc
&#163;&#163;,
o
=
z

 
 
 
 

  

 
 
 
 

    
   
 
 
 
  
 

 

 
      
  
   
      
  
  
   
  
 
 
   
    
  

 

be negotiated and agreed upon prior to investment

HOLDINGS "COUNTRY 1 HOLDING | HOLDINGS
| | CHARGESIN | =~ AND ""CHARGESIN | AND
| BASIS POINTS | 1 TS | TRANSACTION
| (ANNUAL FEE) | | (ANNUAL FEE) | CHARGES ~~
17s | $62.50
7s | $1250
25 | $2500
25 | $1250 |
Netherlands | 75 | $1250 |
Clearstream

Thailand |] 25 | $1750 |</div></box><box><div coordinates="2349,1089,2149,187" index="4" style="position:fixed;left:35.58551734585669%;top:21.352941176470587%;height:3.6666666666666665%;width:32.555673382820785%;" type="para">charged per the chart below: Any country not listed below will</div></box></Blocks></page><page num="6" src="img/Bi2i_0844/Bi2i_0844-05.jpg" txt_src="img/Bi2i_0844/Bi2i_0844-05.txt"><Blocks><box><div coordinates="531,294,4031,298" index="0" style="position:fixed;left:8.044235721860323%;top:5.764705882352941%;height:5.843137254901961%;width:61.06650507498864%;" type="para" /></box><box><div coordinates="2283,810,520,181" index="1" style="position:fixed;left:34.585668838054836%;top:15.88235294117647%;height:3.5490196078431375%;width:7.87759430389335%;" type="para">APPENDIX 3</div></box><box><div coordinates="1944,1002,1208,169" index="2" style="position:fixed;left:29.45008332070898%;top:19.647058823529413%;height:3.313725490196078%;width:18.300257536736858%;" type="para">BILATERAL PROCESSING RATES</div></box><box><div coordinates="561,1192,829,171" index="3" style="position:fixed;left:8.498712316315709%;top:23.372549019607845%;height:3.3529411764705883%;width:12.558703226783821%;" type="para">Basic Standard Service:</div></box><box><div coordinates="546,1368,4397,1493" index="4" style="position:fixed;left:8.271474019088016%;top:26.823529411764707%;height:29.274509803921568%;width:66.61111952734434%;" type="para">p Driver Services Included Charge Rate

ransaction Charge &gt;&#187; Number of transactions &#187; Trade processing (new trades,| &#187; Charge per event
(low complexity novations and terminations), per position per
and Fund
&#187; Number of transactions &#187; Payment Services (settlement

Monthly Instrument &#187; Number of positions (low | &#187; Pricing, and &#187; Monthly charge per
harge complexity instruments) &#187; Corporate action and event position per Fund
monitoring

&#187; Number of positions (high
complexity instruments)

 

(high complexity of upfront and periodic $96
instruments payments)</div></box><box><div coordinates="555,2863,697,172" index="5" style="position:fixed;left:8.407816997424632%;top:56.13725490196079%;height:3.3725490196078427%;width:10.559006211180124%;" type="para">Value Added Servis</div></box><box><div coordinates="534,3036,4385,2312" index="6" style="position:fixed;left:8.089683381305862%;top:59.529411764705884%;height:45.33333333333333%;width:66.42932888956219%;" type="para">ategory Frequency of Charge Additional Rates

Transaction Management &#187; Manual trade capture &gt; Clhiargs Pt postion caplured of
amended
ash Management &#187; Calculation &gt; Ts er Sven per aflocored

&#187; Notification

&#187; Independent valuation

&#187; Multiple source validation
&#187; Valuation reconciliation

&#187; Trade reconciliation &#187; Monthly charge per allocated position

&#187; Document collection
Document Management &#187; Scan and store documents &#187; Monthly charge per allocated position $10
&#187; Provide document access

Information Delivery &#187; Non-standard reporting Monthly charge per customized report
&#187; CSA term tracking &#187; Annual fee per agreement

&#187; Collateral call execution &gt; Annual fee on COM
&#187; Per transaction

&#187; Risk management &#187; Annual charge per fund $1.5K-$19K
dditional Services &#187; Performance &amp; Analytics &#187; TBD

&#187; Compliance &#187; Annual charge per fund $1K-$3K

aluation &#187; Monthly charge per allocated position</div></box><box><div coordinates="1701,3039,121,121" index="7" style="position:fixed;left:25.768822905620357%;top:59.588235294117645%;height:2.372549019607843%;width:1.8330555976367218%;" type="para" /></box><box><div coordinates="4429,3766,232,169" index="8" style="position:fixed;left:67.09589456143009%;top:73.84313725490196%;height:3.313725490196078%;width:3.5146189971216484%;" type="para">$10</div></box><box><div coordinates="2451,6130,146,145" index="9" style="position:fixed;left:37.130737767005%;top:120.19607843137254%;height:2.843137254901961%;width:2.2117860930162094%;" type="para" /></box></Blocks></page><page num="7" src="img/Bi2i_0844/Bi2i_0844-06.jpg" txt_src="img/Bi2i_0844/Bi2i_0844-06.txt"><Blocks><box><div coordinates="531,279,4031,301" index="0" style="position:fixed;left:8.044235721860323%;top:5.470588235294118%;height:5.901960784313726%;width:61.06650507498864%;" type="para" /></box><box><div coordinates="2038,687,1009,181" index="1" style="position:fixed;left:30.874109983335856%;top:13.470588235294118%;height:3.5490196078431375%;width:15.285562793516133%;" type="para">APPENDIX 3 (CONTINUED)</div></box><box><div coordinates="1401,879,2270,169" index="2" style="position:fixed;left:21.224056961066506%;top:17.235294117647058%;height:3.313725490196078%;width:34.38872898045751%;" type="para">CATEGORIZATION EXAMPLES OF HIGH AND LOW COMPLEXITY</div></box><box><div coordinates="553,1162,722,186" index="3" style="position:fixed;left:8.377518557794273%;top:22.784313725490197%;height:3.6470588235294117%;width:10.937736706559612%;" type="para">Low Complexity:</div></box><box><div coordinates="2539,1165,741,186" index="4" style="position:fixed;left:38.463869110740795%;top:22.84313725490196%;height:3.6470588235294117%;width:11.225571883048023%;" type="para">High Complexity:</div></box><box><div coordinates="711,1356,979,871" index="5" style="position:fixed;left:10.771095288592637%;top:26.588235294117645%;height:17.07843137254902%;width:14.831086199060747%;" type="para">Interest Rate Swaps (IRS)

Amortizing
Cancelable
Vanilla

Zero Coupon
OIS

FRA

IR Option</div></box><box><div coordinates="2554,1359,1102,187" index="6" style="position:fixed;left:38.69110740796849%;top:26.647058823529413%;height:3.6666666666666665%;width:16.69444023632783%;" type="para">&#187; Interest Rate Swaps (IRS)</div></box><box><div coordinates="568,1380,141,133" index="7" style="position:fixed;left:8.604756855021966%;top:27.058823529411764%;height:2.607843137254902%;width:2.136039993940312%;" type="para" /></box><box><div coordinates="2986,1566,142,1118" index="8" style="position:fixed;left:45.23557036812604%;top:30.705882352941178%;height:21.92156862745098%;width:2.1511892137554915%;" type="para" /></box><box><div coordinates="3133,1569,847,1153" index="9" style="position:fixed;left:47.46250568095743%;top:30.76470588235294%;height:22.607843137254903%;width:12.83138918345705%;" type="para">Swaption

Inflation

Inflation Zero Coupon
Cross Currency
NDF

NDF Coupon
Balance Guaranteed
CMM FRA

Spread Lock

Basis

Bullet Pay</div></box><box><div coordinates="561,2725,1186,189" index="10" style="position:fixed;left:8.498712316315709%;top:53.431372549019606%;height:3.705882352941176%;width:17.96697470080291%;" type="para">&#187; Credit Default Swaps (CDS)</div></box><box><div coordinates="2550,2730,1871,187" index="11" style="position:fixed;left:38.630510528707774%;top:53.529411764705884%;height:3.6666666666666665%;width:28.34419027420088%;" type="para">&#187; Cap, Floor, FX, and Credit Default Swaps (CDS)</div></box><box><div coordinates="1143,2922,1238,269" index="12" style="position:fixed;left:17.31555824875019%;top:57.294117647058826%;height:5.2745098039215685%;width:18.754734131192244%;" type="para">Single Name Corporate/Sovereigns
Index</div></box><box><div coordinates="2544,2927,920,1050" index="13" style="position:fixed;left:38.539615209816695%;top:57.392156862745104%;height:20.588235294117645%;width:13.937282229965156%;" type="para">VVVY

Basket
Tranche
ABS
CMBS
LCDS
CDO

Equity Derivative

Return Swap

Commodity Swap

CFD</div></box><box><div coordinates="996,2934,136,236" index="14" style="position:fixed;left:15.0886229359188%;top:57.529411764705884%;height:4.627450980392156%;width:2.0602938948644143%;" type="para" /></box><box><div coordinates="2466,6103,122,124" index="15" style="position:fixed;left:37.35797606423269%;top:119.66666666666667%;height:2.431372549019608%;width:1.8482048174519012%;" type="para" /></box></Blocks></page><page num="8" src="img/Bi2i_0844/Bi2i_0844-07.jpg" txt_src="img/Bi2i_0844/Bi2i_0844-07.txt"><Blocks><box><div coordinates="534,276,4031,304" index="0" style="position:fixed;left:8.089683381305862%;top:5.411764705882352%;height:5.96078431372549%;width:61.06650507498864%;" type="para" /></box><box><div coordinates="2287,687,522,181" index="1" style="position:fixed;left:34.64626571731556%;top:13.470588235294118%;height:3.5490196078431375%;width:7.907892743523709%;" type="para">APPENDIX 4</div></box><box><div coordinates="1872,885,1352,163" index="2" style="position:fixed;left:28.359339494016055%;top:17.352941176470587%;height:3.1960784313725488%;width:20.48174519012271%;" type="para">CENTRALLY CLEARED DERIVATIVES</div></box><box><div coordinates="1176,1171,2654,3130" index="3" style="position:fixed;left:17.815482502651115%;top:22.96078431372549%;height:61.372549019607845%;width:40.20602938948644%;" type="para">STANDARD CLEARED DERIVATIVES SERVICES
Driver Services Included Frequency of
Charge
&#187; Transaction
processed (e.g., trade

capture, novations,

&#187; Number of
automated
transactions

&#187; Charge per
transaction per
allocated position

Transaction
processed (e.g., trade
capture, novations,

&#187; Number of &#187; Charge per
manual transaction per

transactions allocated position

&#187; Number of &#187; Settlement of upfront,
: a &#187; Per Payment
payments (wires periodic payments

&#187; Monthly charge
per allocated
position

&#187; NOTE: For Funds
with less than 10
positions, a charge
of $100 per Fund
per month will be
added

&#187; Calculation of
variation margin

&#187; Valuation from
exchange and Futures
Commission
Merchant (FCM)

&#187; Reconciliation with a
single FCM per Fund

&#187; Number of
allocated
positions

 

ADDITIONAL SERVICES

Components Frequency of
Charge
&#187; Number of FCMs &#187; Per additional FCM &#187; Monthly charge
er fund er Fund

&#187; Per request

     
 

 
  
       
   
  
 

    
 
  
  

 
  
 

reporting per customized</div></box><box><div coordinates="3712,1260,121,358" index="4" style="position:fixed;left:56.233903953946374%;top:24.705882352941178%;height:7.019607843137255%;width:1.8330555976367218%;" type="para" /></box><box><div coordinates="4504,1266,121,472" index="5" style="position:fixed;left:68.23208604756856%;top:24.823529411764707%;height:9.254901960784313%;width:1.8330555976367218%;" type="para" /></box><box><div coordinates="687,1330,421,171" index="6" style="position:fixed;left:10.40751401302833%;top:26.078431372549023%;height:3.3529411764705883%;width:6.377821542190578%;" type="para">Category</div></box><box><div coordinates="3841,1330,652,171" index="7" style="position:fixed;left:58.18815331010453%;top:26.078431372549023%;height:3.3529411764705883%;width:9.877291319497045%;" type="para">Standard Rates</div></box><box><div coordinates="504,1354,121,306" index="8" style="position:fixed;left:7.635206786850477%;top:26.54901960784314%;height:6.0%;width:1.8330555976367218%;" type="para" /></box><box><div coordinates="1182,1381,652,504" index="9" style="position:fixed;left:17.90637782154219%;top:27.078431372549023%;height:9.88235294117647%;width:9.877291319497045%;" type="para">Driver

 

&#187; Number of
automated
transactions</div></box><box><div coordinates="672,1569,475,265" index="10" style="position:fixed;left:10.180275715800637%;top:30.76470588235294%;height:5.196078431372549%;width:7.195879412210271%;" type="para">Transaction
Charge</div></box><box><div coordinates="4060,1626,217,169" index="11" style="position:fixed;left:61.50583244962884%;top:31.88235294117647%;height:3.313725490196078%;width:3.2873806998939554%;" type="para">$25</div></box><box><div coordinates="501,1804,121,315" index="12" style="position:fixed;left:7.589759127404938%;top:35.37254901960784%;height:6.176470588235294%;width:1.8330555976367218%;" type="para" /></box><box><div coordinates="4501,1996,121,435" index="13" style="position:fixed;left:68.18663838812301%;top:39.13725490196078%;height:8.529411764705882%;width:1.8330555976367218%;" type="para" /></box><box><div coordinates="4057,2022,223,160" index="14" style="position:fixed;left:61.46038479018331%;top:39.64705882352941%;height:3.1372549019607843%;width:3.3782760187850327%;" type="para">$50</div></box><box><div coordinates="498,2275,217,261" index="15" style="position:fixed;left:7.5443114679594%;top:44.6078431372549%;height:5.11764705882353%;width:3.2873806998939554%;" type="para" /></box><box><div coordinates="4024,2271,286,157" index="16" style="position:fixed;left:60.960460536282376%;top:44.529411764705884%;height:3.0784313725490198%;width:4.332676867141342%;" type="para">$5.00</div></box><box><div coordinates="718,2313,447,185" index="17" style="position:fixed;left:10.877139827298894%;top:45.35294117647059%;height:3.6274509803921573%;width:6.771701257385245%;" type="para">ish Payments</div></box><box><div coordinates="3706,2401,121,324" index="18" style="position:fixed;left:56.14300863505529%;top:47.07843137254902%;height:6.352941176470588%;width:1.8330555976367218%;" type="para" /></box><box><div coordinates="4498,2590,121,393" index="19" style="position:fixed;left:68.14119072867747%;top:50.78431372549019%;height:7.705882352941177%;width:1.8330555976367218%;" type="para" /></box><box><div coordinates="495,2656,121,285" index="20" style="position:fixed;left:7.498863808513861%;top:52.07843137254902%;height:5.588235294117648%;width:1.8330555976367218%;" type="para" /></box><box><div coordinates="1173,2686,614,468" index="21" style="position:fixed;left:17.770034843205575%;top:52.666666666666664%;height:9.176470588235293%;width:9.301620966520224%;" type="para">&#187; Number of
allocated
positions</div></box><box><div coordinates="633,2835,466,268" index="22" style="position:fixed;left:9.589456143008634%;top:55.58823529411765%;height:5.254901960784314%;width:7.059536433873656%;" type="para">Maintenance
Charge</div></box><box><div coordinates="4045,2899,229,168" index="23" style="position:fixed;left:61.278594152401155%;top:56.84313725490197%;height:3.294117647058824%;width:3.4691713376761095%;" type="para">$48</div></box><box><div coordinates="492,3091,121,261" index="24" style="position:fixed;left:7.453416149068323%;top:60.6078431372549%;height:5.11764705882353%;width:1.8330555976367218%;" type="para" /></box><box><div coordinates="1170,3100,121,315" index="25" style="position:fixed;left:17.724587183760036%;top:60.78431372549019%;height:6.176470588235294%;width:1.8330555976367218%;" type="para" /></box><box><div coordinates="4495,3232,121,354" index="26" style="position:fixed;left:68.09574306923194%;top:63.37254901960784%;height:6.9411764705882355%;width:1.8330555976367218%;" type="para" /></box><box><div coordinates="489,3508,1487,733" index="27" style="position:fixed;left:7.407968489622785%;top:68.7843137254902%;height:14.372549019607844%;width:22.526889865171942%;" type="para">Category Driver

Additional FCMs
Per Fund

information
Delivery

  
  

&#187; Number of FCMs

 
 

&#187; Per request</div></box><box><div coordinates="3700,3502,121,267" index="28" style="position:fixed;left:56.052113316164224%;top:68.66666666666667%;height:5.235294117647059%;width:1.8330555976367218%;" type="para" /></box><box><div coordinates="1461,3564,336,170" index="29" style="position:fixed;left:22.133010149977274%;top:69.88235294117648%;height:3.3333333333333335%;width:5.090137857900318%;" type="para">Driver</div></box><box><div coordinates="3895,3573,523,170" index="30" style="position:fixed;left:59.006211180124225%;top:70.05882352941177%;height:3.3333333333333335%;width:7.923041963338888%;" type="para">Add&#8217;l Rates</div></box><box><div coordinates="3778,3771,346,167" index="31" style="position:fixed;left:57.233752461748225%;top:73.94117647058823%;height:3.2745098039215685%;width:5.241630056052114%;" type="para">&#187; $100</div></box><box><div coordinates="1245,4009,545,187" index="32" style="position:fixed;left:18.8607786698985%;top:78.6078431372549%;height:3.6666666666666665%;width:8.256324799272837%;" type="para">&#187; Per request</div></box><box><div coordinates="3778,4017,703,188" index="33" style="position:fixed;left:57.233752461748225%;top:78.76470588235294%;height:3.686274509803922%;width:10.649901530071201%;" type="para">&#187; TBD by request</div></box><box><div coordinates="3774,4215,718,560" index="34" style="position:fixed;left:57.1731555824875%;top:82.6470588235294%;height:10.980392156862745%;width:10.877139827298894%;" type="para">&#187; $75

&#187; $100
&#187; $140
&#187; $200
&#187; $400

Assoc

Sr Assoc
Officer
AVP

VP</div></box><box><div coordinates="555,4252,649,463" index="35" style="position:fixed;left:8.407816997424632%;top:83.37254901960785%;height:9.07843137254902%;width:9.831843660051508%;" type="para">Consulting
Support for
Transition to
Central Clearing</div></box><box><div coordinates="2034,4267,890,454" index="36" style="position:fixed;left:30.81351310407514%;top:83.66666666666667%;height:8.901960784313726%;width:13.48280563550977%;" type="para">&#187; Dependent on level
of staff support
provided (as mutually
agreed</div></box><box><div coordinates="1242,4354,649,265" index="37" style="position:fixed;left:18.81533101045296%;top:85.37254901960785%;height:5.196078431372549%;width:9.831843660051508%;" type="para">&#187; Per person per
hour</div></box><box><div coordinates="2955,4407,557,170" index="38" style="position:fixed;left:44.765944553855476%;top:86.41176470588235%;height:3.3333333333333335%;width:8.438115437054991%;" type="para">&#187; Hourly rate</div></box><box><div coordinates="2440,6106,145,157" index="39" style="position:fixed;left:36.96409634903802%;top:119.72549019607843%;height:3.0784313725490198%;width:2.1966368732010304%;" type="para" /></box></Blocks></page></doc>