<doc doi="Bi2i_0752" name="/prcanalyt/test-pra1/inventory_module/InputProcessing/615/443/615443ACC726B620E2AB55881BA6373E657BC93D.pdf"><page num="1" src="img/Bi2i_0752/Bi2i_0752-00.jpg" txt_src="img/Bi2i_0752/Bi2i_0752-00.txt"><Blocks><box><div coordinates="3767,311,942,384" index="0" style="position:fixed;left:57.067111043781246%;top:6.098039215686275%;height:7.529411764705881%;width:14.270565065899108%;" type="para" /></box><box><div coordinates="1267,328,2461,751" index="1" style="position:fixed;left:19.19406150583245%;top:6.431372549019608%;height:14.72549019607843%;width:37.282229965156795%;" type="para">USAA MUTUAL FUNDS TRUST
CONFIDENTIAL FEE SCHEDULE
AS OF SEPTEMBER 10, 2010</div></box><box><div coordinates="279,350,125,381" index="2" style="position:fixed;left:4.226632328435086%;top:6.862745098039216%;height:7.470588235294118%;width:1.8936524768974399%;" type="para" /></box><box><div coordinates="1344,602,143,121" index="3" style="position:fixed;left:20.360551431601273%;top:11.803921568627452%;height:2.372549019607843%;width:2.166338433570671%;" type="para" /></box><box><div coordinates="1829,1127,1346,310" index="4" style="position:fixed;left:27.70792304196334%;top:22.098039215686274%;height:6.078431372549019%;width:20.39084987123163%;" type="para">Amendment to Fee Schedule
effective July 14, 2015</div></box><box><div coordinates="257,1411,4490,934" index="5" style="position:fixed;left:3.8933494925011365%;top:27.666666666666668%;height:18.313725490196077%;width:68.01999697015604%;" type="para">Reference is made to that certain Fee Schedule (as amended, modified or supplemented from time to time, the &#8220;Fee Schedule&#8221;)
cffective September 10, 2010 for Services provided by State Sweet Bank and Trust Company of its affiliates (&#8220;State Street&#8221;) with
respect to the Funds pursuant to that certain Amended and Restated Custody Agreement dated as of July 31, 2006 (as may be
amended, supplemented, restated or otherwise modified from time to time) by and between State Street and USAA Mutual Funds
Trust (the &#8220;Trust&#8221;). Capitalized terms used but not defined hercin shall have the meaning ascribed to them in the Fee Schedule. The
parties hereto desire to amend the Fee Schedule as set forth herein.</div></box><box><div coordinates="1794,1472,1420,177" index="6" style="position:fixed;left:27.177700348432055%;top:28.862745098039216%;height:3.4705882352941178%;width:21.511892137554916%;" type="para" /></box><box><div coordinates="4683,2377,128,248" index="7" style="position:fixed;left:70.94379639448569%;top:46.6078431372549%;height:4.862745098039216%;width:1.9391001363429785%;" type="para" /></box><box><div coordinates="3780,2385,555,252" index="8" style="position:fixed;left:57.26405090137858%;top:46.76470588235294%;height:4.941176470588235%;width:8.407816997424632%;" type="para" /></box><box><div coordinates="4388,2383,125,122" index="9" style="position:fixed;left:66.47477654900773%;top:46.72549019607843%;height:2.392156862745098%;width:1.8936524768974399%;" type="para" /></box><box><div coordinates="3022,2397,122,237" index="10" style="position:fixed;left:45.780942281472505%;top:47.0%;height:4.647058823529412%;width:1.8482048174519012%;" type="para" /></box><box><div coordinates="3562,2397,170,242" index="11" style="position:fixed;left:53.961520981669445%;top:47.0%;height:4.745098039215686%;width:2.575367368580518%;" type="para" /></box><box><div coordinates="271,2405,2751,435" index="12" style="position:fixed;left:4.10543856991365%;top:47.15686274509804%;height:8.529411764705882%;width:41.675503711558854%;" type="para">Section 1V of the Fee Schedule is hereby deleted in its entirety and replaced with th</div></box><box><div coordinates="2110,2401,172,125" index="13" style="position:fixed;left:31.96485381002878%;top:47.07843137254902%;height:2.450980392156863%;width:2.605665808210877%;" type="para" /></box><box><div coordinates="2324,2401,122,121" index="14" style="position:fixed;left:35.2067868504772%;top:47.07843137254902%;height:2.372549019607843%;width:1.8482048174519012%;" type="para" /></box><box><div coordinates="4510,2505,125,122" index="15" style="position:fixed;left:68.32298136645963%;top:49.11764705882353%;height:2.392156862745098%;width:1.8936524768974399%;" type="para" /></box><box><div coordinates="3186,2657,122,123" index="16" style="position:fixed;left:48.26541433116194%;top:52.09803921568628%;height:2.411764705882353%;width:1.8482048174519012%;" type="para">Wil</div></box><box><div coordinates="1746,2661,1033,170" index="17" style="position:fixed;left:26.450537797303436%;top:52.17647058823529%;height:3.3333333333333335%;width:15.649144069080442%;" type="para">sleted in its entirety and replaced</div></box><box><div coordinates="1079,2707,198,122" index="18" style="position:fixed;left:16.3460081805787%;top:53.07843137254902%;height:2.392156862745098%;width:2.9995455234055446%;" type="para">Sched</div></box><box><div coordinates="3332,2811,1335,285" index="19" style="position:fixed;left:50.47720042417816%;top:55.11764705882353%;height:5.588235294117648%;width:20.22420845326466%;" type="para">ody Agreement, State Street shall be
xpenses specifically identified in this fee</div></box><box><div coordinates="327,2839,2194,365" index="20" style="position:fixed;left:4.953794879563703%;top:55.666666666666664%;height:7.156862745098039%;width:33.237388274503864%;" type="para">For the provision of money market fund services pursuant to the An
entitled to the fees set forth below. This amount does not include at
schedule,</div></box><box><div coordinates="2533,2835,455,253" index="21" style="position:fixed;left:38.37297379184972%;top:55.58823529411765%;height:4.96078431372549%;width:6.892895015906681%;" type="para">ended and Re:
y other fees, &#162;</div></box><box><div coordinates="3004,2857,298,229" index="22" style="position:fixed;left:45.50825632479928%;top:56.01960784313725%;height:4.490196078431373%;width:4.514467504923497%;" type="para">tated Cus
1arges or</div></box><box><div coordinates="336,3213,1104,191" index="23" style="position:fixed;left:5.090137857900318%;top:63.0%;height:3.7450980392156863%;width:16.72473867595819%;" type="para">Money Market Fund Services:</div></box><box><div coordinates="335,3401,1993,601" index="24" style="position:fixed;left:5.074988638085139%;top:66.68627450980392%;height:11.784313725490197%;width:30.19239509165278%;" type="para">Stress Tost Reporting (per Funder year)

Monthly Portfolio Holdings Statements (per Fund/per year)
Monthly Form N-MFP (per Fund/per year)

Amended Monthly Form N-MFP Filings (per Fund/per year)</div></box><box><div coordinates="3313,3467,315,473" index="25" style="position:fixed;left:50.18936524768974%;top:67.98039215686275%;height:9.274509803921568%;width:4.7720042417815485%;" type="para">$12,000
$12,000

$9,000
$2,500</div></box><box><div coordinates="1866,3827,162,149" index="26" style="position:fixed;left:28.26844417512498%;top:75.0392156862745%;height:2.9215686274509807%;width:2.454173610059082%;" type="para">Fund</div></box><box><div coordinates="2040,3829,331,161" index="27" style="position:fixed;left:30.904408422966217%;top:75.07843137254902%;height:3.1568627450980395%;width:5.014391758824421%;" type="para">per year)</div></box><box><div coordinates="337,3980,3229,470" index="28" style="position:fixed;left:5.105287077715498%;top:78.03921568627452%;height:9.215686274509805%;width:48.916830783214664%;" type="para">Taxable Fund (por Fund/per year)
Tax-Free Fund (per Fund/per year)</div></box><box><div coordinates="3299,4163,258,236" index="29" style="position:fixed;left:49.97727617027723%;top:81.62745098039215%;height:4.627450980392156%;width:3.9084987123163155%;" type="para">$10,00
$8,001</div></box><box><div coordinates="1352,4546,408,277" index="30" style="position:fixed;left:20.48174519012271%;top:89.13725490196079%;height:5.431372549019608%;width:6.180881684593244%;" type="para">Funds Only)
r filing)</div></box><box><div coordinates="351,4552,999,358" index="31" style="position:fixed;left:5.317376155128011%;top:89.25490196078431%;height:7.019607843137255%;width:15.134070595364339%;" type="para">Form N-CR (Money Market
File Form N-CR (per Fund/pe

Onboarding Fee (per Fund)</div></box><box><div coordinates="3322,4634,318,225" index="32" style="position:fixed;left:50.32570822602636%;top:90.86274509803921%;height:4.411764705882353%;width:4.817451901227087%;" type="para">$1,000
$200</div></box><box><div coordinates="355,4920,2584,563" index="33" style="position:fixed;left:5.377973034388729%;top:96.47058823529412%;height:11.03921568627451%;width:39.14558400242388%;" type="para">Shadow NAV (Money Market Funds Only)

Next Day Shadow NAV (by 10 a.m.) (per Fund/per year, plus feederfolass fee)
Feeder Fund Shadow NAV (per feeder/per year)

Class Shadow NAV (per class/per year)

Daily Pricing Vendor Quote (per vendor quote)</div></box><box><div coordinates="3302,5008,315,423" index="34" style="position:fixed;left:50.02272382972277%;top:98.19607843137254%;height:8.294117647058824%;width:4.7720042417815485%;" type="para">$15,000

$2,000
$500
$0.40</div></box><box><div coordinates="3307,5562,123,123" index="35" style="position:fixed;left:50.09846992879867%;top:109.05882352941177%;height:2.411764705882353%;width:1.8633540372670807%;" type="para">$1</div></box><box><div coordinates="3462,5562,178,137" index="36" style="position:fixed;left:52.446599000151494%;top:109.05882352941177%;height:2.686274509803922%;width:2.6965611271019543%;" type="para">,000</div></box><box><div coordinates="359,5571,1569,176" index="37" style="position:fixed;left:5.438569913649447%;top:109.23529411764706%;height:3.4509803921568625%;width:23.769125890016664%;" type="para">Conversions/Mergers (per conversion/menrger)</div></box></Blocks></page><page num="2" src="img/Bi2i_0752/Bi2i_0752-01.jpg" txt_src="img/Bi2i_0752/Bi2i_0752-01.txt"><Blocks><box><div coordinates="4658,468,153,251" index="0" style="position:fixed;left:70.56506589910619%;top:9.176470588235293%;height:4.921568627450981%;width:2.317830631722466%;" type="para" /></box><box><div coordinates="3764,478,121,121" index="1" style="position:fixed;left:57.02166338433571%;top:9.372549019607842%;height:2.372549019607843%;width:1.8330555976367218%;" type="para" /></box><box><div coordinates="3920,472,530,127" index="2" style="position:fixed;left:59.38494167550371%;top:9.254901960784313%;height:2.4901960784313726%;width:8.029086502045145%;" type="para" /></box><box><div coordinates="1910,488,275,123" index="3" style="position:fixed;left:28.93500984699288%;top:9.568627450980392%;height:2.411764705882353%;width:4.166035449174368%;" type="para" /></box><box><div coordinates="2898,482,168,121" index="4" style="position:fixed;left:43.90243902439025%;top:9.450980392156863%;height:2.372549019607843%;width:2.545068928950159%;" type="para" /></box><box><div coordinates="1192,490,626,125" index="5" style="position:fixed;left:18.057870019693986%;top:9.607843137254903%;height:2.450980392156863%;width:9.483411604302379%;" type="para" /></box><box><div coordinates="247,501,259,242" index="6" style="position:fixed;left:3.7418572943493413%;top:9.823529411764707%;height:4.745098039215686%;width:3.923647932131495%;" type="para" /></box><box><div coordinates="577,534,523,193" index="7" style="position:fixed;left:8.741099833358582%;top:10.470588235294118%;height:3.784313725490196%;width:7.923041963338888%;" type="para" /></box><box><div coordinates="4316,599,149,122" index="8" style="position:fixed;left:65.3840327223148%;top:11.745098039215685%;height:2.392156862745098%;width:2.2572337524617483%;" type="para" /></box><box><div coordinates="3894,602,237,123" index="9" style="position:fixed;left:58.99106196030905%;top:11.803921568627452%;height:2.411764705882353%;width:3.590365096197546%;" type="para" /></box><box><div coordinates="1888,614,650,127" index="10" style="position:fixed;left:28.60172701105893%;top:12.03921568627451%;height:2.4901960784313726%;width:9.846992879866686%;" type="para" /></box><box><div coordinates="2694,612,124,123" index="11" style="position:fixed;left:40.811998182093625%;top:12.0%;height:2.411764705882353%;width:1.8785032570822602%;" type="para" /></box><box><div coordinates="3007,612,121,121" index="12" style="position:fixed;left:45.553703984244805%;top:12.0%;height:2.372549019607843%;width:1.8330555976367218%;" type="para" /></box><box><div coordinates="1151,623,125,122" index="13" style="position:fixed;left:17.436752007271625%;top:12.215686274509805%;height:2.392156862745098%;width:1.8936524768974399%;" type="para" /></box><box><div coordinates="1509,620,365,123" index="14" style="position:fixed;left:22.860172701105892%;top:12.156862745098039%;height:2.411764705882353%;width:5.529465232540525%;" type="para" /></box><box><div coordinates="309,839,1334,178" index="15" style="position:fixed;left:4.681108922890472%;top:16.450980392156865%;height:3.4901960784313726%;width:20.209059233449477%;" type="para">USAA MUTUAL FUNDS TRUST</div></box><box><div coordinates="880,1054,1368,475" index="16" style="position:fixed;left:13.331313437357975%;top:20.666666666666668%;height:9.313725490196079%;width:20.724132707165584%;" type="para" /></box><box><div coordinates="311,1147,303,374" index="17" style="position:fixed;left:4.71140736252083%;top:22.490196078431374%;height:7.333333333333333%;width:4.590213603999394%;" type="para">By:
Name:
Title:</div></box><box><div coordinates="2281,1297,121,122" index="18" style="position:fixed;left:34.55537039842448%;top:25.43137254901961%;height:2.392156862745098%;width:1.8330555976367218%;" type="para" /></box><box><div coordinates="311,1743,1975,688" index="19" style="position:fixed;left:4.71140736252083%;top:34.17647058823529%;height:13.49019607843137%;width:29.91970913497955%;" type="para">STATE STREER BANK AND TRUST COMPANY

By:
Name: Gunjan Kedia
Title: Executive Vice President</div></box></Blocks></page></doc>