<doc doi="Bi2i_0867" name="/prcanalyt/test-pra1/inventory_module/InputProcessing/6E9/747/6E9747C7E4E87E36E21B8CCC1CD672A7398D623B.pdf"><page num="1" src="img/Bi2i_0867/Bi2i_0867-00.jpg" txt_src="img/Bi2i_0867/Bi2i_0867-00.txt"><Blocks><box><div coordinates="2091,591,851,298" index="0" style="position:fixed;left:31.67701863354037%;top:11.588235294117647%;height:5.843137254901961%;width:12.89198606271777%;" type="para">Schedule B
As of June 1, 2004</div></box><box><div coordinates="1188,941,2630,326" index="1" style="position:fixed;left:17.99727314043327%;top:18.45098039215686%;height:6.3921568627450975%;width:39.84244811392214%;" type="para">STATE STREET BANK AND TRUST COMPANY

Accounting and Sub-Administration Fee Schedule</div></box><box><div coordinates="1150,1313,2730,440" index="2" style="position:fixed;left:17.421602787456447%;top:25.745098039215687%;height:8.627450980392156%;width:41.35737009544008%;" type="para">MUNDER SERIES TRUST
THE MUNDER FRAMLINGTON FUNDS TRUST AND
THE MUNDER @VANTAGE FUND</div></box><box><div coordinates="484,1771,4080,304" index="3" style="position:fixed;left:7.332222390546887%;top:34.72549019607843%;height:5.96078431372549%;width:61.808816845932434%;" type="para">I. Standard Basis Point Fees</div></box><box><div coordinates="532,2133,3971,609" index="4" style="position:fixed;left:8.059384941675503%;top:41.8235294117647%;height:11.941176470588236%;width:60.15755188607786%;" type="para">Fund Administration and Fund Accounting:
Services to be performed by State Street Fund Administration include RIC Tax Reporting, Monthly

IRS and SEC Compliance, Semi-Annual Financial Reporting, Treasurer's Office Support, SEC
N-SAR Registration and 24f-2 Filings, Prospectus monitoring, reporting to publication services, Total

Return calculations, Audit Coordination and expense budgeting,</div></box><box><div coordinates="679,2753,3825,525" index="5" style="position:fixed;left:10.286320254506894%;top:53.98039215686274%;height:10.294117647058822%;width:57.94576579306165%;" type="para">Maintain investment ledgers, provide selected portfolio transactions, position and income reports.
Maintain general ledger and capital stock accounts. Prepare daily trial balance. Calculate net asset
value daily. Provide selected general ledger reports. Securities yield or market value quotations will
be provided to State Street via State Street&#8217;s Automated Pricing System.</div></box><box><div coordinates="1902,3387,1228,195" index="6" style="position:fixed;left:28.813816088471444%;top:66.41176470588235%;height:3.823529411764706%;width:18.603241933040447%;" type="para">ANNUAL FEES PER FUND</div></box><box><div coordinates="802,3699,1590,711" index="7" style="position:fixed;left:12.149674291773973%;top:72.52941176470588%;height:13.941176470588236%;width:24.08725950613543%;" type="para">First $100 Million of a Fund&#8217;s Net Assets
Next $150 Million of a Fund&#8217;s Net Assets
Next $250 Million of a Fund&#8217;s Net Assets
Next $500 Million of a Fund&#8217;s Net Assets
Thereafter

Annual Fund Minimum</div></box><box><div coordinates="2829,3698,1167,812" index="8" style="position:fixed;left:42.857142857142854%;top:72.50980392156863%;height:15.92156862745098%;width:17.679139524314497%;" type="para">4.9 Basis Points
4.1 Basis Points
3.4 Basis Points
2.6 Basis Points
1.8 Basis Points
$16,667 plus $2,000 for each
active class greater than one.</div></box><box><div coordinates="686,4542,3820,410" index="9" style="position:fixed;left:10.392364793213149%;top:89.05882352941177%;height:8.03921568627451%;width:57.87001969398576%;" type="para">An annual complex minimum fee will be calculated and charged, if applicable, by multiplying
$70,000 by the number of funds. State Street will charge the greater of the aggregate fund basis point
fees or the complex minimum fee.</div></box><box><div coordinates="682,4958,3827,410" index="10" style="position:fixed;left:10.331767913952431%;top:97.2156862745098%;height:8.03921568627451%;width:57.97606423269202%;" type="para">The per fund asset-based fees are annual charges billed and payable monthly based on average
monthly net assets. The annual fees for Fund Administration and Fund Accounting, as indicated
above, are attributable in equal amounts to each such service.</div></box><box><div coordinates="2406,6172,158,174" index="11" style="position:fixed;left:36.44902287532192%;top:121.01960784313725%;height:3.4117647058823533%;width:2.393576730798364%;" type="para" /></box></Blocks></page><page num="2" src="img/Bi2i_0867/Bi2i_0867-01.jpg" txt_src="img/Bi2i_0867/Bi2i_0867-01.txt"><Blocks><box><div coordinates="488,683,4084,294" index="0" style="position:fixed;left:7.392819269807605%;top:13.392156862745097%;height:5.764705882352941%;width:61.869413725193155%;" type="para">II. Leverage Fee</div></box><box><div coordinates="754,987,2735,389" index="1" style="position:fixed;left:11.422511740645357%;top:19.35294117647059%;height:7.627450980392157%;width:41.43311619451598%;" type="para">An additional fee will be charged to each Fund for leverage monitoring
and additional financial statement preparation required for Funds that
utilize leveraging.</div></box><box><div coordinates="3666,1218,394,159" index="2" style="position:fixed;left:55.53703984244811%;top:23.88235294117647%;height:3.1176470588235294%;width:5.96879260718073%;" type="para">$10,000</div></box><box><div coordinates="492,1417,4076,296" index="3" style="position:fixed;left:7.453416149068323%;top:27.784313725490193%;height:5.803921568627451%;width:61.74821996667171%;" type="para">III. NAVigator Automated Pricing</div></box><box><div coordinates="651,1772,2421,827" index="4" style="position:fixed;left:9.862142099681867%;top:34.74509803921569%;height:16.215686274509807%;width:36.676261172549616%;" type="para">Monthly Quote Charge:
Municipal Bonds
Corporates, Convertibles, Government Bonds
and Adjustable Rate Preferred Stocks
Foreign Bonds
Options, Futures and Private Placements
Listed Equities (including International) and OTC Equities</div></box><box><div coordinates="3666,1881,348,174" index="5" style="position:fixed;left:55.53703984244811%;top:36.88235294117647%;height:3.4117647058823533%;width:5.271928495682472%;" type="para">$16.00</div></box><box><div coordinates="3654,2100,359,478" index="6" style="position:fixed;left:55.35524920466596%;top:41.17647058823529%;height:9.372549019607842%;width:5.438569913649447%;" type="para">$13.00
$10.00
$6.00
$6.00</div></box><box><div coordinates="3547,2613,465,280" index="7" style="position:fixed;left:53.734282684441744%;top:51.23529411764706%;height:5.490196078431373%;width:7.044387214058475%;" type="para">Annually
$4,000.00</div></box><box><div coordinates="676,2717,1944,196" index="8" style="position:fixed;left:10.240872595061354%;top:53.27450980392157%;height:3.8431372549019605%;width:29.45008332070898%;" type="para">State Street Fair Value Pricing Service (per portfolio</div></box><box><div coordinates="2641,2716,665,195" index="9" style="position:fixed;left:40.00908953188911%;top:53.254901960784316%;height:3.823529411764706%;width:10.07423117709438%;" type="para">- billed monthly)</div></box><box><div coordinates="790,2926,2122,303" index="10" style="position:fixed;left:11.96788365399182%;top:57.372549019607845%;height:5.9411764705882355%;width:32.14664444781094%;" type="para">For billing purposes, the monthly quote charge will be be
portfolio at month end.</div></box><box><div coordinates="2932,2926,884,195" index="11" style="position:fixed;left:44.41751249810635%;top:57.372549019607845%;height:3.823529411764706%;width:13.391910316618693%;" type="para">sed on the number of po</div></box><box><div coordinates="3820,2925,499,177" index="12" style="position:fixed;left:57.87001969398576%;top:57.35294117647059%;height:3.4705882352941178%;width:7.55946068777458%;" type="para">sitions in the</div></box><box><div coordinates="480,3239,4084,295" index="13" style="position:fixed;left:7.271625511286168%;top:63.50980392156863%;height:5.784313725490196%;width:61.869413725193155%;" type="para">IV. Special Services |</div></box><box><div coordinates="785,3542,3719,622" index="14" style="position:fixed;left:11.892137554915921%;top:69.45098039215686%;height:12.19607843137255%;width:56.339948492652624%;" type="para">Fees for activities of a non-recurring nature such as fund consolidations or reorganizations,
extraordinary security shipments and the preparation of special reports will be subject to
negotiation. Fees for self-directed securities lending transactions, non-standard SaFiRe financial
reporting, Gateway reporting system, master/feeder accounting and other special items will be
negotiated separately. New funds added to the family will be separately negotiated.</div></box><box><div coordinates="480,4176,4082,294" index="15" style="position:fixed;left:7.271625511286168%;top:81.88235294117648%;height:5.764705882352941%;width:61.8391152855628%;" type="para" /></box><box><div coordinates="824,4481,3620,491" index="16" style="position:fixed;left:12.482957127707923%;top:87.86274509803921%;height:9.627450980392156%;width:54.84017573094986%;" type="para">The above fees will be charged against the Funds&#8217; custodian checking account five (5) days after
the invoice is mailed to the Funds&#8217; offices, unless otherwise instructed. If instructed otherwise,
all open invoices in excess of 10 days after the invoice is mailed will accrue interest daily at the
Fed Funds Rate.</div></box><box><div coordinates="528,4986,1264,224" index="17" style="position:fixed;left:7.998788062414786%;top:97.76470588235294%;height:4.392156862745098%;width:19.14861384638691%;" type="para">Munder Capital Myffagement</div></box><box><div coordinates="2580,4986,1588,226" index="18" style="position:fixed;left:39.08498712316316%;top:97.76470588235294%;height:4.431372549019608%;width:24.056961066505075%;" type="para">State Street Bank and Trust Company</div></box><box><div coordinates="4314,4986,123,122" index="19" style="position:fixed;left:65.35373428268444%;top:97.76470588235294%;height:2.392156862745098%;width:1.8633540372670807%;" type="para" /></box><box><div coordinates="526,5224,340,490" index="20" style="position:fixed;left:7.968489622784427%;top:102.43137254901961%;height:9.607843137254903%;width:5.150734737161036%;" type="para">BY:
Name:
Title:</div></box><box><div coordinates="2584,5226,336,492" index="21" style="position:fixed;left:39.14558400242388%;top:102.47058823529412%;height:9.647058823529411%;width:5.090137857900318%;" type="para" /></box><box><div coordinates="2985,5220,880,500" index="22" style="position:fixed;left:45.22042114831086%;top:102.35294117647058%;height:9.803921568627452%;width:13.331313437357975%;" type="para">June 1, 2004</div></box><box><div coordinates="908,5299,1369,417" index="23" style="position:fixed;left:13.755491592183002%;top:103.90196078431373%;height:8.176470588235295%;width:20.73928192698076%;" type="para">June 1, 20 Ve</div></box><box><div coordinates="2394,6170,233,176" index="24" style="position:fixed;left:36.267232237539766%;top:120.98039215686273%;height:3.4509803921568625%;width:3.529768216936828%;" type="para" /></box></Blocks></page></doc>