<doc doi="Bi2i_1035" name="/prcanalyt/test-pra1/inventory_module/InputProcessing/816/333/8163331489043D6F4E678AF50BDAC27DA730F71E.pdf"><page num="1" src="img/Bi2i_1035/Bi2i_1035-00.jpg" txt_src="img/Bi2i_1035/Bi2i_1035-00.txt"><Blocks><box><div coordinates="639,574,3830,761" index="0" style="position:fixed;left:9.680351461899713%;top:11.254901960784313%;height:14.921568627450979%;width:58.02151189213755%;" type="para">STATE STREET BANK AND TRUST COMPANY

 

WISDOMTREE FUNDS
CONFIDENTIAL FEE SCHEDULE
AS OF SEPTEMBER 27,2013</div></box><box><div coordinates="596,1419,3896,1396" index="1" style="position:fixed;left:9.028935009846993%;top:27.823529411764707%;height:27.372549019607845%;width:59.021360399939404%;" type="para">CUSTODY, FUND ACCOUNTING, FUND ADMINISTRATION AND TRANSFER AGENCY SERVICES

This fee schedule is for services (the &#8220;Services&#8221;) provided by State Street Bank and Trust Company or its affiliates
(&#8220;State Street&#8221;) to the Funds (as defined below) pursuant to that certain (a) Master Custodian Agreement made as of
September 27, 2013 by and between State Street and the Funds (the &#8220;Custody Agreement&#8217;); (b) Administration
Agreement made as of September 27, 2013 by and between State Street and the Funds (the &#8220;Administration
Agreement&#8221;); (c) Transfer Agency and Service Agreement made as of September 27, 2013 by and between State

Street and the Funds (the &#8220;Transfer Agency Agreement&#8217;), and (d) investment analytics agreement between State
Street and the Funds as of a date to be agreed by the parties thereto (the &#8220;Investment Analytics Agreement,&#8221; and
together with the Custody Agreement and the Administration Agreement, the &#8220;Agreements,&#8221; each as may be
amended, supplemented, restated or otherwise modified from time to time). This fee schedule shall apply to all
funds, portfolios or accounts that may be party or subject to the Agreements from time to time (each a &#8220;Fund&#8221; and
collectively, the &#8220;Funds&#8221;).</div></box><box><div coordinates="605,2882,3943,953" index="2" style="position:fixed;left:9.165277988183608%;top:56.509803921568626%;height:18.686274509803923%;width:59.73337373125284%;" type="para">IL Custody

For the provision of custody services pursuant to the Custody Agreement, State Street shall be entitled to the fees set
forth below. Each Fund will pay in monthly installments, the Fund&#8217;s fee based upon the market value of securities
held based on custody location as of the end of the billing period on a monthly basis calculated at the annualized
rates set forth below. The monthly Basis Point Fee will be calculated by multiplying the month-end assets of each
Fund by one-twelfth (1/12) of the basis point fees shown in the table below. Any country not listed below will be
negotiated in good faith and agreed upon prior to investment. These fees do not include transaction processing fees*
or any other fees, charges or expenses specifically identified in this fee schedule.</div></box><box><div coordinates="657,3136,186,236" index="3" style="position:fixed;left:9.953037418572944%;top:61.49019607843137%;height:4.627450980392156%;width:2.8177548856233905%;" type="para">For:
fortl</div></box><box><div coordinates="651,3147,1543,706" index="4" style="position:fixed;left:9.862142099681867%;top:61.705882352941174%;height:13.843137254901961%;width:23.375246174821996%;" type="para">For the provision of custody services pursuant |
forth below. Each Fund will pay in monthly i
held based on custody location as of the end &#162;
rates set forth below. The monthly Basis Poin
Fund by one-twelfth (1/12) of the basis point {
negotiated in good faith and agreed upon prior
or any other fees, charges or expenses specifica</div></box><box><div coordinates="4097,3152,189,139" index="5" style="position:fixed;left:62.06635358279049%;top:61.80392156862745%;height:2.7254901960784315%;width:2.863202545068929%;" type="para" /></box><box><div coordinates="3664,3604,121,122" index="6" style="position:fixed;left:55.50674140281775%;top:70.66666666666667%;height:2.392156862745098%;width:1.8330555976367218%;" type="para">1CtiC</div></box><box><div coordinates="647,3850,3779,265" index="7" style="position:fixed;left:9.801545220421149%;top:75.49019607843137%;height:5.196078431372549%;width:57.2489016815634%;" type="para">* See Appendix 1 for information on transaction processing fees including important information on foreign
currency exchange transactions.</div></box><box><div coordinates="589,4132,3947,2094" index="8" style="position:fixed;left:8.922890471140736%;top:81.01960784313725%;height:41.05882352941176%;width:59.79397061051356%;" type="para">TRANSACTION
CHARGES

HOLDING
CHARGES IN

  
  

COUNTRY

HOLDING TRANSACTION
CHARGES IN CHARGES

COUNTRY

 

 

] BASIS POINTS (PER TRADE) BASIS POIN

Wexco | 15 | &#167;i8
Morocco | 30 | ses
Belgum Netheands | 5 | 512
Nowzesland | 5 | siz
Noway | 5 | sh
Oman | 900 | ses
Pers | 75 | se
Colombla | 200 Philppines | 125 | ss
&#8220;Czech Republic | 40 |
Denmark | 5 | Portugal | 5 | sip
Egot | 05 Qatar | 20 | se
&#8220;Euroclear | 10 | Russa | 40 | sa
Fiand | 5 Shgapere | 5 | sis
France | 5 AAT ta a
Germany | 5 SouthRoea | 125 | $20
HongKong | 5 | 512 Span | 5 | siz
Hungary | 85 | 35 || [Sweden | 5 | so
nda | 15 | $0 || [Swigerana | 5 | $12
ndomesia | 125 | 5% || [Tawan | Tas | ss
Oreland | 5 | st0 || [Thana | 42s | 25</div></box><box><div coordinates="2725,4149,422,160" index="9" style="position:fixed;left:41.28162399636419%;top:81.35294117647058%;height:3.1372549019607843%;width:6.392970762005756%;" type="para">COUNTRY</div></box><box><div coordinates="828,4152,419,161" index="10" style="position:fixed;left:12.543554006968641%;top:81.41176470588235%;height:3.1568627450980395%;width:6.347523102560218%;" type="para">COUNTRY</div></box></Blocks></page><page num="2" src="img/Bi2i_1035/Bi2i_1035-01.jpg" txt_src="img/Bi2i_1035/Bi2i_1035-01.txt"><Blocks><box><div coordinates="640,564,3828,760" index="0" style="position:fixed;left:9.695500681714892%;top:11.058823529411764%;height:14.901960784313726%;width:57.991213452507196%;" type="para">STATE STREET BANK AND TRUST COMPANY

 

WISDOMTREE FUNDS
CONFIDENTIAL FEE SCHEDULE
AS OF SEPTEMBER 27, 2013</div></box><box><div coordinates="611,1390,3943,1485" index="1" style="position:fixed;left:9.256173307074686%;top:27.254901960784313%;height:29.117647058823533%;width:59.73337373125284%;" type="para">$33
United Kingdom

Venezuela

 

For the provision of fund accounting services pursuant to the Custody Agreement and fund administration services
pursuant to the Administration Agreement, State Street shall be entitled to the fees set forth below. Each Fund will
pay in monthly installments the Fund&#8217;s pro rata share of the fee. The monthly Basis Point Fee will be calculated by
multiplying the average monthly net assets of each Fund by one-twelfth (1/12) of the basis point fees shown in the
table below based on aggregate net assets of all Funds. This amount does not include any other fees, charges or
expenses specifically identified in this fee schedule.</div></box><box><div coordinates="4004,1407,364,472" index="2" style="position:fixed;left:60.6574761399788%;top:27.588235294117645%;height:9.254901960784313%;width:5.514316012725344%;" type="para">$24

$65
$7

$2.50

$80</div></box><box><div coordinates="1576,1416,238,605" index="3" style="position:fixed;left:23.87517042872292%;top:27.764705882352942%;height:11.862745098039214%;width:3.6055143160127257%;" type="para">&#8212;
on

 

on

 

.50
10.0
20.0
15.0

 

 

 

 

=
oO</div></box><box><div coordinates="1005,1549,254,121" index="4" style="position:fixed;left:15.224965914255417%;top:30.372549019607842%;height:2.372549019607843%;width:3.8479018330555976%;" type="para" /></box><box><div coordinates="4056,1933,155,121" index="5" style="position:fixed;left:61.445235570368126%;top:37.90196078431373%;height:2.372549019607843%;width:2.348129071352825%;" type="para" /></box><box><div coordinates="1173,2268,929,609" index="6" style="position:fixed;left:17.770034843205575%;top:44.470588235294116%;height:11.941176470588236%;width:14.073625208301774%;" type="para">ion of fund accounting servic
&gt; Administration Agreement,
7 installments the Fund&#8217;s pro
&gt; average monthly net assets
sed on aggregate net assets
fically identified in this fee sc</div></box><box><div coordinates="1819,2279,121,121" index="7" style="position:fixed;left:27.55643084381154%;top:44.68627450980392%;height:2.372549019607843%;width:1.8330555976367218%;" type="para">ng S</div></box><box><div coordinates="2141,2279,311,226" index="8" style="position:fixed;left:32.43447962429935%;top:44.68627450980392%;height:4.431372549019608%;width:4.71140736252083%;" type="para">S pursuant
tate Street</div></box><box><div coordinates="915,2280,306,343" index="9" style="position:fixed;left:13.86153613088926%;top:44.70588235294118%;height:6.725490196078432%;width:4.635661263444932%;" type="para">S provisio
nt to the .
monthly |

vt vsev-Fhes</div></box><box><div coordinates="3949,2285,474,498" index="10" style="position:fixed;left:59.82426905014392%;top:44.80392156862745%;height:9.76470588235294%;width:7.180730192395092%;" type="para">ation services
ach Fund will
calculated by
shown in the
&gt;s, charges or</div></box><box><div coordinates="1964,2300,122,121" index="11" style="position:fixed;left:29.75306771701257%;top:45.09803921568628%;height:2.372549019607843%;width:1.8482048174519012%;" type="para">VIC</div></box><box><div coordinates="1277,2550,121,121" index="12" style="position:fixed;left:19.345553703984244%;top:50.0%;height:2.372549019607843%;width:1.8330555976367218%;" type="para" /></box><box><div coordinates="976,2640,203,124" index="13" style="position:fixed;left:14.78563853961521%;top:51.76470588235295%;height:2.431372549019608%;width:3.0752916224814424%;" type="para">ow bz</div></box><box><div coordinates="3415,2643,158,140" index="14" style="position:fixed;left:51.73458566883805%;top:51.8235294117647%;height:2.7450980392156863%;width:2.393576730798364%;" type="para">ide @</div></box><box><div coordinates="3827,2662,121,122" index="15" style="position:fixed;left:57.97606423269202%;top:52.19607843137255%;height:2.392156862745098%;width:1.8330555976367218%;" type="para">+ fe</div></box><box><div coordinates="1241,2711,225,183" index="16" style="position:fixed;left:18.800181790637783%;top:53.156862745098046%;height:3.5882352941176467%;width:3.408574458415391%;" type="para">Ad ULL Gy

ally ids</div></box><box><div coordinates="701,2740,152,156" index="17" style="position:fixed;left:10.619603090440842%;top:53.72549019607843%;height:3.058823529411765%;width:2.3026814119072867%;" type="para">expe</div></box><box><div coordinates="977,2896,1363,433" index="18" style="position:fixed;left:14.800787759430388%;top:56.7843137254902%;height:8.490196078431373%;width:20.648386608089684%;" type="para">Complex-Wide Net Assets
First $15,000,000,000 in net assets

Net assets greater than $15,000,000,000 a
Net assets greater than $30,000,000,000</div></box><box><div coordinates="3220,2896,355,431" index="19" style="position:fixed;left:48.78048780487805%;top:56.7843137254902%;height:8.450980392156863%;width:5.377973034388729%;" type="para">Annualize
.50 bps
.35 bps
25 bps</div></box><box><div coordinates="2451,3083,449,140" index="20" style="position:fixed;left:37.130737767005%;top:60.450980392156865%;height:2.7450980392156863%;width:6.801999697015604%;" type="para">1p to $30,000,</div></box><box><div coordinates="2915,3087,182,129" index="21" style="position:fixed;left:44.15997576124829%;top:60.529411764705884%;height:2.5294117647058822%;width:2.757158006362672%;" type="para">)00,0(</div></box><box><div coordinates="651,3345,532,488" index="22" style="position:fixed;left:9.862142099681867%;top:65.58823529411765%;height:9.568627450980392%;width:8.059384941675503%;" type="para">Authorized Pat
redemption tra
securities in ea
basket composi
to establish mu</div></box><box><div coordinates="1158,3341,3271,634" index="23" style="position:fixed;left:17.542796545977883%;top:65.50980392156863%;height:12.431372549019608%;width:49.5530980154522%;" type="para">rticipants (as defined in each Fund&#8217;s prospectuses) will pay to State Street a charge for creation and
insactions as set forth in Appendix 2. These charges are established based upon on the number of
ich creation or redemption basket and are subject to revision due to changes in investment strategy or
ition. Because these charges are fund-specific, State Street will work in good faith with Wisdom Tree
ntually agreeable fees before the launch of any new products based on the general methodology used
ation and redemption charges as set forth in Appendix 2.</div></box><box><div coordinates="4086,3368,165,227" index="24" style="position:fixed;left:61.89971216482352%;top:66.03921568627452%;height:4.450980392156863%;width:2.4996212695046207%;" type="para" /></box><box><div coordinates="2398,3432,122,165" index="25" style="position:fixed;left:36.32782911680049%;top:67.29411764705883%;height:3.2352941176470593%;width:1.8482048174519012%;" type="para">1 VOL</div></box><box><div coordinates="1842,3656,320,215" index="26" style="position:fixed;left:27.904862899560673%;top:71.68627450980392%;height:4.215686274509804%;width:4.847750340857446%;" type="para">charges ar
before th

oR a</div></box><box><div coordinates="1006,3676,150,195" index="27" style="position:fixed;left:15.240115134070594%;top:72.07843137254902%;height:3.823529411764706%;width:2.2723829722769278%;" type="para">MPO
sh m</div></box><box><div coordinates="650,3720,202,230" index="28" style="position:fixed;left:9.846992879866686%;top:72.94117647058823%;height:4.509803921568627%;width:3.0601424026662625%;" type="para">wo &#8364;S
to es</div></box><box><div coordinates="1669,3749,121,122" index="29" style="position:fixed;left:25.284047871534614%;top:73.50980392156863%;height:2.392156862745098%;width:1.8330555976367218%;" type="para">&gt; fe

gz *</div></box><box><div coordinates="1007,3987,350,252" index="30" style="position:fixed;left:15.255264353885774%;top:78.17647058823529%;height:4.941176470588235%;width:5.302226935312832%;" type="para">ind Redem,
| Informati</div></box><box><div coordinates="1396,3985,360,256" index="31" style="position:fixed;left:21.14831086199061%;top:78.13725490196079%;height:5.019607843137255%;width:5.4537191334646264%;" type="para">ion Transa
n (&#8220;SAI&#8221;).</div></box><box><div coordinates="1811,3985,184,164" index="32" style="position:fixed;left:27.435237085290108%;top:78.13725490196079%;height:3.215686274509804%;width:2.7874564459930316%;" type="para">ion Fe</div></box><box><div coordinates="2034,3984,350,167" index="33" style="position:fixed;left:30.81351310407514%;top:78.11764705882352%;height:3.2745098039215685%;width:5.302226935312832%;" type="para">s payable ti</div></box><box><div coordinates="3371,3981,195,137" index="34" style="position:fixed;left:51.06801999697016%;top:78.05882352941177%;height:2.686274509803922%;width:2.9540978639600057%;" type="para">ich Tr</div></box><box><div coordinates="2623,3995,272,144" index="35" style="position:fixed;left:39.73640357521588%;top:78.33333333333333%;height:2.823529411764706%;width:4.1205877897288286%;" type="para">Street are</div></box><box><div coordinates="3148,3997,121,124" index="36" style="position:fixed;left:47.68974397818512%;top:78.37254901960785%;height:2.431372549019608%;width:1.8330555976367218%;" type="para">ed 1</div></box><box><div coordinates="647,4004,348,236" index="37" style="position:fixed;left:9.801545220421149%;top:78.50980392156863%;height:4.627450980392156%;width:5.271928495682472%;" type="para">Creation
Addition:</div></box><box><div coordinates="3847,4001,121,121" index="38" style="position:fixed;left:58.27904862899561%;top:78.45098039215686%;height:2.372549019607843%;width:1.8330555976367218%;" type="para">CMe</div></box><box><div coordinates="4023,4009,121,121" index="39" style="position:fixed;left:60.9453113164672%;top:78.6078431372549%;height:2.372549019607843%;width:1.8330555976367218%;" type="para" /></box><box><div coordinates="3003,4011,137,123" index="40" style="position:fixed;left:45.49310710498409%;top:78.64705882352942%;height:2.411764705882353%;width:2.075443114679594%;" type="para">clos</div></box><box><div coordinates="645,4256,1226,436" index="41" style="position:fixed;left:9.77124678079079%;top:83.45098039215686%;height:8.549019607843137%;width:18.57294349341009%;" type="para">AUTOMATED PRICING (per position/
equal one position charge)
Municipal, Government, Corporate, |
CMOs, CDS, Preferred Stocks</div></box><box><div coordinates="2632,4252,196,146" index="42" style="position:fixed;left:39.87274655355249%;top:83.37254901960785%;height:2.8627450980392157%;width:2.9692470837751856%;" type="para">-wide</div></box><box><div coordinates="3364,4251,513,166" index="43" style="position:fixed;left:50.9619754582639%;top:83.35294117647058%;height:3.2549019607843137%;width:7.771549765187093%;" type="para">tion held in thre</div></box><box><div coordinates="4011,4266,249,149" index="44" style="position:fixed;left:60.76352067868505%;top:83.6470588235294%;height:2.9215686274509807%;width:3.7721557339797%;" type="para">nds will</div></box><box><div coordinates="2021,4272,139,138" index="45" style="position:fixed;left:30.616573246477806%;top:83.76470588235294%;height:2.705882352941176%;width:2.105741554309953%;" type="para">nont!</div></box><box><div coordinates="2952,4275,122,135" index="46" style="position:fixed;left:44.72049689440994%;top:83.82352941176471%;height:2.6470588235294117%;width:1.8482048174519012%;" type="para">s (e</div></box><box><div coordinates="3153,4276,196,142" index="47" style="position:fixed;left:47.76549007726102%;top:83.84313725490196%;height:2.784313725490196%;width:2.9692470837751856%;" type="para">a pos</div></box><box><div coordinates="1714,4282,121,122" index="48" style="position:fixed;left:25.965762763217693%;top:83.96078431372548%;height:2.392156862745098%;width:1.8330555976367218%;" type="para">tior</div></box><box><div coordinates="2447,4299,121,121" index="49" style="position:fixed;left:37.07014088774428%;top:84.29411764705883%;height:2.372549019607843%;width:1.8330555976367218%;" type="para">mpl</div></box><box><div coordinates="2083,4433,583,166" index="50" style="position:fixed;left:31.555824875018935%;top:86.92156862745098%;height:3.2549019607843137%;width:8.83199515224966%;" type="para">tible Bonds, Forei;</div></box><box><div coordinates="2729,4440,243,150" index="51" style="position:fixed;left:41.34222087562491%;top:87.05882352941177%;height:2.941176470588235%;width:3.6812604150886226%;" type="para">&#8216;Bonds,</div></box><box><div coordinates="3605,4449,192,129" index="52" style="position:fixed;left:54.612937433722166%;top:87.23529411764706%;height:2.5294117647058822%;width:2.9086502045144678%;" type="para">$10</div></box><box><div coordinates="1883,4463,187,132" index="53" style="position:fixed;left:28.525980911983034%;top:87.50980392156863%;height:2.588235294117647%;width:2.83290410543857%;" type="para">-onvel</div></box><box><div coordinates="655,4706,250,344" index="54" style="position:fixed;left:9.922738978942585%;top:92.27450980392156%;height:6.745098039215685%;width:3.7873049537948797%;" type="para">Excha
delive:
Placer</div></box><box><div coordinates="2431,4702,421,255" index="55" style="position:fixed;left:36.82775337070141%;top:92.19607843137256%;height:5.0%;width:6.377821542190578%;" type="para">ble and non-
&gt;s and Private</div></box><box><div coordinates="1795,4719,592,241" index="56" style="position:fixed;left:27.192849568247233%;top:92.52941176470588%;height:4.7254901960784315%;width:8.968338130586275%;" type="para">, Forwards (delive
ared OTC Derivati</div></box><box><div coordinates="3623,4717,157,137" index="57" style="position:fixed;left:54.8856233903954%;top:92.49019607843138%;height:2.686274509803922%;width:2.378427510983184%;" type="para">$6</div></box><box><div coordinates="998,4721,435,256" index="58" style="position:fixed;left:15.11892137554916%;top:92.56862745098039%;height:5.019607843137255%;width:6.58991061960309%;" type="para">&gt; Traded Optic
le), Swaps, Ce

fo</div></box><box><div coordinates="1504,4721,243,236" index="59" style="position:fixed;left:22.784426602029995%;top:92.56862745098039%;height:4.627450980392156%;width:3.6812604150886226%;" type="para">5, Futur
rally CI</div></box><box><div coordinates="1333,5064,162,165" index="60" style="position:fixed;left:20.193910013634298%;top:99.29411764705883%;height:3.2352941176470593%;width:2.454173610059082%;" type="para">gn Ec</div></box><box><div coordinates="3623,5078,121,121" index="61" style="position:fixed;left:54.8856233903954%;top:99.5686274509804%;height:2.372549019607843%;width:1.8330555976367218%;" type="para">$2</div></box><box><div coordinates="691,5080,123,136" index="62" style="position:fixed;left:10.468110892289047%;top:99.6078431372549%;height:2.666666666666667%;width:1.8633540372670807%;" type="para">Doi</div></box><box><div coordinates="1069,5080,121,122" index="63" style="position:fixed;left:16.194515982426903%;top:99.6078431372549%;height:2.392156862745098%;width:1.8330555976367218%;" type="para">nd |</div></box><box><div coordinates="1581,5085,121,122" index="64" style="position:fixed;left:23.950916527798817%;top:99.70588235294117%;height:2.392156862745098%;width:1.8330555976367218%;" type="para">es</div></box><box><div coordinates="900,5105,121,125" index="65" style="position:fixed;left:13.634297833661565%;top:100.09803921568627%;height:2.450980392156863%;width:1.8330555976367218%;" type="para">Stic</div></box><box><div coordinates="3153,5238,902,168" index="66" style="position:fixed;left:47.76549007726102%;top:102.70588235294117%;height:3.294117647058824%;width:13.664596273291925%;" type="para">sitions in the Fund at month-</div></box><box><div coordinates="4092,5238,122,134" index="67" style="position:fixed;left:61.99060748371459%;top:102.70588235294117%;height:2.627450980392157%;width:1.8482048174519012%;" type="para">nd.</div></box><box><div coordinates="647,5244,121,164" index="68" style="position:fixed;left:9.801545220421149%;top:102.82352941176471%;height:3.215686274509804%;width:1.8330555976367218%;" type="para">Fc</div></box><box><div coordinates="1639,5242,142,184" index="69" style="position:fixed;left:24.82957127707923%;top:102.7843137254902%;height:3.607843137254902%;width:2.1511892137554915%;" type="para">hly</div></box><box><div coordinates="2031,5241,357,161" index="70" style="position:fixed;left:30.7680654446296%;top:102.76470588235294%;height:3.1568627450980395%;width:5.408271474019088%;" type="para">ce will be ba</div></box><box><div coordinates="1795,5269,147,127" index="71" style="position:fixed;left:27.192849568247233%;top:103.31372549019608%;height:2.4901960784313726%;width:2.2269353128313893%;" type="para">uote</div></box><box><div coordinates="2428,5267,300,139" index="72" style="position:fixed;left:36.78230571125587%;top:103.27450980392156%;height:2.7254901960784315%;width:4.5447659445538555%;" type="para">ed on the</div></box><box><div coordinates="2777,5262,121,144" index="73" style="position:fixed;left:42.06938342675352%;top:103.17647058823529%;height:2.823529411764706%;width:1.8330555976367218%;" type="para">mk</div></box><box><div coordinates="2933,5268,209,139" index="74" style="position:fixed;left:44.432661717921526%;top:103.29411764705883%;height:2.7254901960784315%;width:3.1661869413725197%;" type="para">r of pc</div></box><box><div coordinates="997,5273,291,155" index="75" style="position:fixed;left:15.10377215573398%;top:103.3921568627451%;height:3.0392156862745097%;width:4.408422966217239%;" type="para">g purpose</div></box></Blocks></page><page num="3" src="img/Bi2i_1035/Bi2i_1035-02.jpg" txt_src="img/Bi2i_1035/Bi2i_1035-02.txt"><Blocks><box><div coordinates="636,561,3830,757" index="0" style="position:fixed;left:9.634903802454174%;top:11.0%;height:14.843137254901961%;width:58.02151189213755%;" type="para">STATE STREET BANK AND TRUST COMPANY

 

WISDOMTREE FUNDS
CONFIDENTIAL FEE SCHEDULE
AS OF SEPTEMBER 27,2013</div></box><box><div coordinates="659,1409,1245,757" index="1" style="position:fixed;left:9.983335858203302%;top:27.627450980392155%;height:14.843137254901961%;width:18.8607786698985%;" type="para">STATE STREET PRONAVIGATOR

To the extent any Fund elects in a sigr
be charged the following fees:

Prospectus/Summary Prospectus*

1 &#8212;2000 pages
Beyond 2000 pages</div></box><box><div coordinates="3214,1569,326,159" index="2" style="position:fixed;left:48.68959248598697%;top:30.76470588235294%;height:3.1176470588235294%;width:4.938645659748523%;" type="para">sive the fo.</div></box><box><div coordinates="4115,1567,121,129" index="3" style="position:fixed;left:62.33903953946371%;top:30.725490196078432%;height:2.5294117647058822%;width:1.8330555976367218%;" type="para">sha</div></box><box><div coordinates="2051,1585,121,148" index="4" style="position:fixed;left:31.071049840933192%;top:31.07843137254902%;height:2.9019607843137254%;width:1.8330555976367218%;" type="para">yritl</div></box><box><div coordinates="2175,1585,123,128" index="5" style="position:fixed;left:32.94955309801546%;top:31.07843137254902%;height:2.5098039215686274%;width:1.8633540372670807%;" type="para">Ng P</div></box><box><div coordinates="2474,1586,158,146" index="6" style="position:fixed;left:37.47916982275413%;top:31.098039215686274%;height:2.8627450980392157%;width:2.393576730798364%;" type="para">ed to</div></box><box><div coordinates="2795,1584,137,140" index="7" style="position:fixed;left:42.342069383426754%;top:31.058823529411768%;height:2.7450980392156863%;width:2.075443114679594%;" type="para">Stre</div></box><box><div coordinates="2969,1583,202,146" index="8" style="position:fixed;left:44.97803363126799%;top:31.039215686274506%;height:2.8627450980392157%;width:3.0601424026662625%;" type="para">t to re</div></box><box><div coordinates="2303,1595,148,134" index="9" style="position:fixed;left:34.88865323435843%;top:31.274509803921568%;height:2.627450980392157%;width:2.242084532646569%;" type="para">rovic</div></box><box><div coordinates="1693,1778,124,126" index="10" style="position:fixed;left:25.647629147098925%;top:34.86274509803921%;height:2.4705882352941173%;width:1.8785032570822602%;" type="para" /></box><box><div coordinates="3497,1772,372,373" index="11" style="position:fixed;left:52.97682169368277%;top:34.74509803921569%;height:7.313725490196078%;width:5.635509771246781%;" type="para">Per Page

$130
$100</div></box><box><div coordinates="1873,2179,167,230" index="12" style="position:fixed;left:28.374488713831237%;top:42.72549019607843%;height:4.509803921568627%;width:2.5299197091349797%;" type="para">red ii
e files</div></box><box><div coordinates="667,2187,127,125" index="13" style="position:fixed;left:10.104529616724738%;top:42.88235294117647%;height:2.450980392156863%;width:1.9239509165277988%;" type="para">*A</div></box><box><div coordinates="819,2182,159,236" index="14" style="position:fixed;left:12.407211028632027%;top:42.7843137254902%;height:4.627450980392156%;width:2.4087259506135434%;" type="para">| Fur
Ss INC</div></box><box><div coordinates="3573,2180,455,257" index="15" style="position:fixed;left:54.128162399636416%;top:42.745098039215684%;height:5.03921568627451%;width:6.892895015906681%;" type="para">ed upon date &#162;
ity of the Func</div></box><box><div coordinates="1134,2199,182,144" index="16" style="position:fixed;left:17.17921527041357%;top:43.11764705882353%;height:2.823529411764706%;width:2.757158006362672%;" type="para">al are

7 Tr</div></box><box><div coordinates="2123,2200,461,236" index="17" style="position:fixed;left:32.161793667626114%;top:43.13725490196079%;height:4.627450980392156%;width:6.983790334797758%;" type="para">stment manag
a Fund's fina</div></box><box><div coordinates="2591,2200,621,238" index="18" style="position:fixed;left:39.25162854113013%;top:43.13725490196079%;height:4.666666666666667%;width:9.40766550522648%;" type="para">ment companies, a.
wcial printer are the</div></box><box><div coordinates="3277,2209,270,204" index="19" style="position:fixed;left:49.643993334343286%;top:43.313725490196084%;height:4.0%;width:4.0902893500984705%;" type="para">f an agr
2 sponsib.</div></box><box><div coordinates="4125,2222,123,124" index="20" style="position:fixed;left:62.49053173761552%;top:43.568627450980394%;height:2.431372549019608%;width:1.8633540372670807%;" type="para">h ye</div></box><box><div coordinates="4244,2528,137,121" index="21" style="position:fixed;left:64.29328889562188%;top:49.568627450980394%;height:2.372549019607843%;width:2.075443114679594%;" type="para" /></box><box><div coordinates="632,2532,3953,873" index="22" style="position:fixed;left:9.574306923193456%;top:49.64705882352941%;height:17.11764705882353%;width:59.88486592940464%;" type="para">II. Additional Services

Additional special activities of a non-recurring nature such as fund consolidations or reorganizations, extraordinary
security shipments and the preparation of special reports will be subject to negotiation in good faith. There will be a
fee of $150 per hour for customized programming or customized transmissions and there will be an annual fee of
$1,200 for maintenance of customized programming, transmissions or other customized development (the foregoing
shall be subject to written approval of the Fund prior to commencement of work associated and any billing
associated therewith). Fees for other special items will be negotiated separately by the parties in good faith.</div></box><box><div coordinates="1567,2787,1501,601" index="23" style="position:fixed;left:23.738827450386303%;top:54.64705882352941%;height:11.784313725490197%;width:22.738978942584456%;" type="para">5 of a non-recurring nature such as fund consol
preparation of special reports will be subject to
istomized programming or customized transmi.
customized programming, transmissions or othe
| approval of the Fund prior to commencem
for other special items will be negotiated separ:</div></box><box><div coordinates="1353,2809,162,292" index="24" style="position:fixed;left:20.496894409937887%;top:55.07843137254902%;height:5.7254901960784315%;width:2.454173610059082%;" type="para">stiviti
nd th
r for</div></box><box><div coordinates="1178,2995,121,121" index="25" style="position:fixed;left:17.845780942281472%;top:58.72549019607843%;height:2.372549019607843%;width:1.8330555976367218%;" type="para" /></box><box><div coordinates="654,3056,233,315" index="26" style="position:fixed;left:9.907589759127406%;top:59.92156862745098%;height:6.176470588235294%;width:3.529768216936828%;" type="para">associ</div></box><box><div coordinates="4059,3056,349,241" index="27" style="position:fixed;left:61.49068322981367%;top:59.92156862745098%;height:4.7254901960784315%;width:5.287077715497652%;" type="para">foregoing
1y billing</div></box><box><div coordinates="1333,3155,164,231" index="28" style="position:fixed;left:20.193910013634298%;top:61.86274509803922%;height:4.529411764705882%;width:2.484472049689441%;" type="para">writ
). Fe</div></box><box><div coordinates="1014,3236,258,151" index="29" style="position:fixed;left:15.361308892592032%;top:63.450980392156865%;height:2.9607843137254903%;width:3.9084987123163155%;" type="para">- MR

| therewi</div></box><box><div coordinates="1690,3401,476,438" index="30" style="position:fixed;left:25.602181487653386%;top:66.68627450980392%;height:8.588235294117647%;width:7.211028632025451%;" type="para">significant leg:
ssitate addition
or arrange for t
es and expense</div></box><box><div coordinates="673,3418,500,411" index="31" style="position:fixed;left:10.195424935615815%;top:67.01960784313725%;height:8.058823529411764%;width:7.5746099075897595%;" type="para">Significant reg
a result of suc
elects to provic
shall be entitle</div></box><box><div coordinates="2449,3413,685,425" index="32" style="position:fixed;left:37.10043932737464%;top:66.92156862745098%;height:8.333333333333332%;width:10.37721557339797%;" type="para">s or changes in the Fu
2S, processing or repc
ision, which shall not
tiated in good faith wi</div></box><box><div coordinates="3040,3416,484,423" index="33" style="position:fixed;left:46.053628238145734%;top:66.98039215686275%;height:8.294117647058824%;width:7.332222390546887%;" type="para">Funds&#8217; service
eports. In thes
not be unreasor

with the Funds</div></box><box><div coordinates="3560,3418,736,331" index="34" style="position:fixed;left:53.93122254203908%;top:67.01960784313725%;height:6.490196078431372%;width:11.149825783972126%;" type="para">lections or status may,
&#8220;instances, if State Stre
bly withheld, State Stre</div></box><box><div coordinates="1524,3420,121,125" index="35" style="position:fixed;left:23.087410998333585%;top:67.05882352941175%;height:2.450980392156863%;width:1.8330555976367218%;" type="para">nge:</div></box><box><div coordinates="2193,3510,350,328" index="36" style="position:fixed;left:33.222239054688686%;top:68.82352941176471%;height:6.431372549019608%;width:5.302226935312832%;" type="para">1 services,
eir provisi
as negotiaf</div></box><box><div coordinates="1339,3612,438,225" index="37" style="position:fixed;left:20.284805332525373%;top:70.82352941176471%;height:4.411764705882353%;width:6.63535827904863%;" type="para">h services or
dditional fees</div></box><box><div coordinates="697,3707,121,122" index="38" style="position:fixed;left:10.559006211180124%;top:72.68627450980392%;height:2.392156862745098%;width:1.8330555976367218%;" type="para">shal</div></box><box><div coordinates="622,3838,3956,589" index="39" style="position:fixed;left:9.42281472504166%;top:75.25490196078431%;height:11.549019607843137%;width:59.93031358885017%;" type="para">IV. State Street Investment Analytics

To the extent any Fund elects in a signed writing provided to State Street to receive the following services or

additional services and subject to the negotiation in good faith and execution of the Investment Analytics
Agreement, it shall be charged the following fees:</div></box><box><div coordinates="3812,3839,211,121" index="40" style="position:fixed;left:57.74882593546432%;top:75.27450980392156%;height:2.372549019607843%;width:3.196485381002878%;" type="para" /></box><box><div coordinates="2677,4095,561,240" index="41" style="position:fixed;left:40.55446144523557%;top:80.29411764705883%;height:4.705882352941177%;width:8.498712316315709%;" type="para">late Street to recei
ind execution of t</div></box><box><div coordinates="1586,4200,205,225" index="42" style="position:fixed;left:24.026662626874714%;top:82.35294117647058%;height:4.411764705882353%;width:3.1055900621118013%;" type="para">ct to tl
ed the</div></box><box><div coordinates="1845,4277,187,139" index="43" style="position:fixed;left:27.95031055900621%;top:83.86274509803921%;height:2.7254901960784315%;width:2.83290410543857%;" type="para">Lowi</div></box><box><div coordinates="643,4442,341,181" index="44" style="position:fixed;left:9.74094834116043%;top:87.09803921568627%;height:3.5490196078431375%;width:5.165883956976216%;" type="para">Daily Per</div></box><box><div coordinates="1781,4443,347,164" index="45" style="position:fixed;left:26.980760490834722%;top:87.11764705882354%;height:3.215686274509804%;width:5.256779275867292%;" type="para">1 NAV De</div></box><box><div coordinates="3545,4443,121,164" index="46" style="position:fixed;left:53.70398424481139%;top:87.11764705882354%;height:3.215686274509804%;width:1.8330555976367218%;" type="para">r Fu</div></box><box><div coordinates="2157,4458,357,165" index="47" style="position:fixed;left:32.67686714134222%;top:87.41176470588236%;height:3.2352941176470593%;width:5.408271474019088%;" type="para">omposition</div></box><box><div coordinates="3194,4457,238,134" index="48" style="position:fixed;left:48.38660808968338%;top:87.3921568627451%;height:2.627450980392157%;width:3.6055143160127257%;" type="para">$9,00(</div></box><box><div coordinates="1306,4468,127,140" index="49" style="position:fixed;left:19.78488107862445%;top:87.6078431372549%;height:2.7450980392156863%;width:1.9239509165277988%;" type="para" /></box><box><div coordinates="3895,4465,121,122" index="50" style="position:fixed;left:59.006211180124225%;top:87.54901960784314%;height:2.392156862745098%;width:1.8330555976367218%;" type="para">year</div></box><box><div coordinates="2583,4479,121,123" index="51" style="position:fixed;left:39.130434782608695%;top:87.82352941176471%;height:2.411764705882353%;width:1.8330555976367218%;" type="para">VIC</div></box><box><div coordinates="641,4624,419,432" index="52" style="position:fixed;left:9.710649901530072%;top:90.66666666666666%;height:8.470588235294118%;width:6.347523102560218%;" type="para">Additional |
Benchmark
Portfolio Cl
Ex-post Ris</div></box><box><div coordinates="1078,4660,440,287" index="53" style="position:fixed;left:16.33085896076352%;top:91.37254901960785%;height:5.627450980392156%;width:6.665656718678988%;" type="para">ervices:
 ~ Custom Ble
aracteristics</div></box><box><div coordinates="1531,4725,122,126" index="54" style="position:fixed;left:23.193455537039842%;top:92.64705882352942%;height:2.4705882352941173%;width:1.8482048174519012%;" type="para">nd</div></box><box><div coordinates="2619,4726,1447,601" index="55" style="position:fixed;left:39.67580669595516%;top:92.66666666666666%;height:11.784313725490197%;width:21.920921072564763%;" type="para">$500 per Fund per year
$1,250 per Fund per year
$5,000 per Fund per year

sumption by client. Separately, all client speci
s needed to provide costs).</div></box><box><div coordinates="3192,4723,427,331" index="56" style="position:fixed;left:48.35630965005302%;top:92.6078431372549%;height:6.490196078431372%;width:6.468716861081654%;" type="para">$500 per Fu
$1,250 perl
$5,000 per I</div></box><box><div coordinates="640,5069,426,257" index="57" style="position:fixed;left:9.695500681714892%;top:99.3921568627451%;height:5.03921568627451%;width:6.453567641266475%;" type="para">Market Dat:
licensing fe</div></box><box><div coordinates="1206,5068,311,274" index="58" style="position:fixed;left:18.2699590971065%;top:99.37254901960785%;height:5.372549019607844%;width:4.71140736252083%;" type="para">ss-througt
e passed tl</div></box><box><div coordinates="1694,5068,556,258" index="59" style="position:fixed;left:25.6627783669141%;top:99.37254901960785%;height:5.0588235294117645%;width:8.422966217239813%;" type="para">3 associated with
h to the client (spe</div></box><box><div coordinates="1081,5070,121,129" index="60" style="position:fixed;left:16.376306620209057%;top:99.41176470588235%;height:2.5294117647058822%;width:1.8330555976367218%;" type="para">: Pa</div></box><box><div coordinates="4031,5086,121,150" index="61" style="position:fixed;left:61.06650507498864%;top:99.72549019607844%;height:2.941176470588235%;width:1.8330555976367218%;" type="para">ific</div></box><box><div coordinates="1537,5096,121,126" index="62" style="position:fixed;left:23.284350855930917%;top:99.92156862745098%;height:2.4705882352941173%;width:1.8330555976367218%;" type="para">COS</div></box><box><div coordinates="2447,5096,135,203" index="63" style="position:fixed;left:37.07014088774428%;top:99.92156862745098%;height:3.980392156862745%;width:2.0451446750492352%;" type="para">C CO.
ndic</div></box><box><div coordinates="2299,5156,127,122" index="64" style="position:fixed;left:34.828056355097715%;top:101.09803921568627%;height:2.392156862745098%;width:1.9239509165277988%;" type="para">1fic</div></box><box><div coordinates="616,5326,3957,697" index="65" style="position:fixed;left:9.331919406150584%;top:104.43137254901961%;height:13.666666666666666%;width:59.945462808665354%;" type="para">V. Loan Services

For the provision of loan services pursuant to the Custody Agreement, State Street shall be entitled to the fees set
forth below. The loan services fee is equal to the Committed Asset Based Fee for Loans detailed below. Each Fund
will pay in monthly installments, unless otherwise requested, the Fund&#8217;s pro rata share of the fee. This amount does
not include any other fees, charges or expenses specifically identified in this fee schedule.</div></box><box><div coordinates="2606,5326,314,122" index="66" style="position:fixed;left:39.478866838357824%;top:104.43137254901961%;height:2.392156862745098%;width:4.756855021966368%;" type="para" /></box></Blocks></page><page num="4" src="img/Bi2i_1035/Bi2i_1035-03.jpg" txt_src="img/Bi2i_1035/Bi2i_1035-03.txt"><Blocks><box><div coordinates="633,555,3826,760" index="0" style="position:fixed;left:9.589456143008634%;top:10.882352941176471%;height:14.901960784313726%;width:57.96091501287683%;" type="para">STATE STREET BANK AND TRUST COMPANY

 

WISDOMTREE FUNDS
CONFIDENTIAL FEE SCHEDULE
AS OF SEPTEMBER 27,2013</div></box><box><div coordinates="662,1399,1450,343" index="1" style="position:fixed;left:10.028783517648842%;top:27.431372549019606%;height:6.725490196078432%;width:21.966368732010302%;" type="para">Committed Asset Based Fee for Loans (pe
First $500 million in assets
Excess thereafter</div></box><box><div coordinates="2253,1400,387,183" index="2" style="position:fixed;left:34.13119224359946%;top:27.450980392156865%;height:3.5882352941176467%;width:5.862748068474474%;" type="para">nd/per year)</div></box><box><div coordinates="3459,1405,500,181" index="3" style="position:fixed;left:52.40115134070595%;top:27.54901960784314%;height:3.5490196078431375%;width:7.5746099075897595%;" type="para">Basis Points
"Ne</div></box><box><div coordinates="3687,1603,121,123" index="4" style="position:fixed;left:55.85517345856689%;top:31.43137254901961%;height:2.411764705882353%;width:1.8330555976367218%;" type="para" /></box><box><div coordinates="592,1747,3990,587" index="5" style="position:fixed;left:8.968338130586275%;top:34.25490196078431%;height:11.509803921568627%;width:60.44538706256628%;" type="para">VIL Transfer Agency

For the provision of Services pursuant to the Transfer Agency Agreement, State Street shall be entitled to the fees
set forth below. Each class or feeder is considered a &#8220;Fund&#8221; and will be billed accordingly. This amount does not
include any other fees, charges or expenses specifically identified in this fee schedule.</div></box><box><div coordinates="1808,1746,163,121" index="6" style="position:fixed;left:27.38978942584457%;top:34.23529411764706%;height:2.372549019607843%;width:2.4693228298742613%;" type="para" /></box><box><div coordinates="3009,1748,724,121" index="7" style="position:fixed;left:45.58400242387517%;top:34.274509803921575%;height:2.372549019607843%;width:10.96803514618997%;" type="para" /></box><box><div coordinates="653,2006,1105,342" index="8" style="position:fixed;left:9.892440539312226%;top:39.33333333333333%;height:6.705882352941177%;width:16.739887895773368%;" type="para">For the provision of Services put
set forth below. Each class or fe
include any other fees, charges or</div></box><box><div coordinates="3867,2001,238,242" index="9" style="position:fixed;left:58.5820330252992%;top:39.23529411764706%;height:4.745098039215686%;width:3.6055143160127257%;" type="para">itled to
mount</div></box><box><div coordinates="3035,2017,303,289" index="10" style="position:fixed;left:45.977882139069834%;top:39.549019607843135%;height:5.666666666666666%;width:4.590213603999394%;" type="para">It, State S
billed acc
e schedul</div></box><box><div coordinates="1435,2026,121,122" index="11" style="position:fixed;left:21.73913043478261%;top:39.72549019607843%;height:2.392156862745098%;width:1.8330555976367218%;" type="para">TVIC</div></box><box><div coordinates="1761,2027,131,291" index="12" style="position:fixed;left:26.67777609453113%;top:39.74509803921569%;height:5.705882352941177%;width:1.9845477957885167%;" type="para">suat
eder
exp</div></box><box><div coordinates="4277,2108,121,122" index="13" style="position:fixed;left:64.7932131495228%;top:41.333333333333336%;height:2.392156862745098%;width:1.8330555976367218%;" type="para">not</div></box><box><div coordinates="665,2348,893,317" index="14" style="position:fixed;left:10.07423117709438%;top:46.03921568627451%;height:6.215686274509804%;width:13.52825329495531%;" type="para">A. Account Service Fee

$500 monthly per Func</div></box><box><div coordinates="797,2516,125,128" index="15" style="position:fixed;left:12.073928192698077%;top:49.333333333333336%;height:2.5098039215686274%;width:1.8936524768974399%;" type="para">$5</div></box><box><div coordinates="968,2518,122,147" index="16" style="position:fixed;left:14.664444781093774%;top:49.372549019607845%;height:2.8823529411764706%;width:1.8482048174519012%;" type="para">0 mt</div></box><box><div coordinates="1509,2516,122,149" index="17" style="position:fixed;left:22.860172701105892%;top:49.333333333333336%;height:2.9215686274509807%;width:1.8482048174519012%;" type="para">nd</div></box><box><div coordinates="1188,2560,122,122" index="18" style="position:fixed;left:17.99727314043327%;top:50.19607843137255%;height:2.392156862745098%;width:1.8482048174519012%;" type="para">nly |</div></box><box><div coordinates="579,2676,3994,1138" index="19" style="position:fixed;left:8.771398272988941%;top:52.470588235294116%;height:22.313725490196077%;width:60.50598394182699%;" type="para">B. Reporting requests requiring systems enhancements. The Fund will incur the expense for all requests
requiring customized development from the vendor based on the quote provided by the vendor. The foregoing
shall be subject to written approval of the Fund prior to commencement of work associated therewith.

VII. Other Expenses, Fees and Charges

A billing for the recovery of other reimbursable expenses, fees and charges incurred on behalf of the Funds, as
applicable, will be made as of the end of each month. Unless indicated otherwise, the Funds&#8217; share of such
expenses, fees and charges will be based upon actual usage of a service or a reasonably allocated charge for the use
of the service for the benefit of the Funds. New or increased fees imposed upon State Street beyond State Street&#8217;s
control will be passed through to the Funds, including regulatory fees imposed on State Street in its capacity as the

nroavider nf the Qarvirce</div></box><box><div coordinates="3418,2688,714,341" index="20" style="position:fixed;left:51.780033328283594%;top:52.70588235294118%;height:6.686274509803922%;width:10.816542948038176%;" type="para">the expense for all r
by the vendor. The fo
ssociated therewith.</div></box><box><div coordinates="4137,2703,121,121" index="21" style="position:fixed;left:62.67232237539767%;top:53.0%;height:2.372549019607843%;width:1.8330555976367218%;" type="para">equ</div></box><box><div coordinates="4259,2711,121,123" index="22" style="position:fixed;left:64.52052719284957%;top:53.156862745098046%;height:2.411764705882353%;width:1.8330555976367218%;" type="para">sts</div></box><box><div coordinates="2797,3299,121,125" index="23" style="position:fixed;left:42.37236782305711%;top:64.68627450980392%;height:2.450980392156863%;width:1.8330555976367218%;" type="para">and</div></box><box><div coordinates="661,3560,413,324" index="24" style="position:fixed;left:10.013634297833661%;top:69.80392156862744%;height:6.352941176470588%;width:6.256627783669141%;" type="para">of the servic
control will
provider of |</div></box><box><div coordinates="1231,3644,251,237" index="25" style="position:fixed;left:18.648689592485987%;top:71.45098039215686%;height:4.647058823529412%;width:3.802454173610059%;" type="para">aI. Arr

assed thi
Srvices.</div></box><box><div coordinates="1089,3742,121,121" index="26" style="position:fixed;left:16.497500378730496%;top:73.37254901960785%;height:2.372549019607843%;width:1.8330555976367218%;" type="para">he</div></box><box><div coordinates="883,3899,332,166" index="27" style="position:fixed;left:13.376761096803513%;top:76.45098039215686%;height:3.2549019607843137%;width:5.0295409786396%;" type="para">ands will r</div></box><box><div coordinates="651,3905,176,160" index="28" style="position:fixed;left:9.862142099681867%;top:76.5686274509804%;height:3.1372549019607843%;width:2.666262687471595%;" type="para">The</div></box><box><div coordinates="2423,3900,240,167" index="29" style="position:fixed;left:36.70655961217997%;top:76.47058823529412%;height:3.2745098039215685%;width:3.635812755643084%;" type="para">irred by</div></box><box><div coordinates="3019,3900,369,185" index="30" style="position:fixed;left:45.73549462202697%;top:76.47058823529412%;height:3.6274509803921573%;width:5.590062111801243%;" type="para">t with respe</div></box><box><div coordinates="3616,3904,122,165" index="31" style="position:fixed;left:54.77957885168914%;top:76.54901960784314%;height:3.2352941176470593%;width:1.8482048174519012%;" type="para">e Fu</div></box><box><div coordinates="3756,3902,121,122" index="32" style="position:fixed;left:56.90046962581427%;top:76.50980392156863%;height:2.392156862745098%;width:1.8330555976367218%;" type="para">nds,</div></box><box><div coordinates="1565,3916,121,138" index="33" style="position:fixed;left:23.708529010755946%;top:76.7843137254902%;height:2.705882352941176%;width:1.8330555976367218%;" type="para">tate</div></box><box><div coordinates="2859,3916,121,134" index="34" style="position:fixed;left:43.31161945159824%;top:76.7843137254902%;height:2.627450980392157%;width:1.8330555976367218%;" type="para">Stre</div></box><box><div coordinates="3930,3918,354,151" index="35" style="position:fixed;left:59.536433873655504%;top:76.8235294117647%;height:2.9607843137254903%;width:5.36282381457355%;" type="para">s follows:</div></box><box><div coordinates="1869,3920,284,165" index="36" style="position:fixed;left:28.31389183457052%;top:76.86274509803923%;height:3.2352941176470593%;width:4.302378427510983%;" type="para">for expe</div></box><box><div coordinates="1741,3946,121,121" index="37" style="position:fixed;left:26.37479169822754%;top:77.37254901960785%;height:2.372549019607843%;width:1.8330555976367218%;" type="para">free</div></box><box><div coordinates="2182,3947,122,121" index="38" style="position:fixed;left:33.05559763672171%;top:77.3921568627451%;height:2.372549019607843%;width:1.8482048174519012%;" type="para">1ISES</div></box><box><div coordinates="773,4087,1487,657" index="39" style="position:fixed;left:11.710346917133768%;top:80.13725490196079%;height:12.88235294117647%;width:22.526889865171942%;" type="para">SWIFT (as a pass through to the Funds )
Dedicated Hardware / Transmission Lines

Board Related Travel (with the Funds&#8217; prior
approval)

Fund-specific Printing, Delivery, Postage and
Courier</div></box><box><div coordinates="2501,4093,733,404" index="40" style="position:fixed;left:37.88819875776397%;top:80.25490196078431%;height:7.92156862745098%;width:11.104378124526587%;" type="para">e (CCO Attestation
e Archive/Docume
e IRS Certification</div></box><box><div coordinates="632,4102,142,381" index="41" style="position:fixed;left:9.574306923193456%;top:80.43137254901961%;height:7.470588235294118%;width:2.1511892137554915%;" type="para" /></box><box><div coordinates="3795,4104,449,382" index="42" style="position:fixed;left:57.491289198606275%;top:80.47058823529412%;height:7.490196078431373%;width:6.801999697015604%;" type="para">ed)
1 documents
for the Funds</div></box><box><div coordinates="3265,4115,455,382" index="43" style="position:fixed;left:49.46220269656113%;top:80.68627450980392%;height:7.490196078431373%;width:6.892895015906681%;" type="para">Report (if requ
t Storage of Fi

and Form Fili</div></box><box><div coordinates="3141,4376,121,121" index="44" style="position:fixed;left:47.58369943947886%;top:85.80392156862744%;height:2.372549019607843%;width:1.8330555976367218%;" type="para">ons</div></box><box><div coordinates="1478,4515,307,166" index="45" style="position:fixed;left:22.390546886835327%;top:88.52941176470588%;height:3.2549019607843137%;width:4.650810483260112%;" type="para">g, Delive</div></box><box><div coordinates="1834,4515,310,166" index="46" style="position:fixed;left:27.783669141039237%;top:88.52941176470588%;height:3.2549019607843137%;width:4.69625814270565%;" type="para">, Postage</div></box><box><div coordinates="2641,4519,1653,894" index="47" style="position:fixed;left:40.00908953188911%;top:88.6078431372549%;height:17.529411764705884%;width:25.041660354491746%;" type="para">Subcustodian/Depository Charges with respect to
special handling for ADRs and GDRs held by the
Funds

Miscellaneous expenses incurred in connection
with foreign custody for the Funds(e.g., stamp
duties, registration costs, script fees, special
transportation costs)

Rule 17-5 &#8212; Foreign Custody Manager Expenses
for the Funds</div></box><box><div coordinates="631,4529,263,224" index="48" style="position:fixed;left:9.559157703378277%;top:88.80392156862746%;height:4.392156862745098%;width:3.9842448113922133%;" type="para" /></box><box><div coordinates="1356,4527,121,121" index="49" style="position:fixed;left:20.542342069383427%;top:88.76470588235294%;height:2.372549019607843%;width:1.8330555976367218%;" type="para">ntir</div></box><box><div coordinates="2193,4530,121,122" index="50" style="position:fixed;left:33.222239054688686%;top:88.8235294117647%;height:2.392156862745098%;width:1.8330555976367218%;" type="para">nd</div></box><box><div coordinates="2501,4532,141,140" index="51" style="position:fixed;left:37.88819875776397%;top:88.86274509803923%;height:2.7450980392156863%;width:2.136039993940312%;" type="para" /></box><box><div coordinates="1929,4789,239,255" index="52" style="position:fixed;left:29.22284502348129%;top:93.90196078431372%;height:5.0%;width:3.6206635358279047%;" type="para">subpoen
e&#162; Fund</div></box><box><div coordinates="629,4803,141,140" index="53" style="position:fixed;left:9.528859263747917%;top:94.17647058823529%;height:2.7450980392156863%;width:2.136039993940312%;" type="para" /></box><box><div coordinates="771,4807,336,316" index="54" style="position:fixed;left:11.680048477503409%;top:94.25490196078431%;height:6.196078431372549%;width:5.090137857900318%;" type="para">Cost of 1
regulator
Funds&#8217; ir</div></box><box><div coordinates="1453,4808,441,312" index="55" style="position:fixed;left:22.01181639145584%;top:94.27450980392157%;height:6.11764705882353%;width:6.680805938494168%;" type="para">to third party
related to t
dviser(s)</div></box><box><div coordinates="2201,4806,294,227" index="56" style="position:fixed;left:33.34343281321012%;top:94.23529411764706%;height:4.450980392156863%;width:4.453870625662779%;" type="para">s and/or
or the</div></box><box><div coordinates="2499,4806,141,140" index="57" style="position:fixed;left:37.857900318133616%;top:94.23529411764706%;height:2.7450980392156863%;width:2.136039993940312%;" type="para" /></box><box><div coordinates="1165,4818,181,242" index="58" style="position:fixed;left:17.64884108468414%;top:94.47058823529412%;height:4.745098039215686%;width:2.7420087865474927%;" type="para">pond
inquj

actfmao</div></box><box><div coordinates="3991,4900,159,221" index="59" style="position:fixed;left:60.46053628238146%;top:96.07843137254902%;height:4.333333333333334%;width:2.4087259506135434%;" type="para">amp
lal</div></box><box><div coordinates="1053,4984,151,150" index="60" style="position:fixed;left:15.952128465384034%;top:97.72549019607844%;height:2.941176470588235%;width:2.2875321920921072%;" type="para">inve.</div></box><box><div coordinates="1457,5006,122,122" index="61" style="position:fixed;left:22.07241327071656%;top:98.15686274509804%;height:2.392156862745098%;width:1.8482048174519012%;" type="para">dvis</div></box><box><div coordinates="773,5154,462,249" index="62" style="position:fixed;left:11.710346917133768%;top:101.05882352941175%;height:4.88235294117647%;width:6.998939554612937%;" type="para">Fund Pricin
Standard Ver</div></box><box><div coordinates="1236,5153,430,243" index="63" style="position:fixed;left:18.724435691561887%;top:101.03921568627452%;height:4.764705882352941%;width:6.514164520527192%;" type="para">&gt; and Verifi
\dors</div></box><box><div coordinates="3530,5156,247,182" index="64" style="position:fixed;left:53.4767459475837%;top:101.09803921568627%;height:3.568627450980392%;width:3.7418572943493413%;" type="para">ody Mai</div></box><box><div coordinates="627,5168,140,140" index="65" style="position:fixed;left:9.498560824117558%;top:101.33333333333334%;height:2.7450980392156863%;width:2.1208907741251326%;" type="para" /></box><box><div coordinates="1751,5164,343,154" index="66" style="position:fixed;left:26.526283896379336%;top:101.25490196078431%;height:3.019607843137255%;width:5.1961823966065745%;" type="para">ion Servic</div></box><box><div coordinates="2257,5161,233,157" index="67" style="position:fixed;left:34.19178912286017%;top:101.19607843137256%;height:3.0784313725490198%;width:3.529768216936828%;" type="para">Non-</div></box><box><div coordinates="3903,5164,183,158" index="68" style="position:fixed;left:59.127404938645654%;top:101.25490196078431%;height:3.0980392156862746%;width:2.7723072261778516%;" type="para">r Exp</div></box><box><div coordinates="2498,5171,140,140" index="69" style="position:fixed;left:37.84275109831844%;top:101.3921568627451%;height:2.7450980392156863%;width:2.1208907741251326%;" type="para" /></box><box><div coordinates="641,5424,121,164" index="70" style="position:fixed;left:9.710649901530072%;top:106.35294117647058%;height:3.215686274509804%;width:1.8330555976367218%;" type="para">Th</div></box><box><div coordinates="943,5442,233,128" index="71" style="position:fixed;left:14.285714285714285%;top:106.70588235294119%;height:2.5098039215686274%;width:3.529768216936828%;" type="para">owing e</div></box><box><div coordinates="1637,5440,223,137" index="72" style="position:fixed;left:24.79927283744887%;top:106.66666666666667%;height:2.686274509803922%;width:3.3782760187850327%;" type="para">fo tran:</div></box><box><div coordinates="1887,5442,363,164" index="73" style="position:fixed;left:28.58657779124375%;top:106.70588235294119%;height:3.215686274509804%;width:5.499166792910165%;" type="para">fer agency</div></box><box><div coordinates="2291,5453,404,132" index="74" style="position:fixed;left:34.70686259657628%;top:106.921568627451%;height:2.588235294117647%;width:6.120284805332525%;" type="para">rvices only:</div></box><box><div coordinates="1471,5469,121,122" index="75" style="position:fixed;left:22.28450234812907%;top:107.23529411764704%;height:2.392156862745098%;width:1.8330555976367218%;" type="para">ppl</div></box><box><div coordinates="771,5610,121,164" index="76" style="position:fixed;left:11.680048477503409%;top:110.00000000000001%;height:3.215686274509804%;width:1.8330555976367218%;" type="para" /></box><box><div coordinates="913,5610,307,184" index="77" style="position:fixed;left:13.831237691258899%;top:110.00000000000001%;height:3.607843137254902%;width:4.650810483260112%;" type="para">nd-specifi

ce Iitnpoe oo</div></box><box><div coordinates="2641,5612,259,166" index="78" style="position:fixed;left:40.00908953188911%;top:110.0392156862745%;height:3.2549019607843137%;width:3.923647932131495%;" type="para">Fund s</div></box><box><div coordinates="624,5624,140,142" index="79" style="position:fixed;left:9.45311316467202%;top:110.27450980392157%;height:2.784313725490196%;width:2.1208907741251326%;" type="para" /></box><box><div coordinates="1610,5628,121,136" index="80" style="position:fixed;left:24.390243902439025%;top:110.35294117647058%;height:2.666666666666667%;width:1.8330555976367218%;" type="para">At10]</div></box><box><div coordinates="2495,5628,141,139" index="81" style="position:fixed;left:37.797303438872895%;top:110.35294117647058%;height:2.7254901960784315%;width:2.136039993940312%;" type="para" /></box><box><div coordinates="2983,5622,323,157" index="82" style="position:fixed;left:45.190122708680505%;top:110.23529411764706%;height:3.0784313725490198%;width:4.893198000302985%;" type="para">cific DTC</div></box><box><div coordinates="1251,5630,224,228" index="83" style="position:fixed;left:18.951673988789576%;top:110.39215686274511%;height:4.470588235294118%;width:3.3934252386002126%;" type="para">comm!</div></box><box><div coordinates="1735,5646,149,132" index="84" style="position:fixed;left:26.283896379336465%;top:110.70588235294119%;height:2.588235294117647%;width:2.2572337524617483%;" type="para">1 COS</div></box><box><div coordinates="2047,5674,121,121" index="85" style="position:fixed;left:31.010452961672474%;top:111.25490196078431%;height:2.372549019607843%;width:1.8330555976367218%;" type="para">Cpr</div></box><box><div coordinates="2463,6040,122,151" index="86" style="position:fixed;left:37.31252840478715%;top:118.43137254901961%;height:2.9607843137254903%;width:1.8482048174519012%;" type="para" /></box></Blocks></page><page num="5" src="img/Bi2i_1035/Bi2i_1035-04.jpg" txt_src="img/Bi2i_1035/Bi2i_1035-04.txt"><Blocks><box><div coordinates="629,557,3827,762" index="0" style="position:fixed;left:9.528859263747917%;top:10.92156862745098%;height:14.941176470588236%;width:57.97606423269202%;" type="para">STATE STREET BANK AND TRUST COMPANY

 

WISDOMTREE FUNDS
CONFIDENTIAL FEE SCHEDULE
AS OF SEPTEMBER 27,2013</div></box><box><div coordinates="601,1475,3985,1132" index="1" style="position:fixed;left:9.104681108922891%;top:28.921568627450984%;height:22.19607843137255%;width:60.369640963490376%;" type="para">VIII. Assumptions

The Funds acknowledge that the overall fee structure set forth in this fee schedule is provided by State Street based
on the assumptions, as agreed with the Funds, that State Street will: (i) be the service provider to each Fund within
WisdomTree Trust (approximately 50 Funds (&#8220;Existing Funds&#8221;)), with services for Existing Funds commencing on
or about March 31, 2014, (ii) provide custody, accounting, administration, transfer agency and securities lending
(pursuant to a separately negotiated agreement with State Street) for such Existing Funds. Notwithstanding the
foregoing, any new series of the WisdomTree Trust for which services are provided by State Street prior to March
31, 2014 shall receive services under the Agreements based on fees which assume aggregate Fund net assets greater
than $30,000,000,000, which shall continue until State Street commences services of for the Existing Funds on or
about March 31, 2014, whereby actual Fund assets shall be used to calculate applicable fees.</div></box><box><div coordinates="4301,1731,121,121" index="2" style="position:fixed;left:65.1567944250871%;top:33.94117647058824%;height:2.372549019607843%;width:1.8330555976367218%;" type="para">ed</div></box><box><div coordinates="1274,1744,902,864" index="3" style="position:fixed;left:19.300106044538705%;top:34.19607843137255%;height:16.941176470588236%;width:13.664596273291925%;" type="para">vledge that the overall fee st
s, as agreed with the Funds,
t (approximately 50 Funds (
1, 2014, (ii) provide custod
sarately negotiated agreemer
w series of the WisdomTree
eive services under the Agre:
000, which shall continue u
014, whereby actual Fund as</div></box><box><div coordinates="2093,1742,309,586" index="4" style="position:fixed;left:31.70731707317073%;top:34.15686274509804%;height:11.490196078431373%;width:4.681108922890472%;" type="para">structure
is, that St
s (&#8220;Existil
ody, acco
nent with
ee Trust f</div></box><box><div coordinates="1225,1751,121,121" index="5" style="position:fixed;left:18.55779427359491%;top:34.333333333333336%;height:2.372549019607843%;width:1.8330555976367218%;" type="para">owe</div></box><box><div coordinates="1652,1750,420,318" index="6" style="position:fixed;left:25.026511134676564%;top:34.31372549019608%;height:6.235294117647059%;width:6.362672322375397%;" type="para">the overall fee
with the Fun
ately 50 Func</div></box><box><div coordinates="1227,2282,366,329" index="7" style="position:fixed;left:18.58809271322527%;top:44.745098039215684%;height:6.450980392156863%;width:5.544614452355703%;" type="para">ceive servic
0,000, whic
2014, wher</div></box><box><div coordinates="3883,2358,172,155" index="8" style="position:fixed;left:58.82442054234207%;top:46.23529411764706%;height:3.0392156862745097%;width:2.605665808210877%;" type="para">YY YOM</div></box><box><div coordinates="3105,2368,185,239" index="9" style="position:fixed;left:47.038327526132406%;top:46.431372549019606%;height:4.686274509803921%;width:2.802605665808211%;" type="para">eTVIC
appli</div></box><box><div coordinates="2201,2379,121,133" index="10" style="position:fixed;left:33.34343281321012%;top:46.64705882352941%;height:2.607843137254902%;width:1.8330555976367218%;" type="para">fil &#167;</div></box><box><div coordinates="2021,2442,121,165" index="11" style="position:fixed;left:30.616573246477806%;top:47.88235294117647%;height:3.2352941176470593%;width:1.8330555976367218%;" type="para">yd

nd a</div></box><box><div coordinates="2101,2619,552,184" index="12" style="position:fixed;left:31.82851083169217%;top:51.35294117647059%;height:3.607843137254902%;width:8.362369337979095%;" type="para">5 underlying this</div></box><box><div coordinates="2963,2619,121,145" index="13" style="position:fixed;left:44.88713831237691%;top:51.35294117647059%;height:2.843137254901961%;width:1.8330555976367218%;" type="para">ule</div></box><box><div coordinates="651,2625,331,254" index="14" style="position:fixed;left:9.862142099681867%;top:51.470588235294116%;height:4.980392156862745%;width:5.014391758824421%;" type="para">In the ey
negotiate</div></box><box><div coordinates="4070,2635,180,146" index="15" style="position:fixed;left:61.65732464778064%;top:51.66666666666667%;height:2.8627450980392157%;width:2.7268595667323132%;" type="para">agre</div></box><box><div coordinates="1301,2669,171,189" index="16" style="position:fixed;left:19.709134979548555%;top:52.33333333333333%;height:3.705882352941176%;width:2.590516588395698%;" type="para">he fo!
fee st</div></box><box><div coordinates="1533,2668,464,209" index="17" style="position:fixed;left:23.223753976670203%;top:52.313725490196084%;height:4.098039215686274%;width:7.029237994243297%;" type="para">going assumpt
edule in good f</div></box><box><div coordinates="3171,2664,121,121" index="18" style="position:fixed;left:48.038176033934256%;top:52.23529411764706%;height:2.372549019607843%;width:1.8330555976367218%;" type="para">nae</div></box><box><div coordinates="3343,2662,121,123" index="19" style="position:fixed;left:50.64384184214513%;top:52.19607843137255%;height:2.411764705882353%;width:1.8330555976367218%;" type="para">met</div></box><box><div coordinates="3592,2663,122,136" index="20" style="position:fixed;left:54.41599757612483%;top:52.21568627450981%;height:2.666666666666667%;width:1.8482048174519012%;" type="para">pa</div></box><box><div coordinates="1085,2754,121,121" index="21" style="position:fixed;left:16.436903499469775%;top:54.0%;height:2.372549019607843%;width:1.8330555976367218%;" type="para">evis</div></box><box><div coordinates="591,2875,3992,1372" index="22" style="position:fixed;left:8.953188910771095%;top:56.372549019607845%;height:26.90196078431373%;width:60.47568550219664%;" type="para">IX. Overdrafts

Overdrafts are not allowed; however, should one occur, a charge will be imposed by State Street at a rate equivalent
to the Federal Funds Rate plus 200 basis points, as applicable.

X. Confidentiality

This fee schedule is the confidential information of the parties and shall not be disclosed to any third party without
the prior written consent of the other parties; provided, however, the Funds may disclose, on a need to know basis
and in confidence, to: the Board of Trustees, officers of the Trust, auditors of the Trust, counsel to the Trust, counsel
to the independent Trustees, the investment adviser, its affiliates and their financial and legal advisers and as may be
required by any regulatory requirement or regulatory authority; provided, however, that any disclosure of this fee
schedule to a Fund&#8217;s unaffiliated sub-adviser(s) or their affiliates will be a breach of the Funds&#8217; confidentiality

ra XL rr d tl oi amian Ya rnin meena od dn</div></box><box><div coordinates="2439,2878,437,121" index="23" style="position:fixed;left:36.948947129222844%;top:56.431372549019606%;height:2.372549019607843%;width:6.620209059233449%;" type="para" /></box><box><div coordinates="2978,2877,165,121" index="24" style="position:fixed;left:45.114376609604605%;top:56.41176470588235%;height:2.372549019607843%;width:2.4996212695046207%;" type="para" /></box><box><div coordinates="3440,3130,121,121" index="25" style="position:fixed;left:52.11331616421754%;top:61.372549019607845%;height:2.372549019607843%;width:1.8330555976367218%;" type="para">fate</div></box><box><div coordinates="4127,3132,132,145" index="26" style="position:fixed;left:62.52083017724587%;top:61.411764705882355%;height:2.843137254901961%;width:1.9996970156036964%;" type="para">1iva</div></box><box><div coordinates="2445,3145,255,231" index="27" style="position:fixed;left:37.03984244811392%;top:61.66666666666667%;height:4.529411764705882%;width:3.863051052870777%;" type="para">, a charg
icable.</div></box><box><div coordinates="3617,3162,157,122" index="28" style="position:fixed;left:54.794728071504316%;top:62.0%;height:2.392156862745098%;width:2.378427510983184%;" type="para">treet</div></box><box><div coordinates="3277,3178,123,123" index="29" style="position:fixed;left:49.643993334343286%;top:62.313725490196084%;height:2.411764705882353%;width:1.8633540372670807%;" type="para" /></box><box><div coordinates="2019,3239,181,138" index="30" style="position:fixed;left:30.586274806847445%;top:63.50980392156863%;height:2.705882352941176%;width:2.7420087865474927%;" type="para">oints,</div></box><box><div coordinates="2289,3240,121,154" index="31" style="position:fixed;left:34.676564156945915%;top:63.52941176470588%;height:3.019607843137255%;width:1.8330555976367218%;" type="para">apr</div></box><box><div coordinates="2052,3379,189,121" index="32" style="position:fixed;left:31.08619906074837%;top:66.25490196078432%;height:2.372549019607843%;width:2.863202545068929%;" type="para" /></box><box><div coordinates="3546,3374,125,121" index="33" style="position:fixed;left:53.719133464626566%;top:66.15686274509804%;height:2.372549019607843%;width:1.8936524768974399%;" type="para" /></box><box><div coordinates="3810,3372,409,122" index="34" style="position:fixed;left:57.71852749583396%;top:66.11764705882352%;height:2.392156862745098%;width:6.196030904408422%;" type="para" /></box><box><div coordinates="725,3712,691,609" index="35" style="position:fixed;left:10.983184366005151%;top:72.7843137254902%;height:11.941176470588236%;width:10.468110892289047%;" type="para">A110) AViv DVilviddlv 10 LLIN
he prior written conse:
nd in confidence, to: t
0 the independent Tru
cequired by any regula
chedule to a Fund&#8217;s ui
bligations hereunder.</div></box><box><div coordinates="1236,3744,121,121" index="36" style="position:fixed;left:18.724435691561887%;top:73.41176470588235%;height:2.372549019607843%;width:1.8330555976367218%;" type="para">CON:</div></box><box><div coordinates="3422,4069,122,128" index="37" style="position:fixed;left:51.840630207544315%;top:79.7843137254902%;height:2.5098039215686274%;width:1.8482048174519012%;" type="para">La = 2

e Fu</div></box><box><div coordinates="595,4321,3986,1152" index="38" style="position:fixed;left:9.013785790031813%;top:84.72549019607844%;height:22.58823529411765%;width:60.38479018330556%;" type="para">XI. Payment of Fees |

Invoices for the fees, charges and expenses set forth herein will be sent to the Funds as instructed via mail or
overnight delivery and e-mail (Excel spreadsheet). In the event payment is not made within thirty (30) days of
receipt of invoice, any undisputed portion of the invoice may be charged against each Fund&#8217;s demand deposit
account forty five (45) days (or thereafter) after the invoice is transmitted to Funds&#8217; offices. In the event the Funds
dispute any portion of an invoice, the Funds shail pay the undisputed portion of the invoice and the parties shall seek
in good faith to agree upon a resolution of such dispute no later than forty-five days after the date the invoice was
transmitted to the Funds&#8217; offices. Any fees or reimbursable expenses not paid within thirty (30) days of the date of
the original invoice (or the date of resolution for any disputed amount) will be charged a late payment fee of 1% per
month until payment of the fees are received by Billing. Failure to charge a fee is not deemed a waiver of that fee.</div></box></Blocks></page><page num="6" src="img/Bi2i_1035/Bi2i_1035-05.jpg" txt_src="img/Bi2i_1035/Bi2i_1035-05.txt"><Blocks><box><div coordinates="629,561,3823,759" index="0" style="position:fixed;left:9.528859263747917%;top:11.0%;height:14.882352941176471%;width:57.915467353431296%;" type="para">STATE STREET BANK AND TRUST COMPANY

 

WISDOMTREE FUNDS
CONFIDENTIAL FEE SCHEDULE
AS OF SEPTEMBER 27, 2013</div></box><box><div coordinates="597,1480,3982,495" index="1" style="position:fixed;left:9.044084229662172%;top:29.01960784313726%;height:9.705882352941178%;width:60.32419330404484%;" type="para">XII. Effectiveness

This fee schedule shall become effective upon the commencement of the provision of the Services and shall remain
in 1 effect through March 31, 2019 and from year to year thereafter, until it is revised as a result of negotiations</div></box><box><div coordinates="1655,1730,199,233" index="2" style="position:fixed;left:25.0719587941221%;top:33.92156862745098%;height:4.568627450980392%;width:3.014694743220724%;" type="para">e effe
2019</div></box><box><div coordinates="1876,1739,430,255" index="3" style="position:fixed;left:28.419936373276776%;top:34.09803921568628%;height:5.0%;width:6.514164520527192%;" type="para">tive upon the
nd from year</div></box><box><div coordinates="3060,1731,485,249" index="4" style="position:fixed;left:46.35661263444932%;top:33.94117647058824%;height:4.88235294117647%;width:7.3473716103620665%;" type="para">yrovision of the
| it is revised</div></box><box><div coordinates="3613,1739,177,240" index="5" style="position:fixed;left:54.734131192243595%;top:34.09803921568628%;height:4.705882352941177%;width:2.681411907286775%;" type="para">Srvice
a resi</div></box><box><div coordinates="3835,1738,175,231" index="6" style="position:fixed;left:58.09725799121346%;top:34.07843137254902%;height:4.529411764705882%;width:2.651113467656416%;" type="para">and s
t of 1</div></box><box><div coordinates="4099,1739,166,239" index="7" style="position:fixed;left:62.09665202242085%;top:34.09803921568628%;height:4.686274509803921%;width:2.5147704893198%;" type="para">1 rem
otiati</div></box><box><div coordinates="779,1743,334,319" index="8" style="position:fixed;left:11.801242236024844%;top:34.17647058823529%;height:6.254901960784314%;width:5.059839418269959%;" type="para">is fee sche
effect thre
tiated by</div></box><box><div coordinates="2364,1746,312,248" index="9" style="position:fixed;left:35.81275564308438%;top:34.23529411764706%;height:4.862745098039216%;width:4.72655658233601%;" type="para">ymmencer
) year the</div></box><box><div coordinates="2693,1741,121,121" index="10" style="position:fixed;left:40.796848962278446%;top:34.13725490196079%;height:2.372549019607843%;width:1.8330555976367218%;" type="para">ent</div></box><box><div coordinates="1221,1760,233,308" index="11" style="position:fixed;left:18.49719739433419%;top:34.509803921568626%;height:6.03921568627451%;width:3.529768216936828%;" type="para">e shall
1 Marc

r party.</div></box><box><div coordinates="4275,1761,121,125" index="12" style="position:fixed;left:64.76291470989244%;top:34.529411764705884%;height:2.450980392156863%;width:1.8330555976367218%;" type="para">ain</div></box><box><div coordinates="651,2082,493,166" index="13" style="position:fixed;left:9.862142099681867%;top:40.82352941176471%;height:3.2549019607843137%;width:7.468565368883502%;" type="para">EACH FUND</div></box><box><div coordinates="2623,2084,1526,166" index="14" style="position:fixed;left:39.73640357521588%;top:40.86274509803921%;height:3.2549019607843137%;width:23.117709437963946%;" type="para">STATE STREET BANK AND TRUST COMPANY</div></box><box><div coordinates="2028,2159,141,142" index="15" style="position:fixed;left:30.722617785184063%;top:42.333333333333336%;height:2.784313725490196%;width:2.136039993940312%;" type="para" /></box><box><div coordinates="1612,2282,204,342" index="16" style="position:fixed;left:24.420542342069385%;top:44.745098039215684%;height:6.705882352941177%;width:3.090440842296622%;" type="para" /></box><box><div coordinates="966,2330,383,302" index="17" style="position:fixed;left:14.634146341463413%;top:45.68627450980392%;height:5.921568627450981%;width:5.802151189213756%;" type="para" /></box><box><div coordinates="2912,2337,1169,454" index="18" style="position:fixed;left:44.114528101802755%;top:45.82352941176471%;height:8.901960784313726%;width:17.709437963944858%;" type="para">NE 6
Seno, Wes FESO?</div></box><box><div coordinates="1986,2436,184,187" index="19" style="position:fixed;left:30.086350552946524%;top:47.76470588235294%;height:3.6666666666666665%;width:2.7874564459930316%;" type="para" /></box><box><div coordinates="648,2448,190,336" index="20" style="position:fixed;left:9.816694440236327%;top:48.0%;height:6.588235294117648%;width:2.8783517648841084%;" type="para">By:
Nam
Title</div></box><box><div coordinates="2624,2442,231,345" index="21" style="position:fixed;left:39.75155279503105%;top:47.88235294117647%;height:6.764705882352941%;width:3.4994697773064685%;" type="para">By:
Name
Title:</div></box><box><div coordinates="1858,2459,121,123" index="22" style="position:fixed;left:28.147250416603548%;top:48.21568627450981%;height:2.411764705882353%;width:1.8330555976367218%;" type="para" /></box><box><div coordinates="2441,6059,147,135" index="23" style="position:fixed;left:36.9792455688532%;top:118.80392156862744%;height:2.6470588235294117%;width:2.2269353128313893%;" type="para" /></box></Blocks></page><page num="7" src="img/Bi2i_1035/Bi2i_1035-06.jpg" txt_src="img/Bi2i_1035/Bi2i_1035-06.txt"><Blocks><box><div coordinates="638,564,3824,758" index="0" style="position:fixed;left:9.665202242084533%;top:11.058823529411764%;height:14.862745098039214%;width:57.930616573246475%;" type="para">STATE STREET BANK AND TRUST COMPANY

 

WISDOMTREE FUNDS
CONFIDENTIAL FEE SCHEDULE
AS OF SEPTEMBER 27,2013</div></box><box><div coordinates="2243,1415,577,194" index="1" style="position:fixed;left:33.97970004544766%;top:27.745098039215687%;height:3.8039215686274512%;width:8.741099833358582%;" type="para">APPENDIX 1</div></box><box><div coordinates="1639,1628,1814,176" index="2" style="position:fixed;left:24.82957127707923%;top:31.92156862745098%;height:3.4509803921568625%;width:27.480684744735644%;" type="para">TRANSACTION PROCESSING FEES PER TRADE</div></box><box><div coordinates="909,1829,344,252" index="3" style="position:fixed;left:13.770640811998183%;top:35.86274509803922%;height:4.941176470588235%;width:5.211331616421754%;" type="para">Street Repu
al Settlem

A oa a v</div></box><box><div coordinates="1448,1827,137,159" index="4" style="position:fixed;left:21.93607029237994%;top:35.8235294117647%;height:3.1176470588235294%;width:2.075443114679594%;" type="para" /></box><box><div coordinates="1886,1829,121,124" index="5" style="position:fixed;left:28.57142857142857%;top:35.86274509803922%;height:2.431372549019608%;width:1.8330555976367218%;" type="para">(Re</div></box><box><div coordinates="3467,1824,385,721" index="6" style="position:fixed;left:52.52234509922739%;top:35.76470588235294%;height:14.137254901960784%;width:5.832449628844114%;" type="para">No Charg
$20.00
&#167; 5.00
$20.00
No Charge
$15.00
$25.00</div></box><box><div coordinates="1667,1851,121,135" index="7" style="position:fixed;left:25.253749431904254%;top:36.29411764705882%;height:2.6470588235294117%;width:1.8330555976367218%;" type="para">MCI</div></box><box><div coordinates="661,1915,510,909" index="8" style="position:fixed;left:10.013634297833661%;top:37.549019607843135%;height:17.823529411764703%;width:7.726102105741554%;" type="para">AAVWMVY LJWA VIVE ANN

Physical Settle
Wire Transfer:
Third Party Fo
Foreign Excha
Exchange Trac
Over-the-Cour
etc. y**

Derivatives Tr
(in addition to</div></box><box><div coordinates="1308,2023,282,243" index="9" style="position:fixed;left:19.815179518254812%;top:39.666666666666664%;height:4.764705882352941%;width:4.272079987880624%;" type="para">ind Out
1 Exchan

21 1 o&#163;</div></box><box><div coordinates="1167,2109,677,436" index="10" style="position:fixed;left:17.679139524314497%;top:41.35294117647059%;height:8.549019607843137%;width:10.256021814876535%;" type="para">oy AAA WFAA NWS ww

reign Exchange *

nge through State Str
led Derivatives (Opti
iter (&#8220;OTC&#8221;) Traded |</div></box><box><div coordinates="1892,2194,1092,354" index="11" style="position:fixed;left:28.662323890319648%;top:43.01960784313725%;height:6.9411764705882355%;width:16.542948038176032%;" type="para">t Global Markets
1s, Futures Trades, etc.)
erivatives (Options, Futures Trades</div></box><box><div coordinates="2407,2567,279,157" index="12" style="position:fixed;left:36.4641720951371%;top:50.33333333333333%;height:3.0784313725490198%;width:4.226632328435086%;" type="para">&#8216;onic For</div></box><box><div coordinates="1058,2576,121,158" index="13" style="position:fixed;left:16.02787456445993%;top:50.50980392156863%;height:3.0980392156862746%;width:1.8330555976367218%;" type="para">I;</div></box><box><div coordinates="1277,2574,706,250" index="14" style="position:fixed;left:19.345553703984244%;top:50.47058823529412%;height:4.901960784313726%;width:10.69534918951674%;" type="para">s Not in State Street R
rges set forth above)</div></box><box><div coordinates="2141,2570,163,165" index="15" style="position:fixed;left:32.43447962429935%;top:50.3921568627451%;height:3.2352941176470593%;width:2.4693228298742613%;" type="para">ed El</div></box><box><div coordinates="3542,2582,271,139" index="16" style="position:fixed;left:53.65853658536586%;top:50.627450980392155%;height:2.7254901960784315%;width:4.10543856991365%;" type="para">$ 10.0(</div></box><box><div coordinates="662,2839,249,239" index="17" style="position:fixed;left:10.028783517648842%;top:55.666666666666664%;height:4.686274509803921%;width:3.7721557339797%;" type="para">* Thes
** Dod</div></box><box><div coordinates="869,2853,1947,1056" index="18" style="position:fixed;left:13.164672019391002%;top:55.94117647058824%;height:20.705882352941178%;width:29.495530980154523%;" type="para">se fees and charges assume automated trade instruction/inforr
oes not include currency forwards (deliverable and non-delive

"he Transaction Processing Fees are per trade processing
1sactions by State Street on behalf of the Funds in connection
stody Agreement. These Transaction Processing Fees, unles
d party investment managers entered into such transactions v
1 third party dealer or broker. The processing fees are in addit
1 of, any compensation (as described herein) that may be ear:
d party dealer or broker in connection with such transaction.</div></box><box><div coordinates="3518,2865,229,129" index="19" style="position:fixed;left:53.29495530980155%;top:56.1764705882353%;height:2.5294117647058822%;width:3.4691713376761095%;" type="para">lectroni</div></box><box><div coordinates="3779,2869,121,121" index="20" style="position:fixed;left:57.2489016815634%;top:56.25490196078431%;height:2.372549019607843%;width:1.8330555976367218%;" type="para">&#8217;

for</div></box><box><div coordinates="2861,2870,650,220" index="21" style="position:fixed;left:43.341917891228604%;top:56.27450980392157%;height:4.313725490196078%;width:9.846992879866686%;" type="para">ation delivery in an e
ble), for which there</div></box><box><div coordinates="2257,3199,1283,696" index="22" style="position:fixed;left:34.19178912286017%;top:62.725490196078425%;height:13.647058823529413%;width:19.436449022875323%;" type="para">trade processing fees charged for pro
nds in connection with the provision of
ssing Fees, unless otherwise waived, ar
ich transactions with or through State St
g fees are in addition to, and are not to bi
) that may be earned by State Street or
such transaction.</div></box><box><div coordinates="2990,3198,121,121" index="23" style="position:fixed;left:45.29616724738676%;top:62.70588235294118%;height:2.372549019607843%;width:1.8330555976367218%;" type="para">cha</div></box><box><div coordinates="718,3218,684,705" index="24" style="position:fixed;left:10.877139827298894%;top:63.09803921568628%;height:13.823529411764707%;width:10.362066353582792%;" type="para">! The Transaction

transactions by Stat
Custody Agreement
third party investme
or a third party deals
lieu of, any compen
third party dealer or</div></box><box><div coordinates="967,3212,154,153" index="25" style="position:fixed;left:14.649295561278594%;top:62.98039215686274%;height:3.0%;width:2.332979851537646%;" type="para">Tra;

lI</div></box><box><div coordinates="3857,3218,554,599" index="26" style="position:fixed;left:58.430540827147404%;top:63.09803921568628%;height:11.745098039215685%;width:8.392667777609454%;" type="para">e settlement of
rvices under the
er a Fund or its
e of its affiliates
1 as payments in
iffiliates or by a</div></box><box><div coordinates="3525,3287,479,530" index="27" style="position:fixed;left:53.4009998485078%;top:64.45098039215686%;height:10.392156862745098%;width:7.25647629147099%;" type="para">wivaa lille, Vilvw OW
custody servic
oply whether a
treet or one of
e construed as |
any of its affili;</div></box><box><div coordinates="717,3308,177,404" index="28" style="position:fixed;left:10.861990607483715%;top:64.86274509803923%;height:7.92156862745098%;width:2.681411907286775%;" type="para">fran
Cus
thir
ora</div></box><box><div coordinates="1239,3380,591,527" index="29" style="position:fixed;left:18.769883351007426%;top:66.27450980392156%;height:10.333333333333334%;width:8.953188910771095%;" type="para">idly Ulver VL ULV
ment. These Trat
:stment managers
dealer or broker.
mpensation (as de:
er or broker in con</div></box><box><div coordinates="873,3920,3471,1246" index="30" style="position:fixed;left:13.225268898651718%;top:76.86274509803923%;height:24.43137254901961%;width:52.58294197848811%;" type="para">te Street Global Markets, a separate division of State Street, offers principal or &#8220;dealer&#8221; trading services as wel
agency execution services (which include its proprietary electronic trading platforms) in a variety of asse
ses, including most of those described in this schedule. A Fund or its third party fiduciary investmen
nagers may select State Street Global Markets to effect principal or agency transactions; however, any sucl
vices, irrespective of whether trade orders are transmitted through State Street&#8217;s custody or trustee operations
conducted under contractual or other arrangements that are distinct from its services and obligations under the
cements. When State Street or State Street Global Markets acts as a counterparty (e.g., foreign exchange, ove
counter derivatives, repurchase transactions) to a Fund, such transactions are principal transactions and State
et or State Street Global Markets enters into them as a dealer and not in a fiduciary, agency or similar capacity
rardless of any other relationships between State Street and the Funds under the Agreements). In connectior
h such trading or agency execution services, State Street Global Markets may receive compensation from the
ids in a variety of forms, including a commission, click fee, revenue share, spread, mark-up, mark-down
rest, fee or similar amount.</div></box><box><div coordinates="4189,3927,225,158" index="31" style="position:fixed;left:63.460081805787006%;top:77.0%;height:3.0980392156862746%;width:3.408574458415391%;" type="para">s well</div></box><box><div coordinates="2032,3939,263,227" index="32" style="position:fixed;left:30.78321466444478%;top:77.23529411764706%;height:4.450980392156863%;width:3.9842448113922133%;" type="para">livision
clude if</div></box><box><div coordinates="1132,3945,186,137" index="33" style="position:fixed;left:17.148916830783214%;top:77.3529411764706%;height:2.686274509803922%;width:2.8177548856233905%;" type="para">Glob:</div></box><box><div coordinates="733,4051,397,622" index="34" style="position:fixed;left:11.104378124526587%;top:79.43137254901961%;height:12.19607843137255%;width:6.014240266626269%;" type="para">as agency
classes, inc
managers n
services, irt
are conduct
Agreement:
the counter</div></box><box><div coordinates="851,4056,128,122" index="35" style="position:fixed;left:12.89198606271777%;top:79.52941176470588%;height:2.392156862745098%;width:1.9391001363429785%;" type="para" /></box><box><div coordinates="4209,4146,187,286" index="36" style="position:fixed;left:63.76306620209059%;top:81.29411764705883%;height:5.607843137254902%;width:2.83290410543857%;" type="para">ment
such
ions,</div></box><box><div coordinates="1121,4234,150,231" index="37" style="position:fixed;left:16.98227541281624%;top:83.01960784313725%;height:4.529411764705882%;width:2.2723829722769278%;" type="para">nay
&#8216;espe
Lar] 13</div></box><box><div coordinates="967,4388,121,121" index="38" style="position:fixed;left:14.649295561278594%;top:86.0392156862745%;height:2.372549019607843%;width:1.8330555976367218%;" type="para">ndu</div></box><box><div coordinates="715,4577,330,575" index="39" style="position:fixed;left:10.831692167853356%;top:89.74509803921569%;height:11.27450980392157%;width:4.999242539009241%;" type="para">the coun
Street or
(regardle
with suc]
Funds in
interest, 1</div></box><box><div coordinates="2821,4586,121,131" index="40" style="position:fixed;left:42.735949098621425%;top:89.92156862745098%;height:2.5686274509803924%;width:1.8330555976367218%;" type="para">fra</div></box><box><div coordinates="4026,4679,378,395" index="41" style="position:fixed;left:60.99075897591274%;top:91.74509803921569%;height:7.745098039215686%;width:5.726405090137858%;" type="para">ar capacity
connection
n from the
\ark-down,</div></box><box><div coordinates="1085,4683,121,122" index="42" style="position:fixed;left:16.436903499469775%;top:91.82352941176471%;height:2.392156862745098%;width:1.8330555976367218%;" type="para">tate</div></box><box><div coordinates="2376,6047,313,182" index="43" style="position:fixed;left:35.99454628086654%;top:118.5686274509804%;height:3.568627450980392%;width:4.7417058021511895%;" type="para">Appl-1</div></box></Blocks></page><page num="8" src="img/Bi2i_1035/Bi2i_1035-07.jpg" txt_src="img/Bi2i_1035/Bi2i_1035-07.txt"><Blocks><box><div coordinates="634,547,3822,756" index="0" style="position:fixed;left:9.604605362823815%;top:10.72549019607843%;height:14.823529411764705%;width:57.90031813361611%;" type="para">STATE STREET BANK AND TRUST COMPANY

 

WISDOMTREE FUNDS
CONFIDENTIAL FEE SCHEDULE
AS OF SEPTEMBER 27,2013</div></box><box><div coordinates="2255,1394,575,197" index="1" style="position:fixed;left:34.161490683229815%;top:27.333333333333332%;height:3.8627450980392157%;width:8.710801393728223%;" type="para">APPENDIX 2</div></box><box><div coordinates="1812,1610,1456,176" index="2" style="position:fixed;left:27.450386305105283%;top:31.56862745098039%;height:3.4509803921568625%;width:22.057264050901377%;" type="para">CREATION AND REDEMPTION FEES</div></box><box><div coordinates="1137,1809,275,165" index="3" style="position:fixed;left:17.224662929859115%;top:35.47058823529412%;height:3.2352941176470593%;width:4.166035449174368%;" type="para">Fund #</div></box><box><div coordinates="1424,1808,2574,4197" index="4" style="position:fixed;left:21.572489016815634%;top:35.450980392156865%;height:82.29411764705883%;width:38.99409180427208%;" type="para">Fund Name Broker Fees
WisdomTree Asia Local Debt Fund

WisdomTree Australia &amp; New Zealand Debt Fund
WisdomTree Australia Dividend Fund
WisdomTree Asia Pacific ex-Japan Fund
WisdomTree Brazilian Real Fund

WisdomTree Commodity Currency Fund
WisdomTree Commodity Country Equity Fund
WisdomTree Emerging Currency Fund
WisdomTree China Dividend ex-Financials Fund
WisdomTree Chinese Yuan Fund 200 |
WisdomTree Global ex-US Utilities Fund 1,000
WisdomTree Emerging Markets Equity Income Fund 5,000
WisdomTree SmallCap Dividend Fund 1,500
WisdomTree Global Equity Income Fund 4,000
WisdomTree Europe SmallCap Dividend Fund 3,000
WisdomTree Japan SmallCap Dividend Fund 3,000
WisdomTree Emerging Markets SmallCap Dividend 7,000
WisdomTree Equity Income Fund 1,000
WisdomTree International MidCap Dividend Fund 5,000
WisdomTree LargeCap Dividend Fund
WisdomTree International SmallCap Dividend Fund 7,000

2,000

1,250

ND NN Nd
&#8212;) OS ONS
oo SIC OI

Wh
fo

WisdomTree Eamings 500 Fund 1,000
WisdomTree Euro Debt Fund
WisdomTree Total Earnings Fund
WisdomTree MidCap Earnings Fund
WisdomTree LargeCap Value Fund
WisdomTree Global Corporate Bond Fund

WisdomTree Global Natural Resources Fund

_| WisdomTree Dividend ex-Financals Fund | ~~ 250
WisdomTree Emerging Markets Corporate Bond Fund
WisdomTree India Earnings Fund

| 3,000]

3,000
1,500

ND
hin oO
OIC |O</div></box><box><div coordinates="1080,2006,121,142" index="5" style="position:fixed;left:16.361157400393882%;top:39.33333333333333%;height:2.784313725490196%;width:1.8330555976367218%;" type="para" /></box><box><div coordinates="2922,2000,258,164" index="6" style="position:fixed;left:44.26602029995455%;top:39.21568627450981%;height:3.215686274509804%;width:3.9084987123163155%;" type="para">t Fund</div></box><box><div coordinates="1079,2260,121,121" index="7" style="position:fixed;left:16.3460081805787%;top:44.31372549019608%;height:2.372549019607843%;width:1.8330555976367218%;" type="para" /></box><box><div coordinates="1075,2482,122,381" index="8" style="position:fixed;left:16.285411301317982%;top:48.66666666666667%;height:7.470588235294118%;width:1.8482048174519012%;" type="para" /></box><box><div coordinates="1074,2934,122,122" index="9" style="position:fixed;left:16.270262081502803%;top:57.529411764705884%;height:2.392156862745098%;width:1.8482048174519012%;" type="para" /></box><box><div coordinates="1073,3124,122,124" index="10" style="position:fixed;left:16.255112861687625%;top:61.254901960784316%;height:2.431372549019608%;width:1.8482048174519012%;" type="para" /></box><box><div coordinates="3347,3125,121,121" index="11" style="position:fixed;left:50.70443872140584%;top:61.274509803921575%;height:2.372549019607843%;width:1.8330555976367218%;" type="para" /></box><box><div coordinates="3346,3315,121,122" index="12" style="position:fixed;left:50.68928950159067%;top:65.0%;height:2.392156862745098%;width:1.8330555976367218%;" type="para" /></box><box><div coordinates="1070,3509,122,217" index="13" style="position:fixed;left:16.209665202242086%;top:68.80392156862744%;height:4.254901960784314%;width:1.8482048174519012%;" type="para" /></box><box><div coordinates="2920,3630,184,165" index="14" style="position:fixed;left:44.2357218603242%;top:71.17647058823529%;height:3.2352941176470593%;width:2.7874564459930316%;" type="para">1 Fun</div></box><box><div coordinates="1068,3798,122,218" index="15" style="position:fixed;left:16.179366762611725%;top:74.47058823529412%;height:4.2745098039215685%;width:1.8482048174519012%;" type="para" /></box><box><div coordinates="3112,3822,121,122" index="16" style="position:fixed;left:47.14437206483866%;top:74.94117647058823%;height:2.392156862745098%;width:1.8330555976367218%;" type="para" /></box><box><div coordinates="2973,3865,121,125" index="17" style="position:fixed;left:45.03863051052871%;top:75.7843137254902%;height:2.450980392156863%;width:1.8330555976367218%;" type="para" /></box><box><div coordinates="3111,4014,121,166" index="18" style="position:fixed;left:47.129222845023484%;top:78.70588235294119%;height:3.2549019607843137%;width:1.8330555976367218%;" type="para" /></box><box><div coordinates="1068,4084,122,123" index="19" style="position:fixed;left:16.179366762611725%;top:80.07843137254902%;height:2.411764705882353%;width:1.8482048174519012%;" type="para" /></box><box><div coordinates="1066,4257,122,213" index="20" style="position:fixed;left:16.149068322981368%;top:83.47058823529412%;height:4.176470588235294%;width:1.8482048174519012%;" type="para" /></box><box><div coordinates="2665,4509,215,246" index="21" style="position:fixed;left:40.37267080745342%;top:88.41176470588236%;height:4.823529411764706%;width:3.257082260263596%;" type="para">Fund
s Fund</div></box><box><div coordinates="1065,4518,121,149" index="22" style="position:fixed;left:16.133919103166185%;top:88.58823529411765%;height:2.9215686274509807%;width:1.8330555976367218%;" type="para" /></box><box><div coordinates="3341,4600,121,123" index="23" style="position:fixed;left:50.61354340251477%;top:90.19607843137256%;height:2.411764705882353%;width:1.8330555976367218%;" type="para" /></box><box><div coordinates="1062,5524,121,121" index="24" style="position:fixed;left:16.088471443720646%;top:108.31372549019609%;height:2.372549019607843%;width:1.8330555976367218%;" type="para" /></box><box><div coordinates="2625,5546,121,167" index="25" style="position:fixed;left:39.76670201484623%;top:108.74509803921568%;height:3.2745098039215685%;width:1.8330555976367218%;" type="para" /></box><box><div coordinates="2371,6027,313,166" index="26" style="position:fixed;left:35.91880018179064%;top:118.1764705882353%;height:3.2549019607843137%;width:4.7417058021511895%;" type="para">App2-1</div></box></Blocks></page><page num="9" src="img/Bi2i_1035/Bi2i_1035-08.jpg" txt_src="img/Bi2i_1035/Bi2i_1035-08.txt"><Blocks><box><div coordinates="635,532,3827,759" index="0" style="position:fixed;left:9.619754582638993%;top:10.431372549019608%;height:14.882352941176471%;width:57.97606423269202%;" type="para">STATE STREET BANK AND TRUST COMPANY

 

WISDOMTREE FUNDS
CONFIDENTIAL FEE SCHEDULE
AS OF SEPTEMBER 27,2013</div></box><box><div coordinates="1495,1381,1899,1123" index="1" style="position:fixed;left:22.64808362369338%;top:27.078431372549023%;height:22.019607843137255%;width:28.768368429025905%;" type="para">WisdomTree Middle East Dividend Fund

WisdomTree Europe Hedged Equity Fund

WisdomTree Indian Rupee Fund

WisdomTree Global Real Return Fund

WisdomTree Managed Futures Strategy Fund
WisdomTree U.S. Dividend Growth Fund

WisdomTree SmallCap Dividend Growth

WisdomTree U.K. Hedged Equity Fund

WisdomTree Japan Hedged Small Cap Equity Fund
WisdomTree Emerging Markets Consumer Growth Fund
WisdomTree Emerging Markets Dividend Growth Fund</div></box><box><div coordinates="3684,1399,323,1083" index="2" style="position:fixed;left:55.809725799121345%;top:27.431372549019606%;height:21.235294117647058%;width:4.893198000302985%;" type="para" /></box><box><div coordinates="1086,1547,121,121" index="3" style="position:fixed;left:16.452052719284957%;top:30.333333333333336%;height:2.372549019607843%;width:1.8330555976367218%;" type="para" /></box><box><div coordinates="3360,2026,121,121" index="4" style="position:fixed;left:50.90137857900318%;top:39.72549019607843%;height:2.372549019607843%;width:1.8330555976367218%;" type="para" /></box><box><div coordinates="2356,6013,329,185" index="5" style="position:fixed;left:35.691561884562944%;top:117.90196078431372%;height:3.6274509803921573%;width:4.984093319194061%;" type="para">App2-2</div></box></Blocks></page></doc>