<doc doi="Bi2i_1006" name="/prcanalyt/test-pra1/inventory_module/InputProcessing/7E0/CFD/7E0CFDEEB9AB1CC23422D8A1E9C55732BA3FF878.pdf"><page num="1" src="img/Bi2i_1006/Bi2i_1006-00.jpg" txt_src="img/Bi2i_1006/Bi2i_1006-00.txt"><Blocks><box><div coordinates="517,255,4066,919" index="0" style="position:fixed;left:7.832146644447811%;top:5.0%;height:18.019607843137255%;width:61.59672776851992%;" type="para">A FUNDS MANAGEME

- The Select Sector SPDR&#174; Trust I
Amendment to
Exchange Traded Funds Consolidated Fee Schedule dated February 1, 2011</div></box><box><div coordinates="1946,1222,1214,186" index="1" style="position:fixed;left:29.48038176033934%;top:23.96078431372549%;height:3.6470588235294117%;width:18.391152855627936%;" type="para">Dated as of June 1, 2015</div></box><box><div coordinates="483,1440,4130,450" index="2" style="position:fixed;left:7.317073170731707%;top:28.235294117647058%;height:8.823529411764707%;width:62.566277836691405%;" type="para">Reference is made to that certain Exchange Traded Funds Consolidated Fee Schedule between The Select Sector

SPDR Trust (the &#8220;Trust&#8217;) and State Street Bank and Trust Company, dated February 1, 2011 (as amended, the &#8220;Fee
Schedule&#8221;).</div></box><box><div coordinates="1720,1915,121,138" index="3" style="position:fixed;left:26.05665808210877%;top:37.549019607843135%;height:2.705882352941176%;width:1.8330555976367218%;" type="para">1th</div></box><box><div coordinates="3283,2080,223,168" index="4" style="position:fixed;left:49.73488865323436%;top:40.78431372549019%;height:3.294117647058824%;width:3.3782760187850327%;" type="para">"the Fe</div></box><box><div coordinates="1682,2102,121,121" index="5" style="position:fixed;left:25.48098772913195%;top:41.21568627450981%;height:2.372549019607843%;width:1.8330555976367218%;" type="para">add:</div></box><box><div coordinates="1548,2116,121,121" index="6" style="position:fixed;left:23.450992273897896%;top:41.490196078431374%;height:2.372549019607843%;width:1.8330555976367218%;" type="para">&#8216;be</div></box><box><div coordinates="481,2252,4130,1506" index="7" style="position:fixed;left:7.286774731101349%;top:44.15686274509804%;height:29.52941176470588%;width:62.566277836691405%;" type="para">DOMESTIC CUSTODY, FUND ACCOUNTING, ADMINISTRATION, SUB-ADMINISTRATION,
BASKET CALCULATION AND TRANSFER AGENCY SERVICES

This Fee Schedule is for services (the &#8220;Services&#8221;) provided by State Street Bank and Trust Company or its affiliates
(&#8220;State Street&#8221;) to, or in respect of, the Funds (as defined below) pursuant to that certain (a) Custodian Contract by
and between State Street and the Trust dated December 1, 1998 (the &#8220;Custody Agreement&#8217;); (b) Sub-Administration
Agreement by and between State Street and SSGA Funds Management, Inc. (&#8220;SSGA FM&#8221;) dated June 1, 2015 (the

&#8220;Sub-Administration Agreement&#8217;); (c) the Administration Agreement by and between the Trust and SSGA FM
dated June 1, 2015 (the &#8220;Administration Agreement&#8217;), and (d) Transfer Agency and Services Agreement by and
between State Street and the Trust dated December 1, 1998 (the &#8220;Transfer Agency Agreement&#8217; and collectively
with the Custody Agreement, the Sub-Administration Agreement and the Administration Agreement the
&#8220;Agreements,&#8221; all as may be amended, supplemented, restated or otherwise modified from time to time). This Fee
Schedule shall apply to all funds, portfolios, or accounts that may be party or subject to the Agreements from time to
time (collectively, the &#8220;Funds&#8217;).</div></box><box><div coordinates="1646,3777,203,243" index="8" style="position:fixed;left:24.935615815785486%;top:74.05882352941177%;height:4.764705882352941%;width:3.0752916224814424%;" type="para">&gt; Fee |
) shall</div></box><box><div coordinates="3235,3784,143,140" index="9" style="position:fixed;left:49.00772610210574%;top:74.19607843137254%;height:2.7450980392156863%;width:2.166338433570671%;" type="para">ting</div></box><box><div coordinates="487,4098,4190,618" index="10" style="position:fixed;left:7.3776700499924255%;top:80.3529411764706%;height:12.117647058823529%;width:63.475231025602184%;" type="para">For the provision of services pursuant to the Agreements, State Street (and SSGA FM, to the extent indicated below)
&#8220;shall be entitled to the fees set forth below to be paid by the Funds. The fee is equal to the Aggregate Fee for</div></box><box><div coordinates="3840,4554,121,121" index="11" style="position:fixed;left:58.173004090289346%;top:89.29411764705883%;height:2.372549019607843%;width:1.8330555976367218%;" type="para">rALALY A</div></box><box><div coordinates="1518,4583,317,327" index="12" style="position:fixed;left:22.99651567944251%;top:89.86274509803923%;height:6.411764705882353%;width:4.802302681411907%;" type="para">s set fort]
ulated by
&gt; table be</div></box><box><div coordinates="4157,4742,166,124" index="13" style="position:fixed;left:62.975306771701256%;top:92.98039215686275%;height:2.431372549019608%;width:2.5147704893198%;" type="para">AW AN NS

FM.</div></box><box><div coordinates="1576,4938,121,159" index="14" style="position:fixed;left:23.87517042872292%;top:96.82352941176471%;height:3.1176470588235294%;width:1.8330555976367218%;" type="para">LAL AN

od 1</div></box><box><div coordinates="1724,4936,143,160" index="15" style="position:fixed;left:26.11725496136949%;top:96.78431372549021%;height:3.1372549019607843%;width:2.166338433570671%;" type="para">this</div></box><box><div coordinates="571,5104,580,168" index="16" style="position:fixed;left:8.650204514467505%;top:100.07843137254902%;height:3.294117647058824%;width:8.786547492804122%;" type="para">Aggregate Fee</div></box><box><div coordinates="859,5296,168,125" index="17" style="position:fixed;left:13.013179821239207%;top:103.84313725490195%;height:2.450980392156863%;width:2.545068928950159%;" type="para" /></box><box><div coordinates="1040,5512,121,121" index="18" style="position:fixed;left:15.7551886077867%;top:108.07843137254902%;height:2.372549019607843%;width:1.8330555976367218%;" type="para">fC</div></box><box><div coordinates="557,5590,122,121" index="19" style="position:fixed;left:8.438115437054991%;top:109.60784313725492%;height:2.372549019607843%;width:1.8482048174519012%;" type="para" /></box><box><div coordinates="1540,5597,163,325" index="20" style="position:fixed;left:23.329798515376456%;top:109.74509803921568%;height:6.372549019607843%;width:2.4693228298742613%;" type="para">ets
ets
5sets</div></box></Blocks></page><page num="2" src="img/Bi2i_1006/Bi2i_1006-01.jpg" txt_src="img/Bi2i_1006/Bi2i_1006-01.txt"><Blocks><box><div coordinates="529,259,4056,915" index="0" style="position:fixed;left:8.013937282229964%;top:5.078431372549019%;height:17.941176470588236%;width:61.445235570368126%;" type="para">- The Select Sector SPDR&#174; Trust oo
Amendment to
Exchange Traded Funds Consolidated Fee Schedule dated February 1, 2011</div></box><box><div coordinates="1956,1222,1212,188" index="1" style="position:fixed;left:29.63187395849114%;top:23.96078431372549%;height:3.686274509803922%;width:18.360854415997576%;" type="para">Dated as of June 1, 2015</div></box><box><div coordinates="564,1468,1554,188" index="2" style="position:fixed;left:8.544159975761248%;top:28.784313725490197%;height:3.686274509803922%;width:23.54188759278897%;" type="para">Fee to be paid by the Funds to SSGA FM</div></box><box><div coordinates="865,1758,168,124" index="3" style="position:fixed;left:13.104075140130284%;top:34.470588235294116%;height:2.431372549019608%;width:2.545068928950159%;" type="para" /></box><box><div coordinates="1175,1763,152,154" index="4" style="position:fixed;left:17.800333282835933%;top:34.568627450980394%;height:3.019607843137255%;width:2.3026814119072867%;" type="para" /></box><box><div coordinates="3237,2136,207,168" index="5" style="position:fixed;left:49.0380245417361%;top:41.88235294117647%;height:3.294117647058824%;width:3.1358885017421603%;" type="para">ate Fe</div></box><box><div coordinates="4381,2134,168,126" index="6" style="position:fixed;left:66.36873201030147%;top:41.84313725490196%;height:2.4705882352941173%;width:2.545068928950159%;" type="para">FM</div></box><box><div coordinates="563,2142,1631,186" index="7" style="position:fixed;left:8.52901075594607%;top:42.0%;height:3.6470588235294117%;width:24.708377518557796%;" type="para">Fees to be paid by the Funds to State Street</div></box><box><div coordinates="561,2348,1389,255" index="8" style="position:fixed;left:8.498712316315709%;top:46.03921568627451%;height:5.0%;width:21.042266323284352%;" type="para">Example (illustrative purposes only)
Monthly Average Net Assets for all Fun</div></box><box><div coordinates="577,2638,582,184" index="9" style="position:fixed;left:8.741099833358582%;top:51.725490196078425%;height:3.607843137254902%;width:8.816845932434479%;" type="para">Aggregate Fee</div></box><box><div coordinates="863,2828,168,126" index="10" style="position:fixed;left:13.073776700499925%;top:55.450980392156865%;height:2.4705882352941173%;width:2.545068928950159%;" type="para" /></box><box><div coordinates="1330,2833,121,121" index="11" style="position:fixed;left:20.14846235418876%;top:55.54901960784314%;height:2.372549019607843%;width:1.8330555976367218%;" type="para">AS</div></box><box><div coordinates="3299,2839,271,149" index="12" style="position:fixed;left:49.97727617027723%;top:55.666666666666664%;height:2.9215686274509807%;width:4.10543856991365%;" type="para">ec (annug</div></box><box><div coordinates="1206,2866,121,121" index="13" style="position:fixed;left:18.2699590971065%;top:56.196078431372555%;height:2.372549019607843%;width:1.8330555976367218%;" type="para">Net</div></box><box><div coordinates="593,2875,121,121" index="14" style="position:fixed;left:8.983487350401456%;top:56.372549019607845%;height:2.372549019607843%;width:1.8330555976367218%;" type="para">Av</div></box><box><div coordinates="3197,3031,309,508" index="15" style="position:fixed;left:48.43205574912892%;top:59.43137254901961%;height:9.96078431372549%;width:4.681108922890472%;" type="para">,150,000
1250,000
050,000
500,000
489.693</div></box><box><div coordinates="1576,3119,143,337" index="16" style="position:fixed;left:23.87517042872292%;top:61.15686274509804%;height:6.6078431372549025%;width:2.166338433570671%;" type="para">A A AN

X AS
X AS</div></box><box><div coordinates="561,3121,154,315" index="17" style="position:fixed;left:8.498712316315709%;top:61.19607843137255%;height:6.176470588235294%;width:2.332979851537646%;" type="para" /></box><box><div coordinates="3075,3416,121,121" index="18" style="position:fixed;left:46.58385093167702%;top:66.98039215686275%;height:2.372549019607843%;width:1.8330555976367218%;" type="para">$5</div></box><box><div coordinates="561,3786,1585,188" index="19" style="position:fixed;left:8.498712316315709%;top:74.23529411764706%;height:3.686274509803922%;width:24.01151340705954%;" type="para">Fees to be paid by the Funds to SSGA FM</div></box><box><div coordinates="3555,3974,278,126" index="20" style="position:fixed;left:53.85547644296319%;top:77.92156862745098%;height:2.4705882352941173%;width:4.211483108619906%;" type="para">yA FM</div></box><box><div coordinates="690,4286,121,121" index="21" style="position:fixed;left:10.452961672473867%;top:84.0392156862745%;height:2.372549019607843%;width:1.8330555976367218%;" type="para">1 $9</div></box><box><div coordinates="3361,4283,143,141" index="22" style="position:fixed;left:50.91652779881836%;top:83.98039215686275%;height:2.764705882352941%;width:2.166338433570671%;" type="para">nual</div></box><box><div coordinates="3397,4456,121,166" index="23" style="position:fixed;left:51.46189971216483%;top:87.37254901960785%;height:3.2549019607843137%;width:1.8330555976367218%;" type="para">518</div></box><box><div coordinates="561,4460,1661,186" index="24" style="position:fixed;left:8.498712316315709%;top:87.45098039215686%;height:3.6470588235294117%;width:25.16285411301318%;" type="para">Fees to be paid by the Funds to State Street:</div></box><box><div coordinates="3237,4479,121,128" index="25" style="position:fixed;left:49.0380245417361%;top:87.82352941176471%;height:2.5098039215686274%;width:1.8330555976367218%;" type="para">86:</div></box><box><div coordinates="863,4762,168,125" index="26" style="position:fixed;left:13.073776700499925%;top:93.37254901960785%;height:2.450980392156863%;width:2.545068928950159%;" type="para">t Ma;</div></box><box><div coordinates="3225,4791,121,126" index="27" style="position:fixed;left:48.85623390395394%;top:93.94117647058823%;height:2.4705882352941173%;width:1.8330555976367218%;" type="para">ar &#171;</div></box><box><div coordinates="559,4956,1328,347" index="28" style="position:fixed;left:8.46841387668535%;top:97.1764705882353%;height:6.803921568627451%;width:20.1181639145584%;" type="para">PRONAVIGATOR SERVICES
State Street ProNavigator Services
The fees for State Street ProNavigato</div></box><box><div coordinates="3193,5168,121,129" index="29" style="position:fixed;left:48.3714588698682%;top:101.33333333333334%;height:2.5294117647058822%;width:1.8330555976367218%;" type="para">ATIC</div></box><box><div coordinates="3331,5171,231,217" index="30" style="position:fixed;left:50.46205120436298%;top:101.3921568627451%;height:4.254901960784314%;width:3.4994697773064685%;" type="para">with t
compa</div></box><box><div coordinates="3693,5334,122,122" index="31" style="position:fixed;left:55.94606877745796%;top:104.58823529411765%;height:2.392156862745098%;width:1.8482048174519012%;" type="para">FF WALA

FM</div></box><box><div coordinates="3239,5352,371,340" index="32" style="position:fixed;left:49.06832298136646%;top:104.94117647058823%;height:6.666666666666667%;width:5.620360551431601%;" type="para">.d by SSG
er of page
inting and</div></box><box><div coordinates="599,5434,850,167" index="33" style="position:fixed;left:9.07438266929253%;top:106.54901960784314%;height:3.2745098039215685%;width:12.87683684290259%;" type="para">NS WLAN A ~~ WAAL VWAALNA AXE VV WAI VALALNS

&#8220;SSGA Fund Complex&#8221;</div></box><box><div coordinates="1574,5455,259,161" index="34" style="position:fixed;left:23.84487198909256%;top:106.96078431372548%;height:3.1568627450980395%;width:3.923647932131495%;" type="para">&#8216;or pury

Ta Aq</div></box><box><div coordinates="1716,5641,121,149" index="35" style="position:fixed;left:25.996061202848054%;top:110.60784313725489%;height:2.9215686274509807%;width:1.8330555976367218%;" type="para">$10]</div></box><box><div coordinates="1674,5912,165,248" index="36" style="position:fixed;left:25.35979397061051%;top:115.92156862745098%;height:4.862745098039216%;width:2.4996212695046207%;" type="para">y Pro</div></box><box><div coordinates="1524,5944,121,128" index="37" style="position:fixed;left:23.087410998333585%;top:116.54901960784314%;height:2.5098039215686274%;width:1.8330555976367218%;" type="para">maj</div></box></Blocks></page><page num="3" src="img/Bi2i_1006/Bi2i_1006-02.jpg" txt_src="img/Bi2i_1006/Bi2i_1006-02.txt"><Blocks><box><div coordinates="527,253,4058,919" index="0" style="position:fixed;left:7.983638842599607%;top:4.96078431372549%;height:18.019607843137255%;width:61.47553400999849%;" type="para">ae Solent rw SPORE r&#8212; a...
Amendment to
Exchange Traded Funds Consolidated Fee Schedule dated February 1, 2011</div></box><box><div coordinates="1954,1218,1212,188" index="1" style="position:fixed;left:29.601575518860777%;top:23.88235294117647%;height:3.686274509803922%;width:18.360854415997576%;" type="para">Dated as of June 1, 2015</div></box><box><div coordinates="678,1588,133,128" index="2" style="position:fixed;left:10.271171034691713%;top:31.137254901960787%;height:2.5098039215686274%;width:2.014846235418876%;" type="para" /></box><box><div coordinates="1554,1774,195,240" index="3" style="position:fixed;left:23.54188759278897%;top:34.78431372549019%;height:4.705882352941177%;width:2.9540978639600057%;" type="para">dition:
mple:</div></box><box><div coordinates="677,2164,134,128" index="4" style="position:fixed;left:10.256021814876535%;top:42.431372549019606%;height:2.5098039215686274%;width:2.0299954552340553%;" type="para" /></box><box><div coordinates="3317,2465,121,121" index="5" style="position:fixed;left:50.249962126950464%;top:48.333333333333336%;height:2.372549019607843%;width:1.8330555976367218%;" type="para">ins</div></box><box><div coordinates="499,2596,4222,262" index="6" style="position:fixed;left:7.55946068777458%;top:50.90196078431373%;height:5.137254901960785%;width:63.96000605968793%;" type="para" /></box><box><div coordinates="565,2864,1885,368" index="7" style="position:fixed;left:8.559309195576429%;top:56.15686274509804%;height:7.215686274509804%;width:28.55627935161339%;" type="para">THE SELECT SECTOR SPDR TRUST, solely with
respect to those matters noted above applicable to
The Select Sector SPDR Trust</div></box><box><div coordinates="2510,2860,1933,386" index="8" style="position:fixed;left:38.024541736100595%;top:56.07843137254902%;height:7.568627450980392%;width:29.28344190274201%;" type="para">STATE STREET BANK AND TRUST COMPANY,
solely with respect to those matters noted above
applicable to tate Street Bank and Trust Company</div></box><box><div coordinates="3405,3257,123,152" index="9" style="position:fixed;left:51.58309347068626%;top:63.86274509803922%;height:2.980392156862745%;width:1.8633540372670807%;" type="para" /></box><box><div coordinates="3631,3283,148,199" index="10" style="position:fixed;left:55.00681714891683%;top:64.37254901960785%;height:3.9019607843137254%;width:2.242084532646569%;" type="para" /></box><box><div coordinates="2995,3312,239,138" index="11" style="position:fixed;left:45.371913346462655%;top:64.94117647058823%;height:2.705882352941176%;width:3.6206635358279047%;" type="para" /></box><box><div coordinates="3016,3450,578,511" index="12" style="position:fixed;left:45.69004696258143%;top:67.64705882352942%;height:10.019607843137255%;width:8.756249053173763%;" type="para" /></box><box><div coordinates="567,3469,121,121" index="13" style="position:fixed;left:8.589607635206786%;top:68.01960784313725%;height:2.372549019607843%;width:1.8330555976367218%;" type="para">N:</div></box><box><div coordinates="2516,3462,154,155" index="14" style="position:fixed;left:38.115437054991666%;top:67.88235294117648%;height:3.0392156862745097%;width:2.332979851537646%;" type="para">Na:</div></box><box><div coordinates="3809,3492,172,136" index="15" style="position:fixed;left:57.70337827601878%;top:68.47058823529412%;height:2.666666666666667%;width:2.605665808210877%;" type="para" /></box><box><div coordinates="3677,3572,172,200" index="16" style="position:fixed;left:55.70368126041508%;top:70.03921568627452%;height:3.9215686274509802%;width:2.605665808210877%;" type="para">Ru</div></box><box><div coordinates="3873,3638,122,130" index="17" style="position:fixed;left:58.672928344190275%;top:71.33333333333334%;height:2.549019607843137%;width:1.8482048174519012%;" type="para" /></box><box><div coordinates="3633,3784,122,123" index="18" style="position:fixed;left:55.037115588547195%;top:74.19607843137254%;height:2.411764705882353%;width:1.8482048174519012%;" type="para" /></box><box><div coordinates="562,4044,1900,877" index="19" style="position:fixed;left:8.51386153613089%;top:79.29411764705883%;height:17.19607843137255%;width:28.783517648841084%;" type="para">SSGA FUNDS MANAGEMENT, INC., solely with
respect to those matters noted above applicable to
SSGA Funds Management, Inc.

Name: on IN JL nr

Title: Vey A&#162; n [</div></box><box><div coordinates="559,4587,154,156" index="20" style="position:fixed;left:8.46841387668535%;top:89.94117647058823%;height:3.058823529411765%;width:2.332979851537646%;" type="para" /></box><box><div coordinates="1868,4594,160,157" index="21" style="position:fixed;left:28.29874261475534%;top:90.07843137254902%;height:3.0784313725490198%;width:2.423875170428723%;" type="para" /></box></Blocks></page><page num="4" src="img/Bi2i_1006/Bi2i_1006-03.jpg" txt_src="img/Bi2i_1006/Bi2i_1006-03.txt"><Blocks><box><div coordinates="2285,3893,123,126" index="0" style="position:fixed;left:34.6159672776852%;top:76.33333333333333%;height:2.4705882352941173%;width:1.8633540372670807%;" type="para" /></box></Blocks></page></doc>