<doc doi="Bi2i_1030" name="/prcanalyt/test-pra1/inventory_module/InputProcessing/802/410/80241061197BF7F364D38836112DFBF16232A8C8.pdf"><page num="1" src="img/Bi2i_1030/Bi2i_1030-00.jpg" txt_src="img/Bi2i_1030/Bi2i_1030-00.txt"><Blocks><box><div coordinates="502,229,3988,442" index="0" style="position:fixed;left:7.604908347220118%;top:4.490196078431373%;height:8.666666666666668%;width:60.41508862293592%;" type="para">EEE</div></box><box><div coordinates="4228,695,227,268" index="1" style="position:fixed;left:64.050901378579%;top:13.627450980392156%;height:5.254901960784314%;width:3.4388728980457506%;" type="para" /></box><box><div coordinates="1362,721,2273,714" index="2" style="position:fixed;left:20.6332373882745%;top:14.137254901960784%;height:14.000000000000002%;width:34.43417663990304%;" type="para">AIG OVERSEAS PooL LLC, (THE &#8220;COMPANY&#8221;&#8217;)
CUSTODY
FEE SCHEDULE FOR THE
AIG OVERSEAS POOL
AS OF MARCH 22, 2011</div></box><box><div coordinates="470,1500,4052,815" index="3" style="position:fixed;left:7.120133313134374%;top:29.411764705882355%;height:15.980392156862743%;width:61.384638691107405%;" type="para">INSURANCE FEE SCHEDULE
DOMESTIC AND GLOBAL CUSTODY AND ACCOUNTING FEES

   

This Fee Schedule is for services (the &#8220;Services&#8221;) provided by State Street Bank and Trust Company or its affiliates

(&#8220;State Street&#8221;) pursuant to that certain Custodian Agreement by and between State Street and the Company dated as
of March 22, 2011 (the &#8220;Custody Agreement&#8221;), as may be modified from time to time.</div></box><box><div coordinates="476,2381,4110,288" index="4" style="position:fixed;left:7.211028632025451%;top:46.68627450980392%;height:5.647058823529412%;width:62.26329344038783%;" type="para" /></box><box><div coordinates="2822,2686,140,167" index="5" style="position:fixed;left:42.7510983184366%;top:52.666666666666664%;height:3.2745098039215685%;width:2.1208907741251326%;" type="para" /></box><box><div coordinates="536,2691,122,172" index="6" style="position:fixed;left:8.119981820936221%;top:52.764705882352935%;height:3.3725490196078427%;width:1.8482048174519012%;" type="para">Fc</div></box><box><div coordinates="2341,2699,121,121" index="7" style="position:fixed;left:35.46432358733525%;top:52.921568627450974%;height:2.372549019607843%;width:1.8330555976367218%;" type="para" /></box><box><div coordinates="685,2706,121,122" index="8" style="position:fixed;left:10.37721557339797%;top:53.05882352941177%;height:2.392156862745098%;width:1.8330555976367218%;" type="para">r th</div></box><box><div coordinates="2472,2705,122,129" index="9" style="position:fixed;left:37.44887138312377%;top:53.03921568627451%;height:2.5294117647058822%;width:1.8482048174519012%;" type="para" /></box><box><div coordinates="1347,2815,121,121" index="10" style="position:fixed;left:20.405999091046812%;top:55.196078431372555%;height:2.372549019607843%;width:1.8330555976367218%;" type="para">YW.</div></box><box><div coordinates="994,2831,122,125" index="11" style="position:fixed;left:15.058324496288442%;top:55.509803921568626%;height:2.450980392156863%;width:1.8482048174519012%;" type="para">for</div></box><box><div coordinates="1497,2997,121,121" index="12" style="position:fixed;left:22.67838206332374%;top:58.76470588235294%;height:2.372549019607843%;width:1.8330555976367218%;" type="para">t Be</div></box><box><div coordinates="1312,3005,121,121" index="13" style="position:fixed;left:19.875776397515526%;top:58.92156862745098%;height:2.372549019607843%;width:1.8330555976367218%;" type="para" /></box><box><div coordinates="542,3195,122,123" index="14" style="position:fixed;left:8.2108771398273%;top:62.64705882352941%;height:2.411764705882353%;width:1.8482048174519012%;" type="para" /></box><box><div coordinates="837,3201,181,221" index="15" style="position:fixed;left:12.679896985305255%;top:62.76470588235294%;height:4.333333333333334%;width:2.7420087865474927%;" type="para">1c AS
| Asse</div></box><box><div coordinates="3616,3325,122,123" index="16" style="position:fixed;left:54.77957885168914%;top:65.19607843137256%;height:2.411764705882353%;width:1.8482048174519012%;" type="para" /></box><box><div coordinates="550,3488,1474,188" index="17" style="position:fixed;left:8.332070898348736%;top:68.3921568627451%;height:3.686274509803922%;width:22.32995000757461%;" type="para">Transaction Processing Fees per T rade&#8217;:</div></box><box><div coordinates="884,3689,888,475" index="18" style="position:fixed;left:13.391910316618693%;top:72.33333333333334%;height:9.313725490196079%;width:13.452507195879413%;" type="para">cet Repurchase Agreements
&#8220;ed Book Entry Via Electr
&#8220;ed Book Entry - Manual

&gt; Backed Securities Princiy</div></box><box><div coordinates="2754,3681,350,581" index="19" style="position:fixed;left:41.720951371004396%;top:72.1764705882353%;height:11.392156862745098%;width:5.302226935312832%;" type="para">No Charg
Waived
Waived
Waived
Waived

pr gee ge</div></box><box><div coordinates="1787,3727,121,121" index="20" style="position:fixed;left:27.071655809725797%;top:73.07843137254902%;height:2.372549019607843%;width:1.8330555976367218%;" type="para">(Re</div></box><box><div coordinates="542,3998,168,166" index="21" style="position:fixed;left:8.2108771398273%;top:78.3921568627451%;height:3.2549019607843137%;width:2.545068928950159%;" type="para" /></box><box><div coordinates="555,4204,487,382" index="22" style="position:fixed;left:8.407816997424632%;top:82.43137254901961%;height:7.490196078431373%;width:7.3776700499924255%;" type="para">-_ Td WA NW HA As W YA

Wire Transfe
3" Party Fore
Foreign Exch</div></box><box><div coordinates="1060,4204,450,358" index="23" style="position:fixed;left:16.05817300409029%;top:82.43137254901961%;height:7.019607843137255%;width:6.817148916830782%;" type="para">AB PNB NE

s In and Out
gn Exchange
inge through &#167;</div></box><box><div coordinates="2074,4413,330,151" index="24" style="position:fixed;left:31.41948189668232%;top:86.52941176470588%;height:2.9607843137254903%;width:4.999242539009241%;" type="para">1 Markets</div></box><box><div coordinates="1828,4441,160,139" index="25" style="position:fixed;left:27.69277382214816%;top:87.07843137254902%;height:2.7254901960784315%;width:2.423875170428723%;" type="para">t Glc</div></box><box><div coordinates="1146,4626,122,168" index="26" style="position:fixed;left:17.36100590819573%;top:90.70588235294117%;height:3.294117647058824%;width:1.8482048174519012%;" type="para">1 De</div></box><box><div coordinates="542,4639,122,157" index="27" style="position:fixed;left:8.2108771398273%;top:90.9607843137255%;height:3.0784313725490198%;width:1.8482048174519012%;" type="para">E&gt;</div></box><box><div coordinates="2141,4637,241,153" index="28" style="position:fixed;left:32.43447962429935%;top:90.92156862745098%;height:3.0%;width:3.650961975458264%;" type="para">; Trade:</div></box><box><div coordinates="901,4646,159,148" index="29" style="position:fixed;left:13.649447053476745%;top:91.09803921568627%;height:2.9019607843137254%;width:2.4087259506135434%;" type="para">Tra</div></box><box><div coordinates="1413,4642,121,121" index="30" style="position:fixed;left:21.40584759884866%;top:91.01960784313725%;height:2.372549019607843%;width:1.8330555976367218%;" type="para">tive</div></box><box><div coordinates="1929,4668,121,121" index="31" style="position:fixed;left:29.22284502348129%;top:91.52941176470588%;height:2.372549019607843%;width:1.8330555976367218%;" type="para">Hutu</div></box><box><div coordinates="1566,4830,198,146" index="32" style="position:fixed;left:23.723678230571128%;top:94.70588235294117%;height:2.8627450980392157%;width:2.9995455234055446%;" type="para">aded 1</div></box><box><div coordinates="536,4849,1030,579" index="33" style="position:fixed;left:8.119981820936221%;top:95.07843137254902%;height:11.352941176470587%;width:15.603696409634903%;" type="para">Over the Counter (&#8216;OTC&#8217;) Tr
Trades, SWAPS, etc.)

Over the Counter (&#8216;OTC&#8217;) Tr
charge (per month, per posit
Value-Added OTC Services &#8217;</div></box><box><div coordinates="2099,4856,121,121" index="34" style="position:fixed;left:31.79821239206181%;top:95.2156862745098%;height:2.372549019607843%;width:1.8330555976367218%;" type="para">(0)</div></box><box><div coordinates="2872,4857,121,121" index="35" style="position:fixed;left:43.508559309195576%;top:95.23529411764706%;height:2.372549019607843%;width:1.8330555976367218%;" type="para">64.(</div></box><box><div coordinates="1925,4869,121,129" index="36" style="position:fixed;left:29.16224814422057%;top:95.47058823529412%;height:2.5294117647058822%;width:1.8330555976367218%;" type="para">Atv</div></box><box><div coordinates="1567,5063,121,122" index="37" style="position:fixed;left:23.738827450386303%;top:99.27450980392157%;height:2.392156862745098%;width:1.8330555976367218%;" type="para">ade</div></box><box><div coordinates="1779,5093,121,121" index="38" style="position:fixed;left:26.95046205120436%;top:99.86274509803921%;height:2.372549019607843%;width:1.8330555976367218%;" type="para">ern</div></box><box><div coordinates="1506,5256,292,168" index="39" style="position:fixed;left:22.814725041660356%;top:103.05882352941175%;height:3.294117647058824%;width:4.423572186032419%;" type="para">y TBD pr</div></box><box><div coordinates="2838,5250,144,166" index="40" style="position:fixed;left:42.993485835479476%;top:102.94117647058823%;height:3.2549019607843137%;width:2.1814876533858505%;" type="para" /></box><box><div coordinates="1967,5270,121,121" index="41" style="position:fixed;left:29.798515376458113%;top:103.33333333333334%;height:2.372549019607843%;width:1.8330555976367218%;" type="para">stai</div></box><box><div coordinates="625,6184,561,168" index="42" style="position:fixed;left:9.468262384487199%;top:121.25490196078432%;height:3.294117647058824%;width:8.498712316315709%;" type="para">ONFIDENTIAL</div></box></Blocks></page><page num="2" src="img/Bi2i_1030/Bi2i_1030-01.jpg" txt_src="img/Bi2i_1030/Bi2i_1030-01.txt"><Blocks><box><div coordinates="488,251,3984,450" index="0" style="position:fixed;left:7.392819269807605%;top:4.921568627450981%;height:8.823529411764707%;width:60.3544917436752%;" type="para" /></box><box><div coordinates="1345,744,2277,715" index="1" style="position:fixed;left:20.37570065141645%;top:14.588235294117647%;height:14.019607843137255%;width:34.494773519163765%;" type="para">AIG OVERSEAS PooL LLC, (THE &#8220;COMPANY")
CusTODY
FEE SCHEDULE FOR THE
AlG OVERSEAS PooOL
AS OF MARCH 22, 2011</div></box><box><div coordinates="1472,2059,122,122" index="2" style="position:fixed;left:22.299651567944252%;top:40.372549019607845%;height:2.392156862745098%;width:1.8482048174519012%;" type="para" /></box><box><div coordinates="1622,2129,122,122" index="3" style="position:fixed;left:24.57203454022118%;top:41.74509803921569%;height:2.392156862745098%;width:1.8482048174519012%;" type="para">Ce</div></box><box><div coordinates="2859,2141,121,121" index="4" style="position:fixed;left:43.31161945159824%;top:41.98039215686274%;height:2.372549019607843%;width:1.8330555976367218%;" type="para">OVIS</div></box><box><div coordinates="717,2162,121,121" index="5" style="position:fixed;left:10.861990607483715%;top:42.392156862745104%;height:2.372549019607843%;width:1.8330555976367218%;" type="para">tate</div></box><box><div coordinates="948,2239,122,142" index="6" style="position:fixed;left:14.361460384790185%;top:43.90196078431373%;height:2.784313725490196%;width:1.8482048174519012%;" type="para">| Pr</div></box><box><div coordinates="2248,2245,121,121" index="7" style="position:fixed;left:34.05544614452356%;top:44.01960784313725%;height:2.372549019607843%;width:1.8330555976367218%;" type="para">ve</div></box><box><div coordinates="1129,2258,211,221" index="8" style="position:fixed;left:17.103469171337675%;top:44.27450980392157%;height:4.333333333333334%;width:3.196485381002878%;" type="para">essing
1 into</div></box><box><div coordinates="1472,2325,122,123" index="9" style="position:fixed;left:22.299651567944252%;top:45.588235294117645%;height:2.411764705882353%;width:1.8482048174519012%;" type="para">tra</div></box><box><div coordinates="819,2458,121,121" index="10" style="position:fixed;left:12.407211028632027%;top:48.19607843137255%;height:2.372549019607843%;width:1.8330555976367218%;" type="para" /></box><box><div coordinates="1147,2534,129,132" index="11" style="position:fixed;left:17.376155128010907%;top:49.68627450980392%;height:2.588235294117647%;width:1.9542493561581578%;" type="para">OW)</div></box><box><div coordinates="1474,2567,123,122" index="12" style="position:fixed;left:22.32995000757461%;top:50.33333333333333%;height:2.392156862745098%;width:1.8633540372670807%;" type="para">ay

.
1</div></box><box><div coordinates="926,2633,130,133" index="13" style="position:fixed;left:14.028177548856233%;top:51.627450980392155%;height:2.607843137254902%;width:1.9693985759733375%;" type="para" /></box><box><div coordinates="1186,2799,252,259" index="14" style="position:fixed;left:17.96697470080291%;top:54.88235294117647%;height:5.078431372549019%;width:3.8176033934252387%;" type="para">I Marke
Nn Servi</div></box><box><div coordinates="625,2818,121,121" index="15" style="position:fixed;left:9.468262384487199%;top:55.25490196078431%;height:2.372549019607843%;width:1.8330555976367218%;" type="para">fate</div></box><box><div coordinates="1544,2815,205,227" index="16" style="position:fixed;left:23.390395394637174%;top:55.196078431372555%;height:4.450980392156863%;width:3.1055900621118013%;" type="para">a sepa
(whicl</div></box><box><div coordinates="1873,2811,174,145" index="17" style="position:fixed;left:28.374488713831237%;top:55.11764705882353%;height:2.843137254901961%;width:2.635964247841236%;" type="para">divis

o +</div></box><box><div coordinates="3594,2919,121,121" index="18" style="position:fixed;left:54.446296015755195%;top:57.235294117647065%;height:2.372549019607843%;width:1.8330555976367218%;" type="para">1 va</div></box><box><div coordinates="916,2927,122,126" index="19" style="position:fixed;left:13.876685350704438%;top:57.392156862745104%;height:2.4705882352941173%;width:1.8482048174519012%;" type="para">&#8364;Xe</div></box><box><div coordinates="3099,2997,121,121" index="20" style="position:fixed;left:46.94743220724133%;top:58.76470588235294%;height:2.372549019607843%;width:1.8330555976367218%;" type="para">rd |</div></box><box><div coordinates="1141,3011,121,121" index="21" style="position:fixed;left:17.28525980911983%;top:59.0392156862745%;height:2.372549019607843%;width:1.8330555976367218%;" type="para">f th</div></box><box><div coordinates="1624,3089,172,333" index="22" style="position:fixed;left:24.60233297985154%;top:60.568627450980394%;height:6.529411764705882%;width:2.605665808210877%;" type="para">ws AAA

- Mai
order
~ othe</div></box><box><div coordinates="4131,3089,121,121" index="23" style="position:fixed;left:62.58142705650659%;top:60.568627450980394%;height:2.372549019607843%;width:1.8330555976367218%;" type="para">CIV</div></box><box><div coordinates="1356,3115,246,211" index="24" style="position:fixed;left:20.542342069383427%;top:61.078431372549026%;height:4.137254901960785%;width:3.7267080745341614%;" type="para">t Globa
r trade</div></box><box><div coordinates="1222,3189,122,122" index="25" style="position:fixed;left:18.512346614149372%;top:62.52941176470588%;height:2.392156862745098%;width:1.8482048174519012%;" type="para">Rh WN

othe</div></box><box><div coordinates="1997,3205,121,121" index="26" style="position:fixed;left:30.252991970913495%;top:62.84313725490196%;height:2.372549019607843%;width:1.8330555976367218%;" type="para">fra</div></box><box><div coordinates="1090,3219,129,131" index="27" style="position:fixed;left:16.512649598545675%;top:63.117647058823536%;height:2.5686274509803924%;width:1.9542493561581578%;" type="para" /></box><box><div coordinates="2552,3229,127,121" index="28" style="position:fixed;left:38.66080896833813%;top:63.313725490196084%;height:2.372549019607843%;width:1.9239509165277988%;" type="para">ugh</div></box><box><div coordinates="840,3233,121,121" index="29" style="position:fixed;left:12.725344644750795%;top:63.3921568627451%;height:2.372549019607843%;width:1.8330555976367218%;" type="para">Live</div></box><box><div coordinates="2773,3325,122,121" index="30" style="position:fixed;left:42.008786547492804%;top:65.19607843137256%;height:2.372549019607843%;width:1.8482048174519012%;" type="para">nct</div></box><box><div coordinates="1215,3337,127,185" index="31" style="position:fixed;left:18.406302075443115%;top:65.43137254901961%;height:3.6274509803921573%;width:1.9239509165277988%;" type="para">ontr
Stat</div></box><box><div coordinates="2043,3331,122,121" index="32" style="position:fixed;left:30.94985608241176%;top:65.31372549019608%;height:2.372549019607843%;width:1.8482048174519012%;" type="para">gen</div></box><box><div coordinates="2304,3381,166,127" index="33" style="position:fixed;left:34.90380245417361%;top:66.29411764705883%;height:2.4901960784313726%;width:2.5147704893198%;" type="para">I Mai</div></box><box><div coordinates="968,3407,214,241" index="34" style="position:fixed;left:14.664444781093774%;top:66.80392156862746%;height:4.7254901960784315%;width:3.241933040448417%;" type="para">Wher
vative

~~</div></box><box><div coordinates="556,3439,121,121" index="35" style="position:fixed;left:8.422966217239813%;top:67.43137254901961%;height:2.372549019607843%;width:1.8330555976367218%;" type="para">Ag</div></box><box><div coordinates="1415,3501,314,207" index="36" style="position:fixed;left:21.436146038479016%;top:68.64705882352942%;height:4.0588235294117645%;width:4.756855021966368%;" type="para">-chase tra
bal Mark</div></box><box><div coordinates="3312,3535,121,121" index="37" style="position:fixed;left:50.174216027874564%;top:69.31372549019608%;height:2.372549019607843%;width:1.8330555976367218%;" type="para" /></box><box><div coordinates="4148,3579,121,121" index="38" style="position:fixed;left:62.83896379336464%;top:70.17647058823529%;height:2.372549019607843%;width:1.8330555976367218%;" type="para">ape</div></box><box><div coordinates="2433,3589,193,217" index="39" style="position:fixed;left:36.858051810331766%;top:70.37254901960785%;height:4.254901960784314%;width:2.923799424329647%;" type="para">4 we

a de:
et ane</div></box><box><div coordinates="2807,3587,121,121" index="40" style="position:fixed;left:42.52386002120891%;top:70.33333333333334%;height:2.372549019607843%;width:1.8330555976367218%;" type="para">nd 1</div></box><box><div coordinates="3729,3597,121,121" index="41" style="position:fixed;left:56.49144069080443%;top:70.52941176470588%;height:2.372549019607843%;width:1.8330555976367218%;" type="para">/ Or</div></box><box><div coordinates="3460,3669,131,145" index="42" style="position:fixed;left:52.41630056052114%;top:71.94117647058823%;height:2.843137254901961%;width:1.9845477957885167%;" type="para">2 TG</div></box><box><div coordinates="1266,3697,145,245" index="43" style="position:fixed;left:19.17891228601727%;top:72.49019607843137%;height:4.803921568627452%;width:2.1966368732010304%;" type="para">her 1
age</div></box><box><div coordinates="741,3729,121,121" index="44" style="position:fixed;left:11.225571883048023%;top:73.11764705882354%;height:2.372549019607843%;width:1.8330555976367218%;" type="para">rdle</div></box><box><div coordinates="1413,3725,121,121" index="45" style="position:fixed;left:21.40584759884866%;top:73.0392156862745%;height:2.372549019607843%;width:1.8330555976367218%;" type="para">ela</div></box><box><div coordinates="1474,3723,330,317" index="46" style="position:fixed;left:22.32995000757461%;top:73.0%;height:6.215686274509804%;width:4.999242539009241%;" type="para">ationships
y executl
forms, inc</div></box><box><div coordinates="2844,3767,166,127" index="47" style="position:fixed;left:43.08438115437055%;top:73.86274509803921%;height:2.4901960784313726%;width:2.5147704893198%;" type="para">Ass

| Ma</div></box><box><div coordinates="543,3798,121,121" index="48" style="position:fixed;left:8.226026359642479%;top:74.47058823529412%;height:2.372549019607843%;width:1.8330555976367218%;" type="para">Wil</div></box><box><div coordinates="992,3796,267,346" index="49" style="position:fixed;left:15.028026056658081%;top:74.4313725490196%;height:6.784313725490196%;width:4.044841690652931%;" type="para">ading ot
a varie
or simila</div></box><box><div coordinates="1964,3812,122,121" index="50" style="position:fixed;left:29.75306771701257%;top:74.74509803921569%;height:2.372549019607843%;width:1.8482048174519012%;" type="para">IVI</div></box><box><div coordinates="2696,3911,121,121" index="51" style="position:fixed;left:40.84229662172398%;top:76.68627450980392%;height:2.372549019607843%;width:1.8330555976367218%;" type="para">fe</div></box><box><div coordinates="498,4360,4116,400" index="52" style="position:fixed;left:7.5443114679594%;top:85.49019607843137%;height:7.8431372549019605%;width:62.3541887592789%;" type="para">TE me a

Provide Daily Accounting Services for the AIG Overseas Pool</div></box><box><div coordinates="3174,4770,121,122" index="53" style="position:fixed;left:48.08362369337979%;top:93.52941176470588%;height:2.392156862745098%;width:1.8330555976367218%;" type="para" /></box><box><div coordinates="3544,4778,126,122" index="54" style="position:fixed;left:53.688835024996216%;top:93.68627450980392%;height:2.392156862745098%;width:1.9088016967126193%;" type="para">1t*</div></box><box><div coordinates="1142,4783,122,169" index="55" style="position:fixed;left:17.30040902893501%;top:93.7843137254902%;height:3.313725490196078%;width:1.8482048174519012%;" type="para">ed f</div></box><box><div coordinates="549,4796,131,144" index="56" style="position:fixed;left:8.316921678533555%;top:94.03921568627452%;height:2.823529411764706%;width:1.9845477957885167%;" type="para" /></box><box><div coordinates="691,4833,121,122" index="57" style="position:fixed;left:10.468110892289047%;top:94.76470588235294%;height:2.392156862745098%;width:1.8330555976367218%;" type="para">ual</div></box><box><div coordinates="3758,5060,122,122" index="58" style="position:fixed;left:56.930768065444624%;top:99.2156862745098%;height:2.392156862745098%;width:1.8482048174519012%;" type="para" /></box><box><div coordinates="1316,5073,550,251" index="59" style="position:fixed;left:19.936373276776244%;top:99.47058823529412%;height:4.921568627450981%;width:8.332070898348736%;" type="para">ee for portfolio
exceed $1 Billio:</div></box><box><div coordinates="1891,5074,233,250" index="60" style="position:fixed;left:28.647174670504473%;top:99.49019607843137%;height:4.901960784313726%;width:3.529768216936828%;" type="para">scounti
, for mi</div></box><box><div coordinates="2359,5070,181,205" index="61" style="position:fixed;left:35.73700954400849%;top:99.41176470588235%;height:4.019607843137255%;width:2.7420087865474927%;" type="para">be $1
1 1 me</div></box><box><div coordinates="3202,5074,227,220" index="62" style="position:fixed;left:48.50780184820482%;top:99.49019607843137%;height:4.313725490196078%;width:3.4388728980457506%;" type="para">3 maxil
ee will</div></box><box><div coordinates="1017,5159,181,168" index="63" style="position:fixed;left:15.40675655203757%;top:101.15686274509802%;height:3.294117647058824%;width:2.7420087865474927%;" type="para">2 KSA LALAN

ol ass</div></box><box><div coordinates="3900,5158,122,122" index="64" style="position:fixed;left:59.081957279200125%;top:101.13725490196079%;height:2.392156862745098%;width:1.8482048174519012%;" type="para" /></box><box><div coordinates="2934,5168,121,121" index="65" style="position:fixed;left:44.44781093773671%;top:101.33333333333334%;height:2.372549019607843%;width:1.8330555976367218%;" type="para">1m</div></box><box><div coordinates="553,5178,121,121" index="66" style="position:fixed;left:8.377518557794273%;top:101.52941176470588%;height:2.372549019607843%;width:1.8330555976367218%;" type="para" /></box><box><div coordinates="2212,5172,121,121" index="67" style="position:fixed;left:33.51007423117709%;top:101.41176470588236%;height:2.372549019607843%;width:1.8330555976367218%;" type="para">tha</div></box><box><div coordinates="888,5182,122,148" index="68" style="position:fixed;left:13.452507195879413%;top:101.6078431372549%;height:2.9019607843137254%;width:1.8482048174519012%;" type="para">1 pc</div></box><box><div coordinates="886,6218,276,162" index="69" style="position:fixed;left:13.422208756249054%;top:121.92156862745098%;height:3.176470588235294%;width:4.181184668989547%;" type="para">ENTIAL</div></box><box><div coordinates="574,6221,294,161" index="70" style="position:fixed;left:8.695652173913043%;top:121.98039215686273%;height:3.1568627450980395%;width:4.453870625662779%;" type="para">CONFIL</div></box></Blocks></page><page num="3" src="img/Bi2i_1030/Bi2i_1030-02.jpg" txt_src="img/Bi2i_1030/Bi2i_1030-02.txt"><Blocks><box><div coordinates="514,225,3988,442" index="0" style="position:fixed;left:7.786698985002273%;top:4.411764705882353%;height:8.666666666666668%;width:60.41508862293592%;" type="para">| a TL yu 08 BAN K AND TRUST COMPANY</div></box><box><div coordinates="1373,715,2271,712" index="1" style="position:fixed;left:20.79987880624148%;top:14.019607843137255%;height:13.96078431372549%;width:34.403878200272686%;" type="para">AIG OVERSEAS POOL LLC, (THE &#8220;COMPANY&#8221;&#8217;)
CUSTODY
FEE SCHEDULE FOR THE
AIG OVERSEAS PooOL
AS OF MARCH 22, 2011</div></box><box><div coordinates="522,1611,4118,290" index="2" style="position:fixed;left:7.907892743523709%;top:31.588235294117645%;height:5.686274509803922%;width:62.384487198909255%;" type="para">A</div></box><box><div coordinates="549,1939,121,121" index="3" style="position:fixed;left:8.316921678533555%;top:38.01960784313725%;height:2.372549019607843%;width:1.8330555976367218%;" type="para">Fe</div></box><box><div coordinates="805,1959,121,121" index="4" style="position:fixed;left:12.195121951219512%;top:38.41176470588235%;height:2.372549019607843%;width:1.8330555976367218%;" type="para" /></box><box><div coordinates="1661,1978,121,122" index="5" style="position:fixed;left:25.16285411301318%;top:38.78431372549019%;height:2.392156862745098%;width:1.8330555976367218%;" type="para" /></box><box><div coordinates="507,2345,4135,288" index="6" style="position:fixed;left:7.680654446296016%;top:45.98039215686274%;height:5.647058823529412%;width:62.64202393576731%;" type="para" /></box><box><div coordinates="564,2678,122,122" index="7" style="position:fixed;left:8.544159975761248%;top:52.50980392156863%;height:2.392156862745098%;width:1.8482048174519012%;" type="para" /></box><box><div coordinates="2981,2673,121,121" index="8" style="position:fixed;left:45.15982426905014%;top:52.411764705882355%;height:2.372549019607843%;width:1.8330555976367218%;" type="para" /></box><box><div coordinates="4058,2673,122,123" index="9" style="position:fixed;left:61.47553400999849%;top:52.411764705882355%;height:2.411764705882353%;width:1.8482048174519012%;" type="para">Out</div></box><box><div coordinates="1318,2687,121,121" index="10" style="position:fixed;left:19.966671716406605%;top:52.68627450980392%;height:2.372549019607843%;width:1.8330555976367218%;" type="para">cry</div></box><box><div coordinates="2190,2693,121,121" index="11" style="position:fixed;left:33.17679139524314%;top:52.80392156862745%;height:2.372549019607843%;width:1.8330555976367218%;" type="para">cke</div></box><box><div coordinates="1911,2709,121,121" index="12" style="position:fixed;left:28.950159066808055%;top:53.11764705882352%;height:2.372549019607843%;width:1.8330555976367218%;" type="para">out-</div></box><box><div coordinates="1530,2713,121,121" index="13" style="position:fixed;left:23.17830631722466%;top:53.19607843137255%;height:2.372549019607843%;width:1.8330555976367218%;" type="para">apy</div></box><box><div coordinates="832,2797,122,124" index="14" style="position:fixed;left:12.604150886229359%;top:54.84313725490196%;height:2.431372549019608%;width:1.8482048174519012%;" type="para">exp</div></box><box><div coordinates="2560,2956,138,244" index="15" style="position:fixed;left:38.78200272685957%;top:57.96078431372549%;height:4.784313725490196%;width:2.0905923344947737%;" type="para" /></box><box><div coordinates="546,2968,138,141" index="16" style="position:fixed;left:8.271474019088016%;top:58.19607843137254%;height:2.764705882352941%;width:2.0905923344947737%;" type="para" /></box><box><div coordinates="1492,3051,152,151" index="17" style="position:fixed;left:22.602635964247842%;top:59.82352941176471%;height:2.9607843137254903%;width:2.3026814119072867%;" type="para">PY lil Sp Nit: WN</div></box><box><div coordinates="1653,3089,121,121" index="18" style="position:fixed;left:25.041660354491746%;top:60.568627450980394%;height:2.372549019607843%;width:1.8330555976367218%;" type="para">SD

4</div></box><box><div coordinates="1789,3093,123,123" index="19" style="position:fixed;left:27.101954249356158%;top:60.647058823529406%;height:2.411764705882353%;width:1.8633540372670807%;" type="para">AQ &#162;</div></box><box><div coordinates="545,3168,139,347" index="20" style="position:fixed;left:8.256324799272837%;top:62.117647058823536%;height:6.803921568627451%;width:2.105741554309953%;" type="para" /></box><box><div coordinates="1249,3167,185,149" index="21" style="position:fixed;left:18.92137554915922%;top:62.09803921568627%;height:2.9215686274509807%;width:2.802605665808211%;" type="para">uranc</div></box><box><div coordinates="3331,3237,121,121" index="22" style="position:fixed;left:50.46205120436298%;top:63.47058823529412%;height:2.372549019607843%;width:1.8330555976367218%;" type="para">al f</div></box><box><div coordinates="2712,3247,154,153" index="23" style="position:fixed;left:41.08468413876685%;top:63.66666666666667%;height:3.0%;width:2.332979851537646%;" type="para" /></box><box><div coordinates="2560,3259,138,347" index="24" style="position:fixed;left:38.78200272685957%;top:63.90196078431373%;height:6.803921568627451%;width:2.0905923344947737%;" type="para" /></box><box><div coordinates="2879,3259,284,253" index="25" style="position:fixed;left:43.61460384790183%;top:63.90196078431373%;height:4.96078431372549%;width:4.302378427510983%;" type="para">J-recurrit
plies rel</div></box><box><div coordinates="3053,3463,121,121" index="26" style="position:fixed;left:46.25056809574307%;top:67.90196078431373%;height:2.372549019607843%;width:1.8330555976367218%;" type="para">dia</div></box><box><div coordinates="3536,3473,122,121" index="27" style="position:fixed;left:53.56764126647477%;top:68.09803921568628%;height:2.372549019607843%;width:1.8482048174519012%;" type="para">cke</div></box><box><div coordinates="711,3564,138,160" index="28" style="position:fixed;left:10.771095288592637%;top:69.88235294117648%;height:3.1372549019607843%;width:2.0905923344947737%;" type="para" /></box><box><div coordinates="544,3574,140,141" index="29" style="position:fixed;left:8.241175579457657%;top:70.07843137254902%;height:2.764705882352941%;width:2.1208907741251326%;" type="para" /></box><box><div coordinates="1462,3655,175,149" index="30" style="position:fixed;left:22.148159369792456%;top:71.66666666666667%;height:2.9215686274509807%;width:2.651113467656416%;" type="para">Yr. ae ld</div></box><box><div coordinates="2560,3665,138,141" index="31" style="position:fixed;left:38.78200272685957%;top:71.86274509803921%;height:2.764705882352941%;width:2.0905923344947737%;" type="para" /></box><box><div coordinates="2919,3665,252,431" index="32" style="position:fixed;left:44.22057264050901%;top:71.86274509803921%;height:8.450980392156863%;width:3.8176033934252387%;" type="para">l-party i
/report

FT char
) TEVIEW</div></box><box><div coordinates="1152,3699,185,295" index="33" style="position:fixed;left:17.451901227086804%;top:72.52941176470588%;height:5.784313725490196%;width:2.802605665808211%;" type="para">ISIS!
ulting
{rave</div></box><box><div coordinates="544,3775,140,142" index="34" style="position:fixed;left:8.241175579457657%;top:74.01960784313727%;height:2.784313725490196%;width:2.1208907741251326%;" type="para" /></box><box><div coordinates="1902,3770,122,121" index="35" style="position:fixed;left:28.813816088471444%;top:73.92156862745098%;height:2.372549019607843%;width:1.8482048174519012%;" type="para">er |</div></box><box><div coordinates="1658,3799,121,121" index="36" style="position:fixed;left:25.117406453567643%;top:74.49019607843137%;height:2.372549019607843%;width:1.8330555976367218%;" type="para">r he</div></box><box><div coordinates="1531,3819,121,121" index="37" style="position:fixed;left:23.193455537039842%;top:74.88235294117646%;height:2.372549019607843%;width:1.8330555976367218%;" type="para">J PE

J</div></box><box><div coordinates="2185,3815,121,121" index="38" style="position:fixed;left:33.10104529616725%;top:74.80392156862746%;height:2.372549019607843%;width:1.8330555976367218%;" type="para">1 pl</div></box><box><div coordinates="2560,3867,140,245" index="39" style="position:fixed;left:38.78200272685957%;top:75.8235294117647%;height:4.803921568627452%;width:2.1208907741251326%;" type="para" /></box><box><div coordinates="2770,3865,148,143" index="40" style="position:fixed;left:41.96333888804726%;top:75.7843137254902%;height:2.803921568627451%;width:2.242084532646569%;" type="para" /></box><box><div coordinates="740,3889,121,121" index="41" style="position:fixed;left:11.210422663232844%;top:76.25490196078431%;height:2.372549019607843%;width:1.8330555976367218%;" type="para">exp</div></box><box><div coordinates="544,3978,140,141" index="42" style="position:fixed;left:8.241175579457657%;top:78.0%;height:2.764705882352941%;width:2.1208907741251326%;" type="para" /></box><box><div coordinates="917,3977,171,149" index="43" style="position:fixed;left:13.891834570519618%;top:77.98039215686275%;height:2.9215686274509807%;width:2.590516588395698%;" type="para">or Pr</div></box><box><div coordinates="490,4240,4154,288" index="44" style="position:fixed;left:7.423117709437964%;top:83.13725490196079%;height:5.647058823529412%;width:62.92985911225571%;" type="para" /></box><box><div coordinates="1701,4529,541,267" index="45" style="position:fixed;left:25.768822905620357%;top:88.80392156862746%;height:5.235294117647059%;width:8.19572792001212%;" type="para">er, should one o
Hlished in the We</div></box><box><div coordinates="4068,4532,121,121" index="46" style="position:fixed;left:61.62702620815028%;top:88.86274509803923%;height:2.372549019607843%;width:1.8330555976367218%;" type="para">late:</div></box><box><div coordinates="1104,4549,396,251" index="47" style="position:fixed;left:16.72473867595819%;top:89.19607843137256%;height:4.921568627450981%;width:5.999091046811089%;" type="para">ot allowed;
Prime rate {</div></box><box><div coordinates="3306,4545,121,121" index="48" style="position:fixed;left:50.08332070898349%;top:89.11764705882354%;height:2.372549019607843%;width:1.8330555976367218%;" type="para">he &#162;</div></box><box><div coordinates="3460,4540,122,122" index="49" style="position:fixed;left:52.41630056052114%;top:89.01960784313725%;height:2.392156862745098%;width:1.8482048174519012%;" type="para">arg</div></box><box><div coordinates="714,4556,121,122" index="50" style="position:fixed;left:10.816542948038176%;top:89.33333333333333%;height:2.392156862745098%;width:1.8330555976367218%;" type="para">dra</div></box><box><div coordinates="2440,4561,121,121" index="51" style="position:fixed;left:36.96409634903802%;top:89.4313725490196%;height:2.372549019607843%;width:1.8330555976367218%;" type="para">rv</div></box><box><div coordinates="1555,4572,127,244" index="52" style="position:fixed;left:23.557036812604153%;top:89.64705882352942%;height:4.784313725490196%;width:1.9239509165277988%;" type="para">WE
S pu</div></box><box><div coordinates="2962,4641,176,149" index="53" style="position:fixed;left:44.87198909256173%;top:91.0%;height:2.9215686274509807%;width:2.666262687471595%;" type="para">charg</div></box><box><div coordinates="847,4652,190,143" index="54" style="position:fixed;left:12.83138918345705%;top:91.2156862745098%;height:2.803921568627451%;width:2.8783517648841084%;" type="para">avera;</div></box><box><div coordinates="854,6190,206,162" index="55" style="position:fixed;left:12.937433722163307%;top:121.37254901960783%;height:3.176470588235294%;width:3.120739281926981%;" type="para">DENT</div></box><box><div coordinates="542,6205,274,140" index="56" style="position:fixed;left:8.2108771398273%;top:121.66666666666666%;height:2.7450980392156863%;width:4.150886229359188%;" type="para">CONE</div></box><box><div coordinates="1076,6228,122,122" index="57" style="position:fixed;left:16.30056052113316%;top:122.11764705882354%;height:2.392156862745098%;width:1.8482048174519012%;" type="para">[AL</div></box></Blocks></page><page num="4" src="img/Bi2i_1030/Bi2i_1030-03.jpg" txt_src="img/Bi2i_1030/Bi2i_1030-03.txt"><Blocks><box><div coordinates="506,197,3986,442" index="0" style="position:fixed;left:7.665505226480835%;top:3.8627450980392157%;height:8.666666666666668%;width:60.38479018330556%;" type="para" /></box><box><div coordinates="1366,691,2278,710" index="1" style="position:fixed;left:20.693834267535223%;top:13.549019607843139%;height:13.92156862745098%;width:34.50992273897894%;" type="para">AIG OVERSEAS PooL LLC, (THE &#8220;COMPANY&#8221;
CusTOoDY
FEE SCHEDULE FOR THE
AIG OVERSEAS POOL
AS OF MARCH 22, 2011</div></box><box><div coordinates="480,1433,4152,286" index="2" style="position:fixed;left:7.271625511286168%;top:28.098039215686278%;height:5.607843137254902%;width:62.89956067262536%;" type="para">IES ea</div></box><box><div coordinates="1941,1738,121,122" index="3" style="position:fixed;left:29.404635661263445%;top:34.07843137254902%;height:2.392156862745098%;width:1.8330555976367218%;" type="para">ad &#162;</div></box><box><div coordinates="2137,1741,121,121" index="4" style="position:fixed;left:32.37388274503863%;top:34.13725490196079%;height:2.372549019607843%;width:1.8330555976367218%;" type="para">thre</div></box><box><div coordinates="513,1776,121,121" index="5" style="position:fixed;left:7.771549765187093%;top:34.8235294117647%;height:2.372549019607843%;width:1.8330555976367218%;" type="para" /></box><box><div coordinates="2509,1837,121,121" index="6" style="position:fixed;left:38.00939251628541%;top:36.01960784313725%;height:2.372549019607843%;width:1.8330555976367218%;" type="para">writ</div></box><box><div coordinates="1023,1840,121,122" index="7" style="position:fixed;left:15.497651870928648%;top:36.07843137254902%;height:2.392156862745098%;width:1.8330555976367218%;" type="para" /></box><box><div coordinates="729,1939,121,121" index="8" style="position:fixed;left:11.043781245265869%;top:38.01960784313725%;height:2.372549019607843%;width:1.8330555976367218%;" type="para">fe:</div></box><box><div coordinates="2512,2419,1866,188" index="9" style="position:fixed;left:38.054840175730945%;top:47.431372549019606%;height:3.686274509803922%;width:28.26844417512498%;" type="para">STATE STREET BANK AND TRUST COMPANY</div></box><box><div coordinates="556,2431,1306,186" index="10" style="position:fixed;left:8.422966217239813%;top:47.66666666666667%;height:3.6470588235294117%;width:19.78488107862445%;" type="para">AIG OVERSEAS POOL LLC</div></box><box><div coordinates="539,2677,195,202" index="11" style="position:fixed;left:8.16542948038176%;top:52.490196078431374%;height:3.96078431372549%;width:2.9540978639600057%;" type="para">By:</div></box><box><div coordinates="540,2671,1950,905" index="12" style="position:fixed;left:8.180578700196941%;top:52.37254901960784%;height:17.745098039215687%;width:29.540978639600063%;" type="para">By: AMERICAN INTERNATIONAL, INC

 

as Manager

 

Title: Assistant Treasurer
Date: March 22, 2011</div></box><box><div coordinates="2886,2935,720,655" index="13" style="position:fixed;left:43.72064838660809%;top:57.549019607843135%;height:12.84313725490196%;width:10.907438266929253%;" type="para">ZZ) /
(I&amp;e" [res

3/ 23//</div></box><box><div coordinates="3671,2989,400,200" index="14" style="position:fixed;left:55.61278594152401%;top:58.6078431372549%;height:3.9215686274509802%;width:6.059687926071807%;" type="para" /></box><box><div coordinates="2539,3149,335,419" index="15" style="position:fixed;left:38.463869110740795%;top:61.745098039215684%;height:8.215686274509803%;width:5.074988638085139%;" type="para">Name;
Title:
Date:</div></box><box><div coordinates="3583,3229,199,205" index="16" style="position:fixed;left:54.279654597788216%;top:63.313725490196084%;height:4.019607843137255%;width:3.014694743220724%;" type="para" /></box><box><div coordinates="3798,3253,187,135" index="17" style="position:fixed;left:57.53673685805181%;top:63.78431372549019%;height:2.6470588235294117%;width:2.83290410543857%;" type="para" /></box><box><div coordinates="1092,6154,122,168" index="18" style="position:fixed;left:16.542948038176032%;top:120.66666666666667%;height:3.294117647058824%;width:1.8482048174519012%;" type="para">AL</div></box><box><div coordinates="630,6178,176,139" index="19" style="position:fixed;left:9.544008483563097%;top:121.13725490196079%;height:2.7254901960784315%;width:2.666262687471595%;" type="para" /></box><box><div coordinates="822,6176,228,146" index="20" style="position:fixed;left:12.452658688077564%;top:121.09803921568627%;height:2.8627450980392157%;width:3.4540221178609305%;" type="para">DENT</div></box><box><div coordinates="2451,6182,123,121" index="21" style="position:fixed;left:37.130737767005%;top:121.2156862745098%;height:2.372549019607843%;width:1.8633540372670807%;" type="para" /></box></Blocks></page><page num="5" src="img/Bi2i_1030/Bi2i_1030-04.jpg" txt_src="img/Bi2i_1030/Bi2i_1030-04.txt"><Blocks><box><div coordinates="2157,18,951,359" index="0" style="position:fixed;left:32.67686714134222%;top:0.35294117647058826%;height:7.03921568627451%;width:14.406908044235722%;" type="para">Appendix 1
AIG Overseas Pool LLC.
Global Custody Fees</div></box><box><div coordinates="461,363,1282,504" index="1" style="position:fixed;left:6.983790334797758%;top:7.11764705882353%;height:9.88235294117647%;width:19.421299803060144%;" type="para" /></box><box><div coordinates="3900,456,571,321" index="2" style="position:fixed;left:59.081957279200125%;top:8.941176470588236%;height:6.294117647058823%;width:8.650204514467505%;" type="para" /></box><box><div coordinates="1828,467,570,318" index="3" style="position:fixed;left:27.69277382214816%;top:9.156862745098039%;height:6.235294117647059%;width:8.635055294652325%;" type="para" /></box><box><div coordinates="2628,465,424,160" index="4" style="position:fixed;left:39.812149674291774%;top:9.117647058823529%;height:3.1372549019607843%;width:6.423269201636115%;" type="para" /></box><box><div coordinates="3212,461,572,396" index="5" style="position:fixed;left:48.659294046356614%;top:9.03921568627451%;height:7.764705882352942%;width:8.665353734282684%;" type="para" /></box><box><div coordinates="521,803,297,319" index="6" style="position:fixed;left:7.892743523708528%;top:15.745098039215685%;height:6.254901960784314%;width:4.499318285108317%;" type="para">Australic
Austria

&#8482; 1</div></box><box><div coordinates="2098,806,122,289" index="7" style="position:fixed;left:31.783063172246628%;top:15.803921568627452%;height:5.666666666666666%;width:1.8482048174519012%;" type="para">I

A
oe
oO

&lt;A
Bo
Oo

&#8220;3
LN
On</div></box><box><div coordinates="1107,947,121,371" index="8" style="position:fixed;left:16.77018633540373%;top:18.568627450980394%;height:7.274509803921568%;width:1.8330555976367218%;" type="para" /></box><box><div coordinates="2846,1019,128,124" index="9" style="position:fixed;left:43.11467959400091%;top:19.980392156862745%;height:2.431372549019608%;width:1.9391001363429785%;" type="para" /></box><box><div coordinates="2518,1047,289,737" index="10" style="position:fixed;left:38.14573549462203%;top:20.52941176470588%;height:14.450980392156861%;width:4.378124526586881%;" type="para" /></box><box><div coordinates="1383,1058,121,205" index="11" style="position:fixed;left:20.951371004393273%;top:20.745098039215687%;height:4.019607843137255%;width:1.8330555976367218%;" type="para" /></box><box><div coordinates="1735,1113,121,121" index="12" style="position:fixed;left:26.283896379336465%;top:21.823529411764707%;height:2.372549019607843%;width:1.8330555976367218%;" type="para" /></box><box><div coordinates="3423,1134,121,121" index="13" style="position:fixed;left:51.855779427359494%;top:22.235294117647058%;height:2.372549019607843%;width:1.8330555976367218%;" type="para" /></box><box><div coordinates="619,1149,247,250" index="14" style="position:fixed;left:9.377367065596122%;top:22.52941176470588%;height:4.901960784313726%;width:3.7418572943493413%;" type="para">anglades
elgium

armiicda</div></box><box><div coordinates="1383,1308,121,121" index="15" style="position:fixed;left:20.951371004393273%;top:25.647058823529413%;height:2.372549019607843%;width:1.8330555976367218%;" type="para" /></box><box><div coordinates="599,1423,201,392" index="16" style="position:fixed;left:9.07438266929253%;top:27.901960784313722%;height:7.686274509803921%;width:3.0449931828510834%;" type="para">olivia
Jotswal
razil
Julgarie

&#8216;anada</div></box><box><div coordinates="1381,1472,145,289" index="17" style="position:fixed;left:20.921072564762916%;top:28.862745098039216%;height:5.666666666666666%;width:2.1966368732010304%;" type="para">C
.

a
oO

&#8212;
ho

&#187;
o</div></box><box><div coordinates="2059,1470,161,228" index="18" style="position:fixed;left:31.192243599454628%;top:28.823529411764703%;height:4.470588235294118%;width:2.4390243902439024%;" type="para">$130
$45

Nd Pn on</div></box><box><div coordinates="463,1664,121,250" index="19" style="position:fixed;left:7.014088774428116%;top:32.62745098039216%;height:4.901960784313726%;width:1.8330555976367218%;" type="para" /></box><box><div coordinates="1733,1692,121,122" index="20" style="position:fixed;left:26.253597939706104%;top:33.1764705882353%;height:2.392156862745098%;width:1.8330555976367218%;" type="para" /></box><box><div coordinates="1377,1804,121,121" index="21" style="position:fixed;left:20.860475685502198%;top:35.37254901960784%;height:2.372549019607843%;width:1.8330555976367218%;" type="para" /></box><box><div coordinates="2596,1817,121,121" index="22" style="position:fixed;left:39.32737464020603%;top:35.627450980392155%;height:2.372549019607843%;width:1.8330555976367218%;" type="para">aki

&lt;

-</div></box><box><div coordinates="3784,1933,121,121" index="23" style="position:fixed;left:57.324647780639296%;top:37.90196078431373%;height:2.372549019607843%;width:1.8330555976367218%;" type="para" /></box><box><div coordinates="1365,2052,159,405" index="24" style="position:fixed;left:20.67868504772004%;top:40.23529411764706%;height:7.941176470588235%;width:2.4087259506135434%;" type="para">&#162;
h

 

hi
RIOD

 

3
fl</div></box><box><div coordinates="461,2060,373,753" index="25" style="position:fixed;left:6.983790334797758%;top:40.3921568627451%;height:14.76470588235294%;width:5.6506589910619605%;" type="para">Croatia

Estonia
Euroclea
Finland</div></box><box><div coordinates="2516,2065,121,121" index="26" style="position:fixed;left:38.115437054991666%;top:40.490196078431374%;height:2.372549019607843%;width:1.8330555976367218%;" type="para" /></box><box><div coordinates="2676,2181,128,126" index="27" style="position:fixed;left:40.539312225420396%;top:42.76470588235294%;height:2.4705882352941173%;width:1.9391001363429785%;" type="para" /></box><box><div coordinates="1732,2191,121,121" index="28" style="position:fixed;left:26.23844871989093%;top:42.96078431372549%;height:2.372549019607843%;width:1.8330555976367218%;" type="para" /></box><box><div coordinates="2094,2215,124,208" index="29" style="position:fixed;left:31.722466292985914%;top:43.431372549019606%;height:4.07843137254902%;width:1.8785032570822602%;" type="para">$40
$40</div></box><box><div coordinates="2516,2229,121,121" index="30" style="position:fixed;left:38.115437054991666%;top:43.70588235294118%;height:2.372549019607843%;width:1.8330555976367218%;" type="para" /></box><box><div coordinates="724,2235,142,121" index="31" style="position:fixed;left:10.96803514618997%;top:43.8235294117647%;height:2.372549019607843%;width:2.1511892137554915%;" type="para" /></box><box><div coordinates="2614,2431,224,499" index="32" style="position:fixed;left:39.60006059687926%;top:47.66666666666667%;height:9.784313725490195%;width:3.3934252386002126%;" type="para">Ingapor:
lovakia
lovak R
lovenia
outh Afr
outh Ko</div></box><box><div coordinates="1103,2525,121,121" index="33" style="position:fixed;left:16.70958945614301%;top:49.50980392156863%;height:2.372549019607843%;width:1.8330555976367218%;" type="para" /></box><box><div coordinates="1378,2553,124,143" index="34" style="position:fixed;left:20.875624905317373%;top:50.05882352941177%;height:2.803921568627451%;width:1.8785032570822602%;" type="para" /></box><box><div coordinates="2094,2715,122,122" index="35" style="position:fixed;left:31.722466292985914%;top:53.23529411764706%;height:2.392156862745098%;width:1.8482048174519012%;" type="para">$40</div></box><box><div coordinates="3083,2767,121,121" index="36" style="position:fixed;left:46.705044690198456%;top:54.254901960784316%;height:2.372549019607843%;width:1.8330555976367218%;" type="para" /></box><box><div coordinates="1102,2855,121,121" index="37" style="position:fixed;left:16.69444023632783%;top:55.98039215686275%;height:2.372549019607843%;width:1.8330555976367218%;" type="para" /></box><box><div coordinates="756,2911,130,147" index="38" style="position:fixed;left:11.452810180275716%;top:57.07843137254902%;height:2.8823529411764706%;width:1.9693985759733375%;" type="para" /></box><box><div coordinates="459,2974,121,335" index="39" style="position:fixed;left:6.953491895167399%;top:58.31372549019608%;height:6.568627450980393%;width:1.8330555976367218%;" type="para" /></box><box><div coordinates="2720,2979,121,121" index="40" style="position:fixed;left:41.20587789728829%;top:58.411764705882355%;height:2.372549019607843%;width:1.8330555976367218%;" type="para" /></box><box><div coordinates="3083,3015,121,121" index="41" style="position:fixed;left:46.705044690198456%;top:59.11764705882353%;height:2.372549019607843%;width:1.8330555976367218%;" type="para" /></box><box><div coordinates="1100,3021,122,121" index="42" style="position:fixed;left:16.66414179669747%;top:59.235294117647065%;height:2.372549019607843%;width:1.8482048174519012%;" type="para" /></box><box><div coordinates="2525,3059,246,471" index="43" style="position:fixed;left:38.25178003332828%;top:59.98039215686275%;height:9.235294117647058%;width:3.7267080745341614%;" type="para">Switzer
Taiwan
Thailan

ye _4__&#162;</div></box><box><div coordinates="636,3105,941,322" index="44" style="position:fixed;left:9.634903802454174%;top:60.882352941176464%;height:6.313725490196079%;width:14.255415846083928%;" type="para" /></box><box><div coordinates="1729,3103,121,121" index="45" style="position:fixed;left:26.193001060445386%;top:60.84313725490196%;height:2.372549019607843%;width:1.8330555976367218%;" type="para" /></box><box><div coordinates="4141,3121,166,239" index="46" style="position:fixed;left:62.732919254658384%;top:61.19607843137255%;height:4.686274509803921%;width:2.5147704893198%;" type="para" /></box><box><div coordinates="3783,3261,121,121" index="47" style="position:fixed;left:57.30949856082411%;top:63.94117647058823%;height:2.372549019607843%;width:1.8330555976367218%;" type="para" /></box><box><div coordinates="554,3414,279,190" index="48" style="position:fixed;left:8.392667777609454%;top:66.94117647058823%;height:3.7254901960784315%;width:4.226632328435086%;" type="para">India
Indonesi:</div></box><box><div coordinates="4141,3453,121,121" index="49" style="position:fixed;left:62.732919254658384%;top:67.70588235294117%;height:2.372549019607843%;width:1.8330555976367218%;" type="para" /></box><box><div coordinates="1373,3463,147,155" index="50" style="position:fixed;left:20.79987880624148%;top:67.90196078431373%;height:3.0392156862745097%;width:2.2269353128313893%;" type="para">a

 

ind }</div></box><box><div coordinates="2571,3483,339,289" index="51" style="position:fixed;left:38.948644144826545%;top:68.29411764705883%;height:5.666666666666666%;width:5.135585517345857%;" type="para">Trinidad &amp;
Tobago
Tunisia

T&#8482;. by mn,</div></box><box><div coordinates="1726,3595,122,121" index="52" style="position:fixed;left:26.14755340099985%;top:70.49019607843138%;height:2.372549019607843%;width:1.8482048174519012%;" type="para" /></box><box><div coordinates="2246,3593,122,121" index="53" style="position:fixed;left:34.0251477048932%;top:70.45098039215686%;height:2.372549019607843%;width:1.8482048174519012%;" type="para" /></box><box><div coordinates="3418,3615,122,123" index="54" style="position:fixed;left:51.780033328283594%;top:70.88235294117648%;height:2.411764705882353%;width:1.8482048174519012%;" type="para" /></box><box><div coordinates="4141,3611,161,207" index="55" style="position:fixed;left:62.732919254658384%;top:70.80392156862744%;height:4.0588235294117645%;width:2.4390243902439024%;" type="para" /></box><box><div coordinates="697,3632,121,121" index="56" style="position:fixed;left:10.559006211180124%;top:71.2156862745098%;height:2.372549019607843%;width:1.8330555976367218%;" type="para" /></box><box><div coordinates="1397,3655,123,123" index="57" style="position:fixed;left:21.163460081805788%;top:71.66666666666667%;height:2.411764705882353%;width:1.8633540372670807%;" type="para">nN</div></box><box><div coordinates="2079,3655,122,121" index="58" style="position:fixed;left:31.495227995758217%;top:71.66666666666667%;height:2.372549019607843%;width:1.8482048174519012%;" type="para" /></box><box><div coordinates="1099,3679,121,121" index="59" style="position:fixed;left:16.64899257688229%;top:72.13725490196077%;height:2.372549019607843%;width:1.8330555976367218%;" type="para" /></box><box><div coordinates="536,3719,216,329" index="60" style="position:fixed;left:8.119981820936221%;top:72.92156862745098%;height:6.450980392156863%;width:3.272231480078776%;" type="para">Israel

 

g

Jamai

t

al

z</div></box><box><div coordinates="3780,3836,121,121" index="61" style="position:fixed;left:57.26405090137858%;top:75.2156862745098%;height:2.372549019607843%;width:1.8330555976367218%;" type="para" /></box><box><div coordinates="2508,3881,437,473" index="62" style="position:fixed;left:37.99424329647023%;top:76.09803921568627%;height:9.274509803921568%;width:6.620209059233449%;" type="para">United Kingd

  
   
     

Venezuela
Zambia
Zimbabwe</div></box><box><div coordinates="777,3890,121,121" index="63" style="position:fixed;left:11.770943796394485%;top:76.27450980392156%;height:2.372549019607843%;width:1.8330555976367218%;" type="para">past</div></box><box><div coordinates="4166,3893,122,123" index="64" style="position:fixed;left:63.11164975003787%;top:76.33333333333333%;height:2.411764705882353%;width:1.8482048174519012%;" type="para" /></box><box><div coordinates="1374,3953,145,321" index="65" style="position:fixed;left:20.81502802605666%;top:77.50980392156863%;height:6.294117647058823%;width:2.1966368732010304%;" type="para" /></box><box><div coordinates="2053,3951,182,131" index="66" style="position:fixed;left:31.101348280563553%;top:77.47058823529412%;height:2.5686274509803924%;width:2.757158006362672%;" type="para" /></box><box><div coordinates="455,4093,347,474" index="67" style="position:fixed;left:6.892895015906681%;top:80.25490196078431%;height:9.294117647058824%;width:5.256779275867292%;" type="para" /></box><box><div coordinates="3417,4197,121,121" index="68" style="position:fixed;left:51.764884108468415%;top:82.29411764705883%;height:2.372549019607843%;width:1.8330555976367218%;" type="para" /></box><box><div coordinates="2732,4209,184,143" index="69" style="position:fixed;left:41.387668535070446%;top:82.52941176470588%;height:2.803921568627451%;width:2.7874564459930316%;" type="para">bwe</div></box><box><div coordinates="1097,4419,121,122" index="70" style="position:fixed;left:16.618694137251932%;top:86.6470588235294%;height:2.392156862745098%;width:1.8330555976367218%;" type="para" /></box><box><div coordinates="2450,4417,122,123" index="71" style="position:fixed;left:37.11558854718982%;top:86.6078431372549%;height:2.411764705882353%;width:1.8482048174519012%;" type="para" /></box><box><div coordinates="1725,4501,121,121" index="72" style="position:fixed;left:26.132404181184672%;top:88.25490196078431%;height:2.372549019607843%;width:1.8330555976367218%;" type="para" /></box><box><div coordinates="542,4724,3682,386" index="73" style="position:fixed;left:8.2108771398273%;top:92.62745098039215%;height:7.568627450980392%;width:55.77942735949099%;" type="para">Notes: (1) any country not listed above will be negotiated and agreed upon prior to investment.
(2) Reimbursable expenses: As incurred (e.g. stamp duties, registration costs, script fees, special
transportation costs, etc.)</div></box><box><div coordinates="265,6128,379,160" index="74" style="position:fixed;left:4.014543251022572%;top:120.15686274509805%;height:3.1372549019607843%;width:5.741554309953037%;" type="para">CONFID!</div></box><box><div coordinates="665,6156,123,123" index="75" style="position:fixed;left:10.07423117709438%;top:120.70588235294117%;height:2.411764705882353%;width:1.8633540372670807%;" type="para" /></box><box><div coordinates="806,6164,122,124" index="76" style="position:fixed;left:12.210271171034693%;top:120.86274509803923%;height:2.431372549019608%;width:1.8482048174519012%;" type="para">[AL</div></box></Blocks></page></doc>