<doc doi="Bi2i_1043" name="/prcanalyt/test-pra1/inventory_module/InputProcessing/826/788/82678847D220773F85CC710277AF05D765DA9F81.pdf"><page num="1" src="img/Bi2i_1043/Bi2i_1043-00.jpg" txt_src="img/Bi2i_1043/Bi2i_1043-00.txt"><Blocks><box><div coordinates="559,280,285,415" index="0" style="position:fixed;left:8.46841387668535%;top:5.490196078431373%;height:8.137254901960784%;width:4.317527647326163%;" type="para" /></box><box><div coordinates="934,280,264,121" index="1" style="position:fixed;left:14.14937130737767%;top:5.490196078431373%;height:2.372549019607843%;width:3.999394031207393%;" type="para" /></box><box><div coordinates="1201,280,121,121" index="2" style="position:fixed;left:18.1942129980306%;top:5.490196078431373%;height:2.372549019607843%;width:1.8330555976367218%;" type="para" /></box><box><div coordinates="1391,280,851,257" index="3" style="position:fixed;left:21.072564762914713%;top:5.490196078431373%;height:5.03921568627451%;width:12.89198606271777%;" type="para" /></box><box><div coordinates="2366,280,297,121" index="4" style="position:fixed;left:35.843054082714744%;top:5.490196078431373%;height:2.372549019607843%;width:4.499318285108317%;" type="para" /></box><box><div coordinates="2690,282,122,121" index="5" style="position:fixed;left:40.7514013028329%;top:5.529411764705882%;height:2.372549019607843%;width:1.8482048174519012%;" type="para" /></box><box><div coordinates="3219,284,1388,415" index="6" style="position:fixed;left:48.765338585062864%;top:5.568627450980392%;height:8.137254901960784%;width:21.02711710346917%;" type="para" /></box><box><div coordinates="3246,282,543,225" index="7" style="position:fixed;left:49.174367520072714%;top:5.529411764705882%;height:4.411764705882353%;width:8.226026359642479%;" type="para" /></box><box><div coordinates="3892,284,124,121" index="8" style="position:fixed;left:58.96076352067868%;top:5.568627450980392%;height:2.372549019607843%;width:1.8785032570822602%;" type="para" /></box><box><div coordinates="4074,284,121,121" index="9" style="position:fixed;left:61.717921527041355%;top:5.568627450980392%;height:2.372549019607843%;width:1.8330555976367218%;" type="para" /></box><box><div coordinates="3098,358,122,125" index="10" style="position:fixed;left:46.93228298742615%;top:7.019607843137255%;height:2.450980392156863%;width:1.8482048174519012%;" type="para" /></box><box><div coordinates="899,572,485,121" index="11" style="position:fixed;left:13.619148613846388%;top:11.215686274509803%;height:2.372549019607843%;width:7.3473716103620665%;" type="para" /></box><box><div coordinates="1386,574,1766,121" index="12" style="position:fixed;left:20.996818663838813%;top:11.254901960784313%;height:2.372549019607843%;width:26.753522193607026%;" type="para" /></box><box><div coordinates="517,759,4116,2006" index="13" style="position:fixed;left:7.832146644447811%;top:14.882352941176471%;height:39.33333333333333%;width:62.3541887592789%;" type="para">PACIFIC INVESTMENT MANAGEMENT COMPANY LLC
INVESTMENT ACCOUNTING AND RECORDKEEPING AND
PERFORMANCE MEASUREMENT CALCULATION AND REPORTING SERVICES
FEE SCHEDULE
FEBRUARY 29, 2012

INVESTMENT ACCOUNTING AND RECORDKEEPING AND
PERFORMANCE MEASUREMENT CALCULATION AND REPORTING SERVICES

This Fee Schedule is for the Services (as defined in the Agreement) provided by State Street Bank and
Trust Company ("State Street") to Pacific Investment Management Company LLC ("PIMCO") pursuant
to the Investment Accounting Agreement dated February 29, 2012 between State Street and PIMCO (as

the same may be amended, supplemented, restated or otherwise modified from time to time, the
"Agreement"). This Fee Schedule shall apply to all Accounts that may be subject to the Agreement from
time to time. Capitalized terms used herein but not defined herein shall have the meanings ascribed to
them in the Agreement.</div></box><box><div coordinates="528,2855,4167,265" index="14" style="position:fixed;left:7.998788062414786%;top:55.98039215686275%;height:5.196078431372549%;width:63.12679896985305%;" type="para">P&#8212;&#8212;&#8212; &#8221; &#8221; SITS o&#8212; m&#8212; SO &#8212;&#8212;&#8212;&#8212;&#8212;&#8212;&#8212;&#8212;&#8212;&#8212;&#8212;&#8212;&#8212; p&#8212; pe - &#8221; Te &#8212;&#8212;&#8212;&#8212;&#8212;&#8212;&#8212;&#8212; ; ri er" CE TR
TT . SE CH na Te z 3 TE 7 7 z 7? 7 i i RS i 7 i
i i

ee

n : SRE Ei 7 7 SRT ir 7 To eo
Zl a ess en Se Bh So ic Sel San Lois Ei

i
SE

Dot, Po Eh soo ponies vi &#163;. .: rhist ont on Se Co Dees Fran Ss on rr ers CL il i
ee EE le EC $ : pa 2 RE on tS</div></box><box><div coordinates="541,2851,258,121" index="15" style="position:fixed;left:8.19572792001212%;top:55.90196078431372%;height:2.372549019607843%;width:3.9084987123163155%;" type="para">PY

vate

ean</div></box><box><div coordinates="1472,2851,1254,121" index="16" style="position:fixed;left:22.299651567944252%;top:55.90196078431372%;height:2.372549019607843%;width:18.997121648235115%;" type="para">Eo A

Ge a biti La

ay ee oe a 3 ive Spa es TS TT</div></box><box><div coordinates="3494,2853,573,121" index="17" style="position:fixed;left:52.93137403423723%;top:55.94117647058824%;height:2.372549019607843%;width:8.680502954097864%;" type="para">eT

SL
i a Di

a

ia
Se EE</div></box><box><div coordinates="3765,3147,647,167" index="18" style="position:fixed;left:57.03681260415089%;top:61.705882352941174%;height:3.2745098039215685%;width:9.801545220421149%;" type="para">he Agreement, St</div></box><box><div coordinates="586,3168,271,252" index="19" style="position:fixed;left:8.877442811695198%;top:62.117647058823536%;height:4.941176470588235%;width:4.10543856991365%;" type="para">For th
Street</div></box><box><div coordinates="2840,3185,435,127" index="20" style="position:fixed;left:43.02378427510983%;top:62.450980392156865%;height:2.4901960784313726%;width:6.58991061960309%;" type="para">ng Services</div></box><box><div coordinates="2141,3191,150,229" index="21" style="position:fixed;left:32.43447962429935%;top:62.568627450980394%;height:4.490196078431373%;width:2.2723829722769278%;" type="para">ng a
bel:</div></box><box><div coordinates="2439,3191,122,121" index="22" style="position:fixed;left:36.948947129222844%;top:62.568627450980394%;height:2.372549019607843%;width:1.8482048174519012%;" type="para">CCO</div></box><box><div coordinates="2647,3191,164,121" index="23" style="position:fixed;left:40.09998485078018%;top:62.568627450980394%;height:2.372549019607843%;width:2.484472049689441%;" type="para">keep</div></box><box><div coordinates="4431,3193,127,121" index="24" style="position:fixed;left:67.12619300106044%;top:62.6078431372549%;height:2.372549019607843%;width:1.9239509165277988%;" type="para">Ite</div></box><box><div coordinates="1209,3261,121,121" index="25" style="position:fixed;left:18.31540675655204%;top:63.94117647058823%;height:2.372549019607843%;width:1.8330555976367218%;" type="para">ntit</div></box><box><div coordinates="1517,3261,121,121" index="26" style="position:fixed;left:22.981366459627328%;top:63.94117647058823%;height:2.372549019607843%;width:1.8330555976367218%;" type="para">y th</div></box><box><div coordinates="1068,3273,133,147" index="27" style="position:fixed;left:16.179366762611725%;top:64.17647058823529%;height:2.8823529411764706%;width:2.014846235418876%;" type="para">be &#162;</div></box><box><div coordinates="1733,3299,222,121" index="28" style="position:fixed;left:26.253597939706104%;top:64.68627450980392%;height:2.372549019607843%;width:3.3631267989698532%;" type="para">ee set</div></box><box><div coordinates="4175,3463,373,283" index="29" style="position:fixed;left:63.24799272837449%;top:67.90196078431373%;height:5.549019607843137%;width:5.6506589910619605%;" type="para">of 0.225
lich State</div></box><box><div coordinates="594,3485,361,352" index="30" style="position:fixed;left:8.998636570216634%;top:68.33333333333333%;height:6.901960784313725%;width:5.468868353279806%;" type="para">The fee
basis poi
Street is</div></box><box><div coordinates="1354,3491,121,121" index="31" style="position:fixed;left:20.51204362975307%;top:68.45098039215686%;height:2.372549019607843%;width:1.8330555976367218%;" type="para">YW</div></box><box><div coordinates="3271,3499,132,121" index="32" style="position:fixed;left:49.5530980154522%;top:68.6078431372549%;height:2.372549019607843%;width:1.9996970156036964%;" type="para" /></box><box><div coordinates="3684,3497,122,125" index="33" style="position:fixed;left:55.809725799121345%;top:68.56862745098039%;height:2.450980392156863%;width:1.8482048174519012%;" type="para">(e</div></box><box><div coordinates="1224,3515,123,121" index="34" style="position:fixed;left:18.54264505377973%;top:68.92156862745098%;height:2.372549019607843%;width:1.8633540372670807%;" type="para">bel</div></box><box><div coordinates="1936,3515,123,121" index="35" style="position:fixed;left:29.32888956218755%;top:68.92156862745098%;height:2.372549019607843%;width:1.8633540372670807%;" type="para">ch</div></box><box><div coordinates="2088,3515,468,229" index="36" style="position:fixed;left:31.631570974094835%;top:68.92156862745098%;height:4.490196078431373%;width:7.089834873504014%;" type="para">irge, billed a
n the GAAP</div></box><box><div coordinates="2889,3515,127,121" index="37" style="position:fixed;left:43.766096046053626%;top:68.92156862745098%;height:2.372549019607843%;width:1.9239509165277988%;" type="para">le</div></box><box><div coordinates="4034,3517,130,121" index="38" style="position:fixed;left:61.11195273443417%;top:68.96078431372548%;height:2.372549019607843%;width:1.9693985759733375%;" type="para">Lil</div></box><box><div coordinates="2666,3589,168,155" index="39" style="position:fixed;left:40.387820027268596%;top:70.37254901960785%;height:3.0392156862745097%;width:2.545068928950159%;" type="para" /></box><box><div coordinates="1702,3623,121,121" index="40" style="position:fixed;left:25.78397212543554%;top:71.03921568627452%;height:2.372549019607843%;width:1.8330555976367218%;" type="para" /></box><box><div coordinates="3222,3623,121,121" index="41" style="position:fixed;left:48.81078624450841%;top:71.03921568627452%;height:2.372549019607843%;width:1.8330555976367218%;" type="para">Ac</div></box><box><div coordinates="765,3695,121,121" index="42" style="position:fixed;left:11.58915315861233%;top:72.45098039215686%;height:2.372549019607843%;width:1.8330555976367218%;" type="para">et i</div></box><box><div coordinates="1114,3697,122,124" index="43" style="position:fixed;left:16.876230874109982%;top:72.49019607843137%;height:2.431372549019608%;width:1.8482048174519012%;" type="para">idir</div></box><box><div coordinates="944,3701,121,121" index="44" style="position:fixed;left:14.300863505529465%;top:72.5686274509804%;height:2.372549019607843%;width:1.8330555976367218%;" type="para">pro</div></box><box><div coordinates="3809,3701,121,121" index="45" style="position:fixed;left:57.70337827601878%;top:72.5686274509804%;height:2.372549019607843%;width:1.8330555976367218%;" type="para" /></box><box><div coordinates="596,3900,262,579" index="46" style="position:fixed;left:9.028935009846993%;top:76.47058823529412%;height:11.352941176470587%;width:3.9690955915770334%;" type="para">Annus
Fir

Ne
Ov</div></box><box><div coordinates="2533,3915,166,125" index="47" style="position:fixed;left:38.37297379184972%;top:76.76470588235294%;height:2.450980392156863%;width:2.5147704893198%;" type="para">1d re</div></box><box><div coordinates="2836,3947,121,121" index="48" style="position:fixed;left:42.96318739584911%;top:77.3921568627451%;height:2.372549019607843%;width:1.8330555976367218%;" type="para">lke:</div></box><box><div coordinates="1336,4022,758,478" index="49" style="position:fixed;left:20.239357673079837%;top:78.86274509803921%;height:9.372549019607842%;width:11.483108619906075%;" type="para">$50,000,000,000
$25,000,000,000
$25,000,000,000
$100,000,000,000</div></box><box><div coordinates="3036,4135,122,125" index="50" style="position:fixed;left:45.99303135888502%;top:81.07843137254902%;height:2.450980392156863%;width:1.8482048174519012%;" type="para" /></box><box><div coordinates="3196,4133,122,129" index="51" style="position:fixed;left:48.41690652931374%;top:81.03921568627452%;height:2.5294117647058822%;width:1.8482048174519012%;" type="para">00</div></box><box><div coordinates="3637,4235,121,121" index="52" style="position:fixed;left:55.097712467807916%;top:83.03921568627452%;height:2.372549019607843%;width:1.8330555976367218%;" type="para">nt</div></box><box><div coordinates="3064,4355,122,124" index="53" style="position:fixed;left:46.41720951371005%;top:85.3921568627451%;height:2.431372549019608%;width:1.8482048174519012%;" type="para" /></box><box><div coordinates="3224,4351,122,126" index="54" style="position:fixed;left:48.84108468413877%;top:85.31372549019608%;height:2.4705882352941173%;width:1.8482048174519012%;" type="para">)0 t</div></box><box><div coordinates="575,4542,197,172" index="55" style="position:fixed;left:8.710801393728223%;top:89.05882352941177%;height:3.3725490196078427%;width:2.984396303590365%;" type="para">Bas:</div></box><box><div coordinates="1081,4572,129,142" index="56" style="position:fixed;left:16.376306620209057%;top:89.64705882352942%;height:2.784313725490196%;width:1.9542493561581578%;" type="para">Ac</div></box><box><div coordinates="2297,4612,133,122" index="57" style="position:fixed;left:34.79775791546735%;top:90.43137254901961%;height:2.392156862745098%;width:2.014846235418876%;" type="para" /></box><box><div coordinates="2880,4613,121,123" index="58" style="position:fixed;left:43.62975306771701%;top:90.45098039215686%;height:2.411764705882353%;width:1.8330555976367218%;" type="para" /></box><box><div coordinates="587,4768,185,162" index="59" style="position:fixed;left:8.892592031510377%;top:93.49019607843138%;height:3.176470588235294%;width:2.802605665808211%;" type="para">The</div></box><box><div coordinates="2345,4779,153,259" index="60" style="position:fixed;left:35.52492046659597%;top:93.70588235294117%;height:5.078431372549019%;width:2.317830631722466%;" type="para">led :
Ac</div></box><box><div coordinates="4272,4776,289,266" index="61" style="position:fixed;left:64.7174670504469%;top:93.64705882352942%;height:5.215686274509804%;width:4.378124526586881%;" type="para">3,180)
viding</div></box><box><div coordinates="4188,4787,121,121" index="62" style="position:fixed;left:63.44493258597183%;top:93.86274509803921%;height:2.372549019607843%;width:1.8330555976367218%;" type="para" /></box><box><div coordinates="3614,4792,122,126" index="63" style="position:fixed;left:54.74928041205877%;top:93.96078431372548%;height:2.4705882352941173%;width:1.8482048174519012%;" type="para">a

(e</div></box><box><div coordinates="2136,4810,122,122" index="64" style="position:fixed;left:32.35873352522345%;top:94.31372549019608%;height:2.392156862745098%;width:1.8482048174519012%;" type="para">e,</div></box><box><div coordinates="4102,4920,121,121" index="65" style="position:fixed;left:62.142099681866384%;top:96.47058823529412%;height:2.372549019607843%;width:1.8330555976367218%;" type="para">pt</div></box><box><div coordinates="763,4989,121,122" index="66" style="position:fixed;left:11.558854718981973%;top:97.82352941176471%;height:2.392156862745098%;width:1.8330555976367218%;" type="para">Stn</div></box><box><div coordinates="595,4994,167,154" index="67" style="position:fixed;left:9.013785790031813%;top:97.92156862745098%;height:3.019607843137255%;width:2.5299197091349797%;" type="para">inve</div></box><box><div coordinates="1529,4994,121,121" index="68" style="position:fixed;left:23.163157097409485%;top:97.92156862745098%;height:2.372549019607843%;width:1.8330555976367218%;" type="para">1d 1</div></box><box><div coordinates="591,5197,139,167" index="69" style="position:fixed;left:8.953188910771095%;top:101.90196078431373%;height:3.2745098039215685%;width:2.105741554309953%;" type="para">An</div></box><box><div coordinates="1023,5197,121,121" index="70" style="position:fixed;left:15.497651870928648%;top:101.90196078431373%;height:2.372549019607843%;width:1.8330555976367218%;" type="para" /></box><box><div coordinates="2821,5212,121,121" index="71" style="position:fixed;left:42.735949098621425%;top:102.19607843137256%;height:2.372549019607843%;width:1.8330555976367218%;" type="para">rdk</div></box><box><div coordinates="3043,5320,123,122" index="72" style="position:fixed;left:46.09907589759128%;top:104.31372549019609%;height:2.392156862745098%;width:1.8633540372670807%;" type="para">$3</div></box><box><div coordinates="3204,5324,184,127" index="73" style="position:fixed;left:48.53810028783518%;top:104.3921568627451%;height:2.4901960784313726%;width:2.7874564459930316%;" type="para">180</div></box></Blocks></page><page num="2" src="img/Bi2i_1043/Bi2i_1043-01.jpg" txt_src="img/Bi2i_1043/Bi2i_1043-01.txt"><Blocks><box><div coordinates="565,286,1153,410" index="0" style="position:fixed;left:8.559309195576429%;top:5.607843137254902%;height:8.03921568627451%;width:17.467050446901986%;" type="para" /></box><box><div coordinates="1878,288,749,237" index="1" style="position:fixed;left:28.450234812907134%;top:5.647058823529412%;height:4.647058823529412%;width:11.346765641569458%;" type="para" /></box><box><div coordinates="2744,290,122,121" index="2" style="position:fixed;left:41.569459172852596%;top:5.686274509803922%;height:2.372549019607843%;width:1.8482048174519012%;" type="para" /></box><box><div coordinates="2900,290,1717,419" index="3" style="position:fixed;left:43.932737464020605%;top:5.686274509803922%;height:8.215686274509803%;width:26.011210422663233%;" type="para" /></box><box><div coordinates="1065,580,459,121" index="4" style="position:fixed;left:16.133919103166185%;top:11.372549019607844%;height:2.372549019607843%;width:6.953491895167399%;" type="para" /></box><box><div coordinates="1826,580,134,121" index="5" style="position:fixed;left:27.662475382517798%;top:11.372549019607844%;height:2.372549019607843%;width:2.0299954552340553%;" type="para" /></box><box><div coordinates="2026,582,592,121" index="6" style="position:fixed;left:30.692319345553702%;top:11.411764705882353%;height:2.372549019607843%;width:8.968338130586275%;" type="para" /></box><box><div coordinates="2672,582,174,121" index="7" style="position:fixed;left:40.478715346159674%;top:11.411764705882353%;height:2.372549019607843%;width:2.635964247841236%;" type="para" /></box><box><div coordinates="2908,584,460,121" index="8" style="position:fixed;left:44.05393122254203%;top:11.450980392156863%;height:2.372549019607843%;width:6.968641114982578%;" type="para" /></box><box><div coordinates="3372,584,256,121" index="9" style="position:fixed;left:51.08316921678534%;top:11.450980392156863%;height:2.372549019607843%;width:3.878200272685957%;" type="para" /></box><box><div coordinates="3653,586,534,121" index="10" style="position:fixed;left:55.340099984850774%;top:11.490196078431373%;height:2.372549019607843%;width:8.089683381305862%;" type="para" /></box><box><div coordinates="4194,586,219,121" index="11" style="position:fixed;left:63.5358279048629%;top:11.490196078431373%;height:2.372549019607843%;width:3.317679139524315%;" type="para" /></box><box><div coordinates="866,767,3448,706" index="12" style="position:fixed;left:13.119224359945465%;top:15.03921568627451%;height:13.843137254901961%;width:52.23450992273898%;" type="para">PACIFIC INVESTMENT MANAGEMENT COMPANY LLC
INVESTMENT ACCOUNTING AND RECORDKEEPING AND
PERFORMANCE MEASUREMENT CALCULATION AND REPORTING SERVICES
FEE SCHEDULE
FEBRUARY 29, 2012</div></box><box><div coordinates="567,1679,121,124" index="13" style="position:fixed;left:8.589607635206786%;top:32.92156862745098%;height:2.431372549019608%;width:1.8330555976367218%;" type="para" /></box><box><div coordinates="1719,1679,147,121" index="14" style="position:fixed;left:26.041508862293593%;top:32.92156862745098%;height:2.372549019607843%;width:2.2269353128313893%;" type="para">on

RD</div></box><box><div coordinates="571,1688,4180,263" index="15" style="position:fixed;left:8.650204514467505%;top:33.09803921568628%;height:5.156862745098039%;width:63.323738827450384%;" type="para">TE 2 IE Sele Es 5 Ea 3 &amp; A = 7 es atin le i ES 26 TEARIEGTS = i usps
ee Se 2 ts 4 5 J 2 7 SR Bia i iS Su El i i : i
i cil ni iE / 4 :

&#8221;
Cr thir

a</div></box><box><div coordinates="2784,1681,143,121" index="16" style="position:fixed;left:42.175427965459775%;top:32.96078431372549%;height:2.372549019607843%;width:2.166338433570671%;" type="para" /></box><box><div coordinates="589,1993,219,277" index="17" style="position:fixed;left:8.922890471140736%;top:39.07843137254902%;height:5.431372549019608%;width:3.317679139524315%;" type="para">For
the f</div></box><box><div coordinates="4264,1999,263,174" index="18" style="position:fixed;left:64.59627329192547%;top:39.19607843137255%;height:3.4117647058823533%;width:3.9842448113922133%;" type="para">itled to</div></box><box><div coordinates="3155,2015,329,157" index="19" style="position:fixed;left:47.79578851689138%;top:39.509803921568626%;height:3.0784313725490198%;width:4.984093319194061%;" type="para">nent, Sta</div></box><box><div coordinates="2884,2030,129,141" index="20" style="position:fixed;left:43.69034994697773%;top:39.80392156862745%;height:2.764705882352941%;width:1.9542493561581578%;" type="para" /></box><box><div coordinates="583,2317,480,302" index="21" style="position:fixed;left:8.83199515224966%;top:45.431372549019606%;height:5.921568627450981%;width:7.271625511286168%;" type="para">Security Pc
designated |</div></box><box><div coordinates="2634,2321,344,174" index="22" style="position:fixed;left:39.90304499318285%;top:45.509803921568626%;height:3.4117647058823533%;width:5.211331616421754%;" type="para">SMARTS</div></box><box><div coordinates="2219,2339,121,121" index="23" style="position:fixed;left:33.61611876988335%;top:45.86274509803921%;height:2.372549019607843%;width:1.8330555976367218%;" type="para" /></box><box><div coordinates="4271,2336,304,163" index="24" style="position:fixed;left:64.70231783063171%;top:45.80392156862745%;height:3.1960784313725488%;width:4.605362823814573%;" type="para">atform</div></box><box><div coordinates="1170,2347,336,246" index="25" style="position:fixed;left:17.724587183760036%;top:46.01960784313726%;height:4.823529411764706%;width:5.090137857900318%;" type="para">ion Recc

PIMCO)</div></box><box><div coordinates="3037,2341,125,173" index="26" style="position:fixed;left:46.0081805787002%;top:45.90196078431373%;height:3.392156862745098%;width:1.8936524768974399%;" type="para" /></box><box><div coordinates="3298,2355,122,127" index="27" style="position:fixed;left:49.96212695046205%;top:46.1764705882353%;height:2.4901960784313726%;width:1.8482048174519012%;" type="para" /></box><box><div coordinates="1044,2497,123,122" index="28" style="position:fixed;left:15.815785487047417%;top:48.96078431372549%;height:2.392156862745098%;width:1.8633540372670807%;" type="para" /></box><box><div coordinates="585,2642,888,518" index="29" style="position:fixed;left:8.862293591880018%;top:51.80392156862745%;height:10.156862745098039%;width:13.452507195879413%;" type="para">The fee shown below
monthly in arrears, b:
security position reco
designated by PIMCO)</div></box><box><div coordinates="2551,2665,121,121" index="30" style="position:fixed;left:38.64565974852295%;top:52.254901960784316%;height:2.372549019607843%;width:1.8330555976367218%;" type="para">id |</div></box><box><div coordinates="4116,2664,461,376" index="31" style="position:fixed;left:62.3541887592789%;top:52.23529411764706%;height:7.372549019607844%;width:6.983790334797758%;" type="para">of $1,500)
providing
e platform</div></box><box><div coordinates="1155,2697,190,229" index="32" style="position:fixed;left:17.497348886532343%;top:52.88235294117647%;height:4.490196078431373%;width:2.8783517648841084%;" type="para">1 bel
rears</div></box><box><div coordinates="1825,2697,300,445" index="33" style="position:fixed;left:27.647326162702623%;top:52.88235294117647%;height:8.72549019607843%;width:4.5447659445538555%;" type="para">wal char
he numl

Service
10onth en</div></box><box><div coordinates="2685,2717,121,121" index="34" style="position:fixed;left:40.675655203757%;top:53.27450980392157%;height:2.372549019607843%;width:1.8330555976367218%;" type="para">aye

ae 3</div></box><box><div coordinates="2360,2759,140,166" index="35" style="position:fixed;left:35.75215876382366%;top:54.09803921568628%;height:3.2549019607843137%;width:2.1208907741251326%;" type="para">Ac</div></box><box><div coordinates="1491,2773,177,153" index="36" style="position:fixed;left:22.58748674443266%;top:54.37254901960784%;height:3.0%;width:2.681411907286775%;" type="para">sed</div></box><box><div coordinates="2577,2779,423,257" index="37" style="position:fixed;left:39.039539463717624%;top:54.490196078431374%;height:5.03921568627451%;width:6.408119981820937%;" type="para">unts in res
SMARTS</div></box><box><div coordinates="3559,2779,435,259" index="38" style="position:fixed;left:53.9160733222239%;top:54.490196078431374%;height:5.078431372549019%;width:6.58991061960309%;" type="para">State &#8216;Stree
her back o</div></box><box><div coordinates="3001,2807,126,121" index="39" style="position:fixed;left:45.462808665353734%;top:55.03921568627451%;height:2.372549019607843%;width:1.9088016967126193%;" type="para">pec</div></box><box><div coordinates="1553,3021,204,121" index="40" style="position:fixed;left:23.526738372973792%;top:59.235294117647065%;height:2.372549019607843%;width:3.090440842296622%;" type="para">f each</div></box><box><div coordinates="603,3189,255,275" index="41" style="position:fixed;left:9.13497954855325%;top:62.52941176470588%;height:5.392156862745098%;width:3.863051052870777%;" type="para">Annus</div></box><box><div coordinates="960,3189,297,277" index="42" style="position:fixed;left:14.543251022572337%;top:62.52941176470588%;height:5.431372549019608%;width:4.499318285108317%;" type="para">er-Acco
&#8220;Accour</div></box><box><div coordinates="1395,3237,164,121" index="43" style="position:fixed;left:21.133161642175427%;top:63.47058823529412%;height:2.372549019607843%;width:2.484472049689441%;" type="para">fee 1</div></box><box><div coordinates="1710,3237,167,121" index="44" style="position:fixed;left:25.905165883956975%;top:63.47058823529412%;height:2.372549019607843%;width:2.5299197091349797%;" type="para">pect:</div></box><box><div coordinates="1939,3237,166,121" index="45" style="position:fixed;left:29.374337221633084%;top:63.47058823529412%;height:2.372549019607843%;width:2.5147704893198%;" type="para">reco</div></box><box><div coordinates="2489,3239,122,121" index="46" style="position:fixed;left:37.70640811998182%;top:63.50980392156863%;height:2.372549019607843%;width:1.8482048174519012%;" type="para">Ser</div></box><box><div coordinates="2631,3239,164,121" index="47" style="position:fixed;left:39.85759733373731%;top:63.50980392156863%;height:2.372549019607843%;width:2.484472049689441%;" type="para">'1CES</div></box><box><div coordinates="3057,3293,317,153" index="48" style="position:fixed;left:46.31116497500379%;top:64.56862745098039%;height:3.0%;width:4.802302681411907%;" type="para">$1,500</div></box><box><div coordinates="583,3504,345,196" index="49" style="position:fixed;left:8.83199515224966%;top:68.70588235294117%;height:3.8431372549019605%;width:5.2264808362369335%;" type="para">Daily C</div></box><box><div coordinates="1016,3507,229,175" index="50" style="position:fixed;left:15.39160733222239%;top:68.76470588235294%;height:3.431372549019608%;width:3.4691713376761095%;" type="para">1 Reco</div></box><box><div coordinates="1254,3505,209,177" index="51" style="position:fixed;left:18.997121648235115%;top:68.72549019607843%;height:3.4705882352941178%;width:3.1661869413725197%;" type="para">ncilia</div></box><box><div coordinates="1624,3507,176,175" index="52" style="position:fixed;left:24.60233297985154%;top:68.76470588235294%;height:3.431372549019608%;width:2.666262687471595%;" type="para" /></box><box><div coordinates="2616,3509,231,175" index="53" style="position:fixed;left:39.630359036509624%;top:68.80392156862744%;height:3.431372549019608%;width:3.4994697773064685%;" type="para">1 Reco</div></box><box><div coordinates="2217,3519,225,183" index="54" style="position:fixed;left:33.58582033025299%;top:69.0%;height:3.5882352941176467%;width:3.408574458415391%;" type="para">ity Po</div></box><box><div coordinates="1888,3527,251,173" index="55" style="position:fixed;left:28.60172701105893%;top:69.15686274509804%;height:3.392156862745098%;width:3.802454173610059%;" type="para">1ly Sec</div></box><box><div coordinates="2447,3525,121,121" index="56" style="position:fixed;left:37.07014088774428%;top:69.11764705882352%;height:2.372549019607843%;width:1.8330555976367218%;" type="para" /></box><box><div coordinates="3826,3539,122,123" index="57" style="position:fixed;left:57.96091501287683%;top:69.3921568627451%;height:2.411764705882353%;width:1.8482048174519012%;" type="para">CY</div></box><box><div coordinates="4068,3533,121,139" index="58" style="position:fixed;left:61.62702620815028%;top:69.27450980392157%;height:2.7254901960784315%;width:1.8330555976367218%;" type="para" /></box><box><div coordinates="2855,3563,124,121" index="59" style="position:fixed;left:43.25102257233752%;top:69.86274509803921%;height:2.372549019607843%;width:1.8785032570822602%;" type="para">ncil</div></box><box><div coordinates="3419,3565,123,121" index="60" style="position:fixed;left:51.79518254809877%;top:69.90196078431372%;height:2.372549019607843%;width:1.8633540372670807%;" type="para">CES</div></box><box><div coordinates="573,3724,463,498" index="61" style="position:fixed;left:8.680502954097864%;top:73.01960784313725%;height:9.76470588235294%;width:7.014088774428116%;" type="para">The fee shi
monthly in
cash recon
end.</div></box><box><div coordinates="4092,3747,479,373" index="62" style="position:fixed;left:61.99060748371459%;top:73.47058823529412%;height:7.313725490196078%;width:7.25647629147099%;" type="para">of $2,400)
/iding daily
cach month</div></box><box><div coordinates="1354,3769,121,121" index="63" style="position:fixed;left:20.51204362975307%;top:73.90196078431373%;height:2.372549019607843%;width:1.8330555976367218%;" type="para" /></box><box><div coordinates="3126,3763,220,223" index="64" style="position:fixed;left:47.35646114225117%;top:73.7843137254902%;height:4.372549019607843%;width:3.332828359339494%;" type="para">pro-r:
&#8216;whic</div></box><box><div coordinates="2074,3779,379,229" index="65" style="position:fixed;left:31.41948189668232%;top:74.09803921568627%;height:4.490196078431373%;width:5.741554309953037%;" type="para">rge, billed
er of Acc</div></box><box><div coordinates="1052,3857,121,121" index="66" style="position:fixed;left:15.936979245568853%;top:75.62745098039215%;height:2.372549019607843%;width:1.8330555976367218%;" type="para">arr</div></box><box><div coordinates="3755,3853,135,233" index="67" style="position:fixed;left:56.885320405999096%;top:75.54901960784314%;height:4.568627450980392%;width:2.0451446750492352%;" type="para">et 1
od:</div></box><box><div coordinates="2812,3887,121,121" index="68" style="position:fixed;left:42.599606120284804%;top:76.2156862745098%;height:2.372549019607843%;width:1.8330555976367218%;" type="para">SPE</div></box><box><div coordinates="1601,3962,121,121" index="69" style="position:fixed;left:24.25390092410241%;top:77.68627450980392%;height:2.372549019607843%;width:1.8330555976367218%;" type="para">ly</div></box><box><div coordinates="598,4270,236,168" index="70" style="position:fixed;left:9.059233449477352%;top:83.72549019607844%;height:3.294117647058824%;width:3.5752158763823663%;" type="para">Annu</div></box><box><div coordinates="1037,4271,140,167" index="71" style="position:fixed;left:15.70974094834116%;top:83.74509803921568%;height:3.2745098039215685%;width:2.1208907741251326%;" type="para">-AcC</div></box><box><div coordinates="1442,4293,121,121" index="72" style="position:fixed;left:21.845174973488866%;top:84.1764705882353%;height:2.372549019607843%;width:1.8330555976367218%;" type="para">se f</div></box><box><div coordinates="3056,4403,199,147" index="73" style="position:fixed;left:46.296015755188606%;top:86.33333333333333%;height:2.8823529411764706%;width:3.014694743220724%;" type="para">$2,4</div></box><box><div coordinates="549,4571,4188,267" index="74" style="position:fixed;left:8.316921678533555%;top:89.62745098039215%;height:5.235294117647059%;width:63.44493258597183%;" type="para">la

EERE

ERE

a

Ra
2

Sn

 

ei</div></box><box><div coordinates="575,4884,229,282" index="75" style="position:fixed;left:8.710801393728223%;top:95.76470588235294%;height:5.529411764705882%;width:3.4691713376761095%;" type="para">For
Agre</div></box><box><div coordinates="4350,4896,215,166" index="76" style="position:fixed;left:65.89910619603091%;top:96.0%;height:3.2549019607843137%;width:3.257082260263596%;" type="para">the</div></box><box><div coordinates="4228,4915,121,138" index="77" style="position:fixed;left:64.050901378579%;top:96.37254901960785%;height:2.705882352941176%;width:1.8330555976367218%;" type="para">to</div></box><box><div coordinates="2077,5009,121,121" index="78" style="position:fixed;left:31.464929556127856%;top:98.2156862745098%;height:2.372549019607843%;width:1.8330555976367218%;" type="para">| to</div></box><box><div coordinates="907,5024,121,136" index="79" style="position:fixed;left:13.740342372367822%;top:98.50980392156863%;height:2.666666666666667%;width:1.8330555976367218%;" type="para">ent</div></box><box><div coordinates="569,5208,459,410" index="80" style="position:fixed;left:8.619906074837145%;top:102.11764705882354%;height:8.03921568627451%;width:6.953491895167399%;" type="para">The fee shi
monthly in
performanc</div></box><box><div coordinates="2346,5232,154,260" index="81" style="position:fixed;left:35.54006968641115%;top:102.58823529411765%;height:5.098039215686274%;width:2.332979851537646%;" type="para">led &#162;
Ac</div></box><box><div coordinates="2675,5230,121,121" index="82" style="position:fixed;left:40.52416300560521%;top:102.54901960784312%;height:2.372549019607843%;width:1.8330555976367218%;" type="para">aye</div></box><box><div coordinates="4190,5237,375,259" index="83" style="position:fixed;left:63.475231025602184%;top:102.68627450980392%;height:5.078431372549019%;width:5.680957430692319%;" type="para">' $2,100)
roviding</div></box><box><div coordinates="3786,5267,121,121" index="84" style="position:fixed;left:57.35494622026965%;top:103.27450980392156%;height:2.372549019607843%;width:1.8330555976367218%;" type="para">y
&gt;)</div></box><box><div coordinates="1643,5333,209,159" index="85" style="position:fixed;left:24.890168156339946%;top:104.56862745098039%;height:3.1176470588235294%;width:3.1661869413725197%;" type="para">on th</div></box><box><div coordinates="1278,5370,122,122" index="86" style="position:fixed;left:19.360702923799426%;top:105.29411764705883%;height:2.392156862745098%;width:1.8482048174519012%;" type="para" /></box><box><div coordinates="2105,5447,121,122" index="87" style="position:fixed;left:31.889107710952885%;top:106.80392156862746%;height:2.392156862745098%;width:1.8330555976367218%;" type="para" /></box><box><div coordinates="3492,5450,122,123" index="88" style="position:fixed;left:52.90107559460687%;top:106.86274509803921%;height:2.411764705882353%;width:1.8482048174519012%;" type="para">1d.</div></box><box><div coordinates="589,5647,255,266" index="89" style="position:fixed;left:8.922890471140736%;top:110.72549019607843%;height:5.215686274509804%;width:3.863051052870777%;" type="para">Annus</div></box><box><div coordinates="946,5649,204,229" index="90" style="position:fixed;left:14.331161945159824%;top:110.76470588235294%;height:4.490196078431373%;width:3.090440842296622%;" type="para">er-Ac
"Acc</div></box><box><div coordinates="3045,5774,121,121" index="91" style="position:fixed;left:46.129374337221634%;top:113.21568627450979%;height:2.372549019607843%;width:1.8330555976367218%;" type="para" /></box><box><div coordinates="3240,5778,122,127" index="92" style="position:fixed;left:49.083472201181635%;top:113.29411764705884%;height:2.4901960784313726%;width:1.8482048174519012%;" type="para">00</div></box><box><div coordinates="2498,6164,126,121" index="93" style="position:fixed;left:37.84275109831844%;top:120.86274509803923%;height:2.372549019607843%;width:1.9088016967126193%;" type="para" /></box></Blocks></page><page num="3" src="img/Bi2i_1043/Bi2i_1043-02.jpg" txt_src="img/Bi2i_1043/Bi2i_1043-02.txt"><Blocks><box><div coordinates="569,280,1667,387" index="0" style="position:fixed;left:8.619906074837145%;top:5.490196078431373%;height:7.588235294117647%;width:25.253749431904254%;" type="para" /></box><box><div coordinates="2254,286,2365,409" index="1" style="position:fixed;left:34.146341463414636%;top:5.607843137254902%;height:8.019607843137255%;width:35.827904862899565%;" type="para" /></box><box><div coordinates="1484,578,146,121" index="2" style="position:fixed;left:22.481442205726403%;top:11.333333333333332%;height:2.372549019607843%;width:2.2117860930162094%;" type="para" /></box><box><div coordinates="2102,580,122,121" index="3" style="position:fixed;left:31.84366005150735%;top:11.372549019607844%;height:2.372549019607843%;width:1.8482048174519012%;" type="para" /></box><box><div coordinates="2602,582,158,121" index="4" style="position:fixed;left:39.41826995909711%;top:11.411764705882353%;height:2.372549019607843%;width:2.393576730798364%;" type="para" /></box><box><div coordinates="3076,584,171,121" index="5" style="position:fixed;left:46.5990001514922%;top:11.450980392156863%;height:2.372549019607843%;width:2.590516588395698%;" type="para" /></box><box><div coordinates="3578,586,279,121" index="6" style="position:fixed;left:54.203908498712316%;top:11.490196078431373%;height:2.372549019607843%;width:4.226632328435086%;" type="para" /></box><box><div coordinates="4074,588,185,121" index="7" style="position:fixed;left:61.717921527041355%;top:11.529411764705882%;height:2.372549019607843%;width:2.802605665808211%;" type="para" /></box><box><div coordinates="4316,588,121,121" index="8" style="position:fixed;left:65.3840327223148%;top:11.529411764705882%;height:2.372549019607843%;width:1.8330555976367218%;" type="para" /></box><box><div coordinates="867,763,3449,823" index="9" style="position:fixed;left:13.134373579760641%;top:14.960784313725489%;height:16.137254901960784%;width:52.24965914255416%;" type="para">PACIFIC INVESTMENT MANAGEMENT COMPANY LLC
INVESTMENT ACCOUNTING AND RECORDKEEPING AND
PERFORMANCE MEASUREMENT CALCULATION AND REPORTING SERVICES
FEE SCHEDULE
FEBRUARY 29, 2012</div></box><box><div coordinates="569,1458,121,122" index="10" style="position:fixed;left:8.619906074837145%;top:28.58823529411765%;height:2.392156862745098%;width:1.8330555976367218%;" type="para" /></box><box><div coordinates="575,1471,4176,264" index="11" style="position:fixed;left:8.710801393728223%;top:28.84313725490196%;height:5.176470588235294%;width:63.26314194818967%;" type="para">Te] perr&#8212;

&#8221; ws mm or
ny Drei HE or Rey i x Es FE PE 5 Ra &#8220; i 2 5 i Tr 4

oR in Se rs Zid RH aa En ne ea 2 EIN Sl AR i Ris Ii ts EC ids ahs BAZ = SAA
HEE Ee

SR

i;
i</div></box><box><div coordinates="587,1760,493,168" index="12" style="position:fixed;left:8.892592031510377%;top:34.509803921568626%;height:3.294117647058824%;width:7.468565368883502%;" type="para">One-time pc</div></box><box><div coordinates="3070,1778,293,149" index="13" style="position:fixed;left:46.50810483260112%;top:34.86274509803921%;height:2.9215686274509807%;width:4.438721405847599%;" type="para">$1,000</div></box><box><div coordinates="777,2070,481,608" index="14" style="position:fixed;left:11.770943796394485%;top:40.588235294117645%;height:11.92156862745098%;width:7.286774731101349%;" type="para">Includes str
the outstanc
the parties.
Account ars
PAM syster</div></box><box><div coordinates="1708,2079,140,168" index="15" style="position:fixed;left:25.874867444326615%;top:40.76470588235294%;height:3.294117647058824%;width:2.1208907741251326%;" type="para" /></box><box><div coordinates="2330,2075,376,263" index="16" style="position:fixed;left:35.29768216936828%;top:40.68627450980392%;height:5.156862745098039%;width:5.696106650507499%;" type="para">&gt; PAM sys
recent De</div></box><box><div coordinates="3856,2083,717,500" index="17" style="position:fixed;left:58.415391607332225%;top:40.84313725490196%;height:9.803921568627452%;width:10.861990607483715%;" type="para">er file records for
-end agreed to by
elections for each
are loaded on the</div></box><box><div coordinates="1872,2091,220,374" index="18" style="position:fixed;left:28.359339494016055%;top:41.0%;height:7.333333333333333%;width:3.332828359339494%;" type="para">ounts
of the
Acco</div></box><box><div coordinates="2945,2099,121,121" index="19" style="position:fixed;left:44.61445235570368%;top:41.15686274509804%;height:2.372549019607843%;width:1.8330555976367218%;" type="para">1d &#162;</div></box><box><div coordinates="3567,2101,121,121" index="20" style="position:fixed;left:54.037267080745345%;top:41.19607843137255%;height:2.372549019607843%;width:1.8330555976367218%;" type="para">ity</div></box><box><div coordinates="1517,2202,121,122" index="21" style="position:fixed;left:22.981366459627328%;top:43.1764705882353%;height:2.392156862745098%;width:1.8330555976367218%;" type="para">Idi</div></box><box><div coordinates="3288,2260,121,121" index="22" style="position:fixed;left:49.81063475231026%;top:44.31372549019608%;height:2.372549019607843%;width:1.8330555976367218%;" type="para" /></box><box><div coordinates="1479,2418,121,122" index="23" style="position:fixed;left:22.40569610665051%;top:47.411764705882355%;height:2.392156862745098%;width:1.8330555976367218%;" type="para">ide.</div></box><box><div coordinates="1619,2414,121,121" index="24" style="position:fixed;left:24.52658688077564%;top:47.333333333333336%;height:2.372549019607843%;width:1.8330555976367218%;" type="para">| to</div></box><box><div coordinates="3493,2413,140,166" index="25" style="position:fixed;left:52.91622481442205%;top:47.31372549019608%;height:3.2549019607843137%;width:2.1208907741251326%;" type="para" /></box><box><div coordinates="2296,2421,122,123" index="26" style="position:fixed;left:34.78260869565217%;top:47.47058823529412%;height:2.411764705882353%;width:1.8482048174519012%;" type="para">1d 1</div></box><box><div coordinates="559,2703,121,122" index="27" style="position:fixed;left:8.46841387668535%;top:53.0%;height:2.392156862745098%;width:1.8330555976367218%;" type="para" /></box><box><div coordinates="735,2701,345,121" index="28" style="position:fixed;left:11.134676564156946%;top:52.9607843137255%;height:2.372549019607843%;width:5.2264808362369335%;" type="para">rn

Se</div></box><box><div coordinates="1355,2703,378,121" index="29" style="position:fixed;left:20.527192849568245%;top:53.0%;height:2.372549019607843%;width:5.726405090137858%;" type="para" /></box><box><div coordinates="2000,2705,349,121" index="30" style="position:fixed;left:30.298439630359038%;top:53.03921568627451%;height:2.372549019607843%;width:5.287077715497652%;" type="para" /></box><box><div coordinates="2588,2707,354,121" index="31" style="position:fixed;left:39.206180881684595%;top:53.07843137254902%;height:2.372549019607843%;width:5.36282381457355%;" type="para" /></box><box><div coordinates="3164,2709,283,121" index="32" style="position:fixed;left:47.932131495228%;top:53.11764705882352%;height:2.372549019607843%;width:4.287229207695804%;" type="para" /></box><box><div coordinates="565,2715,4178,265" index="33" style="position:fixed;left:8.559309195576429%;top:53.23529411764706%;height:5.196078431372549%;width:63.293440387820034%;" type="para">J y 7 = % RE ny 2 on Fr sons Try TT 5 I bhi . ro . p&#8212;&#8212;
CSR ee PE i % SEE i be A ra EB Ai TSE &#8212;

er

de ne io g EE hn EE RE</div></box><box><div coordinates="3678,2711,280,121" index="34" style="position:fixed;left:55.71883048023027%;top:53.156862745098046%;height:2.372549019607843%;width:4.241781548250265%;" type="para">TT

i</div></box><box><div coordinates="4160,2713,360,121" index="35" style="position:fixed;left:63.0207544311468%;top:53.19607843137255%;height:2.372549019607843%;width:5.4537191334646264%;" type="para" /></box><box><div coordinates="585,2985,718,400" index="36" style="position:fixed;left:8.862293591880018%;top:58.529411764705884%;height:7.8431372549019605%;width:10.877139827298894%;" type="para">Fees for activities
of special reports
separately.</div></box><box><div coordinates="3980,2997,589,283" index="37" style="position:fixed;left:60.29389486441449%;top:58.76470588235294%;height:5.549019607843137%;width:8.922890471140736%;" type="para">he preparation
be negotiated</div></box><box><div coordinates="2845,3013,121,121" index="38" style="position:fixed;left:43.09953037418573%;top:59.07843137254902%;height:2.372549019607843%;width:1.8330555976367218%;" type="para">rdir</div></box><box><div coordinates="3007,3013,281,263" index="39" style="position:fixed;left:45.553703984244805%;top:59.07843137254902%;height:5.156862745098039%;width:4.256930768065445%;" type="para">ry Secu
other s</div></box><box><div coordinates="3297,3011,153,265" index="40" style="position:fixed;left:49.94697773064687%;top:59.0392156862745%;height:5.196078431372549%;width:2.317830631722466%;" type="para">rity

peci</div></box><box><div coordinates="1556,3025,481,247" index="41" style="position:fixed;left:23.57218603241933%;top:59.31372549019608%;height:4.8431372549019605%;width:7.286774731101349%;" type="para">on-recurring
be subject t</div></box><box><div coordinates="2123,3043,206,229" index="42" style="position:fixed;left:32.161793667626114%;top:59.66666666666667%;height:4.490196078431373%;width:3.120739281926981%;" type="para">fure, &#162;
negot</div></box><box><div coordinates="2569,3045,258,229" index="43" style="position:fixed;left:38.91834570519618%;top:59.705882352941174%;height:4.490196078431373%;width:3.9084987123163155%;" type="para">&#187; extrac
Fees</div></box><box><div coordinates="3575,3049,170,229" index="44" style="position:fixed;left:54.15846083926677%;top:59.7843137254902%;height:4.490196078431373%;width:2.575367368580518%;" type="para">1sfer:
tem:</div></box><box><div coordinates="3315,3425,417,251" index="45" style="position:fixed;left:50.21966368732011%;top:67.15686274509804%;height:4.921568627450981%;width:6.317224662929859%;" type="para">n PIMCO's
lditional se</div></box><box><div coordinates="577,3438,881,480" index="46" style="position:fixed;left:8.741099833358582%;top:67.41176470588235%;height:9.411764705882353%;width:13.346462657173156%;" type="para">Significant regulatory
status arising from su
reports. In these insta
State Street shall be en</div></box><box><div coordinates="3542,3449,1020,477" index="47" style="position:fixed;left:53.65853658536586%;top:67.62745098039215%;height:9.352941176470589%;width:15.452204211483108%;" type="para">CO's service elections or
al services, processing or
rrange for their provision,
PIMCO.</div></box><box><div coordinates="1352,3473,1166,415" index="48" style="position:fixed;left:20.48174519012271%;top:68.09803921568628%;height:8.137254901960784%;width:17.66399030449932%;" type="para">ry changes, significant legal &#171;
such regulatory or legal chang
stances, if State Street elects tc
&#8216;entitled to additional fees and &#171;</div></box><box><div coordinates="2583,3477,445,445" index="49" style="position:fixed;left:39.130434782608695%;top:68.17647058823529%;height:8.72549019607843%;width:6.741402817754885%;" type="para">anges or ch
&gt; may neces
orovide suck
penses as ne</div></box><box><div coordinates="2630,3477,131,121" index="50" style="position:fixed;left:39.84244811392214%;top:68.17647058823529%;height:2.372549019607843%;width:1.9845477957885167%;" type="para">nge.</div></box><box><div coordinates="2950,3479,590,445" index="51" style="position:fixed;left:44.690198454779576%;top:68.2156862745098%;height:8.72549019607843%;width:8.938039690955915%;" type="para">changes in PIM
essitate additior
ch services or a
negotiated with</div></box><box><div coordinates="2443,3585,161,121" index="52" style="position:fixed;left:37.009544008483566%;top:70.29411764705881%;height:2.372549019607843%;width:2.4390243902439024%;" type="para">1ges</div></box><box><div coordinates="533,3941,121,121" index="53" style="position:fixed;left:8.074534161490684%;top:77.27450980392156%;height:2.372549019607843%;width:1.8330555976367218%;" type="para" /></box><box><div coordinates="537,3958,4198,260" index="54" style="position:fixed;left:8.135131040751402%;top:77.6078431372549%;height:5.098039215686274%;width:63.59642478412362%;" type="para">Tr&#8212;&#8212; Ey rr &#8212;&#8212;&#8212; &#8212;&#8212;&#8212;&#8212;&#8212; om. mre rT&#8212; rm TTT RT PrwS&#8212;&#8212;
An Sel SE ae rae A = 4 SRT FR SSR Le SE A SNe 2] EE Re
i i hc a Sens Ss i

. fi

ETE tpi eS
WEE 5 Fh SR
En

ae
Sis</div></box><box><div coordinates="575,4245,409,281" index="55" style="position:fixed;left:8.710801393728223%;top:83.23529411764706%;height:5.509803921568627%;width:6.196030904408422%;" type="para">A billing
Reimburs</div></box><box><div coordinates="4136,4256,351,176" index="56" style="position:fixed;left:62.65717315558249%;top:83.45098039215686%;height:3.4509803921568625%;width:5.317376155128011%;" type="para">ch month</div></box><box><div coordinates="3866,4264,219,136" index="57" style="position:fixed;left:58.56688380548402%;top:83.6078431372549%;height:2.666666666666667%;width:3.317679139524315%;" type="para">1d of &#162;</div></box><box><div coordinates="1019,4272,259,245" index="58" style="position:fixed;left:15.437054991667928%;top:83.76470588235294%;height:4.803921568627452%;width:3.923647932131495%;" type="para">or the r
ble exp</div></box><box><div coordinates="715,4576,665,736" index="59" style="position:fixed;left:10.831692167853356%;top:89.72549019607843%;height:14.431372549019608%;width:10.07423117709438%;" type="para">Bloomberg fees
under the Agree
Courier service (
Customized prog
Annual mainten:
SSAE No. 16 Au</div></box><box><div coordinates="568,4596,144,142" index="60" style="position:fixed;left:8.604756855021966%;top:90.11764705882352%;height:2.784313725490196%;width:2.1814876533858505%;" type="para" /></box><box><div coordinates="1621,4599,121,122" index="61" style="position:fixed;left:24.556885320406%;top:90.17647058823529%;height:2.392156862745098%;width:1.8330555976367218%;" type="para">&gt;d |</div></box><box><div coordinates="3242,4605,121,121" index="62" style="position:fixed;left:49.113770640812%;top:90.29411764705883%;height:2.372549019607843%;width:1.8330555976367218%;" type="para" /></box><box><div coordinates="4196,4608,285,144" index="63" style="position:fixed;left:63.566126344493256%;top:90.3529411764706%;height:2.823529411764706%;width:4.317527647326163%;" type="para">ervices</div></box><box><div coordinates="3928,4610,121,121" index="64" style="position:fixed;left:59.50613543402514%;top:90.3921568627451%;height:2.372549019607843%;width:1.8330555976367218%;" type="para">eri</div></box><box><div coordinates="2321,4802,458,373" index="65" style="position:fixed;left:35.16133919103166%;top:94.15686274509804%;height:7.313725490196078%;width:6.938342675352219%;" type="para">by PIMCO)
ovided as a s
ed program/</div></box><box><div coordinates="565,4818,145,484" index="66" style="position:fixed;left:8.559309195576429%;top:94.47058823529412%;height:9.490196078431373%;width:2.1966368732010304%;" type="para" /></box><box><div coordinates="3256,4942,316,242" index="67" style="position:fixed;left:49.325859718224514%;top:96.90196078431373%;height:4.745098039215686%;width:4.787153461596728%;" type="para">&gt; ($200 |
($4,000)</div></box><box><div coordinates="3820,4953,122,126" index="68" style="position:fixed;left:57.87001969398576%;top:97.11764705882354%;height:2.4705882352941173%;width:1.8482048174519012%;" type="para">I)</div></box><box><div coordinates="2186,4968,121,121" index="69" style="position:fixed;left:33.11619451598243%;top:97.41176470588235%;height:2.372549019607843%;width:1.8330555976367218%;" type="para">1 pt</div></box><box><div coordinates="2562,5083,121,121" index="70" style="position:fixed;left:38.812301166489924%;top:99.66666666666667%;height:2.372549019607843%;width:1.8330555976367218%;" type="para">gra</div></box><box><div coordinates="1867,5142,271,167" index="71" style="position:fixed;left:28.28359339494016%;top:100.82352941176471%;height:3.2745098039215685%;width:4.10543856991365%;" type="para">Waive</div></box><box><div coordinates="1509,5152,151,162" index="72" style="position:fixed;left:22.860172701105892%;top:101.01960784313727%;height:3.176470588235294%;width:2.2875321920921072%;" type="para">s/Re</div></box><box><div coordinates="1727,5328,123,121" index="73" style="position:fixed;left:26.162702620815026%;top:104.47058823529412%;height:2.372549019607843%;width:1.8633540372670807%;" type="para" /></box><box><div coordinates="2533,5330,128,121" index="74" style="position:fixed;left:38.37297379184972%;top:104.50980392156863%;height:2.372549019607843%;width:1.9391001363429785%;" type="para" /></box><box><div coordinates="511,5344,4216,258" index="75" style="position:fixed;left:7.741251325556734%;top:104.7843137254902%;height:5.0588235294117645%;width:63.869110740796856%;" type="para">A EAT es - p&#8212; TVS MSMSNL AMA listen - - rm &#8212; om
CS a A A NE SE Sn yp So A Ls FT Gl IT eT
= ei = A 0 3 TR SL an i eR rt Ee TT AA Sd a eA

AE Le Ee Eli 5 ar A rt

a IArat osi Ara

Ko i ra : Sih Sn 5 SE 5 i
re a I a i dation SR i a pl = I a = Ge ar SE lo SE fi</div></box><box><div coordinates="579,5602,433,282" index="76" style="position:fixed;left:8.771398272988941%;top:109.84313725490196%;height:5.529411764705882%;width:6.559612179972732%;" type="para">This Fee
conditions</div></box><box><div coordinates="1051,5608,317,278" index="77" style="position:fixed;left:15.921830025753675%;top:109.9607843137255%;height:5.450980392156863%;width:4.802302681411907%;" type="para">chedule
f the Ag</div></box><box><div coordinates="4340,5613,213,173" index="78" style="position:fixed;left:65.7476139978791%;top:110.05882352941177%;height:3.392156862745098%;width:3.2267838206332375%;" type="para">and</div></box><box><div coordinates="1957,5621,291,246" index="79" style="position:fixed;left:29.64702317830632%;top:110.21568627450979%;height:4.823529411764706%;width:4.408422966217239%;" type="para">ntial In
ng Conf</div></box><box><div coordinates="3296,5630,122,122" index="80" style="position:fixed;left:49.93182851083169%;top:110.39215686274511%;height:2.392156862745098%;width:1.8482048174519012%;" type="para">1d</div></box><box><div coordinates="4070,5637,187,149" index="81" style="position:fixed;left:61.65732464778064%;top:110.52941176470587%;height:2.9215686274509807%;width:2.83290410543857%;" type="para">tern</div></box><box><div coordinates="2514,5716,122,125" index="82" style="position:fixed;left:38.08513861536131%;top:112.07843137254902%;height:2.450980392156863%;width:1.8482048174519012%;" type="para">l In</div></box><box><div coordinates="2527,6146,132,121" index="83" style="position:fixed;left:38.282078472958645%;top:120.50980392156862%;height:2.372549019607843%;width:1.9996970156036964%;" type="para" /></box></Blocks></page><page num="4" src="img/Bi2i_1043/Bi2i_1043-03.jpg" txt_src="img/Bi2i_1043/Bi2i_1043-03.txt"><Blocks><box><div coordinates="578,269,4046,422" index="0" style="position:fixed;left:8.756249053173763%;top:5.2745098039215685%;height:8.27450980392157%;width:61.29374337221633%;" type="para">STATE STREET BANK AND TRUST COMPANY</div></box><box><div coordinates="874,749,3447,704" index="1" style="position:fixed;left:13.240418118466899%;top:14.686274509803921%;height:13.80392156862745%;width:52.2193607029238%;" type="para">PACIFIC INVESTMENT MANAGEMENT COMPANY LLC
INVESTMENT ACCOUNTING AND RECORDKEEPING AND
PERFORMANCE MEASUREMENT CALCULATION AND REPORTING SERVICES
FEE SCHEDULE
FEBRUARY 29, 2012</div></box><box><div coordinates="549,1455,4206,260" index="2" style="position:fixed;left:8.316921678533555%;top:28.52941176470588%;height:5.098039215686274%;width:63.71761854264505%;" type="para">br</div></box><box><div coordinates="1871,1717,683,716" index="3" style="position:fixed;left:28.34419027420088%;top:33.666666666666664%;height:14.03921568627451%;width:10.346917133767612%;" type="para">effective upon the
to year thereafter,
is terminated, wh
mong other things
fees, charges and
ice elections,</div></box><box><div coordinates="3114,1721,371,390" index="4" style="position:fixed;left:47.17467050446902%;top:33.74509803921569%;height:7.647058823529412%;width:5.620360551431601%;" type="para">above anc
ed as a re
curs. The</div></box><box><div coordinates="1116,1736,166,238" index="5" style="position:fixed;left:16.906529313740343%;top:34.03921568627451%;height:4.666666666666667%;width:2.5147704893198%;" type="para">1edu
201</div></box><box><div coordinates="2809,1737,121,121" index="6" style="position:fixed;left:42.55415846083926%;top:34.05882352941176%;height:2.372549019607843%;width:1.8330555976367218%;" type="para">ctf |</div></box><box><div coordinates="2572,1741,226,207" index="7" style="position:fixed;left:38.96379336464172%;top:34.13725490196079%;height:4.0588235294117645%;width:3.423723678230571%;" type="para">date
until i</div></box><box><div coordinates="599,1768,475,500" index="8" style="position:fixed;left:9.07438266929253%;top:34.66666666666667%;height:9.803921568627452%;width:7.195879412210271%;" type="para">This Fee Sq
February28
by either p:
set forth he
reserves the</div></box><box><div coordinates="1365,1823,375,393" index="9" style="position:fixed;left:20.67868504772004%;top:35.745098039215684%;height:7.705882352941177%;width:5.680957430692319%;" type="para">AS Jy as a SF WN

nd from y
he Agreen
based upc</div></box><box><div coordinates="4200,1973,375,224" index="10" style="position:fixed;left:63.62672322375398%;top:38.68627450980392%;height:4.392156862745098%;width:5.680957430692319%;" type="para">expenses
ite Street</div></box><box><div coordinates="2457,1989,487,337" index="11" style="position:fixed;left:37.22163308589608%;top:39.0%;height:6.6078431372549025%;width:7.3776700499924255%;" type="para">whichever fir
gs, PIMCO's
1d expenses,</div></box><box><div coordinates="3081,1991,122,121" index="12" style="position:fixed;left:46.67474625056809%;top:39.03921568627451%;height:2.372549019607843%;width:1.8482048174519012%;" type="para">CCu</div></box><box><div coordinates="3626,1992,121,121" index="13" style="position:fixed;left:54.93107104984093%;top:39.05882352941176%;height:2.372549019607843%;width:1.8330555976367218%;" type="para">S,</div></box><box><div coordinates="1063,2065,329,364" index="14" style="position:fixed;left:16.10362066353583%;top:40.490196078431374%;height:7.137254901960784%;width:4.984093319194061%;" type="para">rein are |
&gt; right to
PIMCO's</div></box><box><div coordinates="4006,2069,122,122" index="15" style="position:fixed;left:60.687774579609155%;top:40.568627450980394%;height:2.392156862745098%;width:1.8482048174519012%;" type="para">1d</div></box><box><div coordinates="3682,2156,306,165" index="16" style="position:fixed;left:55.77942735949099%;top:42.27450980392157%;height:3.2352941176470593%;width:4.635661263444932%;" type="para" /></box><box><div coordinates="3267,2171,211,157" index="17" style="position:fixed;left:49.492501136191486%;top:42.56862745098039%;height:3.0784313725490198%;width:3.196485381002878%;" type="para">ated</div></box><box><div coordinates="1422,2277,160,154" index="18" style="position:fixed;left:21.542190577185274%;top:44.64705882352941%;height:3.019607843137255%;width:2.423875170428723%;" type="para">eX1S!</div></box><box><div coordinates="616,2475,140,168" index="19" style="position:fixed;left:9.331919406150584%;top:48.529411764705884%;height:3.294117647058824%;width:2.1208907741251326%;" type="para">All</div></box><box><div coordinates="1474,2471,768,477" index="20" style="position:fixed;left:22.32995000757461%;top:48.450980392156865%;height:9.352941176470589%;width:11.634600818057871%;" type="para">arges will be billed &#162;
uted by PIMCO in g
ved by the parties, ac
payable within 60 &#162;</div></box><box><div coordinates="2451,2473,219,359" index="21" style="position:fixed;left:37.130737767005%;top:48.490196078431374%;height:7.03921568627451%;width:3.317679139524315%;" type="para">yable
vith, w
| good</div></box><box><div coordinates="4104,2479,195,174" index="22" style="position:fixed;left:62.17239812149674%;top:48.6078431372549%;height:3.4117647058823533%;width:2.9540978639600057%;" type="para">Exc</div></box><box><div coordinates="663,2495,471,577" index="23" style="position:fixed;left:10.04393273746402%;top:48.92156862745098%;height:11.313725490196079%;width:7.135282532949554%;" type="para">All annual fe
ees and expe
lispute has be
1ereunder are
nvoice.</div></box><box><div coordinates="1204,2492,214,153" index="24" style="position:fixed;left:18.23966065747614%;top:48.86274509803922%;height:3.0%;width:3.241933040448417%;" type="para">and &#162;</div></box><box><div coordinates="2822,2499,861,473" index="25" style="position:fixed;left:42.7510983184366%;top:49.0%;height:9.274509803921568%;width:13.043478260869565%;" type="para">1 pro-rata basis monthly
1 PIMCO shall not be re
h, all fees and reimburs
he date of PIMCO's re</div></box><box><div coordinates="3606,2497,122,123" index="26" style="position:fixed;left:54.628086653537345%;top:48.96078431372549%;height:2.411764705882353%;width:1.8482048174519012%;" type="para" /></box><box><div coordinates="4338,2501,122,122" index="27" style="position:fixed;left:65.71731555824874%;top:49.03921568627451%;height:2.392156862745098%;width:1.8482048174519012%;" type="para">dit</div></box><box><div coordinates="3751,2531,253,320" index="28" style="position:fixed;left:56.824723526738374%;top:49.627450980392155%;height:6.2745098039215685%;width:3.8327526132404177%;" type="para">n arrea
uired t
le expe</div></box><box><div coordinates="3422,2601,122,123" index="29" style="position:fixed;left:51.840630207544315%;top:51.0%;height:2.411764705882353%;width:1.8482048174519012%;" type="para">ot |</div></box><box><div coordinates="1159,2711,210,233" index="30" style="position:fixed;left:17.55794576579306%;top:53.156862745098046%;height:4.568627450980392%;width:3.1813361611876987%;" type="para">en res
due &#162;</div></box><box><div coordinates="2600,2711,133,231" index="31" style="position:fixed;left:39.387971519466745%;top:53.156862745098046%;height:4.529411764705882%;width:2.014846235418876%;" type="para">yd f
win</div></box><box><div coordinates="1410,2817,122,123" index="32" style="position:fixed;left:21.36039993940312%;top:55.23529411764706%;height:2.411764705882353%;width:1.8482048174519012%;" type="para" /></box><box><div coordinates="2257,2817,121,121" index="33" style="position:fixed;left:34.19178912286017%;top:55.23529411764706%;height:2.372549019607843%;width:1.8330555976367218%;" type="para">ays</div></box><box><div coordinates="3742,2855,121,121" index="34" style="position:fixed;left:56.68838054840176%;top:55.98039215686275%;height:2.372549019607843%;width:1.8330555976367218%;" type="para">1pt</div></box><box><div coordinates="1548,2869,121,121" index="35" style="position:fixed;left:23.450992273897896%;top:56.25490196078431%;height:2.372549019607843%;width:1.8330555976367218%;" type="para" /></box><box><div coordinates="592,3121,1950,283" index="36" style="position:fixed;left:8.968338130586275%;top:61.19607843137255%;height:5.549019607843137%;width:29.540978639600063%;" type="para">PACIFIC INVESTMENT MANAGEMENT COMPANY

LLC /7</div></box><box><div coordinates="2574,3127,1790,177" index="37" style="position:fixed;left:38.99409180427208%;top:61.31372549019608%;height:3.4705882352941178%;width:27.11710346917134%;" type="para">STATE STREET BANK AND TRUST COMPANY</div></box><box><div coordinates="2888,3333,1062,257" index="38" style="position:fixed;left:43.75094682623845%;top:65.3529411764706%;height:5.03921568627451%;width:16.088471443720646%;" type="para" /></box><box><div coordinates="2763,3421,121,121" index="39" style="position:fixed;left:41.857294349341004%;top:67.07843137254902%;height:2.372549019607843%;width:1.8330555976367218%;" type="para" /></box><box><div coordinates="2608,3457,122,125" index="40" style="position:fixed;left:39.50916527798818%;top:67.7843137254902%;height:2.450980392156863%;width:1.8482048174519012%;" type="para" /></box><box><div coordinates="588,3477,175,159" index="41" style="position:fixed;left:8.907741251325557%;top:68.17647058823529%;height:3.1176470588235294%;width:2.651113467656416%;" type="para">By</div></box><box><div coordinates="1000,3471,121,121" index="42" style="position:fixed;left:15.149219815179519%;top:68.05882352941175%;height:2.372549019607843%;width:1.8330555976367218%;" type="para">I</div></box><box><div coordinates="2815,3591,967,243" index="43" style="position:fixed;left:42.64505377973035%;top:70.41176470588235%;height:4.764705882352941%;width:14.649295561278594%;" type="para">SRK Wocttonsony</div></box><box><div coordinates="588,3663,272,169" index="44" style="position:fixed;left:8.907741251325557%;top:71.82352941176471%;height:3.313725490196078%;width:4.1205877897288286%;" type="para">Name</div></box><box><div coordinates="2574,3667,158,163" index="45" style="position:fixed;left:38.99409180427208%;top:71.90196078431373%;height:3.1960784313725488%;width:2.393576730798364%;" type="para" /></box><box><div coordinates="1244,3703,121,121" index="46" style="position:fixed;left:18.84562945008332%;top:72.6078431372549%;height:2.372549019607843%;width:1.8330555976367218%;" type="para">OWI</div></box><box><div coordinates="2906,3841,382,197" index="47" style="position:fixed;left:44.02363278291168%;top:75.31372549019608%;height:3.8627450980392157%;width:5.787001969398576%;" type="para">SUP</div></box><box><div coordinates="721,3864,218,183" index="48" style="position:fixed;left:10.922587486744433%;top:75.76470588235294%;height:3.5882352941176467%;width:3.3025299197091353%;" type="para">le Ma</div></box><box><div coordinates="1850,3863,122,122" index="49" style="position:fixed;left:28.026056658082112%;top:75.74509803921569%;height:2.392156862745098%;width:1.8482048174519012%;" type="para">11.&#8364;</div></box><box><div coordinates="2586,3878,122,132" index="50" style="position:fixed;left:39.17588244205423%;top:76.0392156862745%;height:2.588235294117647%;width:1.8482048174519012%;" type="para">Ti</div></box><box><div coordinates="1648,3903,127,127" index="51" style="position:fixed;left:24.965914255415846%;top:76.52941176470588%;height:2.4901960784313726%;width:1.9239509165277988%;" type="para" /></box><box><div coordinates="599,3927,121,121" index="52" style="position:fixed;left:9.07438266929253%;top:77.0%;height:2.372549019607843%;width:1.8330555976367218%;" type="para" /></box><box><div coordinates="1143,4031,173,142" index="53" style="position:fixed;left:17.31555824875019%;top:79.03921568627452%;height:2.784313725490196%;width:2.620815028026057%;" type="para">stre</div></box><box><div coordinates="1840,4059,122,123" index="54" style="position:fixed;left:27.874564459930312%;top:79.58823529411765%;height:2.411764705882353%;width:1.8482048174519012%;" type="para">er</div></box></Blocks></page></doc>