<doc doi="Bi2i_0751" name="/prcanalyt/test-pra1/inventory_module/InputProcessing/613/45C/61345CA23E1D2B37270F38379A9D98BE9721829B.pdf"><page num="1" src="img/Bi2i_0751/Bi2i_0751-00.jpg" txt_src="img/Bi2i_0751/Bi2i_0751-00.txt"><Blocks><box><div coordinates="532,357,4060,826" index="0" style="position:fixed;left:8.059384941675503%;top:7.000000000000001%;height:16.19607843137255%;width:61.50583244962884%;" type="para">STATE STREET BANK AND TRUST COMPANY

 

MERCER SUNOCO INVESTMENT PORTFOLIO
Confidential Fee Schedule
as of November 16, 2011</div></box><box><div coordinates="5038,695,62,622" index="1" style="position:fixed;left:76.3217694288744%;top:13.627450980392156%;height:12.19607843137255%;width:0.9392516285411301%;" type="para" /></box><box><div coordinates="502,1297,4122,1222" index="2" style="position:fixed;left:7.604908347220118%;top:25.43137254901961%;height:23.96078431372549%;width:62.44508407816998%;" type="para">CUSTODY, FUND ACCOUNTING,
FUND ADMINISTRATION AND TRANSFER AGENCY SERVICES

This fee schedule is for services (the &#8220;Services&#8221;) provided by State Street Bank and Trust Company or its affiliates
(&#8220;State Street&#8217;) to the Funds (as defined below) pursuant to that certain (a) Custodian Agreement dated as of May

18, 2005 by and between State Street and the Funds (the &#8220;Custody Agreement&#8221;); and (b) Master Administration
Agreement dated as of May 24, 2010 by and between State Street and the Funds (the &#8220;Administration Agreement&#8221;
and together with the Custody Agreement, the &#8220;Agreements,&#8221; all as may be amended, supplemented, restated or
otherwise modified from time to time). This fee schedule shall apply to all funds, portfolios or accounts that may be
party or subject to the Agreements from time to time (each a &#8220;Fund&#8221; and collectively, the &#8220;Funds&#8221;).</div></box><box><div coordinates="518,2597,4174,252" index="3" style="position:fixed;left:7.84729586426299%;top:50.921568627450974%;height:4.941176470588235%;width:63.23284350855931%;" type="para">Lo Custody and Fund Accounting</div></box><box><div coordinates="4218,3059,122,121" index="4" style="position:fixed;left:63.89940918042721%;top:59.98039215686275%;height:2.372549019607843%;width:1.8482048174519012%;" type="para">AS</div></box><box><div coordinates="3777,3061,239,209" index="5" style="position:fixed;left:57.21860324193304%;top:60.01960784313726%;height:4.098039215686274%;width:3.6206635358279047%;" type="para">| Avera
for fla</div></box><box><div coordinates="4094,3091,122,123" index="6" style="position:fixed;left:62.02090592334495%;top:60.6078431372549%;height:2.411764705882353%;width:1.8482048174519012%;" type="para">Nel</div></box><box><div coordinates="2640,3281,123,121" index="7" style="position:fixed;left:39.99394031207393%;top:64.33333333333333%;height:2.372549019607843%;width:1.8633540372670807%;" type="para">b-a</div></box><box><div coordinates="4114,3281,121,121" index="8" style="position:fixed;left:62.323890319648534%;top:64.33333333333333%;height:2.372549019607843%;width:1.8330555976367218%;" type="para">Ba:</div></box><box><div coordinates="928,3353,166,127" index="9" style="position:fixed;left:14.058475988486594%;top:65.74509803921569%;height:2.4901960784313726%;width:2.5147704893198%;" type="para">Mir</div></box><box><div coordinates="1840,3359,121,121" index="10" style="position:fixed;left:27.874564459930312%;top:65.86274509803921%;height:2.372549019607843%;width:1.8330555976367218%;" type="para">edie TP. TW</div></box><box><div coordinates="570,3848,3994,276" index="11" style="position:fixed;left:8.635055294652325%;top:75.45098039215686%;height:5.411764705882352%;width:60.50598394182699%;" type="para">* See Appendix 1 for information on transaction processing fees including important information on foreign
currency exchange transactions.</div></box><box><div coordinates="572,4142,704,170" index="12" style="position:fixed;left:8.665353734282684%;top:81.2156862745098%;height:3.3333333333333335%;width:10.66505074988638%;" type="para">Domestic Custody</div></box><box><div coordinates="584,4332,774,429" index="13" style="position:fixed;left:8.847144372064838%;top:84.94117647058823%;height:8.411764705882353%;width:11.725496136948948%;" type="para">A. Basis Point Fee (
Net Assets Per Fund
First $250 Million
Next $250 Million</div></box><box><div coordinates="3586,4455,121,121" index="14" style="position:fixed;left:54.32510225723375%;top:87.3529411764706%;height:2.372549019607843%;width:1.8330555976367218%;" type="para" /></box><box><div coordinates="946,4526,176,316" index="15" style="position:fixed;left:14.331161945159824%;top:88.74509803921569%;height:6.196078431372549%;width:2.666262687471595%;" type="para">) Mil
0 Mil
0 Mil</div></box><box><div coordinates="584,4724,154,155" index="16" style="position:fixed;left:8.847144372064838%;top:92.62745098039215%;height:3.0392156862745097%;width:2.332979851537646%;" type="para">a Ns

Ne;</div></box><box><div coordinates="586,5006,780,184" index="17" style="position:fixed;left:8.877442811695198%;top:98.15686274509804%;height:3.607843137254902%;width:11.816391455840023%;" type="para">B. Component Fees</div></box><box><div coordinates="3566,5206,124,126" index="18" style="position:fixed;left:54.022117860930166%;top:102.07843137254902%;height:2.4705882352941173%;width:1.8785032570822602%;" type="para">s M</div></box><box><div coordinates="3110,5238,122,122" index="19" style="position:fixed;left:47.114073625208306%;top:102.70588235294117%;height:2.392156862745098%;width:1.8482048174519012%;" type="para" /></box><box><div coordinates="1494,5308,272,126" index="20" style="position:fixed;left:22.6329344038782%;top:104.07843137254902%;height:2.4705882352941173%;width:4.1205877897288286%;" type="para">- AFA A WRALAN
&#8220;MIM&#8221;</div></box><box><div coordinates="976,5311,168,126" index="21" style="position:fixed;left:14.78563853961521%;top:104.13725490196077%;height:2.4705882352941173%;width:2.545068928950159%;" type="para">) LA LE NA

t Ma:</div></box><box><div coordinates="582,5620,754,170" index="22" style="position:fixed;left:8.816845932434479%;top:110.19607843137256%;height:3.3333333333333335%;width:11.422511740645357%;" type="para">C. Minimum Fees</div></box><box><div coordinates="791,5839,121,121" index="23" style="position:fixed;left:11.983032873807%;top:114.49019607843138%;height:2.372549019607843%;width:1.8330555976367218%;" type="para" /></box><box><div coordinates="1082,5832,168,126" index="24" style="position:fixed;left:16.39145584002424%;top:114.3529411764706%;height:2.4705882352941173%;width:2.545068928950159%;" type="para">vy Mas</div></box><box><div coordinates="3286,5920,270,126" index="25" style="position:fixed;left:49.78033631267989%;top:116.07843137254903%;height:2.4705882352941173%;width:4.0902893500984705%;" type="para" /></box></Blocks></page><page num="2" src="img/Bi2i_0751/Bi2i_0751-01.jpg" txt_src="img/Bi2i_0751/Bi2i_0751-01.txt"><Blocks><box><div coordinates="534,359,4063,824" index="0" style="position:fixed;left:8.089683381305862%;top:7.03921568627451%;height:16.15686274509804%;width:61.55128010907438%;" type="para">STATE STREET BANK AND TRUST COMPANY

 

MERCER SUNOCO INVESTMENT PORTFOLIO
Confidential Fee Schedule
as of November 16, 2011</div></box><box><div coordinates="5038,703,62,162" index="1" style="position:fixed;left:76.3217694288744%;top:13.784313725490197%;height:3.176470588235294%;width:0.9392516285411301%;" type="para" /></box><box><div coordinates="3088,1342,122,127" index="2" style="position:fixed;left:46.78079078927435%;top:26.313725490196077%;height:2.4901960784313726%;width:1.8482048174519012%;" type="para">DA</div></box><box><div coordinates="749,1467,121,121" index="3" style="position:fixed;left:11.346765641569458%;top:28.764705882352942%;height:2.372549019607843%;width:1.8330555976367218%;" type="para">TVEC</div></box><box><div coordinates="578,1639,848,174" index="4" style="position:fixed;left:8.756249053173763%;top:32.13725490196078%;height:3.4117647058823533%;width:12.84653840327223%;" type="para">D. Foreign Custody</div></box><box><div coordinates="578,2337,154,155" index="5" style="position:fixed;left:8.756249053173763%;top:45.82352941176471%;height:3.0392156862745097%;width:2.332979851537646%;" type="para" /></box><box><div coordinates="808,2427,288,255" index="6" style="position:fixed;left:12.24056961066505%;top:47.588235294117645%;height:5.0%;width:4.362975306771701%;" type="para">A ALLENNA AN

\, Market
ging Ma</div></box><box><div coordinates="611,2849,123,123" index="7" style="position:fixed;left:9.256173307074686%;top:55.86274509803921%;height:2.411764705882353%;width:1.8633540372670807%;" type="para">No</div></box><box><div coordinates="572,3003,820,170" index="8" style="position:fixed;left:8.665353734282684%;top:58.88235294117648%;height:3.3333333333333335%;width:12.422360248447205%;" type="para">E. Balance Credits</div></box><box><div coordinates="3667,3287,121,121" index="9" style="position:fixed;left:55.55218906226329%;top:64.45098039215686%;height:2.372549019607843%;width:1.8330555976367218%;" type="para">AE</div></box><box><div coordinates="2430,3307,122,123" index="10" style="position:fixed;left:36.81260415088623%;top:64.84313725490196%;height:2.411764705882353%;width:1.8482048174519012%;" type="para">Dol</div></box><box><div coordinates="4163,3329,121,121" index="11" style="position:fixed;left:63.06620209059234%;top:65.27450980392156%;height:2.372549019607843%;width:1.8330555976367218%;" type="para">] &#8364;X</div></box><box><div coordinates="620,3339,121,121" index="12" style="position:fixed;left:9.3925162854113%;top:65.47058823529412%;height:2.372549019607843%;width:1.8330555976367218%;" type="para">bel</div></box><box><div coordinates="2985,3331,121,121" index="13" style="position:fixed;left:45.22042114831086%;top:65.31372549019608%;height:2.372549019607843%;width:1.8330555976367218%;" type="para">nce</div></box><box><div coordinates="574,3778,154,155" index="14" style="position:fixed;left:8.695652173913043%;top:74.07843137254902%;height:3.0392156862745097%;width:2.332979851537646%;" type="para" /></box><box><div coordinates="3794,3773,121,121" index="15" style="position:fixed;left:57.476139978791096%;top:73.98039215686273%;height:2.372549019607843%;width:1.8330555976367218%;" type="para">Bil</div></box><box><div coordinates="3933,3779,121,121" index="16" style="position:fixed;left:59.58188153310105%;top:74.09803921568627%;height:2.372549019607843%;width:1.8330555976367218%;" type="para">&#8220;dis</div></box><box><div coordinates="575,4156,717,169" index="17" style="position:fixed;left:8.710801393728223%;top:81.49019607843138%;height:3.313725490196078%;width:10.861990607483715%;" type="para">F. Other Services</div></box><box><div coordinates="806,4538,166,124" index="18" style="position:fixed;left:12.210271171034693%;top:88.98039215686275%;height:2.431372549019608%;width:2.5147704893198%;" type="para">ANA

1 Me:</div></box><box><div coordinates="555,4805,4184,249" index="19" style="position:fixed;left:8.407816997424632%;top:94.2156862745098%;height:4.88235294117647%;width:63.384335706711106%;" type="para">11. Securities Finance</div></box><box><div coordinates="3096,5192,122,122" index="20" style="position:fixed;left:46.90198454779579%;top:101.80392156862746%;height:2.392156862745098%;width:1.8482048174519012%;" type="para">Ft</div></box><box><div coordinates="556,5324,4184,250" index="21" style="position:fixed;left:8.422966217239813%;top:104.3921568627451%;height:4.901960784313726%;width:63.384335706711106%;" type="para">III. Cash Management</div></box></Blocks></page><page num="3" src="img/Bi2i_0751/Bi2i_0751-02.jpg" txt_src="img/Bi2i_0751/Bi2i_0751-02.txt"><Blocks><box><div coordinates="535,349,4063,824" index="0" style="position:fixed;left:8.104832601121043%;top:6.843137254901961%;height:16.15686274509804%;width:61.55128010907438%;" type="para">STATE STREET BANK AND TRUST COMPANY

 

MERCER SUNOCO INVESTMENT PORTFOLIO
| Confidential Fee Schedule
as of November 16, 2011</div></box><box><div coordinates="550,1299,4188,252" index="1" style="position:fixed;left:8.332070898348736%;top:25.470588235294116%;height:4.941176470588235%;width:63.44493258597183%;" type="para">IV. Loan Services</div></box><box><div coordinates="2275,1757,121,121" index="2" style="position:fixed;left:34.4644750795334%;top:34.45098039215686%;height:2.372549019607843%;width:1.8330555976367218%;" type="para">ed b</div></box><box><div coordinates="1620,1764,122,124" index="3" style="position:fixed;left:24.541736100590818%;top:34.588235294117645%;height:2.431372549019608%;width:1.8482048174519012%;" type="para">i C:</div></box><box><div coordinates="580,2031,858,170" index="4" style="position:fixed;left:8.786547492804122%;top:39.82352941176471%;height:3.3333333333333335%;width:12.998030601424027%;" type="para">Per Loan Calculation (

x 1 11 &#8482; , men 1</div></box><box><div coordinates="579,2226,167,160" index="5" style="position:fixed;left:8.771398272988941%;top:43.64705882352941%;height:3.1372549019607843%;width:2.5299197091349797%;" type="para" /></box><box><div coordinates="3701,2233,121,121" index="6" style="position:fixed;left:56.0672625359794%;top:43.7843137254902%;height:2.372549019607843%;width:1.8330555976367218%;" type="para">$5</div></box><box><div coordinates="594,2415,1534,237" index="7" style="position:fixed;left:8.998636570216634%;top:47.35294117647059%;height:4.647058823529412%;width:23.23890319648538%;" type="para">Asset Based Fee For Directly Held Loans
First $500 million in USD assets</div></box><box><div coordinates="1440,2629,122,123" index="8" style="position:fixed;left:21.814876533858506%;top:51.549019607843135%;height:2.411764705882353%;width:1.8482048174519012%;" type="para">DD a</div></box><box><div coordinates="613,2649,121,121" index="9" style="position:fixed;left:9.286471746705045%;top:51.94117647058823%;height:2.372549019607843%;width:1.8330555976367218%;" type="para" /></box><box><div coordinates="757,2915,131,217" index="10" style="position:fixed;left:11.467959400090894%;top:57.15686274509804%;height:4.254901960784314%;width:1.9845477957885167%;" type="para">t $5
t $5</div></box><box><div coordinates="582,3001,121,121" index="11" style="position:fixed;left:8.816845932434479%;top:58.843137254901954%;height:2.372549019607843%;width:1.8330555976367218%;" type="para" /></box><box><div coordinates="1594,3011,122,125" index="12" style="position:fixed;left:24.147856385396153%;top:59.0392156862745%;height:2.450980392156863%;width:1.8482048174519012%;" type="para">D a</div></box><box><div coordinates="582,3277,1048,175" index="13" style="position:fixed;left:8.816845932434479%;top:64.25490196078431%;height:3.431372549019608%;width:15.876382366308134%;" type="para">Minimum Monthly Charge |</div></box><box><div coordinates="580,3474,597,172" index="14" style="position:fixed;left:8.786547492804122%;top:68.11764705882352%;height:3.3725490196078427%;width:9.044084229662172%;" type="para">Wire Charges (

YY ov</div></box><box><div coordinates="620,3688,122,126" index="15" style="position:fixed;left:9.3925162854113%;top:72.31372549019608%;height:2.4705882352941173%;width:1.8482048174519012%;" type="para">Out</div></box><box><div coordinates="555,3836,4184,252" index="16" style="position:fixed;left:8.407816997424632%;top:75.2156862745098%;height:4.941176470588235%;width:63.384335706711106%;" type="para">VY. Fund Administration</div></box><box><div coordinates="3274,4089,245,161" index="17" style="position:fixed;left:49.59854567489774%;top:80.17647058823529%;height:3.1568627450980395%;width:3.711558854718982%;" type="para">ion Ag</div></box><box><div coordinates="897,4575,121,121" index="18" style="position:fixed;left:13.588850174216027%;top:89.70588235294117%;height:2.372549019607843%;width:1.8330555976367218%;" type="para" /></box><box><div coordinates="915,4711,121,121" index="19" style="position:fixed;left:13.86153613088926%;top:92.37254901960785%;height:2.372549019607843%;width:1.8330555976367218%;" type="para">Ad</div></box><box><div coordinates="1472,4776,130,226" index="20" style="position:fixed;left:22.299651567944252%;top:93.64705882352942%;height:4.431372549019608%;width:1.9693985759733375%;" type="para" /></box><box><div coordinates="1778,4852,316,223" index="21" style="position:fixed;left:26.935312831389187%;top:95.13725490196079%;height:4.372549019607843%;width:4.787153461596728%;" type="para">AA AL Sy 1 hd

Multiple
ately Ma:</div></box><box><div coordinates="572,4975,122,126" index="22" style="position:fixed;left:8.665353734282684%;top:97.54901960784314%;height:2.4705882352941173%;width:1.8482048174519012%;" type="para" /></box><box><div coordinates="579,5148,545,166" index="23" style="position:fixed;left:8.771398272988941%;top:100.94117647058825%;height:3.2549019607843137%;width:8.256324799272837%;" type="para">Performance

yw 1 OT&#8482;</div></box><box><div coordinates="1495,5278,121,121" index="24" style="position:fixed;left:22.64808362369338%;top:103.49019607843137%;height:2.372549019607843%;width:1.8330555976367218%;" type="para">eve</div></box><box><div coordinates="580,5336,168,126" index="25" style="position:fixed;left:8.786547492804122%;top:104.62745098039217%;height:2.4705882352941173%;width:2.545068928950159%;" type="para">&#8220;4</div></box><box><div coordinates="905,5339,121,121" index="26" style="position:fixed;left:13.710043932737465%;top:104.68627450980392%;height:2.372549019607843%;width:1.8330555976367218%;" type="para">FA ANS A

At</div></box></Blocks></page><page num="4" src="img/Bi2i_0751/Bi2i_0751-03.jpg" txt_src="img/Bi2i_0751/Bi2i_0751-03.txt"><Blocks><box><div coordinates="530,367,4062,826" index="0" style="position:fixed;left:8.029086502045145%;top:7.196078431372549%;height:16.19607843137255%;width:61.5361308892592%;" type="para">STATE STREET BANK AND TRUST COMPANY

   

MERCER SUNOCO INVESTMENT PORTFOLIO
Confidential Fee Schedule
as of November 16, 2011</div></box><box><div coordinates="545,1415,4187,252" index="1" style="position:fixed;left:8.256324799272837%;top:27.745098039215687%;height:4.941176470588235%;width:63.42978336615664%;" type="para">VI. Transfer Agency</div></box><box><div coordinates="567,2055,121,137" index="2" style="position:fixed;left:8.589607635206786%;top:40.294117647058826%;height:2.686274509803922%;width:1.8330555976367218%;" type="para">Pe</div></box><box><div coordinates="694,2078,122,124" index="3" style="position:fixed;left:10.513558551734585%;top:40.74509803921569%;height:2.431372549019608%;width:1.8482048174519012%;" type="para">r Ci</div></box><box><div coordinates="5038,2097,62,650" index="4" style="position:fixed;left:76.3217694288744%;top:41.11764705882353%;height:12.745098039215685%;width:0.9392516285411301%;" type="para" /></box><box><div coordinates="546,2222,4186,254" index="5" style="position:fixed;left:8.271474019088016%;top:43.568627450980394%;height:4.980392156862745%;width:63.41463414634146%;" type="para">VII. Additional Services</div></box><box><div coordinates="583,2487,122,121" index="6" style="position:fixed;left:8.83199515224966%;top:48.76470588235294%;height:2.372549019607843%;width:1.8482048174519012%;" type="para" /></box><box><div coordinates="3357,2503,121,121" index="7" style="position:fixed;left:50.85593091955764%;top:49.07843137254902%;height:2.372549019607843%;width:1.8330555976367218%;" type="para" /></box><box><div coordinates="2195,3385,122,121" index="8" style="position:fixed;left:33.25253749431904%;top:66.37254901960785%;height:2.372549019607843%;width:1.8482048174519012%;" type="para">| ch</div></box><box><div coordinates="1255,3405,121,121" index="9" style="position:fixed;left:19.012270868050297%;top:66.76470588235294%;height:2.372549019607843%;width:1.8330555976367218%;" type="para" /></box><box><div coordinates="1642,3669,122,127" index="10" style="position:fixed;left:24.875018936524768%;top:71.94117647058823%;height:2.4901960784313726%;width:1.8482048174519012%;" type="para">Fr</div></box><box><div coordinates="1616,3835,122,123" index="11" style="position:fixed;left:24.4811392213301%;top:75.19607843137254%;height:2.411764705882353%;width:1.8482048174519012%;" type="para" /></box><box><div coordinates="1046,4014,270,161" index="12" style="position:fixed;left:15.846083926677776%;top:78.70588235294119%;height:3.1568627450980395%;width:4.0902893500984705%;" type="para">ww EAANWALS &#8220;i

1 MIM t

od 94 %</div></box><box><div coordinates="2864,4023,136,145" index="13" style="position:fixed;left:43.38736555067414%;top:78.88235294117646%;height:2.843137254901961%;width:2.0602938948644143%;" type="para" /></box><box><div coordinates="534,4113,270,127" index="14" style="position:fixed;left:8.089683381305862%;top:80.64705882352942%;height:2.4901960784313726%;width:4.0902893500984705%;" type="para">YY AAA FV ON

MIM&#8217;s</div></box><box><div coordinates="1224,4402,122,122" index="15" style="position:fixed;left:18.54264505377973%;top:86.31372549019608%;height:2.392156862745098%;width:1.8482048174519012%;" type="para" /></box><box><div coordinates="1550,4490,270,127" index="16" style="position:fixed;left:23.481290713528253%;top:88.0392156862745%;height:2.4901960784313726%;width:4.0902893500984705%;" type="para">A WELLS VW Wd

f MIM.</div></box><box><div coordinates="511,4664,4225,252" index="17" style="position:fixed;left:7.741251325556734%;top:91.45098039215686%;height:4.941176470588235%;width:64.00545371913347%;" type="para">VIII. Other Expenses, Fees and Charges</div></box><box><div coordinates="590,4926,122,122" index="18" style="position:fixed;left:8.938039690955915%;top:96.58823529411765%;height:2.392156862745098%;width:1.8482048174519012%;" type="para" /></box><box><div coordinates="875,5244,121,121" index="19" style="position:fixed;left:13.255567338282079%;top:102.82352941176471%;height:2.372549019607843%;width:1.8330555976367218%;" type="para">Ne</div></box><box><div coordinates="570,5494,954,184" index="20" style="position:fixed;left:8.635055294652325%;top:107.72549019607843%;height:3.607843137254902%;width:14.45235570368126%;" type="para">Out-of-Pocket Expenses

1% x Traxsa rds xxi Tl aca teas Inrvesrars</div></box><box><div coordinates="1384,5880,168,127" index="21" style="position:fixed;left:20.966520224208455%;top:115.29411764705881%;height:2.4901960784313726%;width:2.545068928950159%;" type="para" /></box><box><div coordinates="2814,5881,122,121" index="22" style="position:fixed;left:42.62990455991517%;top:115.31372549019608%;height:2.372549019607843%;width:1.8482048174519012%;" type="para" /></box><box><div coordinates="2551,5892,141,141" index="23" style="position:fixed;left:38.64565974852295%;top:115.52941176470588%;height:2.764705882352941%;width:2.136039993940312%;" type="para" /></box><box><div coordinates="573,5902,141,140" index="24" style="position:fixed;left:8.680502954097864%;top:115.72549019607843%;height:2.7450980392156863%;width:2.136039993940312%;" type="para" /></box><box><div coordinates="803,5901,121,121" index="25" style="position:fixed;left:12.164823511589153%;top:115.70588235294117%;height:2.372549019607843%;width:1.8330555976367218%;" type="para">WI</div></box></Blocks></page><page num="5" src="img/Bi2i_0751/Bi2i_0751-04.jpg" txt_src="img/Bi2i_0751/Bi2i_0751-04.txt"><Blocks><box><div coordinates="532,337,4064,824" index="0" style="position:fixed;left:8.059384941675503%;top:6.6078431372549025%;height:16.15686274509804%;width:61.56642932888956%;" type="para">STATE STREET BANK AND TRUST COMPANY

 

MERCER SUNOCO INVESTMENT PORTFOLIO
Confidential Fee Schedule
as of November 16, 2011</div></box><box><div coordinates="2542,1325,142,142" index="1" style="position:fixed;left:38.50931677018634%;top:25.98039215686275%;height:2.784313725490196%;width:2.1511892137554915%;" type="para" /></box><box><div coordinates="564,1331,140,141" index="2" style="position:fixed;left:8.544159975761248%;top:26.098039215686274%;height:2.764705882352941%;width:2.1208907741251326%;" type="para" /></box><box><div coordinates="3028,1330,121,121" index="3" style="position:fixed;left:45.87183760036358%;top:26.078431372549023%;height:2.372549019607843%;width:1.8330555976367218%;" type="para">Do</div></box><box><div coordinates="2542,1475,142,140" index="4" style="position:fixed;left:38.50931677018634%;top:28.921568627450984%;height:2.7450980392156863%;width:2.1511892137554915%;" type="para" /></box><box><div coordinates="564,1481,140,141" index="5" style="position:fixed;left:8.544159975761248%;top:29.03921568627451%;height:2.764705882352941%;width:2.1208907741251326%;" type="para" /></box><box><div coordinates="1763,1506,121,121" index="6" style="position:fixed;left:26.70807453416149%;top:29.52941176470588%;height:2.372549019607843%;width:1.8330555976367218%;" type="para">y Fu</div></box><box><div coordinates="2722,1616,122,124" index="7" style="position:fixed;left:41.23617633691865%;top:31.68627450980392%;height:2.431372549019608%;width:1.8482048174519012%;" type="para" /></box><box><div coordinates="2542,1625,142,140" index="8" style="position:fixed;left:38.50931677018634%;top:31.862745098039213%;height:2.7450980392156863%;width:2.1511892137554915%;" type="para" /></box><box><div coordinates="564,1631,141,142" index="9" style="position:fixed;left:8.544159975761248%;top:31.98039215686275%;height:2.784313725490196%;width:2.136039993940312%;" type="para" /></box><box><div coordinates="1778,1632,122,126" index="10" style="position:fixed;left:26.935312831389187%;top:32.0%;height:2.4705882352941173%;width:1.8482048174519012%;" type="para">4 Ci</div></box><box><div coordinates="4086,1763,273,140" index="11" style="position:fixed;left:61.89971216482352%;top:34.568627450980394%;height:2.7450980392156863%;width:4.135737009544008%;" type="para">, GDR</div></box><box><div coordinates="2542,1775,142,140" index="12" style="position:fixed;left:38.50931677018634%;top:34.80392156862745%;height:2.7450980392156863%;width:2.1511892137554915%;" type="para" /></box><box><div coordinates="564,1780,141,141" index="13" style="position:fixed;left:8.544159975761248%;top:34.90196078431372%;height:2.764705882352941%;width:2.136039993940312%;" type="para" /></box><box><div coordinates="3908,1802,121,121" index="14" style="position:fixed;left:59.203151037721554%;top:35.333333333333336%;height:2.372549019607843%;width:1.8330555976367218%;" type="para" /></box><box><div coordinates="2542,1925,142,140" index="15" style="position:fixed;left:38.50931677018634%;top:37.745098039215684%;height:2.7450980392156863%;width:2.1511892137554915%;" type="para" /></box><box><div coordinates="564,1931,141,140" index="16" style="position:fixed;left:8.544159975761248%;top:37.86274509803921%;height:2.7450980392156863%;width:2.136039993940312%;" type="para" /></box><box><div coordinates="1863,2079,121,121" index="17" style="position:fixed;left:28.222996515679444%;top:40.76470588235294%;height:2.372549019607843%;width:1.8330555976367218%;" type="para">TC.</div></box><box><div coordinates="2542,2073,142,142" index="18" style="position:fixed;left:38.50931677018634%;top:40.64705882352941%;height:2.784313725490196%;width:2.1511892137554915%;" type="para" /></box><box><div coordinates="1136,2091,122,122" index="19" style="position:fixed;left:17.209513710043932%;top:41.0%;height:2.392156862745098%;width:1.8482048174519012%;" type="para">Blc</div></box><box><div coordinates="749,2224,121,121" index="20" style="position:fixed;left:11.346765641569458%;top:43.6078431372549%;height:2.372549019607843%;width:1.8330555976367218%;" type="para" /></box><box><div coordinates="564,2231,142,140" index="21" style="position:fixed;left:8.544159975761248%;top:43.745098039215684%;height:2.7450980392156863%;width:2.1511892137554915%;" type="para" /></box><box><div coordinates="570,2453,1060,174" index="22" style="position:fixed;left:8.635055294652325%;top:48.09803921568627%;height:3.4117647058823533%;width:16.05817300409029%;" type="para">Pass-Through Vendor Fees

ml T. 3 Ltt ~~ Oe 4</div></box><box><div coordinates="2557,2561,121,121" index="23" style="position:fixed;left:38.73655506741403%;top:50.21568627450981%;height:2.372549019607843%;width:1.8330555976367218%;" type="para">1do;</div></box><box><div coordinates="1240,2683,121,121" index="24" style="position:fixed;left:18.7850325708226%;top:52.6078431372549%;height:2.372549019607843%;width:1.8330555976367218%;" type="para">YWil</div></box><box><div coordinates="3874,2841,154,155" index="25" style="position:fixed;left:58.68807756400546%;top:55.705882352941174%;height:3.0392156862745097%;width:2.332979851537646%;" type="para" /></box><box><div coordinates="566,2859,140,142" index="26" style="position:fixed;left:8.574458415391607%;top:56.05882352941176%;height:2.784313725490196%;width:2.1208907741251326%;" type="para" /></box><box><div coordinates="2542,2853,142,142" index="27" style="position:fixed;left:38.50931677018634%;top:55.94117647058824%;height:2.784313725490196%;width:2.1511892137554915%;" type="para" /></box><box><div coordinates="3117,2877,121,121" index="28" style="position:fixed;left:47.22011816391456%;top:56.41176470588235%;height:2.372549019607843%;width:1.8330555976367218%;" type="para" /></box><box><div coordinates="892,2883,121,121" index="29" style="position:fixed;left:13.51310407514013%;top:56.529411764705884%;height:2.372549019607843%;width:1.8330555976367218%;" type="para" /></box><box><div coordinates="2714,2973,121,121" index="30" style="position:fixed;left:41.11498257839721%;top:58.29411764705882%;height:2.372549019607843%;width:1.8330555976367218%;" type="para">Ve</div></box><box><div coordinates="596,3041,286,158" index="31" style="position:fixed;left:9.028935009846993%;top:59.62745098039216%;height:3.0980392156862746%;width:4.332676867141342%;" type="para">e Mis</div></box><box><div coordinates="564,3422,633,184" index="32" style="position:fixed;left:8.544159975761248%;top:67.09803921568628%;height:3.607843137254902%;width:9.589456143008634%;" type="para">Other Charges

"Ts Ta v edo 127111 vo</div></box><box><div coordinates="3492,3817,122,125" index="33" style="position:fixed;left:52.90107559460687%;top:74.84313725490196%;height:2.450980392156863%;width:1.8482048174519012%;" type="para" /></box><box><div coordinates="604,3826,140,141" index="34" style="position:fixed;left:9.150128768368429%;top:75.01960784313727%;height:2.764705882352941%;width:2.1208907741251326%;" type="para" /></box><box><div coordinates="806,3829,121,121" index="35" style="position:fixed;left:12.210271171034693%;top:75.07843137254902%;height:2.372549019607843%;width:1.8330555976367218%;" type="para">DIC</div></box><box><div coordinates="1902,3921,122,127" index="36" style="position:fixed;left:28.813816088471444%;top:76.88235294117646%;height:2.4901960784313726%;width:1.8482048174519012%;" type="para">Do.</div></box><box><div coordinates="518,4078,4216,248" index="37" style="position:fixed;left:7.84729586426299%;top:79.96078431372548%;height:4.862745098039216%;width:63.869110740796856%;" type="para">IX. Assumptions</div></box><box><div coordinates="3514,4364,121,121" index="38" style="position:fixed;left:53.23435843054083%;top:85.5686274509804%;height:2.372549019607843%;width:1.8330555976367218%;" type="para">OVIC</div></box><box><div coordinates="1766,4518,168,125" index="39" style="position:fixed;left:26.753522193607026%;top:88.58823529411765%;height:2.450980392156863%;width:2.545068928950159%;" type="para">2M</div></box><box><div coordinates="1601,4536,121,121" index="40" style="position:fixed;left:24.25390092410241%;top:88.94117647058823%;height:2.372549019607843%;width:1.8330555976367218%;" type="para" /></box><box><div coordinates="520,4791,4214,247" index="41" style="position:fixed;left:7.87759430389335%;top:93.94117647058823%;height:4.8431372549019605%;width:63.83881230116649%;" type="para">X. Overdrafts | |</div></box><box><div coordinates="613,5065,121,122" index="42" style="position:fixed;left:9.286471746705045%;top:99.31372549019608%;height:2.392156862745098%;width:1.8330555976367218%;" type="para">Ovi</div></box><box><div coordinates="522,5311,4212,247" index="43" style="position:fixed;left:7.907892743523709%;top:104.13725490196077%;height:4.8431372549019605%;width:63.808513861536134%;" type="para">XI. Confidentiality</div></box></Blocks></page><page num="6" src="img/Bi2i_0751/Bi2i_0751-05.jpg" txt_src="img/Bi2i_0751/Bi2i_0751-05.txt"><Blocks><box><div coordinates="522,363,4062,836" index="0" style="position:fixed;left:7.907892743523709%;top:7.11764705882353%;height:16.392156862745097%;width:61.5361308892592%;" type="para">STATE STREET BANK AND TRUST COMPANY

 

MERCER SUNOCO INVESTMENT PORTFOLIO
Confidential Fee Schedule
as of November 16, 2011</div></box><box><div coordinates="508,1315,4218,266" index="1" style="position:fixed;left:7.695803666111195%;top:25.7843137254902%;height:5.215686274509804%;width:63.89940918042721%;" type="para">XII. Payment of Fees</div></box><box><div coordinates="1652,1670,270,128" index="2" style="position:fixed;left:25.026511134676564%;top:32.745098039215684%;height:2.5098039215686274%;width:4.0902893500984705%;" type="para">MWe AVAL LL

y MIM&#8217;s</div></box><box><div coordinates="579,1974,121,121" index="3" style="position:fixed;left:8.771398272988941%;top:38.70588235294118%;height:2.372549019607843%;width:1.8330555976367218%;" type="para" /></box><box><div coordinates="510,2123,4218,266" index="4" style="position:fixed;left:7.726102105741554%;top:41.627450980392155%;height:5.215686274509804%;width:63.89940918042721%;" type="para">XII. Effectiveness |</div></box><box><div coordinates="2390,2421,121,121" index="5" style="position:fixed;left:36.20663535827905%;top:47.47058823529412%;height:2.372549019607843%;width:1.8330555976367218%;" type="para">tive</div></box><box><div coordinates="3163,2609,121,121" index="6" style="position:fixed;left:47.91698227541282%;top:51.15686274509804%;height:2.372549019607843%;width:1.8330555976367218%;" type="para">OVIS</div></box><box><div coordinates="2113,2955,936,188" index="7" style="position:fixed;left:32.01030146947432%;top:57.94117647058824%;height:3.686274509803922%;width:14.179669747008028%;" type="para">[Signature page follows.]</div></box></Blocks></page><page num="7" src="img/Bi2i_0751/Bi2i_0751-06.jpg" txt_src="img/Bi2i_0751/Bi2i_0751-06.txt"><Blocks><box><div coordinates="610,477,3928,794" index="0" style="position:fixed;left:9.241024087259506%;top:9.352941176470589%;height:15.568627450980394%;width:59.50613543402514%;" type="para">STATE STREET BANK AND TRUST COMPANY

 

MERCER SUNOCO INVESTMENT PORTFOLIO
Confidential Fee Schedule
as of November 16, 2011</div></box><box><div coordinates="592,1482,4078,405" index="1" style="position:fixed;left:8.968338130586275%;top:29.058823529411764%;height:7.941176470588235%;width:61.77851840630208%;" type="para">XIV. Signatures

MERCER SUNGTOJNYESTMENT PORTFOLIO
&#8212; if</div></box><box><div coordinates="671,1905,151,158" index="2" style="position:fixed;left:10.165126495985456%;top:37.35294117647059%;height:3.0980392156862746%;width:2.2875321920921072%;" type="para" /></box><box><div coordinates="1118,1965,122,122" index="3" style="position:fixed;left:16.9368277533707%;top:38.529411764705884%;height:2.392156862745098%;width:1.8482048174519012%;" type="para" /></box><box><div coordinates="646,2089,280,161" index="4" style="position:fixed;left:9.78639600060597%;top:40.96078431372549%;height:3.1568627450980395%;width:4.241781548250265%;" type="para" /></box><box><div coordinates="1532,2113,130,130" index="5" style="position:fixed;left:23.208604756855024%;top:41.431372549019606%;height:2.549019607843137%;width:1.9693985759733375%;" type="para" /></box><box><div coordinates="1065,2245,123,122" index="6" style="position:fixed;left:16.133919103166185%;top:44.01960784313725%;height:2.392156862745098%;width:1.8633540372670807%;" type="para" /></box><box><div coordinates="2436,2247,177,135" index="7" style="position:fixed;left:36.90349946977731%;top:44.05882352941177%;height:2.6470588235294117%;width:2.681411907286775%;" type="para" /></box><box><div coordinates="1192,2277,124,124" index="8" style="position:fixed;left:18.057870019693986%;top:44.64705882352941%;height:2.431372549019608%;width:1.8785032570822602%;" type="para" /></box><box><div coordinates="1369,2273,144,156" index="9" style="position:fixed;left:20.73928192698076%;top:44.568627450980394%;height:3.058823529411765%;width:2.1814876533858505%;" type="para" /></box><box><div coordinates="2122,2275,296,164" index="10" style="position:fixed;left:32.14664444781094%;top:44.6078431372549%;height:3.215686274509804%;width:4.484169065293138%;" type="para" /></box><box><div coordinates="1914,2333,126,122" index="11" style="position:fixed;left:28.995606726253598%;top:45.745098039215684%;height:2.392156862745098%;width:1.9088016967126193%;" type="para" /></box><box><div coordinates="642,2683,1564,581" index="12" style="position:fixed;left:9.72579912134525%;top:52.6078431372549%;height:11.392156862745098%;width:23.693379790940767%;" type="para">STATE STREET Bg

BY: HY] SCADA
TITLE: Executive Vice Provide</div></box><box><div coordinates="669,3013,389,160" index="13" style="position:fixed;left:10.134828056355099%;top:59.07843137254902%;height:3.1372549019607843%;width:5.893046508104833%;" type="para">Ar A.

NAME: Mic</div></box></Blocks></page><page num="8" src="img/Bi2i_0751/Bi2i_0751-07.jpg" txt_src="img/Bi2i_0751/Bi2i_0751-07.txt"><Blocks><box><div coordinates="524,355,4066,836" index="0" style="position:fixed;left:7.938191183154067%;top:6.96078431372549%;height:16.392156862745097%;width:61.59672776851992%;" type="para">STATE STREET BANK AND TRUST COMPANY

   

MERCER SUNOCO INVESTMENT PORTFOLIO
Confidential Fee Schedule
as of November 16, 2011</div></box><box><div coordinates="2322,1331,482,186" index="1" style="position:fixed;left:35.176488410846844%;top:26.098039215686274%;height:3.6470588235294117%;width:7.301923950916528%;" type="para">Appendix 1</div></box><box><div coordinates="1818,1519,1475,186" index="2" style="position:fixed;left:27.541281623996365%;top:29.784313725490197%;height:3.6470588235294117%;width:22.345099227389788%;" type="para">Transaction Processing Fees per Trade&#8217;</div></box><box><div coordinates="3558,1712,121,121" index="3" style="position:fixed;left:53.90092410240872%;top:33.568627450980394%;height:2.372549019607843%;width:1.8330555976367218%;" type="para" /></box><box><div coordinates="574,1919,168,126" index="4" style="position:fixed;left:8.695652173913043%;top:37.627450980392155%;height:2.4705882352941173%;width:2.545068928950159%;" type="para">A</div></box><box><div coordinates="601,2111,135,161" index="5" style="position:fixed;left:9.104681108922891%;top:41.3921568627451%;height:3.1568627450980395%;width:2.0451446750492352%;" type="para" /></box><box><div coordinates="5038,2207,62,392" index="6" style="position:fixed;left:76.3217694288744%;top:43.27450980392157%;height:7.686274509803921%;width:0.9392516285411301%;" type="para" /></box><box><div coordinates="3536,2287,154,155" index="7" style="position:fixed;left:53.56764126647477%;top:44.84313725490196%;height:3.0392156862745097%;width:2.332979851537646%;" type="para" /></box><box><div coordinates="2136,2291,166,125" index="8" style="position:fixed;left:32.35873352522345%;top:44.92156862745098%;height:2.450980392156863%;width:2.5147704893198%;" type="para">I Ma</div></box><box><div coordinates="1064,2395,168,126" index="9" style="position:fixed;left:16.118769883351007%;top:46.96078431372549%;height:2.4705882352941173%;width:2.545068928950159%;" type="para">i a ad

1 Ma</div></box><box><div coordinates="1464,2529,121,121" index="10" style="position:fixed;left:22.178457809422813%;top:49.58823529411765%;height:2.372549019607843%;width:1.8330555976367218%;" type="para">five

TLE</div></box><box><div coordinates="617,2612,217,220" index="11" style="position:fixed;left:9.347068625965763%;top:51.21568627450981%;height:4.313725490196078%;width:3.2873806998939554%;" type="para">Over-
and Ci</div></box><box><div coordinates="1860,2621,234,203" index="12" style="position:fixed;left:28.1775488562339%;top:51.3921568627451%;height:3.980392156862745%;width:3.544917436752007%;" type="para">erivati&#8217;
, OTC</div></box><box><div coordinates="986,2707,121,121" index="13" style="position:fixed;left:14.937130737767005%;top:53.07843137254902%;height:2.372549019607843%;width:1.8330555976367218%;" type="para">Del</div></box><box><div coordinates="1304,2819,121,121" index="14" style="position:fixed;left:19.75458263899409%;top:55.27450980392157%;height:2.372549019607843%;width:1.8330555976367218%;" type="para">five</div></box><box><div coordinates="574,2997,122,125" index="15" style="position:fixed;left:8.695652173913043%;top:58.76470588235294%;height:2.450980392156863%;width:1.8482048174519012%;" type="para" /></box><box><div coordinates="898,2991,121,131" index="16" style="position:fixed;left:13.603999394031208%;top:58.647058823529406%;height:2.5686274509803924%;width:1.8330555976367218%;" type="para">Dei</div></box><box><div coordinates="1140,3011,122,122" index="17" style="position:fixed;left:17.27011058930465%;top:59.0392156862745%;height:2.392156862745098%;width:1.8482048174519012%;" type="para">five</div></box><box><div coordinates="3677,3259,182,293" index="18" style="position:fixed;left:55.70368126041508%;top:63.90196078431373%;height:5.745098039215686%;width:2.757158006362672%;" type="para" /></box><box><div coordinates="808,3269,187,215" index="19" style="position:fixed;left:12.24056961066505%;top:64.09803921568627%;height:4.215686274509804%;width:2.83290410543857%;" type="para">7 i:

Nor
EAT</div></box><box><div coordinates="1034,3267,290,343" index="20" style="position:fixed;left:15.664293288895623%;top:64.05882352941177%;height:6.725490196078432%;width:4.393273746402061%;" type="para">Te al tC

Americ
i Market
ging Ma</div></box><box><div coordinates="616,3840,168,126" index="21" style="position:fixed;left:9.331919406150584%;top:75.29411764705883%;height:2.4705882352941173%;width:2.545068928950159%;" type="para">A AR</div></box><box><div coordinates="895,4035,121,121" index="22" style="position:fixed;left:13.55855173458567%;top:79.11764705882352%;height:2.372549019607843%;width:1.8330555976367218%;" type="para" /></box><box><div coordinates="1239,4031,121,121" index="23" style="position:fixed;left:18.769883351007426%;top:79.03921568627452%;height:2.372549019607843%;width:1.8330555976367218%;" type="para">Ar</div></box><box><div coordinates="1039,4066,139,224" index="24" style="position:fixed;left:15.74003938797152%;top:79.72549019607843%;height:4.392156862745098%;width:2.105741554309953%;" type="para">Not
FE,</div></box><box><div coordinates="1498,4120,168,124" index="25" style="position:fixed;left:22.693531283138917%;top:80.7843137254902%;height:2.431372549019608%;width:2.545068928950159%;" type="para" /></box><box><div coordinates="2202,4139,135,143" index="26" style="position:fixed;left:33.3585820330253%;top:81.15686274509804%;height:2.803921568627451%;width:2.0451446750492352%;" type="para" /></box><box><div coordinates="4100,4683,122,161" index="27" style="position:fixed;left:62.11180124223602%;top:91.82352941176471%;height:3.1568627450980395%;width:1.8482048174519012%;" type="para">1 Fv</div></box><box><div coordinates="981,4705,121,121" index="28" style="position:fixed;left:14.861384638691108%;top:92.25490196078432%;height:2.372549019607843%;width:1.8330555976367218%;" type="para">ul: ful linal</div></box><box><div coordinates="1314,5270,168,126" index="29" style="position:fixed;left:19.906074837145887%;top:103.33333333333334%;height:2.4705882352941173%;width:2.545068928950159%;" type="para">1 Ma</div></box><box><div coordinates="1059,5297,121,122" index="30" style="position:fixed;left:16.04302378427511%;top:103.86274509803921%;height:2.392156862745098%;width:1.8330555976367218%;" type="para" /></box><box><div coordinates="2084,5552,168,126" index="31" style="position:fixed;left:31.570974094834114%;top:108.86274509803921%;height:2.4705882352941173%;width:2.545068928950159%;" type="para">SW Ns A

| Ma</div></box></Blocks></page><page num="9" src="img/Bi2i_0751/Bi2i_0751-08.jpg" txt_src="img/Bi2i_0751/Bi2i_0751-08.txt"><Blocks><box><div coordinates="538,307,4066,818" index="0" style="position:fixed;left:8.15028026056658%;top:6.019607843137255%;height:16.03921568627451%;width:61.59672776851992%;" type="para">STATE STREET BANK AND TRUST COMPANY

 

MERCER SUNOCO INVESTMENT PORTFOLIO
Confidential Fee Schedule
as of November 16, 2011</div></box><box><div coordinates="2478,1268,168,125" index="1" style="position:fixed;left:37.53976670201485%;top:24.862745098039216%;height:2.450980392156863%;width:2.545068928950159%;" type="para">[ Mas</div></box><box><div coordinates="1125,1286,135,142" index="2" style="position:fixed;left:17.042872292076957%;top:25.215686274509803%;height:2.784313725490196%;width:2.0451446750492352%;" type="para" /></box><box><div coordinates="2224,1290,122,123" index="3" style="position:fixed;left:33.69186486895925%;top:25.294117647058822%;height:2.411764705882353%;width:1.8482048174519012%;" type="para" /></box><box><div coordinates="4010,1299,121,122" index="4" style="position:fixed;left:60.74837145886987%;top:25.470588235294116%;height:2.392156862745098%;width:1.8330555976367218%;" type="para">exc</div></box><box><div coordinates="1606,1459,168,126" index="5" style="position:fixed;left:24.329647023178307%;top:28.6078431372549%;height:2.4705882352941173%;width:2.545068928950159%;" type="para">FAA WAL

1 Mai</div></box><box><div coordinates="1352,1482,122,126" index="6" style="position:fixed;left:20.48174519012271%;top:29.058823529411764%;height:2.4705882352941173%;width:1.8482048174519012%;" type="para" /></box><box><div coordinates="2956,1651,168,126" index="7" style="position:fixed;left:44.781093773670655%;top:32.372549019607845%;height:2.4705882352941173%;width:2.545068928950159%;" type="para">| Mas</div></box></Blocks></page><page num="10" src="img/Bi2i_0751/Bi2i_0751-09.jpg" txt_src="img/Bi2i_0751/Bi2i_0751-09.txt"><Blocks><box><div coordinates="536,305,4066,818" index="0" style="position:fixed;left:8.119981820936221%;top:5.980392156862745%;height:16.03921568627451%;width:61.59672776851992%;" type="para">STATE STREET BANK AND TRUST COMPANY

 

MERCER SUNOCO INVESTMENT PORTFOLIO
Confidential Fee Schedule
as of November 16, 2011</div></box><box><div coordinates="2328,1363,496,168" index="1" style="position:fixed;left:35.267383729737915%;top:26.725490196078432%;height:3.294117647058824%;width:7.514013028329041%;" type="para">APPENDIX 2</div></box><box><div coordinates="1963,1557,1212,166" index="2" style="position:fixed;left:29.737918497197395%;top:30.529411764705884%;height:3.2549019607843137%;width:18.360854415997576%;" type="para">BILATERAL PROCESSING RATES</div></box><box><div coordinates="1478,1751,322,168" index="3" style="position:fixed;left:22.390546886835327%;top:34.333333333333336%;height:3.294117647058824%;width:4.878048780487805%;" type="para">Driver</div></box><box><div coordinates="2255,1753,727,166" index="4" style="position:fixed;left:34.161490683229815%;top:34.372549019607845%;height:3.2549019607843137%;width:11.013482805635508%;" type="para">Services Included</div></box><box><div coordinates="3514,1753,565,268" index="5" style="position:fixed;left:53.23435843054083%;top:34.372549019607845%;height:5.254901960784314%;width:8.559309195576429%;" type="para">Frequency of
Charge

yy

vw</div></box><box><div coordinates="4452,1755,267,166" index="6" style="position:fixed;left:67.44432661717921%;top:34.411764705882355%;height:3.2549019607843137%;width:4.044841690652931%;" type="para">Rate</div></box><box><div coordinates="564,1760,424,159" index="7" style="position:fixed;left:8.544159975761248%;top:34.509803921568626%;height:3.1176470588235294%;width:6.423269201636115%;" type="para">[ Category</div></box><box><div coordinates="1374,1951,244,155" index="8" style="position:fixed;left:20.81502802605666%;top:38.254901960784316%;height:3.0392156862745097%;width:3.6964096349038025%;" type="para">&gt;&#187; Nu</div></box><box><div coordinates="608,1967,121,122" index="9" style="position:fixed;left:9.210725647629147%;top:38.568627450980394%;height:2.392156862745098%;width:1.8330555976367218%;" type="para">OT</div></box><box><div coordinates="2018,1969,137,130" index="10" style="position:fixed;left:30.571125587032267%;top:38.6078431372549%;height:2.549019607843137%;width:2.075443114679594%;" type="para" /></box><box><div coordinates="3320,1969,212,131" index="11" style="position:fixed;left:50.29540978639601%;top:38.6078431372549%;height:2.5686274509803924%;width:3.2116346008180576%;" type="para" /></box><box><div coordinates="4482,1972,121,121" index="12" style="position:fixed;left:67.8988032116346%;top:38.666666666666664%;height:2.372549019607843%;width:1.8330555976367218%;" type="para" /></box><box><div coordinates="2016,2257,139,130" index="13" style="position:fixed;left:30.54082714740191%;top:44.254901960784316%;height:2.549019607843137%;width:2.105741554309953%;" type="para" /></box><box><div coordinates="2184,2297,121,121" index="14" style="position:fixed;left:33.085896076352064%;top:45.03921568627451%;height:2.372549019607843%;width:1.8330555976367218%;" type="para">&#8216;ayr
Eh TIYY&#165;</div></box><box><div coordinates="568,2557,168,126" index="15" style="position:fixed;left:8.604756855021966%;top:50.13725490196078%;height:2.4705882352941173%;width:2.545068928950159%;" type="para">Mo</div></box><box><div coordinates="3320,2559,264,161" index="16" style="position:fixed;left:50.29540978639601%;top:50.17647058823529%;height:3.1568627450980395%;width:3.999394031207393%;" type="para" /></box><box><div coordinates="916,2579,122,122" index="17" style="position:fixed;left:13.876685350704438%;top:50.568627450980394%;height:2.392156862745098%;width:1.8482048174519012%;" type="para">OT</div></box><box><div coordinates="1372,2581,244,137" index="18" style="position:fixed;left:20.784729586426298%;top:50.6078431372549%;height:2.686274509803922%;width:3.6964096349038025%;" type="para">&gt;&#187; Nu</div></box><box><div coordinates="2014,2583,230,137" index="19" style="position:fixed;left:30.51052870777155%;top:50.64705882352941%;height:2.686274509803922%;width:3.484320557491289%;" type="para">&#187; Va</div></box><box><div coordinates="4560,2581,125,122" index="20" style="position:fixed;left:69.0804423572186%;top:50.6078431372549%;height:2.392156862745098%;width:1.8936524768974399%;" type="para" /></box><box><div coordinates="2561,2599,121,121" index="21" style="position:fixed;left:38.797151946674745%;top:50.96078431372549%;height:2.372549019607843%;width:1.8330555976367218%;" type="para">TV</div></box><box><div coordinates="562,2771,122,125" index="22" style="position:fixed;left:8.51386153613089%;top:54.333333333333336%;height:2.450980392156863%;width:1.8482048174519012%;" type="para">| CI</div></box><box><div coordinates="804,2951,121,121" index="23" style="position:fixed;left:12.179972731404334%;top:57.86274509803921%;height:2.372549019607843%;width:1.8330555976367218%;" type="para">Ac</div></box><box><div coordinates="3074,3145,842,184" index="24" style="position:fixed;left:46.568701711861834%;top:61.66666666666667%;height:3.607843137254902%;width:12.755643084381155%;" type="para">Frequency of Charge</div></box><box><div coordinates="4316,3145,462,265" index="25" style="position:fixed;left:65.3840327223148%;top:61.66666666666667%;height:5.196078431372549%;width:6.998939554612937%;" type="para">Additional
Rates

2 ~N oN</div></box><box><div coordinates="562,3152,424,166" index="26" style="position:fixed;left:8.51386153613089%;top:61.80392156862745%;height:3.2549019607843137%;width:6.423269201636115%;" type="para">| Category</div></box><box><div coordinates="1896,3151,545,179" index="27" style="position:fixed;left:28.72292076958037%;top:61.78431372549019%;height:3.5098039215686274%;width:8.256324799272837%;" type="para">Components</div></box><box><div coordinates="982,3339,168,127" index="28" style="position:fixed;left:14.876533858506285%;top:65.47058823529412%;height:2.4901960784313726%;width:2.545068928950159%;" type="para">1 Mai</div></box><box><div coordinates="1628,3339,256,153" index="29" style="position:fixed;left:24.662929859112257%;top:65.47058823529412%;height:3.0%;width:3.878200272685957%;" type="para">&#187; Mai</div></box><box><div coordinates="2826,3363,139,131" index="30" style="position:fixed;left:42.81169519769732%;top:65.94117647058823%;height:2.5686274509803924%;width:2.105741554309953%;" type="para" /></box><box><div coordinates="756,3537,166,123" index="31" style="position:fixed;left:11.452810180275716%;top:69.35294117647058%;height:2.411764705882353%;width:2.5147704893198%;" type="para">1 Mai</div></box><box><div coordinates="1627,3557,205,133" index="32" style="position:fixed;left:24.647780639297075%;top:69.74509803921569%;height:2.607843137254902%;width:3.1055900621118013%;" type="para">&#187; C</div></box><box><div coordinates="2826,3559,206,131" index="33" style="position:fixed;left:42.81169519769732%;top:69.7843137254902%;height:2.5686274509803924%;width:3.120739281926981%;" type="para" /></box><box><div coordinates="1627,3737,257,535" index="34" style="position:fixed;left:24.647780639297075%;top:73.27450980392157%;height:10.490196078431373%;width:3.8933494925011365%;" type="para" /></box><box><div coordinates="2825,3732,257,154" index="35" style="position:fixed;left:42.79654597788214%;top:73.1764705882353%;height:3.019607843137255%;width:3.8933494925011365%;" type="para">I: ~~

 

&#187; Mo</div></box><box><div coordinates="584,3771,122,122" index="36" style="position:fixed;left:8.847144372064838%;top:73.94117647058823%;height:2.392156862745098%;width:1.8482048174519012%;" type="para" /></box><box><div coordinates="2824,4120,258,154" index="37" style="position:fixed;left:42.78139675806696%;top:80.7843137254902%;height:3.019607843137255%;width:3.9084987123163155%;" type="para" /></box><box><div coordinates="936,4315,166,126" index="38" style="position:fixed;left:14.179669747008028%;top:84.6078431372549%;height:2.4705882352941173%;width:2.5147704893198%;" type="para">t Ma:</div></box><box><div coordinates="2825,4316,257,154" index="39" style="position:fixed;left:42.79654597788214%;top:84.62745098039215%;height:3.019607843137255%;width:3.8933494925011365%;" type="para">&#169;

&gt;&#187; Mo</div></box><box><div coordinates="606,4336,121,122" index="40" style="position:fixed;left:9.180427207998788%;top:85.01960784313725%;height:2.392156862745098%;width:1.8330555976367218%;" type="para">Do</div></box><box><div coordinates="1626,4337,249,430" index="41" style="position:fixed;left:24.632631419481896%;top:85.0392156862745%;height:8.431372549019608%;width:3.7721557339797%;" type="para">&#187; Do
&#187; Sca
&#187; Pro
&#187; Noi</div></box><box><div coordinates="2826,4606,256,152" index="42" style="position:fixed;left:42.81169519769732%;top:90.31372549019608%;height:2.980392156862745%;width:3.878200272685957%;" type="para">&#187; Mo</div></box><box><div coordinates="4548,4630,121,123" index="43" style="position:fixed;left:68.89865171943646%;top:90.7843137254902%;height:2.411764705882353%;width:1.8330555976367218%;" type="para" /></box><box><div coordinates="1833,4807,121,121" index="44" style="position:fixed;left:27.768519921224055%;top:94.25490196078431%;height:2.372549019607843%;width:1.8330555976367218%;" type="para" /></box><box><div coordinates="1625,4826,205,226" index="45" style="position:fixed;left:24.617482199666718%;top:94.62745098039215%;height:4.431372549019608%;width:3.1055900621118013%;" type="para" /></box><box><div coordinates="2822,4826,229,651" index="46" style="position:fixed;left:42.7510983184366%;top:94.62745098039215%;height:12.764705882352942%;width:3.4691713376761095%;" type="para" /></box><box><div coordinates="3520,4898,166,126" index="47" style="position:fixed;left:53.3252537494319%;top:96.03921568627452%;height:2.4705882352941173%;width:2.5147704893198%;" type="para">py he WA

OM</div></box><box><div coordinates="3346,5023,121,122" index="48" style="position:fixed;left:50.68928950159067%;top:98.49019607843137%;height:2.392156862745098%;width:1.8330555976367218%;" type="para">on</div></box><box><div coordinates="1625,5116,205,360" index="49" style="position:fixed;left:24.617482199666718%;top:100.31372549019608%;height:7.0588235294117645%;width:3.1055900621118013%;" type="para">v|Vv
Oo</div></box><box><div coordinates="4452,5141,121,121" index="50" style="position:fixed;left:67.44432661717921%;top:100.80392156862746%;height:2.372549019607843%;width:1.8330555976367218%;" type="para">K-</div></box><box><div coordinates="4666,5141,121,121" index="51" style="position:fixed;left:70.68625965762763%;top:100.80392156862746%;height:2.372549019607843%;width:1.8330555976367218%;" type="para">K</div></box><box><div coordinates="2996,5257,121,122" index="52" style="position:fixed;left:45.387062566277834%;top:103.07843137254902%;height:2.392156862745098%;width:1.8330555976367218%;" type="para" /></box><box><div coordinates="4612,5369,121,121" index="53" style="position:fixed;left:69.86820178760794%;top:105.27450980392157%;height:2.372549019607843%;width:1.8330555976367218%;" type="para">K</div></box></Blocks></page><page num="11" src="img/Bi2i_0751/Bi2i_0751-10.jpg" txt_src="img/Bi2i_0751/Bi2i_0751-10.txt"><Blocks><box><div coordinates="545,297,4065,828" index="0" style="position:fixed;left:8.256324799272837%;top:5.823529411764706%;height:16.235294117647058%;width:61.58157854870474%;" type="para">STATE STREET BANK AND TRUST COMPANY

 

MERCER SUNOCO INVESTMENT PORTFOLIO
Confidential Fee Schedule
as of November 16, 2011</div></box><box><div coordinates="2334,1366,498,165" index="1" style="position:fixed;left:35.358279048628994%;top:26.784313725490193%;height:3.2352941176470593%;width:7.5443114679594%;" type="para">APPENDIX 3</div></box><box><div coordinates="1894,1564,1353,161" index="2" style="position:fixed;left:28.69262232995001%;top:30.666666666666664%;height:3.1568627450980395%;width:20.496894409937887%;" type="para">CENTRALLY CLEARED DERIVATIVES</div></box><box><div coordinates="2466,1857,121,121" index="3" style="position:fixed;left:37.35797606423269%;top:36.411764705882355%;height:2.372549019607843%;width:1.8330555976367218%;" type="para" /></box><box><div coordinates="1939,1883,121,121" index="4" style="position:fixed;left:29.374337221633084%;top:36.92156862745098%;height:2.372549019607843%;width:1.8330555976367218%;" type="para" /></box><box><div coordinates="3038,1889,641,336" index="5" style="position:fixed;left:46.02332979851538%;top:37.03921568627451%;height:6.588235294117648%;width:9.710649901530072%;" type="para">IVES SERVICES
Frequency of

Charge</div></box><box><div coordinates="1492,1997,322,168" index="6" style="position:fixed;left:22.602635964247842%;top:39.15686274509804%;height:3.294117647058824%;width:4.878048780487805%;" type="para">Driver</div></box><box><div coordinates="702,2002,412,165" index="7" style="position:fixed;left:10.634752310256022%;top:39.254901960784316%;height:3.2352941176470593%;width:6.241478563853962%;" type="para">Category</div></box><box><div coordinates="2076,2001,804,302" index="8" style="position:fixed;left:31.44978033631268%;top:39.23529411764706%;height:5.921568627450981%;width:12.179972731404334%;" type="para">Services Included

&#187; Transaction</div></box><box><div coordinates="4004,2007,645,168" index="9" style="position:fixed;left:60.6574761399788%;top:39.352941176470594%;height:3.294117647058824%;width:9.77124678079079%;" type="para">Standard Rates</div></box><box><div coordinates="1277,2199,235,155" index="10" style="position:fixed;left:19.345553703984244%;top:43.11764705882353%;height:3.0392156862745097%;width:3.560066656567187%;" type="para">&#187; Nu</div></box><box><div coordinates="3006,2207,135,149" index="11" style="position:fixed;left:45.538554764429634%;top:43.27450980392157%;height:2.9215686274509807%;width:2.0451446750492352%;" type="para" /></box><box><div coordinates="686,2276,122,129" index="12" style="position:fixed;left:10.392364793213149%;top:44.627450980392155%;height:2.5294117647058822%;width:1.8482048174519012%;" type="para">Tr.</div></box><box><div coordinates="2559,2381,121,121" index="13" style="position:fixed;left:38.76685350704439%;top:46.68627450980392%;height:2.372549019607843%;width:1.8330555976367218%;" type="para">ova</div></box><box><div coordinates="2074,2545,135,149" index="14" style="position:fixed;left:31.41948189668232%;top:49.90196078431373%;height:2.9215686274509807%;width:2.0451446750492352%;" type="para" /></box><box><div coordinates="1276,2587,234,155" index="15" style="position:fixed;left:19.330404484169065%;top:50.725490196078425%;height:3.0392156862745097%;width:3.544917436752007%;" type="para">&#187; Nu</div></box><box><div coordinates="3004,2595,134,149" index="16" style="position:fixed;left:45.50825632479928%;top:50.882352941176464%;height:2.9215686274509807%;width:2.0299954552340553%;" type="para" /></box><box><div coordinates="4221,2705,121,121" index="17" style="position:fixed;left:63.94485683987274%;top:53.03921568627451%;height:2.372549019607843%;width:1.8330555976367218%;" type="para">$5</div></box><box><div coordinates="1274,2925,234,155" index="18" style="position:fixed;left:19.300106044538705%;top:57.35294117647059%;height:3.0392156862745097%;width:3.544917436752007%;" type="para">&#187; Nu</div></box><box><div coordinates="2072,2933,135,149" index="19" style="position:fixed;left:31.38918345705196%;top:57.509803921568626%;height:2.9215686274509807%;width:2.0451446750492352%;" type="para" /></box><box><div coordinates="2996,2981,227,151" index="20" style="position:fixed;left:45.387062566277834%;top:58.45098039215686%;height:2.9607843137254903%;width:3.4388728980457506%;" type="para">&#187; Pel</div></box><box><div coordinates="2996,3165,248,157" index="21" style="position:fixed;left:45.387062566277834%;top:62.05882352941177%;height:3.0784313725490198%;width:3.7570065141645204%;" type="para">&#187; Mo</div></box><box><div coordinates="2072,3219,194,147" index="22" style="position:fixed;left:31.38918345705196%;top:63.117647058823536%;height:2.8823529411764706%;width:2.9389486441448267%;" type="para">&#187; C:</div></box><box><div coordinates="2070,3411,135,149" index="23" style="position:fixed;left:31.3588850174216%;top:66.88235294117646%;height:2.9215686274509807%;width:2.0451446750492352%;" type="para" /></box><box><div coordinates="1272,3451,202,153" index="24" style="position:fixed;left:19.269807604908348%;top:67.66666666666666%;height:3.0%;width:3.0601424026662625%;" type="para">&gt; Ni</div></box><box><div coordinates="2994,3459,256,153" index="25" style="position:fixed;left:45.35676412664748%;top:67.82352941176471%;height:3.0%;width:3.878200272685957%;" type="para">&#187; NO</div></box><box><div coordinates="652,3492,168,126" index="26" style="position:fixed;left:9.877291319497045%;top:68.47058823529412%;height:2.4705882352941173%;width:2.545068928950159%;" type="para" /></box><box><div coordinates="2070,3617,246,323" index="27" style="position:fixed;left:31.3588850174216%;top:70.92156862745098%;height:6.333333333333334%;width:3.7267080745341614%;" type="para">Cor
Me
&#187; Rec</div></box><box><div coordinates="2618,3691,166,125" index="28" style="position:fixed;left:39.660657476139974%;top:72.37254901960785%;height:2.450980392156863%;width:2.5147704893198%;" type="para">CM)</div></box><box><div coordinates="2468,3882,168,126" index="29" style="position:fixed;left:37.38827450386305%;top:76.11764705882354%;height:2.4705882352941173%;width:2.545068928950159%;" type="para">AANA VANS

CM</div></box><box><div coordinates="2211,4075,263,143" index="30" style="position:fixed;left:33.494925011361914%;top:79.90196078431373%;height:2.803921568627451%;width:3.9842448113922133%;" type="para" /></box><box><div coordinates="2476,4077,263,155" index="31" style="position:fixed;left:37.50946826238449%;top:79.94117647058823%;height:3.0392156862745097%;width:3.9842448113922133%;" type="para">[TONAI</div></box><box><div coordinates="2828,4072,122,122" index="32" style="position:fixed;left:42.84199363732768%;top:79.84313725490196%;height:2.392156862745098%;width:1.8482048174519012%;" type="para">ER</div></box><box><div coordinates="2967,4097,121,121" index="33" style="position:fixed;left:44.94773519163763%;top:80.33333333333333%;height:2.372549019607843%;width:1.8330555976367218%;" type="para">'1C]</div></box><box><div coordinates="3102,4178,564,272" index="34" style="position:fixed;left:46.99287986668686%;top:81.92156862745098%;height:5.333333333333334%;width:8.544159975761248%;" type="para">Frequency of
Charge

nA a1. or</div></box><box><div coordinates="694,4227,522,263" index="35" style="position:fixed;left:10.513558551734585%;top:82.88235294117648%;height:5.156862745098039%;width:7.907892743523709%;" type="para">Category
ditional FCMs</div></box><box><div coordinates="1482,4222,320,166" index="36" style="position:fixed;left:22.451143766096045%;top:82.7843137254902%;height:3.2549019607843137%;width:4.847750340857446%;" type="para">Driver</div></box><box><div coordinates="2232,4233,622,263" index="37" style="position:fixed;left:33.813058627480686%;top:83.0%;height:5.156862745098039%;width:9.42281472504166%;" type="para">Components

er additional FCM</div></box><box><div coordinates="4076,4230,454,168" index="38" style="position:fixed;left:61.74821996667171%;top:82.94117647058825%;height:3.294117647058824%;width:6.877745796091501%;" type="para">Add&#8217;l Rates</div></box><box><div coordinates="2066,4377,134,149" index="39" style="position:fixed;left:31.298288138160885%;top:85.82352941176471%;height:2.9215686274509807%;width:2.0299954552340553%;" type="para" /></box><box><div coordinates="2992,4372,201,156" index="40" style="position:fixed;left:45.32646568701712%;top:85.72549019607844%;height:3.058823529411765%;width:3.0449931828510834%;" type="para" /></box><box><div coordinates="1773,4416,229,144" index="41" style="position:fixed;left:26.859566732313283%;top:86.58823529411764%;height:2.823529411764706%;width:3.4691713376761095%;" type="para">FCMs</div></box><box><div coordinates="1270,4424,234,150" index="42" style="position:fixed;left:19.239509165277987%;top:86.74509803921569%;height:2.941176470588235%;width:3.544917436752007%;" type="para">&#187; Nu</div></box><box><div coordinates="3816,4431,209,150" index="43" style="position:fixed;left:57.80942281472504%;top:86.88235294117646%;height:2.941176470588235%;width:3.1661869413725197%;" type="para">p $1</div></box><box><div coordinates="713,4458,121,121" index="44" style="position:fixed;left:10.801393728222997%;top:87.41176470588236%;height:2.372549019607843%;width:1.8330555976367218%;" type="para">Pe</div></box><box><div coordinates="2992,4566,246,154" index="45" style="position:fixed;left:45.32646568701712%;top:89.52941176470588%;height:3.019607843137255%;width:3.7267080745341614%;" type="para">&#187; Mo</div></box><box><div coordinates="2066,4620,128,146" index="46" style="position:fixed;left:31.298288138160885%;top:90.58823529411765%;height:2.8627450980392157%;width:1.9391001363429785%;" type="para" /></box><box><div coordinates="1268,4664,134,148" index="47" style="position:fixed;left:19.20921072564763%;top:91.45098039215686%;height:2.9019607843137254%;width:2.0299954552340553%;" type="para" /></box><box><div coordinates="3816,4673,134,148" index="48" style="position:fixed;left:57.80942281472504%;top:91.62745098039215%;height:2.9019607843137254%;width:2.0299954552340553%;" type="para" /></box><box><div coordinates="3812,4865,137,532" index="49" style="position:fixed;left:57.74882593546432%;top:95.3921568627451%;height:10.431372549019608%;width:2.075443114679594%;" type="para" /></box><box><div coordinates="2064,4908,134,148" index="50" style="position:fixed;left:31.267989698530524%;top:96.23529411764706%;height:2.9019607843137254%;width:2.0299954552340553%;" type="para" /></box><box><div coordinates="1268,5002,200,156" index="51" style="position:fixed;left:19.20921072564763%;top:98.07843137254902%;height:3.058823529411765%;width:3.0298439630359035%;" type="para">&#187; Pe</div></box><box><div coordinates="2990,5057,132,144" index="52" style="position:fixed;left:45.29616724738676%;top:99.15686274509804%;height:2.823529411764706%;width:1.9996970156036964%;" type="para" /></box><box><div coordinates="4180,5073,121,122" index="53" style="position:fixed;left:63.323738827450384%;top:99.47058823529412%;height:2.392156862745098%;width:1.8330555976367218%;" type="para">Off</div></box><box><div coordinates="580,5201,122,126" index="54" style="position:fixed;left:8.786547492804122%;top:101.98039215686275%;height:2.4705882352941173%;width:1.8482048174519012%;" type="para" /></box><box><div coordinates="845,5205,121,122" index="55" style="position:fixed;left:12.801090743826693%;top:102.05882352941175%;height:2.392156862745098%;width:1.8330555976367218%;" type="para">1 Cl</div></box><box><div coordinates="4226,5251,121,122" index="56" style="position:fixed;left:64.02060293894864%;top:102.96078431372548%;height:2.392156862745098%;width:1.8330555976367218%;" type="para" /></box></Blocks></page></doc>