<doc doi="Bi2i_1041" name="/prcanalyt/test-pra1/inventory_module/InputProcessing/821/B5B/821B5B3A4623AD6E0F0098658E0E70A04E5DADF5.pdf"><page num="1" src="img/Bi2i_1041/Bi2i_1041-00.jpg" txt_src="img/Bi2i_1041/Bi2i_1041-00.txt"><Blocks><box><div coordinates="553,361,4050,795" index="0" style="position:fixed;left:8.377518557794273%;top:7.078431372549019%;height:15.588235294117647%;width:61.35434025147705%;" type="para">GOLDMAN SACHS COLLECTIVE TRUST FUNDS
CONFIDENTIAL FEE SCHEDULE
AS OF SEPTEMBER 1, 2014</div></box><box><div coordinates="523,1262,4110,1208" index="1" style="position:fixed;left:7.923041963338888%;top:24.745098039215684%;height:23.686274509803923%;width:62.26329344038783%;" type="para">CUSTODY, FUND ACCOUNTING
AND FUND ADMINISTRATION SERVICES

This fee schedule is for services (the &#8220;Services&#8482;) provided by State Street Bank and Trust Company or its affiliates
(&#8220;State Street&#8221;) to the Funds (as defined below) pursuant to that certain (a) Custodian Agreement dated as of July

12, 2001 by and between State Street and the Funds (the &#8220;Custody Agreement&#8221;); and (b) Enhanced Accounting
Services Agreement dated as of November 14, 2006 by and between State Street and the Funds (&#8220;Administration
Agreement&#8221; and together with the Custody Agreement, the &#8220;Agreements,&#8221; all as may be amended, supplemented,
restated or otherwise modified from time to time). This fee schedule shall apply to all funds, portfolios or accounts
that may be party or subject to the Agreements from time to time (each a &#8220;Fund&#8221; and collectively, the &#8220;Funds&#8221;).</div></box><box><div coordinates="535,2562,4170,246" index="2" style="position:fixed;left:8.104832601121043%;top:50.23529411764706%;height:4.823529411764706%;width:63.17224662929859%;" type="para">I. Custody</div></box><box><div coordinates="2352,2834,122,122" index="3" style="position:fixed;left:35.63096500530223%;top:55.56862745098039%;height:2.392156862745098%;width:1.8482048174519012%;" type="para">e Ci</div></box><box><div coordinates="3215,2835,351,429" index="4" style="position:fixed;left:48.70474170580215%;top:55.58823529411765%;height:8.411764705882353%;width:5.317376155128011%;" type="para">te Street sl
&gt; Basis Po:
ly installm
ket value</div></box><box><div coordinates="3979,2911,122,123" index="5" style="position:fixed;left:60.278745644599304%;top:57.07843137254902%;height:2.411764705882353%;width:1.8482048174519012%;" type="para">-&#8217; Wd</div></box><box><div coordinates="1576,2931,175,239" index="6" style="position:fixed;left:23.87517042872292%;top:57.470588235294116%;height:4.686274509803921%;width:2.651113467656416%;" type="para">custo
nthly</div></box><box><div coordinates="591,3099,166,125" index="7" style="position:fixed;left:8.953188910771095%;top:60.76470588235294%;height:2.450980392156863%;width:2.5147704893198%;" type="para">Ad 83</div></box><box><div coordinates="1690,3209,121,126" index="8" style="position:fixed;left:25.602181487653386%;top:62.92156862745099%;height:2.4705882352941173%;width:1.8330555976367218%;" type="para">of</div></box><box><div coordinates="1554,3229,121,125" index="9" style="position:fixed;left:23.54188759278897%;top:63.313725490196084%;height:2.450980392156863%;width:1.8330555976367218%;" type="para" /></box><box><div coordinates="1686,3386,121,166" index="10" style="position:fixed;left:25.54158460839267%;top:66.3921568627451%;height:3.2549019607843137%;width:1.8330555976367218%;" type="para" /></box><box><div coordinates="3379,3415,121,126" index="11" style="position:fixed;left:51.18921375549159%;top:66.96078431372548%;height:2.4705882352941173%;width:1.8330555976367218%;" type="para">ing</div></box><box><div coordinates="589,3674,3988,270" index="12" style="position:fixed;left:8.922890471140736%;top:72.0392156862745%;height:5.294117647058823%;width:60.41508862293592%;" type="para">* See Appendix 1 for information on transaction processing fees including important information on
foreign currency exchange transactions.</div></box><box><div coordinates="587,3962,288,169" index="13" style="position:fixed;left:8.892592031510377%;top:77.68627450980392%;height:3.313725490196078%;width:4.362975306771701%;" type="para">Domes</div></box><box><div coordinates="929,3977,180,146" index="14" style="position:fixed;left:14.073625208301774%;top:77.98039215686275%;height:2.8627450980392157%;width:2.7268595667323132%;" type="para">c Cus</div></box><box><div coordinates="601,4152,622,226" index="15" style="position:fixed;left:9.104681108922891%;top:81.41176470588235%;height:4.431372549019608%;width:9.42281472504166%;" type="para">Basis Point Fee |
Net Assets Per Fi</div></box><box><div coordinates="1584,4175,121,149" index="16" style="position:fixed;left:23.996364187244357%;top:81.86274509803921%;height:2.9215686274509807%;width:1.8330555976367218%;" type="para">er</div></box><box><div coordinates="3651,4538,491,186" index="17" style="position:fixed;left:55.30980154522042%;top:88.98039215686275%;height:3.6470588235294117%;width:7.4382669292531425%;" type="para">Appendix 2</div></box><box><div coordinates="599,4540,642,169" index="18" style="position:fixed;left:9.07438266929253%;top:89.01960784313725%;height:3.313725490196078%;width:9.72579912134525%;" type="para">Foreign Custody</div></box></Blocks></page><page num="2" src="img/Bi2i_1041/Bi2i_1041-01.jpg" txt_src="img/Bi2i_1041/Bi2i_1041-01.txt"><Blocks><box><div coordinates="559,354,4048,800" index="0" style="position:fixed;left:8.46841387668535%;top:6.9411764705882355%;height:15.686274509803921%;width:61.32404181184668%;" type="para">GOLDMAN SACHS COLLECTIVE TRUST FUNDS
CONFIDENTIAL FEE SCHEDULE
AS OF SEPTEMBER 1, 2014</div></box><box><div coordinates="537,1374,4170,246" index="1" style="position:fixed;left:8.135131040751402%;top:26.941176470588236%;height:4.823529411764706%;width:63.17224662929859%;" type="para">11. Fund Accounting</div></box><box><div coordinates="1528,1635,337,429" index="2" style="position:fixed;left:23.148007877594303%;top:32.05882352941177%;height:8.411764705882353%;width:5.105287077715498%;" type="para">counting .
ind accout
1 monthly
he averag</div></box><box><div coordinates="3387,1638,191,246" index="3" style="position:fixed;left:51.31040751401302%;top:32.11764705882353%;height:4.823529411764706%;width:2.893500984699288%;" type="para">State
&gt; Basi

Fad</div></box><box><div coordinates="4143,1721,168,123" index="4" style="position:fixed;left:62.76321769428874%;top:33.74509803921569%;height:2.411764705882353%;width:2.545068928950159%;" type="para">&gt; Mit</div></box><box><div coordinates="3213,1736,167,232" index="5" style="position:fixed;left:48.67444326617179%;top:34.03921568627451%;height:4.549019607843137%;width:2.5299197091349797%;" type="para">of th
f the</div></box><box><div coordinates="3207,1927,295,234" index="6" style="position:fixed;left:48.583547947280714%;top:37.7843137254902%;height:4.588235294117647%;width:4.469019845477957%;" type="para">he basis
ifically ic</div></box><box><div coordinates="1556,2025,143,134" index="7" style="position:fixed;left:23.57218603241933%;top:39.705882352941174%;height:2.627450980392157%;width:2.166338433570671%;" type="para">t INC</div></box><box><div coordinates="588,2188,707,188" index="8" style="position:fixed;left:8.907741251325557%;top:42.90196078431372%;height:3.686274509803922%;width:10.71049840933192%;" type="para">Fund Accounting</div></box><box><div coordinates="599,2376,622,222" index="9" style="position:fixed;left:9.07438266929253%;top:46.588235294117645%;height:4.352941176470588%;width:9.42281472504166%;" type="para">Basis Point Fee &#162;
Net Assets Per Fi</div></box><box><div coordinates="961,2570,176,222" index="10" style="position:fixed;left:14.558400242387517%;top:50.3921568627451%;height:4.352941176470588%;width:2.666262687471595%;" type="para">rb? A WA
i

) Mil!
) Mil</div></box><box><div coordinates="599,2667,121,121" index="11" style="position:fixed;left:9.07438266929253%;top:52.294117647058826%;height:2.372549019607843%;width:1.8330555976367218%;" type="para" /></box><box><div coordinates="599,2950,582,170" index="12" style="position:fixed;left:9.07438266929253%;top:57.84313725490197%;height:3.3333333333333335%;width:8.816845932434479%;" type="para">Minimum Fee &#162;</div></box><box><div coordinates="595,3142,1206,188" index="13" style="position:fixed;left:9.013785790031813%;top:61.6078431372549%;height:3.686274509803922%;width:18.2699590971065%;" type="para">Complex Fund Accounting Fee (

AT Armdlinnlala A cceemtbe</div></box><box><div coordinates="1543,3340,244,358" index="14" style="position:fixed;left:23.375246174821996%;top:65.49019607843137%;height:7.019607843137255%;width:3.6964096349038025%;" type="para">s with |
Ss being
&gt; Marke</div></box><box><div coordinates="585,3454,122,124" index="15" style="position:fixed;left:8.862293591880018%;top:67.72549019607843%;height:2.431372549019608%;width:1.8482048174519012%;" type="para" /></box><box><div coordinates="591,3720,1214,188" index="16" style="position:fixed;left:8.953188910771095%;top:72.94117647058823%;height:3.686274509803922%;width:18.391152855627936%;" type="para">Portfolio Asset Allocation (per Fu

A 4132373 1 Tres</div></box><box><div coordinates="585,4010,840,221" index="17" style="position:fixed;left:8.862293591880018%;top:78.62745098039215%;height:4.333333333333334%;width:12.725344644750795%;" type="para">AUTOMATED PRICING
Monthly Base Fee (per</div></box><box><div coordinates="1574,4138,293,230" index="18" style="position:fixed;left:23.84487198909256%;top:81.13725490196079%;height:4.509803921568627%;width:4.438721405847599%;" type="para">i/per mo
d Incom</div></box><box><div coordinates="769,4496,154,155" index="19" style="position:fixed;left:11.64975003787305%;top:88.15686274509804%;height:3.0392156862745097%;width:2.332979851537646%;" type="para">A ASL</div></box><box><div coordinates="1554,4616,203,256" index="20" style="position:fixed;left:23.54188759278897%;top:90.50980392156863%;height:5.019607843137255%;width:3.0752916224814424%;" type="para">rities
es (pe

y annte |</div></box><box><div coordinates="923,4708,122,123" index="21" style="position:fixed;left:13.982729889410695%;top:92.31372549019608%;height:2.411764705882353%;width:1.8482048174519012%;" type="para">d Cl</div></box><box><div coordinates="586,4954,1886,464" index="22" style="position:fixed;left:8.877442811695198%;top:97.13725490196077%;height:9.098039215686274%;width:28.57142857142857%;" type="para">FAIR VALUATION / STATE STREET PRICING SERVICE
e Fair Valuation Appraisal (close to fair value c:
e Back Test Report (close to open &amp; fair value t
e Summary Reports</div></box><box><div coordinates="3021,5098,121,121" index="23" style="position:fixed;left:45.76579306165732%;top:99.9607843137255%;height:2.372549019607843%;width:1.8330555976367218%;" type="para" /></box><box><div coordinates="3315,5200,121,124" index="24" style="position:fixed;left:50.21966368732011%;top:101.96078431372548%;height:2.431372549019608%;width:1.8330555976367218%;" type="para">NA</div></box><box><div coordinates="587,5558,662,178" index="25" style="position:fixed;left:8.892592031510377%;top:108.98039215686275%;height:3.4901960784313726%;width:10.028783517648842%;" type="para">OTHER SERVICES
Ranks AAA iivmn]</div></box><box><div coordinates="3655,5684,121,121" index="26" style="position:fixed;left:55.37039842448114%;top:111.45098039215686%;height:2.372549019607843%;width:1.8330555976367218%;" type="para">*W</div></box><box><div coordinates="603,5742,460,360" index="27" style="position:fixed;left:9.13497954855325%;top:112.58823529411765%;height:7.0588235294117645%;width:6.968641114982578%;" type="para">Ad AW EL 4 ARENA NLY

Multi-Mana,
e Ma
&#162; Ma</div></box><box><div coordinates="1618,5877,121,121" index="28" style="position:fixed;left:24.51143766096046%;top:115.23529411764706%;height:2.372549019607843%;width:1.8330555976367218%;" type="para">SOIC</div></box></Blocks></page><page num="3" src="img/Bi2i_1041/Bi2i_1041-02.jpg" txt_src="img/Bi2i_1041/Bi2i_1041-02.txt"><Blocks><box><div coordinates="523,358,4052,798" index="0" style="position:fixed;left:7.923041963338888%;top:7.019607843137255%;height:15.647058823529411%;width:61.384638691107405%;" type="para">STATE STREET BANK AND TRUST COMPANY

 

GOLDMAN SACHS COLLECTIVE TRUST FUNDS
CONFIDENTIAL FEE SCHEDULE
AS OF SEPTEMBER 1, 2014</div></box><box><div coordinates="2914,1298,254,156" index="1" style="position:fixed;left:44.14482654143312%;top:25.450980392156865%;height:3.058823529411765%;width:3.8479018330555976%;" type="para">r NAV</div></box><box><div coordinates="1580,1307,363,157" index="2" style="position:fixed;left:23.93576730798364%;top:25.627450980392158%;height:3.0784313725490198%;width:5.499166792910165%;" type="para">edger from</div></box><box><div coordinates="710,1312,136,140" index="3" style="position:fixed;left:10.755946068777458%;top:25.725490196078432%;height:2.7450980392156863%;width:2.0602938948644143%;" type="para" /></box><box><div coordinates="853,1315,122,127" index="4" style="position:fixed;left:12.92228450234813%;top:25.7843137254902%;height:2.4901960784313726%;width:1.8482048174519012%;" type="para" /></box><box><div coordinates="2396,1341,121,121" index="5" style="position:fixed;left:36.29753067717012%;top:26.294117647058822%;height:2.372549019607843%;width:1.8330555976367218%;" type="para">mpc</div></box><box><div coordinates="2082,1488,122,262" index="6" style="position:fixed;left:31.54067565520376%;top:29.176470588235293%;height:5.137254901960785%;width:1.8482048174519012%;" type="para">r Fu
r Fu</div></box><box><div coordinates="569,1492,256,354" index="7" style="position:fixed;left:8.619906074837145%;top:29.254901960784313%;height:6.9411764705882355%;width:3.878200272685957%;" type="para">ASC &#167;
ASC &amp;
NAV.</div></box><box><div coordinates="746,1495,133,135" index="8" style="position:fixed;left:11.301317982123921%;top:29.31372549019608%;height:2.6470588235294117%;width:2.014846235418876%;" type="para" /></box><box><div coordinates="1294,1494,139,354" index="9" style="position:fixed;left:19.603090440842298%;top:29.294117647058826%;height:6.9411764705882355%;width:2.105741554309953%;" type="para">FAS
FAS
r Fu</div></box><box><div coordinates="1574,1495,295,351" index="10" style="position:fixed;left:23.84487198909256%;top:29.31372549019608%;height:6.88235294117647%;width:4.469019845477957%;" type="para">) Reporti
) Reporti
er year)</div></box><box><div coordinates="3653,1491,170,231" index="11" style="position:fixed;left:55.340099984850774%;top:29.235294117647058%;height:4.529411764705882%;width:2.575367368580518%;" type="para">$80
$80</div></box><box><div coordinates="1019,1785,148,157" index="12" style="position:fixed;left:15.437054991667928%;top:35.0%;height:3.0784313725490198%;width:2.242084532646569%;" type="para">yo.

1 ) Po</div></box><box><div coordinates="3607,1891,365,598" index="13" style="position:fixed;left:54.64323587335252%;top:37.07843137254902%;height:11.72549019607843%;width:5.529465232540525%;" type="para">$500

$750
$1,000
$10,000
$5,000

$500</div></box><box><div coordinates="755,2157,172,227" index="14" style="position:fixed;left:11.437660960460535%;top:42.29411764705882%;height:4.450980392156863%;width:2.605665808210877%;" type="para">1 Me
) Reg</div></box><box><div coordinates="567,2177,121,147" index="15" style="position:fixed;left:8.589607635206786%;top:42.68627450980392%;height:2.8823529411764706%;width:1.8330555976367218%;" type="para">Fu

pp</div></box><box><div coordinates="1262,2254,121,166" index="16" style="position:fixed;left:19.118315406756555%;top:44.19607843137255%;height:3.2549019607843137%;width:1.8330555976367218%;" type="para">r Fu</div></box><box><div coordinates="1658,2272,193,244" index="17" style="position:fixed;left:25.117406453567643%;top:44.549019607843135%;height:4.784313725490196%;width:2.923799424329647%;" type="para">ear)
er ac</div></box><box><div coordinates="567,2348,155,168" index="18" style="position:fixed;left:8.589607635206786%;top:46.03921568627451%;height:3.294117647058824%;width:2.348129071352825%;" type="para">wl A

Ho</div></box><box><div coordinates="911,2353,162,326" index="19" style="position:fixed;left:13.800939251628542%;top:46.13725490196078%;height:6.3921568627450975%;width:2.454173610059082%;" type="para">ASA VAL

Acc
e Ap
tody</div></box><box><div coordinates="1166,2490,121,121" index="20" style="position:fixed;left:17.66399030449932%;top:48.8235294117647%;height:2.372549019607843%;width:1.8330555976367218%;" type="para">1dix</div></box><box><div coordinates="569,2545,122,123" index="21" style="position:fixed;left:8.619906074837145%;top:49.90196078431373%;height:2.411764705882353%;width:1.8482048174519012%;" type="para" /></box><box><div coordinates="1544,2554,231,147" index="22" style="position:fixed;left:23.390395394637174%;top:50.07843137254901%;height:2.8823529411764706%;width:3.4994697773064685%;" type="para">jations</div></box><box><div coordinates="2178,2557,179,149" index="23" style="position:fixed;left:32.99500075746099%;top:50.13725490196078%;height:2.9215686274509807%;width:2.7117103469171338%;" type="para">ker 1</div></box><box><div coordinates="3661,2561,121,121" index="24" style="position:fixed;left:55.46129374337222%;top:50.21568627450981%;height:2.372549019607843%;width:1.8330555976367218%;" type="para" /></box><box><div coordinates="1916,2585,121,122" index="25" style="position:fixed;left:29.02590516588396%;top:50.68627450980392%;height:2.392156862745098%;width:1.8330555976367218%;" type="para" /></box><box><div coordinates="3233,2746,417,342" index="26" style="position:fixed;left:48.97742766247538%;top:53.84313725490196%;height:6.705882352941177%;width:6.317224662929859%;" type="para">bourg ($125
rward FX po
fee per site

+ ~~ 1 7</div></box><box><div coordinates="3843,2772,121,121" index="27" style="position:fixed;left:58.21845174973489%;top:54.352941176470594%;height:2.372549019607843%;width:1.8330555976367218%;" type="para">ma</div></box><box><div coordinates="2730,2927,122,123" index="28" style="position:fixed;left:41.35737009544008%;top:57.392156862745104%;height:2.411764705882353%;width:1.8482048174519012%;" type="para">Ll"?

 M.</div></box><box><div coordinates="1510,3150,121,121" index="29" style="position:fixed;left:22.87532192092107%;top:61.76470588235294%;height:2.372549019607843%;width:1.8330555976367218%;" type="para">~

W&#163;</div></box><box><div coordinates="539,3292,4178,252" index="30" style="position:fixed;left:8.16542948038176%;top:64.54901960784314%;height:4.941176470588235%;width:63.293440387820034%;" type="para">111. Loan Services | .</div></box><box><div coordinates="561,3548,122,166" index="31" style="position:fixed;left:8.498712316315709%;top:69.56862745098039%;height:3.2549019607843137%;width:1.8482048174519012%;" type="para" /></box><box><div coordinates="3225,3557,353,437" index="32" style="position:fixed;left:48.85623390395394%;top:69.74509803921569%;height:8.568627450980394%;width:5.34767459475837%;" type="para">Street shal
for Loans
ita share of
e schedule</div></box><box><div coordinates="1578,3566,279,332" index="33" style="position:fixed;left:23.90546886835328%;top:69.92156862745098%;height:6.509803921568627%;width:4.226632328435086%;" type="para">vices pu
es fee 1s
nts, unle</div></box><box><div coordinates="2262,3568,122,124" index="34" style="position:fixed;left:34.26753522193607%;top:69.96078431372548%;height:2.431372549019608%;width:1.8482048174519012%;" type="para" /></box><box><div coordinates="2501,3562,121,121" index="35" style="position:fixed;left:37.88819875776397%;top:69.84313725490196%;height:2.372549019607843%;width:1.8330555976367218%;" type="para">dy</div></box><box><div coordinates="2826,3686,122,122" index="36" style="position:fixed;left:42.81169519769732%;top:72.27450980392157%;height:2.392156862745098%;width:1.8482048174519012%;" type="para">B:</div></box><box><div coordinates="4089,3684,122,122" index="37" style="position:fixed;left:61.94515982426905%;top:72.23529411764706%;height:2.392156862745098%;width:1.8482048174519012%;" type="para" /></box><box><div coordinates="3867,3734,122,168" index="38" style="position:fixed;left:58.5820330252992%;top:73.2156862745098%;height:3.294117647058824%;width:1.8482048174519012%;" type="para">LAW AN

Th</div></box><box><div coordinates="2553,3754,157,217" index="39" style="position:fixed;left:38.67595818815331%;top:73.6078431372549%;height:4.254901960784314%;width:2.378427510983184%;" type="para">ed, tl
7 ide</div></box><box><div coordinates="581,3765,121,121" index="40" style="position:fixed;left:8.8016967126193%;top:73.82352941176471%;height:2.372549019607843%;width:1.8330555976367218%;" type="para" /></box><box><div coordinates="1030,3852,121,121" index="41" style="position:fixed;left:15.603696409634903%;top:75.52941176470588%;height:2.372549019607843%;width:1.8330555976367218%;" type="para">ny</div></box><box><div coordinates="563,4026,1524,184" index="42" style="position:fixed;left:8.52901075594607%;top:78.94117647058823%;height:3.607843137254902%;width:23.087410998333585%;" type="para">Committed Asset Based Fee for Loans (pe

Tivmt QTNND 211 An ten aod</div></box><box><div coordinates="2096,4024,122,168" index="43" style="position:fixed;left:31.752764732616267%;top:78.90196078431373%;height:3.294117647058824%;width:1.8482048174519012%;" type="para" /></box><box><div coordinates="3525,4024,524,168" index="44" style="position:fixed;left:53.4009998485078%;top:78.90196078431373%;height:3.294117647058824%;width:7.938191183154067%;" type="para">Basis Points

&#8221;~ Nn</div></box><box><div coordinates="2282,4072,129,138" index="45" style="position:fixed;left:34.57051961823966%;top:79.84313725490196%;height:2.705882352941176%;width:1.9542493561581578%;" type="para" /></box><box><div coordinates="571,4224,152,152" index="46" style="position:fixed;left:8.650204514467505%;top:82.82352941176471%;height:2.980392156862745%;width:2.3026814119072867%;" type="para">- H*AKL

Ne

Eg</div></box><box><div coordinates="569,4504,168,447" index="47" style="position:fixed;left:8.619906074837145%;top:88.31372549019608%;height:8.764705882352942%;width:2.545068928950159%;" type="para" /></box><box><div coordinates="2486,4502,200,358" index="48" style="position:fixed;left:37.66096046053628%;top:88.27450980392156%;height:7.019607843137255%;width:3.0298439630359035%;" type="para">per Fu
r Func
r Func

+1 \</div></box><box><div coordinates="1504,4511,345,444" index="49" style="position:fixed;left:22.784426602029995%;top:88.45098039215686%;height:8.705882352941176%;width:5.2264808362369335%;" type="para">1d that hol
1d that hol
1d that hol
reater than</div></box><box><div coordinates="917,4528,122,315" index="50" style="position:fixed;left:13.891834570519618%;top:88.7843137254902%;height:6.176470588235294%;width:1.8482048174519012%;" type="para">1 Cl
1 Cl
1 Cl</div></box><box><div coordinates="3626,4525,126,409" index="51" style="position:fixed;left:54.93107104984093%;top:88.72549019607843%;height:8.019607843137255%;width:1.9088016967126193%;" type="para" /></box><box><div coordinates="1357,4550,122,218" index="52" style="position:fixed;left:20.557491289198605%;top:89.2156862745098%;height:4.2745098039215685%;width:1.8482048174519012%;" type="para">1 Fu
1 Fu</div></box><box><div coordinates="541,4970,4176,252" index="53" style="position:fixed;left:8.19572792001212%;top:97.45098039215686%;height:4.941176470588235%;width:63.26314194818967%;" type="para" /></box><box><div coordinates="2827,5258,121,121" index="54" style="position:fixed;left:42.8268444175125%;top:103.09803921568627%;height:2.372549019607843%;width:1.8330555976367218%;" type="para" /></box><box><div coordinates="3225,5254,363,356" index="55" style="position:fixed;left:48.85623390395394%;top:103.01960784313727%;height:6.980392156862745%;width:5.499166792910165%;" type="para">tion Agree
nts in arre
hedule.</div></box><box><div coordinates="1582,5272,195,342" index="56" style="position:fixed;left:23.966065747614%;top:103.37254901960785%;height:6.705882352941177%;width:2.9540978639600057%;" type="para">minis
below
3S Or &#8364;</div></box><box><div coordinates="960,5296,121,121" index="57" style="position:fixed;left:14.543251022572337%;top:103.84313725490195%;height:2.372549019607843%;width:1.8330555976367218%;" type="para">OVIS</div></box><box><div coordinates="2075,5294,121,121" index="58" style="position:fixed;left:31.434631116497503%;top:103.80392156862746%;height:2.372549019607843%;width:1.8330555976367218%;" type="para">VI</div></box><box><div coordinates="3721,5346,122,168" index="59" style="position:fixed;left:56.37024693228299%;top:104.82352941176471%;height:3.294117647058824%;width:1.8482048174519012%;" type="para" /></box><box><div coordinates="4182,5362,121,121" index="60" style="position:fixed;left:63.35403726708074%;top:105.13725490196077%;height:2.372549019607843%;width:1.8330555976367218%;" type="para" /></box><box><div coordinates="2407,5412,122,121" index="61" style="position:fixed;left:36.4641720951371%;top:106.11764705882354%;height:2.372549019607843%;width:1.8482048174519012%;" type="para" /></box><box><div coordinates="553,5734,1212,274" index="62" style="position:fixed;left:8.377518557794273%;top:112.4313725490196%;height:5.372549019607844%;width:18.360854415997576%;" type="para">Financial Reporting Services
Flat Fee per Fund (Annual Report:</div></box><box><div coordinates="1788,5847,121,121" index="63" style="position:fixed;left:27.08680502954098%;top:114.64705882352942%;height:2.372549019607843%;width:1.8330555976367218%;" type="para">onl</div></box><box><div coordinates="3628,5844,121,121" index="64" style="position:fixed;left:54.96136948947129%;top:114.58823529411765%;height:2.372549019607843%;width:1.8330555976367218%;" type="para">$6</div></box><box><div coordinates="553,6022,1134,186" index="65" style="position:fixed;left:8.377518557794273%;top:118.078431372549%;height:3.6470588235294117%;width:17.17921527041357%;" type="para">Fund Administration Services</div></box></Blocks></page><page num="4" src="img/Bi2i_1041/Bi2i_1041-03.jpg" txt_src="img/Bi2i_1041/Bi2i_1041-03.txt"><Blocks><box><div coordinates="555,369,4050,793" index="0" style="position:fixed;left:8.407816997424632%;top:7.235294117647059%;height:15.549019607843137%;width:61.35434025147705%;" type="para">GOLDMAN SACHS COLLECTIVE TRUST FUNDS
CONFIDENTIAL FEE SCHEDULE
AS OF SEPTEMBER 1, 2014</div></box><box><div coordinates="1229,1309,122,123" index="1" style="position:fixed;left:18.61839115285563%;top:25.666666666666664%;height:2.411764705882353%;width:1.8482048174519012%;" type="para" /></box><box><div coordinates="1596,1316,121,136" index="2" style="position:fixed;left:24.17815482502651%;top:25.80392156862745%;height:2.666666666666667%;width:1.8330555976367218%;" type="para">on</div></box><box><div coordinates="1334,1582,121,121" index="3" style="position:fixed;left:20.209059233449477%;top:31.019607843137255%;height:2.372549019607843%;width:1.8330555976367218%;" type="para">FY]</div></box><box><div coordinates="645,1597,140,139" index="4" style="position:fixed;left:9.77124678079079%;top:31.313725490196077%;height:2.7254901960784315%;width:2.1208907741251326%;" type="para" /></box><box><div coordinates="1572,1623,121,125" index="5" style="position:fixed;left:23.814573549462203%;top:31.823529411764707%;height:2.450980392156863%;width:1.8330555976367218%;" type="para">1S1S</div></box><box><div coordinates="583,1774,646,248" index="6" style="position:fixed;left:8.83199515224966%;top:34.78431372549019%;height:4.862745098039216%;width:9.78639600060597%;" type="para">Quarterly Financ
Bank Holding Co</div></box><box><div coordinates="1259,1772,644,262" index="7" style="position:fixed;left:19.072867747311015%;top:34.74509803921569%;height:5.137254901960785%;width:9.75609756097561%;" type="para">al Statements&#8217;
npany Reporting Fl</div></box><box><div coordinates="2646,2060,122,124" index="8" style="position:fixed;left:40.084835630965%;top:40.3921568627451%;height:2.431372549019608%;width:1.8482048174519012%;" type="para">t M</div></box><box><div coordinates="569,2246,4176,246" index="9" style="position:fixed;left:8.619906074837145%;top:44.03921568627451%;height:4.823529411764706%;width:63.26314194818967%;" type="para">V. Additional Services</div></box><box><div coordinates="1580,2512,307,336" index="10" style="position:fixed;left:23.93576730798364%;top:49.254901960784316%;height:6.588235294117648%;width:4.650810483260112%;" type="para">of a non-
reparatio
ramming</div></box><box><div coordinates="3209,2517,337,341" index="11" style="position:fixed;left:48.61384638691108%;top:49.35294117647059%;height:6.686274509803922%;width:5.105287077715498%;" type="para">10NS Or Ie
ootiation.
other spec</div></box><box><div coordinates="1712,3009,197,222" index="12" style="position:fixed;left:25.935464323587336%;top:59.0%;height:4.352941176470588%;width:2.984396303590365%;" type="para">signifi
sitate</div></box><box><div coordinates="3287,3168,121,125" index="13" style="position:fixed;left:49.79548553249508%;top:62.117647058823536%;height:2.450980392156863%;width:1.8330555976367218%;" type="para">al]</div></box><box><div coordinates="1660,3271,121,159" index="14" style="position:fixed;left:25.147704893198004%;top:64.13725490196079%;height:3.1176470588235294%;width:1.8330555976367218%;" type="para">Fu</div></box><box><div coordinates="531,3542,4216,250" index="15" style="position:fixed;left:8.044235721860323%;top:69.45098039215686%;height:4.901960784313726%;width:63.869110740796856%;" type="para">VI. Other Expenses, Fees and Charges</div></box><box><div coordinates="1590,3825,149,233" index="16" style="position:fixed;left:24.08725950613543%;top:75.0%;height:4.568627450980392%;width:2.2572337524617483%;" type="para">othe
h mc</div></box><box><div coordinates="3275,3820,121,144" index="17" style="position:fixed;left:49.61369489471292%;top:74.90196078431373%;height:2.823529411764706%;width:1.8330555976367218%;" type="para">ITC</div></box><box><div coordinates="3419,3822,147,238" index="18" style="position:fixed;left:51.79518254809877%;top:74.94117647058823%;height:4.666666666666667%;width:2.2269353128313893%;" type="para">| on
of st</div></box><box><div coordinates="3209,3995,169,161" index="19" style="position:fixed;left:48.61384638691108%;top:78.33333333333333%;height:3.1568627450980395%;width:2.5602181487653386%;" type="para">Rod dh Sp Spry th

r the

re</div></box><box><div coordinates="1630,4007,241,339" index="20" style="position:fixed;left:24.693228298742614%;top:78.56862745098039%;height:6.647058823529411%;width:3.650961975458264%;" type="para">tual us:
od fees
tory fe</div></box><box><div coordinates="1722,4489,121,126" index="21" style="position:fixed;left:26.08695652173913%;top:88.01960784313727%;height:2.4705882352941173%;width:1.8330555976367218%;" type="para">Stre</div></box><box><div coordinates="1572,4491,121,128" index="22" style="position:fixed;left:23.814573549462203%;top:88.05882352941177%;height:2.5098039215686274%;width:1.8330555976367218%;" type="para">ate</div></box><box><div coordinates="3315,4513,121,125" index="23" style="position:fixed;left:50.21966368732011%;top:88.49019607843137%;height:2.450980392156863%;width:1.8330555976367218%;" type="para">ir</div></box><box><div coordinates="1045,4766,389,251" index="24" style="position:fixed;left:15.830934706862596%;top:93.45098039215686%;height:4.921568627450981%;width:5.893046508104833%;" type="para">(MCH SW
GSMAC (S</div></box><box><div coordinates="591,4782,142,985" index="25" style="position:fixed;left:8.953188910771095%;top:93.76470588235294%;height:19.31372549019608%;width:2.1511892137554915%;" type="para" /></box><box><div coordinates="2564,4784,139,140" index="26" style="position:fixed;left:38.84259960612029%;top:93.80392156862744%;height:2.7450980392156863%;width:2.105741554309953%;" type="para" /></box><box><div coordinates="3038,4787,122,128" index="27" style="position:fixed;left:46.02332979851538%;top:93.86274509803921%;height:2.5098039215686274%;width:1.8482048174519012%;" type="para">6 Cl</div></box><box><div coordinates="3361,4788,121,165" index="28" style="position:fixed;left:50.91652779881836%;top:93.88235294117648%;height:3.2352941176470593%;width:1.8330555976367218%;" type="para">(pr</div></box><box><div coordinates="791,4802,250,227" index="29" style="position:fixed;left:11.983032873807%;top:94.15686274509804%;height:4.450980392156863%;width:3.7873049537948797%;" type="para">SWIFT
SMAC;</div></box><box><div coordinates="1464,4813,121,121" index="30" style="position:fixed;left:22.178457809422813%;top:94.37254901960785%;height:2.372549019607843%;width:1.8330555976367218%;" type="para" /></box><box><div coordinates="1542,4990,363,404" index="31" style="position:fixed;left:23.360096955006817%;top:97.84313725490196%;height:7.92156862745098%;width:5.499166792910165%;" type="para">be ab

Transmissi
slated to Fu
tage and C</div></box><box><div coordinates="2564,4990,141,781" index="32" style="position:fixed;left:38.84259960612029%;top:97.84313725490196%;height:15.313725490196079%;width:2.136039993940312%;" type="para" /></box><box><div coordinates="3229,5001,121,137" index="33" style="position:fixed;left:48.916830783214664%;top:98.05882352941177%;height:2.686274509803922%;width:1.8330555976367218%;" type="para">mci</div></box><box><div coordinates="2860,5122,122,123" index="34" style="position:fixed;left:43.326768671413426%;top:100.43137254901961%;height:2.411764705882353%;width:1.8482048174519012%;" type="para" /></box><box><div coordinates="3227,5122,315,420" index="35" style="position:fixed;left:48.88653234358431%;top:100.43137254901961%;height:8.235294117647058%;width:4.7720042417815485%;" type="para">ions and
egal Expe

Deposito</div></box><box><div coordinates="2728,5620,122,122" index="36" style="position:fixed;left:41.327071655809725%;top:110.19607843137256%;height:2.392156862745098%;width:1.8482048174519012%;" type="para" /></box><box><div coordinates="3401,5643,121,123" index="37" style="position:fixed;left:51.522496591425536%;top:110.6470588235294%;height:2.411764705882353%;width:1.8330555976367218%;" type="para">CSS</div></box><box><div coordinates="3203,5733,121,145" index="38" style="position:fixed;left:48.52295106802%;top:112.41176470588235%;height:2.843137254901961%;width:1.8330555976367218%;" type="para">CUSt</div></box><box><div coordinates="3443,5840,121,154" index="39" style="position:fixed;left:52.15876382366308%;top:114.50980392156862%;height:3.019607843137255%;width:1.8330555976367218%;" type="para">ript</div></box><box><div coordinates="594,6020,139,141" index="40" style="position:fixed;left:8.998636570216634%;top:118.03921568627452%;height:2.764705882352941%;width:2.105741554309953%;" type="para" /></box><box><div coordinates="2566,6022,140,141" index="41" style="position:fixed;left:38.872898045750645%;top:118.078431372549%;height:2.764705882352941%;width:2.1208907741251326%;" type="para" /></box><box><div coordinates="3389,6021,121,145" index="42" style="position:fixed;left:51.340705953643386%;top:118.05882352941177%;height:2.843137254901961%;width:1.8330555976367218%;" type="para">atic</div></box></Blocks></page><page num="5" src="img/Bi2i_1041/Bi2i_1041-04.jpg" txt_src="img/Bi2i_1041/Bi2i_1041-04.txt"><Blocks><box><div coordinates="555,353,4048,799" index="0" style="position:fixed;left:8.407816997424632%;top:6.921568627450981%;height:15.666666666666668%;width:61.32404181184668%;" type="para">GOLDMAN SACHS COLLECTIVE TRUST FUNDS
CONFIDENTIAL FEE SCHEDULE
AS OF SEPTEMBER 1, 2014</div></box><box><div coordinates="585,1299,140,139" index="1" style="position:fixed;left:8.862293591880018%;top:25.470588235294116%;height:2.7254901960784315%;width:2.1208907741251326%;" type="para" /></box><box><div coordinates="1784,1296,121,144" index="2" style="position:fixed;left:27.02620815028026%;top:25.41176470588235%;height:2.823529411764706%;width:1.8330555976367218%;" type="para" /></box><box><div coordinates="1660,1329,121,121" index="3" style="position:fixed;left:25.147704893198004%;top:26.05882352941176%;height:2.372549019607843%;width:1.8330555976367218%;" type="para">&#8216;alu</div></box><box><div coordinates="1636,1475,121,165" index="4" style="position:fixed;left:24.78412361763369%;top:28.921568627450984%;height:3.2352941176470593%;width:1.8330555976367218%;" type="para">hl</div></box><box><div coordinates="1512,1603,121,121" index="5" style="position:fixed;left:22.90562036055143%;top:31.43137254901961%;height:2.372549019607843%;width:1.8330555976367218%;" type="para">Cur</div></box><box><div coordinates="883,1779,122,129" index="6" style="position:fixed;left:13.376761096803513%;top:34.88235294117647%;height:2.5294117647058822%;width:1.8482048174519012%;" type="para" /></box><box><div coordinates="1538,1971,335,529" index="7" style="position:fixed;left:23.2995000757461%;top:38.64705882352941%;height:10.372549019607844%;width:5.074988638085139%;" type="para">ities will 1
0 the aggre
y Or more
1g 30% of
ities will |

+1</div></box><box><div coordinates="883,2163,122,123" index="8" style="position:fixed;left:13.376761096803513%;top:42.411764705882355%;height:2.411764705882353%;width:1.8482048174519012%;" type="para" /></box><box><div coordinates="585,2546,140,140" index="9" style="position:fixed;left:8.862293591880018%;top:49.92156862745098%;height:2.7450980392156863%;width:2.1208907741251326%;" type="para" /></box><box><div coordinates="1646,2549,199,236" index="10" style="position:fixed;left:24.935615815785486%;top:49.98039215686275%;height:4.627450980392156%;width:3.014694743220724%;" type="para">i part;
| to the</div></box><box><div coordinates="2566,2549,138,241" index="11" style="position:fixed;left:38.872898045750645%;top:49.98039215686275%;height:4.7254901960784315%;width:2.0905923344947737%;" type="para" /></box><box><div coordinates="3229,2559,121,141" index="12" style="position:fixed;left:48.916830783214664%;top:50.17647058823529%;height:2.764705882352941%;width:1.8330555976367218%;" type="para">rw v8</div></box><box><div coordinates="3375,2553,127,248" index="13" style="position:fixed;left:51.12861687623087%;top:50.05882352941177%;height:4.862745098039216%;width:1.9239509165277988%;" type="para">epc
dra:</div></box><box><div coordinates="587,2838,138,140" index="14" style="position:fixed;left:8.892592031510377%;top:55.64705882352941%;height:2.7450980392156863%;width:2.0905923344947737%;" type="para" /></box><box><div coordinates="1576,2833,334,154" index="15" style="position:fixed;left:23.87517042872292%;top:55.54901960784314%;height:3.019607843137255%;width:5.059839418269959%;" type="para">Return C]</div></box><box><div coordinates="2811,2832,193,159" index="16" style="position:fixed;left:42.584456900469625%;top:55.529411764705884%;height:3.1176470588235294%;width:2.923799424329647%;" type="para">wad WN</div></box><box><div coordinates="2566,2848,138,140" index="17" style="position:fixed;left:38.872898045750645%;top:55.84313725490196%;height:2.7450980392156863%;width:2.0905923344947737%;" type="para" /></box><box><div coordinates="539,3200,4208,248" index="18" style="position:fixed;left:8.16542948038176%;top:62.745098039215684%;height:4.862745098039216%;width:63.74791698227541%;" type="para">VII. Assumptions</div></box><box><div coordinates="3271,3477,251,309" index="19" style="position:fixed;left:49.5530980154522%;top:68.17647058823529%;height:6.0588235294117645%;width:3.802454173610059%;" type="para">{ule, is
&gt; Funds
1 custo</div></box><box><div coordinates="1528,3497,249,217" index="20" style="position:fixed;left:23.148007877594303%;top:68.56862745098039%;height:4.254901960784314%;width:3.7721557339797%;" type="para">1at the &#171;
on with

N 01</div></box><box><div coordinates="1740,3751,183,441" index="21" style="position:fixed;left:26.35964247841236%;top:73.54901960784314%;height:8.647058823529411%;width:2.7723072261778516%;" type="para">billio:
t inch
1 othe
caring</div></box><box><div coordinates="3431,3791,121,121" index="22" style="position:fixed;left:51.97697318588092%;top:74.33333333333333%;height:2.372549019607843%;width:1.8330555976367218%;" type="para">| re</div></box><box><div coordinates="3277,3975,121,121" index="23" style="position:fixed;left:49.643993334343286%;top:77.94117647058823%;height:2.372549019607843%;width:1.8330555976367218%;" type="para">ho!</div></box><box><div coordinates="1586,4243,121,149" index="24" style="position:fixed;left:24.026662626874714%;top:83.19607843137254%;height:2.9215686274509807%;width:1.8330555976367218%;" type="para">tio</div></box><box><div coordinates="3281,4247,121,147" index="25" style="position:fixed;left:49.704590213604%;top:83.27450980392157%;height:2.8823529411764706%;width:1.8330555976367218%;" type="para">the</div></box><box><div coordinates="1534,4513,241,165" index="26" style="position:fixed;left:23.23890319648538%;top:88.49019607843137%;height:3.2352941176470593%;width:3.650961975458264%;" type="para">y Ll vw id

chedule</div></box><box><div coordinates="541,4700,4210,248" index="27" style="position:fixed;left:8.19572792001212%;top:92.15686274509804%;height:4.862745098039216%;width:63.77821542190577%;" type="para">VIII. Overdrafts</div></box><box><div coordinates="3379,4972,213,236" index="28" style="position:fixed;left:51.18921375549159%;top:97.49019607843137%;height:4.627450980392156%;width:3.2267838206332375%;" type="para">t by St
ate (pu</div></box><box><div coordinates="3229,5065,159,245" index="29" style="position:fixed;left:48.916830783214664%;top:99.31372549019608%;height:4.803921568627452%;width:2.4087259506135434%;" type="para">get 1
mar}</div></box><box><div coordinates="1524,5070,267,219" index="30" style="position:fixed;left:23.087410998333585%;top:99.41176470588235%;height:4.294117647058823%;width:4.044841690652931%;" type="para">S and 1S
50 basi</div></box><box><div coordinates="545,5422,4210,248" index="31" style="position:fixed;left:8.256324799272837%;top:106.31372549019609%;height:4.862745098039216%;width:63.77821542190577%;" type="para">IX. Confidentiality</div></box><box><div coordinates="1686,5694,121,140" index="32" style="position:fixed;left:25.54158460839267%;top:111.6470588235294%;height:2.7450980392156863%;width:1.8330555976367218%;" type="para">ntie</div></box><box><div coordinates="1544,5703,121,129" index="33" style="position:fixed;left:23.390395394637174%;top:111.8235294117647%;height:2.5294117647058822%;width:1.8330555976367218%;" type="para">1fid.</div></box><box><div coordinates="2533,6188,121,121" index="34" style="position:fixed;left:38.37297379184972%;top:121.33333333333334%;height:2.372549019607843%;width:1.8330555976367218%;" type="para" /></box></Blocks></page><page num="6" src="img/Bi2i_1041/Bi2i_1041-05.jpg" txt_src="img/Bi2i_1041/Bi2i_1041-05.txt"><Blocks><box><div coordinates="559,367,4048,797" index="0" style="position:fixed;left:8.46841387668535%;top:7.196078431372549%;height:15.627450980392158%;width:61.32404181184668%;" type="para">GOLDMAN SACHS COLLECTIVE TRUST FUNDS
CONFIDENTIAL FEE SCHEDULE
AS OF SEPTEMBER 1, 2014</div></box><box><div coordinates="539,1286,4210,248" index="1" style="position:fixed;left:8.16542948038176%;top:25.215686274509803%;height:4.862745098039216%;width:63.77821542190577%;" type="para">X. Payment of Fees</div></box><box><div coordinates="3267,1537,145,167" index="2" style="position:fixed;left:49.492501136191486%;top:30.137254901960787%;height:3.2745098039215685%;width:2.1966368732010304%;" type="para">aile</div></box><box><div coordinates="539,1812,4210,246" index="3" style="position:fixed;left:8.16542948038176%;top:35.529411764705884%;height:4.823529411764706%;width:63.77821542190577%;" type="para">XI. Effectiveness</div></box><box><div coordinates="3239,2157,163,161" index="4" style="position:fixed;left:49.06832298136646%;top:42.29411764705882%;height:3.1568627450980395%;width:2.4693228298742613%;" type="para">ed by</div></box><box><div coordinates="1652,2174,145,148" index="5" style="position:fixed;left:25.026511134676564%;top:42.627450980392155%;height:2.9019607843137254%;width:2.1966368732010304%;" type="para">itil 1</div></box><box><div coordinates="1796,2348,732,186" index="6" style="position:fixed;left:27.207998788062415%;top:46.03921568627451%;height:3.6470588235294117%;width:11.089228904711407%;" type="para">[Remainder of page i</div></box><box><div coordinates="2730,2348,554,170" index="7" style="position:fixed;left:41.35737009544008%;top:46.03921568627451%;height:3.3333333333333335%;width:8.392667777609454%;" type="para">onally left blank</div></box><box><div coordinates="2554,2368,166,144" index="8" style="position:fixed;left:38.69110740796849%;top:46.431372549019606%;height:2.823529411764706%;width:2.5147704893198%;" type="para">tent</div></box></Blocks></page><page num="7" src="img/Bi2i_1041/Bi2i_1041-06.jpg" txt_src="img/Bi2i_1041/Bi2i_1041-06.txt"><Blocks><box><div coordinates="555,361,4050,795" index="0" style="position:fixed;left:8.407816997424632%;top:7.078431372549019%;height:15.588235294117647%;width:61.35434025147705%;" type="para">GOLDMAN SACHS COLLECTIVE TRUST FUNDS
CONFIDENTIAL FEE SCHEDULE
AS OF SEPTEMBER 1, 2014</div></box><box><div coordinates="537,1451,4211,247" index="1" style="position:fixed;left:8.135131040751402%;top:28.45098039215686%;height:4.8431372549019605%;width:63.79336464172095%;" type="para">XII. Signatures</div></box><box><div coordinates="595,1798,1710,174" index="2" style="position:fixed;left:9.013785790031813%;top:35.25490196078431%;height:3.4117647058823533%;width:25.905165883956975%;" type="para">GOLDMAN SACHS TRUST COMPANY, N.A.</div></box><box><div coordinates="2536,1800,1791,174" index="3" style="position:fixed;left:38.41842145129526%;top:35.294117647058826%;height:3.4117647058823533%;width:27.13225268898652%;" type="para">STATE STREET BANK AND TRUST COMPANY</div></box><box><div coordinates="3002,2066,218,252" index="4" style="position:fixed;left:45.47795788516891%;top:40.509803921568626%;height:4.941176470588235%;width:3.3025299197091353%;" type="para" /></box><box><div coordinates="3277,2066,147,193" index="5" style="position:fixed;left:49.643993334343286%;top:40.509803921568626%;height:3.784313725490196%;width:2.2269353128313893%;" type="para" /></box><box><div coordinates="633,2125,122,127" index="6" style="position:fixed;left:9.589456143008634%;top:41.66666666666667%;height:2.4901960784313726%;width:1.8482048174519012%;" type="para">By</div></box><box><div coordinates="2576,2128,122,124" index="7" style="position:fixed;left:39.02439024390244%;top:41.72549019607843%;height:2.431372549019608%;width:1.8482048174519012%;" type="para">By</div></box><box><div coordinates="3557,2125,121,123" index="8" style="position:fixed;left:53.88577488259355%;top:41.66666666666667%;height:2.411764705882353%;width:1.8330555976367218%;" type="para" /></box><box><div coordinates="601,2265,156,159" index="9" style="position:fixed;left:9.104681108922891%;top:44.41176470588235%;height:3.1176470588235294%;width:2.363278291168005%;" type="para" /></box><box><div coordinates="2542,2265,158,161" index="10" style="position:fixed;left:38.50931677018634%;top:44.41176470588235%;height:3.1568627450980395%;width:2.393576730798364%;" type="para" /></box><box><div coordinates="595,2724,1643,774" index="11" style="position:fixed;left:9.013785790031813%;top:53.41176470588235%;height:15.176470588235293%;width:24.890168156339946%;" type="para">GOLDMAN SACHS ASSET MANAGEMENT
(WITH RESPECT TO THE QUARTERLY</div></box><box><div coordinates="635,3175,122,126" index="12" style="position:fixed;left:9.619754582638993%;top:62.254901960784316%;height:2.4705882352941173%;width:1.8482048174519012%;" type="para">By</div></box><box><div coordinates="942,3192,121,121" index="13" style="position:fixed;left:14.270565065899108%;top:62.588235294117645%;height:2.372549019607843%;width:1.8330555976367218%;" type="para" /></box><box><div coordinates="603,3313,156,161" index="14" style="position:fixed;left:9.13497954855325%;top:64.9607843137255%;height:3.1568627450980395%;width:2.363278291168005%;" type="para" /></box><box><div coordinates="1532,3320,356,140" index="15" style="position:fixed;left:23.208604756855024%;top:65.09803921568627%;height:2.7450980392156863%;width:5.393122254203909%;" type="para">OLE</div></box><box><div coordinates="1002,3388,195,216" index="16" style="position:fixed;left:15.179518254809876%;top:66.43137254901961%;height:4.235294117647059%;width:2.9540978639600057%;" type="para">I</div></box><box><div coordinates="1622,3475,488,175" index="17" style="position:fixed;left:24.57203454022118%;top:68.13725490196079%;height:3.431372549019608%;width:7.392819269807605%;" type="para">JICEEDL</div></box><box><div coordinates="1214,3499,123,123" index="18" style="position:fixed;left:18.391152855627936%;top:68.6078431372549%;height:2.411764705882353%;width:1.8633540372670807%;" type="para" /></box><box><div coordinates="1357,3494,226,164" index="19" style="position:fixed;left:20.557491289198605%;top:68.50980392156862%;height:3.215686274509804%;width:3.423723678230571%;" type="para" /></box></Blocks></page><page num="8" src="img/Bi2i_1041/Bi2i_1041-07.jpg" txt_src="img/Bi2i_1041/Bi2i_1041-07.txt"><Blocks><box><div coordinates="555,361,4048,797" index="0" style="position:fixed;left:8.407816997424632%;top:7.078431372549019%;height:15.627450980392158%;width:61.32404181184668%;" type="para">GOLDMAN SACHS COLLECTIVE TRUST FUNDS
CONFIDENTIAL FEE SCHEDULE
AS OF SEPTEMBER 1, 2014</div></box><box><div coordinates="1602,1293,1910,291" index="1" style="position:fixed;left:24.26905014391759%;top:25.35294117647059%;height:5.705882352941177%;width:28.93500984699288%;" type="para">APPENDIX 1
TRANSACTION PROCESSING FEES PER TRADE</div></box><box><div coordinates="3581,1614,121,122" index="2" style="position:fixed;left:54.24935615815786%;top:31.647058823529413%;height:2.392156862745098%;width:1.8330555976367218%;" type="para">Ni</div></box><box><div coordinates="597,1806,166,124" index="3" style="position:fixed;left:9.044084229662172%;top:35.411764705882355%;height:2.431372549019608%;width:2.5147704893198%;" type="para" /></box><box><div coordinates="1584,1815,121,122" index="4" style="position:fixed;left:23.996364187244357%;top:35.588235294117645%;height:2.392156862745098%;width:1.8330555976367218%;" type="para">Pri</div></box><box><div coordinates="1812,1831,121,132" index="5" style="position:fixed;left:27.450386305105283%;top:35.90196078431372%;height:2.588235294117647%;width:1.8330555976367218%;" type="para">pal</div></box><box><div coordinates="635,2043,122,121" index="6" style="position:fixed;left:9.619754582638993%;top:40.05882352941176%;height:2.372549019607843%;width:1.8482048174519012%;" type="para">Wii</div></box><box><div coordinates="1568,2123,263,249" index="7" style="position:fixed;left:23.753976670201485%;top:41.627450980392155%;height:4.88235294117647%;width:3.9842448113922133%;" type="para">oreign E
ange thr</div></box><box><div coordinates="2616,2208,166,124" index="8" style="position:fixed;left:39.630359036509624%;top:43.29411764705882%;height:2.431372549019608%;width:2.5147704893198%;" type="para">I Ma</div></box><box><div coordinates="597,2301,214,237" index="9" style="position:fixed;left:9.044084229662172%;top:45.11764705882353%;height:4.647058823529412%;width:3.241933040448417%;" type="para">&#8220;Has</div></box><box><div coordinates="1712,2400,147,267" index="10" style="position:fixed;left:25.935464323587336%;top:47.05882352941176%;height:5.235294117647059%;width:2.2269353128313893%;" type="para">Wil
\ gre</div></box><box><div coordinates="1522,2824,385,554" index="11" style="position:fixed;left:23.057112558703228%;top:55.372549019607845%;height:10.862745098039216%;width:5.832449628844114%;" type="para">ion written
per issue, pt
er issue, pe
security m
ver holding</div></box><box><div coordinates="3561,3275,121,122" index="12" style="position:fixed;left:53.94637176185426%;top:64.2156862745098%;height:2.392156862745098%;width:1.8330555976367218%;" type="para" /></box><box><div coordinates="3697,3568,121,122" index="13" style="position:fixed;left:56.00666565671868%;top:69.96078431372548%;height:2.392156862745098%;width:1.8330555976367218%;" type="para" /></box><box><div coordinates="1646,3658,241,136" index="14" style="position:fixed;left:24.935615815785486%;top:71.72549019607844%;height:2.666666666666667%;width:3.650961975458264%;" type="para">eld at t</div></box><box><div coordinates="1640,3864,121,127" index="15" style="position:fixed;left:24.84472049689441%;top:75.76470588235294%;height:2.4901960784313726%;width:1.8330555976367218%;" type="para">on</div></box><box><div coordinates="747,4156,1517,257" index="16" style="position:fixed;left:11.3164672019391%;top:81.49019607843138%;height:5.03921568627451%;width:22.981366459627328%;" type="para">Transaction Processing Fees Per Trade.
ettlement of transactions by State Street on</div></box><box><div coordinates="3241,4177,263,151" index="17" style="position:fixed;left:49.09862142099682%;top:81.90196078431372%;height:2.9607843137254903%;width:3.9842448113922133%;" type="para">sing fe</div></box><box><div coordinates="3181,4358,121,123" index="18" style="position:fixed;left:48.18966823208605%;top:85.45098039215686%;height:2.411764705882353%;width:1.8330555976367218%;" type="para" /></box><box><div coordinates="1337,4373,122,126" index="19" style="position:fixed;left:20.254506892895016%;top:85.74509803921569%;height:2.4705882352941173%;width:1.8482048174519012%;" type="para" /></box><box><div coordinates="3389,4387,121,124" index="20" style="position:fixed;left:51.340705953643386%;top:86.01960784313725%;height:2.431372549019608%;width:1.8330555976367218%;" type="para">ur</div></box><box><div coordinates="1552,4397,329,1113" index="21" style="position:fixed;left:23.511589153158614%;top:86.2156862745098%;height:21.823529411764707%;width:4.984093319194061%;" type="para">ody Agre:
rd party ii
a third ps
1 lieu of,

a third pal
ate Street
1S agency
es, includ
y select S
ective of
ed under</div></box><box><div coordinates="3223,4654,325,566" index="22" style="position:fixed;left:48.82593546432359%;top:91.25490196078432%;height:11.098039215686274%;width:4.923496439933343%;" type="para">that may
ich transa
tate Stree
roprietary
ule, A Fu</div></box><box><div coordinates="723,4860,728,174" index="23" style="position:fixed;left:10.952885926374792%;top:95.29411764705881%;height:3.4117647058823533%;width:11.028632025450689%;" type="para">Foreign Exchange.

sy 1&#176;</div></box><box><div coordinates="2094,4863,166,125" index="24" style="position:fixed;left:31.722466292985914%;top:95.35294117647058%;height:2.450980392156863%;width:2.5147704893198%;" type="para">| Ma</div></box><box><div coordinates="3191,4878,121,127" index="25" style="position:fixed;left:48.34116043023784%;top:95.6470588235294%;height:2.4901960784313726%;width:1.8330555976367218%;" type="para">Stal</div></box><box><div coordinates="3199,5086,121,126" index="26" style="position:fixed;left:48.46235418875928%;top:99.72549019607844%;height:2.4705882352941173%;width:1.8330555976367218%;" type="para">{ule</div></box><box><div coordinates="2452,5152,166,125" index="27" style="position:fixed;left:37.14588698682018%;top:101.01960784313727%;height:2.450980392156863%;width:2.5147704893198%;" type="para">Nt LIN

| Ma</div></box><box><div coordinates="3195,5437,425,649" index="28" style="position:fixed;left:48.401757309498564%;top:106.6078431372549%;height:12.725490196078432%;width:6.438418421451295%;" type="para">41 AN wt ALVA

bal Markets :
y a Fund, suc
hem as a de
n State Strec
vices, State |
\ cCOmMMIssior</div></box><box><div coordinates="1506,5459,121,141" index="29" style="position:fixed;left:22.814725041660356%;top:107.0392156862745%;height:2.764705882352941%;width:1.8330555976367218%;" type="para">gre</div></box><box><div coordinates="2438,5630,166,125" index="30" style="position:fixed;left:36.933797909407666%;top:110.39215686274511%;height:2.450980392156863%;width:2.5147704893198%;" type="para">34 WE RA

| Ma:</div></box><box><div coordinates="1536,5654,307,528" index="31" style="position:fixed;left:23.269201636115742%;top:110.86274509803921%;height:10.352941176470589%;width:4.650810483260112%;" type="para">treet or
ity (rega
ction wit
om the I
own, inte</div></box><box><div coordinates="1828,5769,121,124" index="32" style="position:fixed;left:27.69277382214816%;top:113.11764705882352%;height:2.431372549019608%;width:1.8330555976367218%;" type="para">rdle</div></box><box><div coordinates="4043,5824,122,122" index="33" style="position:fixed;left:61.2482957127708%;top:114.19607843137254%;height:2.392156862745098%;width:1.8482048174519012%;" type="para" /></box><box><div coordinates="3175,5848,121,121" index="34" style="position:fixed;left:48.09877291319497%;top:114.66666666666667%;height:2.372549019607843%;width:1.8330555976367218%;" type="para">VICK</div></box><box><div coordinates="2528,6220,124,121" index="35" style="position:fixed;left:38.29722769277382%;top:121.9607843137255%;height:2.372549019607843%;width:1.8785032570822602%;" type="para" /></box></Blocks></page><page num="9" src="img/Bi2i_1041/Bi2i_1041-08.jpg" txt_src="img/Bi2i_1041/Bi2i_1041-08.txt"><Blocks><box><div coordinates="545,353,4050,801" index="0" style="position:fixed;left:8.256324799272837%;top:6.921568627450981%;height:15.705882352941178%;width:61.35434025147705%;" type="para">GOLDMAN SACHS COLLECTIVE TRUST FUNDS
CONFIDENTIAL FEE SCHEDULE
AS OF SEPTEMBER 1, 2014</div></box><box><div coordinates="1568,1562,1906,294" index="1" style="position:fixed;left:23.753976670201485%;top:30.627450980392158%;height:5.764705882352941%;width:28.87441296773216%;" type="para">APPENDIX 2
FOREIGN CUSTODY - COUNTRY BASED FEES</div></box><box><div coordinates="3363,1855,177,454" index="2" style="position:fixed;left:50.946826238448715%;top:36.37254901960784%;height:8.901960784313726%;width:2.681411907286775%;" type="para">dy lo
. The
Stree
Any (</div></box><box><div coordinates="929,1869,122,127" index="3" style="position:fixed;left:14.073625208301774%;top:36.64705882352941%;height:2.4901960784313726%;width:1.8482048174519012%;" type="para" /></box><box><div coordinates="1604,1895,121,123" index="4" style="position:fixed;left:24.299348583547946%;top:37.15686274509804%;height:2.411764705882353%;width:1.8330555976367218%;" type="para">on</div></box><box><div coordinates="3927,1972,122,124" index="5" style="position:fixed;left:59.490986214209975%;top:38.666666666666664%;height:2.431372549019608%;width:1.8482048174519012%;" type="para">n Cl</div></box><box><div coordinates="1664,2063,121,122" index="6" style="position:fixed;left:25.208301772458718%;top:40.45098039215686%;height:2.392156862745098%;width:1.8330555976367218%;" type="para">I pr</div></box><box><div coordinates="529,2277,4097,3636" index="7" style="position:fixed;left:8.013937282229964%;top:44.64705882352941%;height:71.29411764705881%;width:62.06635358279049%;" type="para">be negotiated and agreed upon prior to investment,

MARKET ASSET TRANSACTION MARKET ASSET TRANSACTION
CHARGE CHARGE CHARGE CHARGE
i i (Basis Points)

Argentina
Albania
Australia
Austria
Bahrain
Bangladesh
Belgium

Benin
Bermuda
Botswana
Brazil
Bulgaria
Burkina Fasco
Canada
Cayman Island
Cedel\Clearstream
Chile

  

China (excluding
A shares
Colombia

Costa Rica
Croatia
Cyprus
Czech Republic
Denmark
Ecuador
Egypt
Estonia
Euroclear
Finland
France
German

 

Lithuania
Malawi
Malaysia
Mali
Mauritius
Mexico
Morocco
Namibia
Netherlands
New Zealand
Niger
Nigeria
Norway
Oman
Pakistan
Palestine
Panama

Peru
Philippines
Poland
Portugal
Puerto Rico
Qatar
Romania
Russia
Senegal
Singapore
Slovak Republic
Slovenia
South Africa
South Korea</div></box><box><div coordinates="2626,2834,168,702" index="8" style="position:fixed;left:39.78185123466142%;top:55.56862745098039%;height:13.76470588235294%;width:2.545068928950159%;" type="para" /></box><box><div coordinates="1538,2929,199,436" index="9" style="position:fixed;left:23.2995000757461%;top:57.43137254901961%;height:8.549019607843137%;width:3.014694743220724%;" type="para">1.0
2.0
30.0
25.0</div></box><box><div coordinates="3489,3049,121,122" index="10" style="position:fixed;left:52.855627935161344%;top:59.7843137254902%;height:2.392156862745098%;width:1.8330555976367218%;" type="para" /></box><box><div coordinates="1518,3427,241,610" index="11" style="position:fixed;left:22.99651567944251%;top:67.19607843137256%;height:11.96078431372549%;width:3.650961975458264%;" type="para">50.0
15.0
40.0
8.0
25.0
50.0</div></box><box><div coordinates="2626,3546,154,407" index="12" style="position:fixed;left:39.78185123466142%;top:69.52941176470588%;height:7.980392156862745%;width:2.332979851537646%;" type="para">Ne

Nig
Nig</div></box><box><div coordinates="3485,3555,121,121" index="13" style="position:fixed;left:52.79503105590062%;top:69.70588235294117%;height:2.372549019607843%;width:1.8330555976367218%;" type="para" /></box><box><div coordinates="3465,4088,121,147" index="14" style="position:fixed;left:52.49204665959704%;top:80.15686274509804%;height:2.8823529411764706%;width:1.8330555976367218%;" type="para">rl NS</div></box><box><div coordinates="1574,4099,185,132" index="15" style="position:fixed;left:23.84487198909256%;top:80.37254901960785%;height:2.588235294117647%;width:2.802605665808211%;" type="para">30.0</div></box><box><div coordinates="801,4196,122,125" index="16" style="position:fixed;left:12.134525071958794%;top:82.27450980392157%;height:2.450980392156863%;width:1.8482048174519012%;" type="para">\e</div></box><box><div coordinates="1608,4291,151,130" index="17" style="position:fixed;left:24.359945462808668%;top:84.13725490196079%;height:2.549019607843137%;width:2.2875321920921072%;" type="para">5.0</div></box><box><div coordinates="3467,4887,121,130" index="18" style="position:fixed;left:52.52234509922739%;top:95.82352941176471%;height:2.549019607843137%;width:1.8330555976367218%;" type="para" /></box><box><div coordinates="1520,4952,211,152" index="19" style="position:fixed;left:23.026814119072867%;top:97.09803921568627%;height:2.980392156862745%;width:3.196485381002878%;" type="para">15.0</div></box><box><div coordinates="1576,5155,185,226" index="20" style="position:fixed;left:23.87517042872292%;top:101.07843137254902%;height:4.431372549019608%;width:2.802605665808211%;" type="para">10.0
15.0</div></box><box><div coordinates="1542,5533,169,232" index="21" style="position:fixed;left:23.360096955006817%;top:108.49019607843138%;height:4.549019607843137%;width:2.5602181487653386%;" type="para">1.5
1.0</div></box><box><div coordinates="2878,5766,122,122" index="22" style="position:fixed;left:43.599454628086654%;top:113.05882352941177%;height:2.392156862745098%;width:1.8482048174519012%;" type="para" /></box></Blocks></page><page num="10" src="img/Bi2i_1041/Bi2i_1041-09.jpg" txt_src="img/Bi2i_1041/Bi2i_1041-09.txt"><Blocks><box><div coordinates="551,367,4050,797" index="0" style="position:fixed;left:8.347220118163914%;top:7.196078431372549%;height:15.627450980392158%;width:61.35434025147705%;" type="para">GOLDMAN SACHS COLLECTIVE TRUST FUNDS
CONFIDENTIAL FEE SCHEDULE
AS OF SEPTEMBER 1, 2014</div></box><box><div coordinates="1624,1296,1906,296" index="1" style="position:fixed;left:24.60233297985154%;top:25.41176470588235%;height:5.803921568627451%;width:28.87441296773216%;" type="para">APPENDIX 2 (CONTINUED)
FOREIGN CUSTODY - COUNTRY BASED FEES</div></box><box><div coordinates="537,1692,4096,2640" index="2" style="position:fixed;left:8.135131040751402%;top:33.1764705882353%;height:51.76470588235295%;width:62.05120436297531%;" type="para">MARKET ASSET TRANSACTION MARKET ASSET TRANSACTION
CHARGE CHARGE CHARGE CHARGE
(Basis Points) (Basis Points)
1.5

Ghana 30. Spain
Greece 6.0 Sri Lanka
Guinea-Bissau : Swaziland
Hong Kong Sweden
Hungary Switzerland
Iceland Taiwan
India : Tanzania
Indonesia : Thailand
Ireland Togo
Trinidad &amp;
Israel Tobago
Italy : Tunisia
Ivory Coast Turkey
Jamaica : Uganda
Japan-Mizuho : Ukraine
United Arab
Jordan Emirates
Kazakhstan United Kingdom
Kenya : Uruguay
Kuwait Venezuela
Latvia Vietnam
Lebanon Zambia
Zimbabwe</div></box></Blocks></page><page num="11" src="img/Bi2i_1041/Bi2i_1041-10.jpg" txt_src="img/Bi2i_1041/Bi2i_1041-10.txt"><Blocks><box><div coordinates="557,366,4050,798" index="0" style="position:fixed;left:8.438115437054991%;top:7.1764705882352935%;height:15.647058823529411%;width:61.35434025147705%;" type="para">GOLDMAN SACHS COLLECTIVE TRUST FUNDS
CONFIDENTIAL FEE SCHEDULE
AS OF SEPTEMBER 1, 2014</div></box><box><div coordinates="2280,1298,600,200" index="1" style="position:fixed;left:34.5402211786093%;top:25.450980392156865%;height:3.9215686274509802%;width:9.089531889107711%;" type="para">Appendix 3</div></box><box><div coordinates="1876,1524,1414,182" index="2" style="position:fixed;left:28.419936373276776%;top:29.88235294117647%;height:3.568627450980392%;width:21.42099681866384%;" type="para">BILATERAL PROCESSING RATES</div></box><box><div coordinates="895,1746,233,122" index="3" style="position:fixed;left:13.55855173458567%;top:34.23529411764706%;height:2.392156862745098%;width:3.529768216936828%;" type="para">tatitial L</div></box><box><div coordinates="1432,1748,445,1472" index="4" style="position:fixed;left:21.69368277533707%;top:34.274509803921575%;height:28.862745098039216%;width:6.741402817754885%;" type="para">&#187; Numbe
(low cc
instrun

&#187; Numbe

(high c
instru
&#187; Numbe
comple

&#187; Numbe
comple</div></box><box><div coordinates="2459,1748,214,122" index="5" style="position:fixed;left:37.25193152552643%;top:34.274509803921575%;height:2.392156862745098%;width:3.241933040448417%;" type="para" /></box><box><div coordinates="3345,1750,167,122" index="6" style="position:fixed;left:50.67414028177549%;top:34.31372549019608%;height:2.392156862745098%;width:2.5299197091349797%;" type="para" /></box><box><div coordinates="3573,1750,393,973" index="7" style="position:fixed;left:54.128162399636416%;top:34.31372549019608%;height:19.07843137254902%;width:5.953643387365551%;" type="para" /></box><box><div coordinates="4521,1752,352,466" index="8" style="position:fixed;left:68.4896227844266%;top:34.35294117647059%;height:9.137254901960784%;width:5.33252537494319%;" type="para">Rate

$42</div></box><box><div coordinates="3879,1780,558,292" index="9" style="position:fixed;left:58.76382366308135%;top:34.90196078431372%;height:5.7254901960784315%;width:8.453264656870171%;" type="para">Frequency of

Charge

var oyes MOT OVO</div></box><box><div coordinates="1878,1872,379,196" index="10" style="position:fixed;left:28.450234812907134%;top:36.705882352941174%;height:3.8431372549019605%;width:5.741554309953037%;" type="para">Driver

PPT
11 AE frranonn</div></box><box><div coordinates="2527,1875,995,453" index="11" style="position:fixed;left:38.282078472958645%;top:36.76470588235294%;height:8.882352941176471%;width:15.073473716103623%;" type="para">Services Included

 

&#187; Trade processing (new
trades, novations and
terminations), and</div></box><box><div coordinates="581,1880,544,238" index="12" style="position:fixed;left:8.8016967126193%;top:36.86274509803922%;height:4.666666666666667%;width:8.241175579457657%;" type="para">Categor
ransaction CI</div></box><box><div coordinates="2527,2213,277,1007" index="13" style="position:fixed;left:38.282078472958645%;top:43.3921568627451%;height:19.745098039215687%;width:4.196333888804727%;" type="para" /></box><box><div coordinates="1788,2242,123,122" index="14" style="position:fixed;left:27.08680502954098%;top:43.96078431372549%;height:2.392156862745098%;width:1.8633540372670807%;" type="para">UTIL
har</div></box><box><div coordinates="3259,2387,121,141" index="15" style="position:fixed;left:49.37130737767005%;top:46.80392156862745%;height:2.764705882352941%;width:1.8330555976367218%;" type="para">eric</div></box><box><div coordinates="2118,2430,121,121" index="16" style="position:fixed;left:32.08604756855022%;top:47.647058823529406%;height:2.372549019607843%;width:1.8330555976367218%;" type="para" /></box><box><div coordinates="583,2535,137,155" index="17" style="position:fixed;left:8.83199515224966%;top:49.705882352941174%;height:3.0392156862745097%;width:2.075443114679594%;" type="para" /></box><box><div coordinates="843,2536,231,122" index="18" style="position:fixed;left:12.770792304196336%;top:49.72549019607843%;height:2.392156862745098%;width:3.4994697773064685%;" type="para">Iv Trot</div></box><box><div coordinates="4522,2541,121,122" index="19" style="position:fixed;left:68.50477200424177%;top:49.8235294117647%;height:2.392156862745098%;width:1.8330555976367218%;" type="para" /></box><box><div coordinates="3281,2689,121,122" index="20" style="position:fixed;left:49.704590213604%;top:52.725490196078425%;height:2.392156862745098%;width:1.8330555976367218%;" type="para">| AI</div></box><box><div coordinates="1828,2886,125,122" index="21" style="position:fixed;left:27.69277382214816%;top:56.58823529411765%;height:2.392156862745098%;width:1.8936524768974399%;" type="para">NAY 7</div></box><box><div coordinates="4523,2890,122,122" index="22" style="position:fixed;left:68.51992122405696%;top:56.666666666666664%;height:2.392156862745098%;width:1.8482048174519012%;" type="para" /></box><box><div coordinates="3677,2929,123,293" index="23" style="position:fixed;left:55.70368126041508%;top:57.43137254901961%;height:5.745098039215686%;width:1.8633540372670807%;" type="para" /></box><box><div coordinates="2394,2980,121,121" index="24" style="position:fixed;left:36.267232237539766%;top:58.43137254901961%;height:2.372549019607843%;width:1.8330555976367218%;" type="para" /></box><box><div coordinates="4522,3042,123,180" index="25" style="position:fixed;left:68.50477200424177%;top:59.647058823529406%;height:3.5294117647058822%;width:1.8633540372670807%;" type="para" /></box><box><div coordinates="829,3098,180,122" index="26" style="position:fixed;left:12.558703226783821%;top:60.745098039215684%;height:2.392156862745098%;width:2.7268595667323132%;" type="para" /></box></Blocks></page><page num="12" src="img/Bi2i_1041/Bi2i_1041-11.jpg" txt_src="img/Bi2i_1041/Bi2i_1041-11.txt"><Blocks><box><div coordinates="557,367,4050,797" index="0" style="position:fixed;left:8.438115437054991%;top:7.196078431372549%;height:15.627450980392158%;width:61.35434025147705%;" type="para">GOLDMAN SACHS COLLECTIVE TRUST FUNDS
CONFIDENTIAL FEE SCHEDULE
AS OF SEPTEMBER 1, 2014</div></box><box><div coordinates="2319,1401,549,191" index="1" style="position:fixed;left:35.13104075140131%;top:27.47058823529412%;height:3.7450980392156863%;width:8.316921678533555%;" type="para">APPENDIX 4</div></box><box><div coordinates="1305,1606,2534,178" index="2" style="position:fixed;left:19.769731858809273%;top:31.49019607843137%;height:3.4901960784313726%;width:38.3881230116649%;" type="para">CATEGORIZATION EXAMPLES OF HIGH AND Low COMPLEXITY</div></box><box><div coordinates="583,1898,719,188" index="3" style="position:fixed;left:8.83199515224966%;top:37.2156862745098%;height:3.686274509803922%;width:10.892289047114073%;" type="para">Low Complexity:</div></box><box><div coordinates="2588,1902,725,186" index="4" style="position:fixed;left:39.206180881684595%;top:37.29411764705882%;height:3.6470588235294117%;width:10.983184366005151%;" type="para">High Complexity:</div></box><box><div coordinates="3409,2098,185,152" index="5" style="position:fixed;left:51.64369034994698%;top:41.13725490196079%;height:2.980392156862745%;width:2.802605665808211%;" type="para">s (IR</div></box><box><div coordinates="601,2114,134,129" index="6" style="position:fixed;left:9.104681108922891%;top:41.45098039215686%;height:2.5294117647058822%;width:2.0299954552340553%;" type="para" /></box><box><div coordinates="2596,2118,136,130" index="7" style="position:fixed;left:39.32737464020603%;top:41.529411764705884%;height:2.549019607843137%;width:2.0602938948644143%;" type="para" /></box><box><div coordinates="1039,2198,136,712" index="8" style="position:fixed;left:15.74003938797152%;top:43.09803921568627%;height:13.96078431372549%;width:2.0602938948644143%;" type="para" /></box><box><div coordinates="3034,2298,136,1098" index="9" style="position:fixed;left:45.962732919254655%;top:45.05882352941176%;height:21.529411764705884%;width:2.0602938948644143%;" type="para" /></box><box><div coordinates="1183,2303,122,124" index="10" style="position:fixed;left:17.921527041357372%;top:45.15686274509804%;height:2.431372549019608%;width:1.8482048174519012%;" type="para">Ci;</div></box><box><div coordinates="3178,2319,390,606" index="11" style="position:fixed;left:48.14422057264051%;top:45.470588235294116%;height:11.882352941176471%;width:5.9081957279200115%;" type="para">Swaption
Inflation
Inflation Z
Cross Cur
NDF
NDF Cou,</div></box><box><div coordinates="3179,2958,399,275" index="12" style="position:fixed;left:48.159369792455685%;top:57.99999999999999%;height:5.392156862745098%;width:6.044538706256628%;" type="para" /></box><box><div coordinates="3409,3287,121,121" index="13" style="position:fixed;left:51.64369034994698%;top:64.45098039215686%;height:2.372549019607843%;width:1.8330555976367218%;" type="para">t Pe</div></box><box><div coordinates="603,3456,254,131" index="14" style="position:fixed;left:9.13497954855325%;top:67.76470588235294%;height:2.5686274509803924%;width:3.8479018330555976%;" type="para" /></box><box><div coordinates="1500,3457,181,135" index="15" style="position:fixed;left:22.723829722769278%;top:67.7843137254902%;height:2.6470588235294117%;width:2.7420087865474927%;" type="para">(CD.</div></box><box><div coordinates="2598,3459,254,133" index="16" style="position:fixed;left:39.35767307983639%;top:67.82352941176471%;height:2.607843137254902%;width:3.8479018330555976%;" type="para" /></box><box><div coordinates="3197,3458,121,124" index="17" style="position:fixed;left:48.43205574912892%;top:67.80392156862744%;height:2.431372549019608%;width:1.8330555976367218%;" type="para">&#8220;X,</div></box><box><div coordinates="4181,3458,122,126" index="18" style="position:fixed;left:63.33888804726556%;top:67.80392156862744%;height:2.4705882352941173%;width:1.8482048174519012%;" type="para" /></box><box><div coordinates="3417,3461,121,126" index="19" style="position:fixed;left:51.764884108468415%;top:67.86274509803921%;height:2.4705882352941173%;width:1.8330555976367218%;" type="para">1 C</div></box><box><div coordinates="1041,3642,134,231" index="20" style="position:fixed;left:15.77033782760188%;top:71.41176470588235%;height:4.529411764705882%;width:2.0299954552340553%;" type="para" /></box><box><div coordinates="1636,3649,123,132" index="21" style="position:fixed;left:24.78412361763369%;top:71.54901960784314%;height:2.588235294117647%;width:1.8633540372670807%;" type="para">e Co</div></box><box><div coordinates="3036,3644,136,616" index="22" style="position:fixed;left:45.99303135888502%;top:71.45098039215686%;height:12.07843137254902%;width:2.0602938948644143%;" type="para" /></box><box><div coordinates="1457,3666,122,123" index="23" style="position:fixed;left:22.07241327071656%;top:71.88235294117648%;height:2.411764705882353%;width:1.8482048174519012%;" type="para" /></box><box><div coordinates="3187,3667,215,223" index="24" style="position:fixed;left:48.28056355097712%;top:71.90196078431373%;height:4.372549019607843%;width:3.257082260263596%;" type="para">Bask
Tran

A WN</div></box><box><div coordinates="3181,3918,281,356" index="25" style="position:fixed;left:48.18966823208605%;top:76.8235294117647%;height:6.980392156862745%;width:4.256930768065445%;" type="para">4 AAS NT

CMBS
LCDS
CDO</div></box><box><div coordinates="2600,4234,254,417" index="26" style="position:fixed;left:39.387971519466745%;top:83.01960784313725%;height:8.176470588235295%;width:3.8479018330555976%;" type="para">VV VV</div></box><box><div coordinates="3297,4465,121,121" index="27" style="position:fixed;left:49.94697773064687%;top:87.54901960784314%;height:2.372549019607843%;width:1.8330555976367218%;" type="para">&#8216;ap</div></box></Blocks></page><page num="13" src="img/Bi2i_1041/Bi2i_1041-12.jpg" txt_src="img/Bi2i_1041/Bi2i_1041-12.txt"><Blocks><box><div coordinates="553,371,4048,799" index="0" style="position:fixed;left:8.377518557794273%;top:7.274509803921568%;height:15.666666666666668%;width:61.32404181184668%;" type="para">GOLDMAN SACHS COLLECTIVE TRUST FUNDS
CONFIDENTIAL FEE SCHEDULE
AS OF SEPTEMBER 1, 2014</div></box><box><div coordinates="2336,1394,494,186" index="1" style="position:fixed;left:35.38857748825935%;top:27.333333333333332%;height:3.6470588235294117%;width:7.483714588698683%;" type="para">APPENDIX 5</div></box><box><div coordinates="1902,1593,1344,161" index="2" style="position:fixed;left:28.813816088471444%;top:31.23529411764706%;height:3.1568627450980395%;width:20.360551431601273%;" type="para">CENTRALLY CLEARED DERIVATIVES</div></box><box><div coordinates="1690,1874,219,168" index="3" style="position:fixed;left:25.602181487653386%;top:36.745098039215684%;height:3.294117647058824%;width:3.317679139524315%;" type="para">STAN!</div></box><box><div coordinates="3116,1878,560,374" index="4" style="position:fixed;left:47.20496894409938%;top:36.8235294117647%;height:7.333333333333333%;width:8.48356309650053%;" type="para">SERVICES
Frequency of

Charge</div></box><box><div coordinates="1500,2026,321,168" index="5" style="position:fixed;left:22.723829722769278%;top:39.72549019607843%;height:3.294117647058824%;width:4.862899560672625%;" type="para">Driver</div></box><box><div coordinates="2164,2028,720,168" index="6" style="position:fixed;left:32.78291168004848%;top:39.76470588235294%;height:3.294117647058824%;width:10.907438266929253%;" type="para">Services Included</div></box><box><div coordinates="714,2033,411,163" index="7" style="position:fixed;left:10.816542948038176%;top:39.86274509803921%;height:3.1960784313725488%;width:6.226329344038782%;" type="para">Category</div></box><box><div coordinates="3881,2032,602,168" index="8" style="position:fixed;left:58.79412210271171%;top:39.84313725490196%;height:3.294117647058824%;width:9.11983032873807%;" type="para">Standard Rates</div></box><box><div coordinates="2082,2188,130,144" index="9" style="position:fixed;left:31.54067565520376%;top:42.90196078431372%;height:2.823529411764706%;width:1.9693985759733375%;" type="para" /></box><box><div coordinates="1291,2238,130,138" index="10" style="position:fixed;left:19.55764278139676%;top:43.88235294117647%;height:2.705882352941176%;width:1.9693985759733375%;" type="para" /></box><box><div coordinates="3012,2240,128,140" index="11" style="position:fixed;left:45.62945008332071%;top:43.92156862745098%;height:2.7450980392156863%;width:1.9391001363429785%;" type="para" /></box><box><div coordinates="3421,2343,143,140" index="12" style="position:fixed;left:51.82548098772914%;top:45.94117647058823%;height:2.7450980392156863%;width:2.166338433570671%;" type="para">on |</div></box><box><div coordinates="755,2385,122,125" index="13" style="position:fixed;left:11.437660960460535%;top:46.76470588235294%;height:2.450980392156863%;width:1.8482048174519012%;" type="para" /></box><box><div coordinates="2082,2577,133,144" index="14" style="position:fixed;left:31.54067565520376%;top:50.52941176470588%;height:2.823529411764706%;width:2.014846235418876%;" type="para" /></box><box><div coordinates="1291,2614,230,153" index="15" style="position:fixed;left:19.55764278139676%;top:51.254901960784316%;height:3.0%;width:3.484320557491289%;" type="para">&#187; Nu</div></box><box><div coordinates="3012,2628,206,140" index="16" style="position:fixed;left:45.62945008332071%;top:51.52941176470588%;height:2.7450980392156863%;width:3.120739281926981%;" type="para" /></box><box><div coordinates="3421,2729,143,147" index="17" style="position:fixed;left:51.82548098772914%;top:53.50980392156863%;height:2.8823529411764706%;width:2.166338433570671%;" type="para">on |</div></box><box><div coordinates="1291,2962,130,140" index="18" style="position:fixed;left:19.55764278139676%;top:58.07843137254902%;height:2.7450980392156863%;width:1.9693985759733375%;" type="para" /></box><box><div coordinates="2082,2961,132,145" index="19" style="position:fixed;left:31.54067565520376%;top:58.05882352941176%;height:2.843137254901961%;width:1.9996970156036964%;" type="para" /></box><box><div coordinates="3215,3007,121,153" index="20" style="position:fixed;left:48.70474170580215%;top:58.96078431372549%;height:3.0%;width:1.8330555976367218%;" type="para" /></box><box><div coordinates="619,3014,121,124" index="21" style="position:fixed;left:9.377367065596122%;top:59.09803921568627%;height:2.431372549019608%;width:1.8330555976367218%;" type="para">Ci</div></box><box><div coordinates="3006,3016,130,140" index="22" style="position:fixed;left:45.538554764429634%;top:59.13725490196079%;height:2.7450980392156863%;width:1.9693985759733375%;" type="para" /></box><box><div coordinates="3439,3029,163,132" index="23" style="position:fixed;left:52.098166944402365%;top:59.3921568627451%;height:2.588235294117647%;width:2.4693228298742613%;" type="para">ent</div></box><box><div coordinates="3006,3192,312,156" index="24" style="position:fixed;left:45.538554764429634%;top:62.588235294117645%;height:3.058823529411765%;width:4.72655658233601%;" type="para">&#187; Mont</div></box><box><div coordinates="3425,3192,145,161" index="25" style="position:fixed;left:51.88607786698986%;top:62.588235294117645%;height:3.1568627450980395%;width:2.1966368732010304%;" type="para">chai</div></box><box><div coordinates="2084,3249,131,142" index="26" style="position:fixed;left:31.570974094834114%;top:63.70588235294118%;height:2.784313725490196%;width:1.9845477957885167%;" type="para" /></box><box><div coordinates="3007,3402,465,244" index="27" style="position:fixed;left:45.553703984244805%;top:66.70588235294119%;height:4.784313725490196%;width:7.044387214058475%;" type="para">position
&#187; NOTE: Fc</div></box><box><div coordinates="2082,3441,133,142" index="28" style="position:fixed;left:31.54067565520376%;top:67.47058823529412%;height:2.784313725490196%;width:2.014846235418876%;" type="para" /></box><box><div coordinates="1291,3490,232,145" index="29" style="position:fixed;left:19.55764278139676%;top:68.43137254901961%;height:2.843137254901961%;width:3.5146189971216484%;" type="para">&#187; Nu</div></box><box><div coordinates="669,3523,166,158" index="30" style="position:fixed;left:10.134828056355099%;top:69.07843137254902%;height:3.0980392156862746%;width:2.5147704893198%;" type="para" /></box><box><div coordinates="3359,3699,203,256" index="31" style="position:fixed;left:50.88622935918801%;top:72.52941176470588%;height:5.019607843137255%;width:3.0752916224814424%;" type="para">ns, ac
J per |

.
mtbr vs</div></box><box><div coordinates="2082,3719,248,254" index="32" style="position:fixed;left:31.54067565520376%;top:72.92156862745098%;height:4.980392156862745%;width:3.7570065141645204%;" type="para">Me
&#187; Rec</div></box><box><div coordinates="2629,3722,165,126" index="33" style="position:fixed;left:39.82729889410695%;top:72.98039215686275%;height:2.4705882352941173%;width:2.4996212695046207%;" type="para">CM)</div></box><box><div coordinates="3225,3785,121,143" index="34" style="position:fixed;left:48.85623390395394%;top:74.2156862745098%;height:2.803921568627451%;width:1.8330555976367218%;" type="para" /></box><box><div coordinates="2482,3912,166,126" index="35" style="position:fixed;left:37.600363581275566%;top:76.70588235294117%;height:2.4705882352941173%;width:2.5147704893198%;" type="para">24% 0ANJ

CM 1</div></box></Blocks></page></doc>