<doc doi="Bi2i_0915" name="/prcanalyt/test-pra1/inventory_module/InputProcessing/738/116/7381169353426B56578FA59BE406F690818B327F.pdf"><page num="1" src="img/Bi2i_0915/Bi2i_0915-00.jpg" txt_src="img/Bi2i_0915/Bi2i_0915-00.txt"><Blocks><box><div coordinates="1212,324,2435,578" index="0" style="position:fixed;left:18.38871187983614%;top:6.359175662414132%;height:11.344455348380764%;width:36.94431800940677%;" type="para">STATE STREET BANK AND TRUST COMPANY
CUSTODY FEE SCHEDULE
FOR
VAN ECK MUTUAL FUNDS AND VAN ECK VIP TRUST</div></box><box><div coordinates="222,1056,4430,734" index="1" style="position:fixed;left:3.3682294037323626%;top:20.726202158979394%;height:14.406280667320903%;width:67.21286602943408%;" type="para">This Fee Schedule is for services provided by State Street Bank and Trust Company (&#8220;State Street&#8221;)
pursuant to the Custodian Agreement by and between State Street and Van Eck Funds and Van Eck VIP
Trust (Formerly known as Van Eck Worldwide Insurance Trust), each a business trust organized and
existing under the laws of Massachusetts (the &#8220;Fund&#8217;), dated as of June 9, 1999, as may be amended,
supplemented, restated or otherwise modified from time to time.</div></box><box><div coordinates="288,1936,997,181" index="2" style="position:fixed;left:4.369594902139281%;top:37.99803729146222%;height:3.5525024533856726%;width:15.126687907752997%;" type="para">I. Domestic Custody</div></box><box><div coordinates="3618,2394,545,524" index="3" style="position:fixed;left:54.89303595812471%;top:46.98724239450441%;height:10.284592737978409%;width:8.268851464117736%;" type="para">| Basis Points
1.00 BP
50 BP
30 BP</div></box><box><div coordinates="582,2400,2699,890" index="4" style="position:fixed;left:8.830223031406463%;top:47.10500490677135%;height:17.46810598626104%;width:40.94978000303444%;" type="para">Relationship Net Asset Fee

First $1.5 billion

Next $6.5 billion

Thereafter

Allocation of the relationship net asset fee will be prorated based
on or upon the percentage of net assets of each fund against the
total relationship net assets.</div></box><box><div coordinates="3318,2400,248,173" index="5" style="position:fixed;left:50.341374601729626%;top:47.10500490677135%;height:3.395485770363101%;width:3.762706721286603%;" type="para">Annu</div></box><box><div coordinates="588,3321,2677,2140" index="6" style="position:fixed;left:8.921256258534365%;top:65.18155053974485%;height:42.00196270853778%;width:40.61599150356547%;" type="para">Transactions

IFed Wires

State Street Bank REPO ( $3.50 per buy trade/$3.50 for maturity
collection)

DTC, Fed Book Entry, Paydowns, Maturities

Futures transactions &#8212; no security movement

Exchanged traded Option expiration or exercised charge, per
Issue, per broker

Exchanged traded for each option written or closing contract, per
Issue, per broker

New York Physical Settlements

All Other Trades/Third Party Foreign Exchange

Over the Counter (&#8216;OTC&#8217;) Traded Derivatives (Options, Futures
Trades, SWAPS, etc.)
Over the Counter (&#8216;OTC&#8217;) Traded Derivatives per holding

   
  
 
  

 

 

Foreign Exchange Through State Street Global Markets &#8212; See
Footnote 1</div></box><box><div coordinates="3673,3448,367,264" index="7" style="position:fixed;left:55.72750720679714%;top:67.67419038272816%;height:5.1815505397448485%;width:5.5681990593233195%;" type="para">$ 6.00
$ 7.00</div></box><box><div coordinates="1902,3546,1373,202" index="8" style="position:fixed;left:28.857532999544834%;top:69.59764474975466%;height:3.9646712463199214%;width:20.83143680776817%;" type="para">) per buy trade/$3.50 for maturity</div></box><box><div coordinates="3673,3793,367,372" index="9" style="position:fixed;left:55.72750720679714%;top:74.44553483807654%;height:7.301275760549558%;width:5.5681990593233195%;" type="para">$ 6.00
$ 8.00
$15.00</div></box><box><div coordinates="2487,4030,629,178" index="10" style="position:fixed;left:37.733272644515246%;top:79.09715407262021%;height:3.493621197252208%;width:9.54331664390836%;" type="para">sed charge, per</div></box><box><div coordinates="3676,4255,334,145" index="11" style="position:fixed;left:55.773023820361104%;top:83.51324828263003%;height:2.845927379784102%;width:5.067516310119861%;" type="para">$25.00</div></box><box><div coordinates="3664,4468,382,411" index="12" style="position:fixed;left:55.5909573661053%;top:87.69381746810598%;height:8.066732090284592%;width:5.795782127143074%;" type="para">$18.00
$25.00
$40.00</div></box><box><div coordinates="3039,4732,226,151" index="13" style="position:fixed;left:46.108329540282206%;top:92.87536800785084%;height:2.9636898920510304%;width:3.42891822181763%;" type="para">tures</div></box><box><div coordinates="2706,4936,596,202" index="14" style="position:fixed;left:41.05598543468366%;top:96.87929342492639%;height:3.9646712463199214%;width:9.0426338947049%;" type="para">per holding</div></box><box><div coordinates="3670,4945,376,156" index="15" style="position:fixed;left:55.6819905932332%;top:97.0559371933268%;height:3.0618253189401377%;width:5.704748900015172%;" type="para">$32.00</div></box><box><div coordinates="2535,5170,428,181" index="16" style="position:fixed;left:38.46153846153847%;top:101.4720314033366%;height:3.5525024533856726%;width:6.493703535123653%;" type="para">al Market:</div></box><box><div coordinates="3660,5179,170,139" index="17" style="position:fixed;left:55.530268548020025%;top:101.648675171737%;height:2.7281648675171737%;width:2.579274768623881%;" type="para">&gt; foo</div></box><box><div coordinates="3535,5191,121,121" index="18" style="position:fixed;left:53.6337429828554%;top:101.88420019627085%;height:2.3748773307163886%;width:1.8358367470793506%;" type="para">Se</div></box><box><div coordinates="3091,5206,187,136" index="19" style="position:fixed;left:46.89728417539069%;top:102.17860647693817%;height:2.6692836113837095%;width:2.837202245486269%;" type="para">See</div></box><box><div coordinates="594,5524,1136,295" index="20" style="position:fixed;left:9.012289485662267%;top:108.42001962708538%;height:5.789990186457311%;width:17.235624336216052%;" type="para">Holdings Charge
For each 1ssue maintained -</div></box><box><div coordinates="1920,5638,515,292" index="21" style="position:fixed;left:29.130632680928535%;top:110.65750736015703%;height:5.731108930323847%;width:7.813685328478227%;" type="para">Depository
Vault</div></box><box><div coordinates="3663,5644,380,274" index="22" style="position:fixed;left:55.57578516158398%;top:110.77526987242395%;height:5.377821393523062%;width:5.76543771810044%;" type="para">$ 3.00
$ 8.00</div></box><box><div coordinates="2374,6196,121,121" index="23" style="position:fixed;left:36.01881353360643%;top:121.60942100098136%;height:2.3748773307163886%;width:1.8358367470793506%;" type="para" /></box><box><div coordinates="3328,6193,121,121" index="24" style="position:fixed;left:50.4930966469428%;top:121.55053974484788%;height:2.3748773307163886%;width:1.8358367470793506%;" type="para">IM,</div></box><box><div coordinates="3640,6217,121,121" index="25" style="position:fixed;left:55.22682445759369%;top:122.0215897939156%;height:2.3748773307163886%;width:1.8358367470793506%;" type="para">AC</div></box></Blocks></page><page num="2" src="img/Bi2i_0915/Bi2i_0915-01.jpg" txt_src="img/Bi2i_0915/Bi2i_0915-01.txt"><Blocks><box><div coordinates="1206,306,2432,586" index="0" style="position:fixed;left:18.29767865270824%;top:6.005888125613346%;height:11.501472031403337%;width:36.89880139584282%;" type="para">STATE STREET BANK AND TRUST COMPANY
CUSTODY FEE SCHEDULE
FOR
VAN ECK MUTUAL FUNDS AND VAN ECK VIP TRUST</div></box><box><div coordinates="3097,1221,121,121" index="1" style="position:fixed;left:46.98831740251859%;top:23.96467124631992%;height:2.3748773307163886%;width:1.8358367470793506%;" type="para">ettle</div></box><box><div coordinates="1149,1683,122,122" index="2" style="position:fixed;left:17.432862994993172%;top:33.03238469087341%;height:2.3945044160942097%;width:1.8510089516006676%;" type="para">Mar</div></box><box><div coordinates="2868,1827,122,122" index="3" style="position:fixed;left:43.51388256713701%;top:35.85868498527969%;height:2.3945044160942097%;width:1.8510089516006676%;" type="para">IO

1 Mi</div></box><box><div coordinates="3160,1935,121,121" index="4" style="position:fixed;left:47.944166287361554%;top:37.9784102060844%;height:2.3748773307163886%;width:1.8358367470793506%;" type="para">cust

la tm</div></box><box><div coordinates="783,2070,121,122" index="5" style="position:fixed;left:11.87983614019117%;top:40.62806673209028%;height:2.3945044160942097%;width:1.8358367470793506%;" type="para">LG

i Mi</div></box><box><div coordinates="1884,2295,122,122" index="6" style="position:fixed;left:28.58443331816113%;top:45.0441609421001%;height:2.3945044160942097%;width:1.8510089516006676%;" type="para">Mar</div></box><box><div coordinates="582,2704,3179,394" index="7" style="position:fixed;left:8.830223031406463%;top:53.07163886162905%;height:7.733071638861628%;width:48.23243817326657%;" type="para">Qverdraft Charge
Overdrafts are calculated at the monthly average Prime Rate (as published in t

Journal) and charged on the monthly average overdraft balance.</div></box><box><div coordinates="3790,2784,571,179" index="8" style="position:fixed;left:57.50265513579122%;top:54.64180569185476%;height:3.513248282630029%;width:8.663328781671977%;" type="para">1&#162; Wall Street</div></box><box><div coordinates="582,3150,3995,661" index="9" style="position:fixed;left:8.830223031406463%;top:61.825318940137386%;height:12.973503434739941%;width:60.61295706266121%;" type="para">Balance Credits

We offset fees with balance credits calculated at 75% of the bank credit rate* applied to average
custody collected cash balances for the month. Balance credits can be used to offset fees. Any
credits in excess of fees are carried forward from month to month through the end of the calendar
year. For calculation purposes, we use an actual/actual basis.</div></box><box><div coordinates="936,3829,2591,537" index="10" style="position:fixed;left:14.201183431952662%;top:75.15210991167811%;height:10.539744847890088%;width:39.31118191473221%;" type="para">*Note: The bank credit rate is the equivalent to the lesser of:
The Average 91-day Treasury Bill discount rate for the month
(OR)

The average Federal Funds rate for the month less 50 basis poi</div></box><box><div coordinates="1965,4179,122,176" index="11" style="position:fixed;left:29.813381884387802%;top:82.02158979391561%;height:3.4543670264965654%;width:1.8510089516006676%;" type="para">ds</div></box><box><div coordinates="2397,4177,574,181" index="12" style="position:fixed;left:36.36777423759672%;top:81.98233562315997%;height:3.5525024533856726%;width:8.708845395235928%;" type="para">the month les:</div></box><box><div coordinates="2977,4171,598,202" index="13" style="position:fixed;left:45.16765285996055%;top:81.86457311089303%;height:3.9646712463199214%;width:9.072978303747535%;" type="para">5 50 basis point</div></box><box><div coordinates="2107,4192,271,168" index="14" style="position:fixed;left:31.967834926414806%;top:82.27674190382727%;height:3.297350343473994%;width:4.1116674252768926%;" type="para">rate foi</div></box><box><div coordinates="3711,6169,191,154" index="15" style="position:fixed;left:56.30405097860719%;top:121.07948969578017%;height:3.0225711481844946%;width:2.897891063571537%;" type="para">CCES</div></box><box><div coordinates="3411,6173,185,165" index="16" style="position:fixed;left:51.7523896222121%;top:121.15799803729146%;height:3.23846908734053%;width:2.806857836443635%;" type="para">ITE</div></box></Blocks></page><page num="3" src="img/Bi2i_0915/Bi2i_0915-02.jpg" txt_src="img/Bi2i_0915/Bi2i_0915-02.txt"><Blocks><box><div coordinates="1206,312,2435,589" index="0" style="position:fixed;left:18.29767865270824%;top:6.123650637880275%;height:11.5603532875368%;width:36.94431800940677%;" type="para">STATE STREET BANK AND TRUST COMPANY
} CUSTODY FEE SCHEDULE
FOR
VAN ECK MUTUAL FUNDS AND VAN ECK VIP TRUST</div></box><box><div coordinates="285,1089,1325,199" index="1" style="position:fixed;left:4.32407828857533%;top:21.373895976447496%;height:3.9057899901864577%;width:20.103170990744957%;" type="para">II. Country Based Charges:</div></box><box><div coordinates="408,1329,4070,4889" index="2" style="position:fixed;left:6.190259444697315%;top:26.08439646712463%;height:95.9568204121688%;width:61.75087240175997%;" type="para">Transaction
Charge

Market/
Country

Bahra ain |
&#8216;Bangladesh |
Belgium
Belize

Bermuda
Botswana |
Brazil oo

 

| 12

SO

| Country

 

Netherlands | 2

) | Peru u -&#8212;&#8212; SE EE SEE SELES Sma. Sa
hl ili lippin nes

Transaction
Charge

Asset
Charge
(Basis
Points

Market/

New Zealand
Ni geria

Or m an men man mmremhh at SONATE | Erman frre &#8212;&#8212;&#8212;&#8212;&#8212;&#8212; 1 at, = re
Pakistan

ren &#8212;&#8212;&#8212;&#8212;&#8212;&#8212;&#8212;&#8212;&#8212;&#8212;&#8212;&#8212;&#8212;&#8212;&#8212;&#8212; Pk SPAN &#163;8 AAR. En a &#8212;&#8212;.&#8212;&#8212;&#8212; a wr or ta 2h A EI CE . &#8212;&#8212;&#8212;&#8212;&#8212;&#8212;&#8212;&#8212;&#8212;&#8212;&#8212;&#8212;&#8212;&#8212;

i
!
eee eee es ne

ANS SAF &#8212;&#8212;&#8212;&#8212;&#8212;&#8212;&#8212;&#8212;&#8212;&#8212;&#8212;&#8212;&#8212;&#8212;&#8212;&#8212;&#8212;&#8212;&#8212;&#8212;&#8212;&#8212;&#8212;atn nn ot $F w 52 REE Be] 1 ann &#8212;&#8212;&#8212;&#8212;&#8212;&#8212;&#8212;&#8212;&#8212;&#8212;&#8212;&#8212;&#8212;n nt] AE &#8212;&#8212;&#8212;&#8212;&#8212;&#8212;&#8212;&#8212;&#8212;&#8212;&#8212;&#8212;&#8212;&#8212;&#8212;&#8212;&#8212;&#8212;&#8212;&#8212;&#8212; 1 1% 011 | rn rrr ree de sur SANA Sre nnn cenntinren] snes sesnesesente ssn Le &#167; 28 SENS Rb in msn tn&#8212;&#8212;&#8212;&#8212;&#8212;&#8212; nm &#8212;&#8212;&#8212;&#8212;

ee eemeeeemimaiestente = mt att BRS 4 EA SIES S Em EE&#8212;I] mn neaaa nnn nas afd aa EE EL EASES SEES &#8212;&#8212;&#8212;&#8212;&#8212;&#8212;&#8212;
res pm&#8212;&#8212;&#8212;&#8212;&#8212; &#8212;&#8212;&#8212;&#8212;&#8212;&#8212;&#8212;&#8212;&#8212; tes 45551 2 8 Rn mma &#8212;&#8212;&#8212;&#8212;&#8212; had &#163;7 &#167; 2 U0F $F &#8212;&#8212;&#8212;&#8212;&#8212;&#8212;&#8212; &#8212;&#8212;&#8212;&#8212;&#8212;&#8212;&#8212;&#8212;&#8212;&#8212; 2 # ]} roo
mmm mm mmmmrmn&#8217; a 4 &#167; AAAS EES SRTEE &amp; an aS aA 22a naan aan 21s 0 of 11 48 4 FH HS 1 8 0 0 MARAT RRA Rs nnnnn usuususassn of 11% $S4S Pusu inn man uraunn wusnnunmunsusnn is wsw sewn tats de eng enn |

Luroclear | ]
C learst cam
ECU* ]
~Fmland |
am F r a nee eeasesan sasnrm amennn annnsnsbesta ttre lini cred seer a

!

eppmpme mma &#8212;&#8212;&#8212;&#8212;&#8212; ae ennsnnimnnnns Fon ance cies wnitn fed BE 208 ws em im mm me ee niin a SOUL 2 Sas em minnie f= enn ma TR SIS SS nS mses ssn nnn

&#8220;Gh hana _ 2
Hong Kong. I
Indonesia | 7
Ireland | 2
| r ael ~~ 8
Japan 1

Jordan 5
Kenya |:

Kuwait
"Lebanon

Luxembour 5

. Russia

| Shanghai (China) 8 |
| Shenzhen (China)
Singapore

| Spain | 3
| Sri l. anka 20

re mr. &#8212;&#8212;&#8212;&#8212;&#8212;&#8212; &#8212;&#8212;&#8212;&#8212;&#8212;&#8212;&#8212;] arnt ats #4 410m nn mmm mnrnnann nnn ranma&#8212;&#8212;&#8212;&#8212;&#8212;&#8212;n as sd Tt fen a a a &#8212;&#8212;&#8212;&#8212;&#8212; nA SAAS ESS GEE SL &#8212;&#8212;&#8212;&#8212;&#8212;&#8212;

| Sweden 2820
Switzer! land 2

) ) | Thailand ib
}) | Tur key lB

erm mmmtmrm&#8212;&#8212;&#8212;&#8212;&#8212;&#8212;tmn ms ms sre &#167; at FPa an = mm mn mt mien mmmmmmmne meme mminin ahh &#163;2 | SiN LEE in nen &#8212;&#8212;&#8212;&#8212;&#8212;&#8212;&#8212;&#8212;&#8212;&#8212;&#8212;&#8212;

00 | United Kin won |____ 2

Venezuela

  

South Africa

1 pe&#8212;

United Arab
Emirates

Uruguay

 

Zimbabwe

ied ee ee ee eee eeeeemtife natn Sah ah Sng an mamas mmmnaae aaa mmnm&#8212;&#8212;&#8212;&#8212;a nate ah ts 4 aE | SEE ES EE EE. EASES &#8212;&#8212;&#8212;&#8212;&#8212;&#8212;&#8212;&#8212;&#8212;&#8212;

fuses m ru mares on frannninin snmnnnsnenns ae fed] ASARISn Renin mn nn warn wa wenn memmnnned an inn ses ate fats Lf SIR HER Le mn faim mmm nen mina smn fem nns fn fend

| Slovenia ~~ 30] $75
5

STOPPED FIR RN PPEEIE CCTV EE CIEE

Aah primate mar a meesamm&#8212; amare an aint a 44 &#167; 4 | SEE SE ESSE. SEEEEESS SEES &#8212;&#8212;&#8212;&#8212;&#8212;&#8212;&#8212;&#8212;&#8212;</div></box><box><div coordinates="3534,2145,152,133" index="3" style="position:fixed;left:53.618570778334096%;top:42.10009813542689%;height:2.6104023552502453%;width:2.306175087240176%;" type="para" /></box><box><div coordinates="1545,2151,152,232" index="4" style="position:fixed;left:23.441055985434684%;top:42.21786064769382%;height:4.553483807654564%;width:2.306175087240176%;" type="para" /></box><box><div coordinates="1515,2406,182,433" index="5" style="position:fixed;left:22.985889849795175%;top:47.22276741903828%;height:8.498527968596663%;width:2.7613412228796843%;" type="para">DO |</div></box><box><div coordinates="3537,2574,149,142" index="6" style="position:fixed;left:53.66408739189804%;top:50.520117762512264%;height:2.787046123650638%;width:2.260658473676225%;" type="para" /></box><box><div coordinates="1548,3024,152,353" index="7" style="position:fixed;left:23.486572598998634%;top:59.35230618253189%;height:6.928361138370952%;width:2.306175087240176%;" type="para" /></box><box><div coordinates="3496,3046,121,121" index="8" style="position:fixed;left:53.04202700652405%;top:59.78410206084397%;height:2.3748773307163886%;width:1.8358367470793506%;" type="para" /></box><box><div coordinates="933,3223,122,172" index="9" style="position:fixed;left:14.155666818388713%;top:63.258096172718346%;height:3.37585868498528%;width:1.8510089516006676%;" type="para">snnssms nan.</div></box><box><div coordinates="3550,3226,121,121" index="10" style="position:fixed;left:53.86132605067516%;top:63.316977428851814%;height:2.3748773307163886%;width:1.8358367470793506%;" type="para">renrennninnt</div></box><box><div coordinates="1519,3454,181,157" index="11" style="position:fixed;left:23.046578667880443%;top:67.79195289499509%;height:3.0814524043179587%;width:2.7461690183583674%;" type="para" /></box><box><div coordinates="3540,3549,152,134" index="12" style="position:fixed;left:53.709604005462%;top:69.65652600588813%;height:2.630029440628067%;width:2.306175087240176%;" type="para">cepmmmnn mmm

A &#8212;&#8212;</div></box><box><div coordinates="3546,3859,146,157" index="13" style="position:fixed;left:53.8006372325899%;top:75.74092247301276%;height:3.0814524043179587%;width:2.2151418601122743%;" type="para" /></box><box><div coordinates="2361,3871,764,2329" index="14" style="position:fixed;left:35.82157487482932%;top:75.97644749754662%;height:45.71148184494603%;width:11.591564254286148%;" type="para">Shanghai (China)
Shenzhen (China)
Singapore
Slovenia
South ; Africa
&#8220;South | Kor ea
Spain
Sri] Lanka

&#8220;Sweden oo
_Switzerl land
&#8220;Thailand _
Turkey oo
Ukraine
United Arab
Emirates B
United Kingdom
Uruguay
Venezuela

Zimbabwe</div></box><box><div coordinates="4173,3873,122,122" index="15" style="position:fixed;left:63.31360946745562%;top:76.01570166830226%;height:2.3945044160942097%;width:1.8510089516006676%;" type="para" /></box><box><div coordinates="2109,3882,127,128" index="16" style="position:fixed;left:31.998179335457444%;top:76.19234543670265%;height:2.5122669283611385%;width:1.9268699742072521%;" type="para" /></box><box><div coordinates="2067,4090,281,1540" index="17" style="position:fixed;left:31.360946745562128%;top:80.2747791952895%;height:30.225711481844947%;width:4.263389470490062%;" type="para" /></box><box><div coordinates="3517,4188,178,140" index="18" style="position:fixed;left:53.3606433014717%;top:82.19823356231599%;height:2.747791952894995%;width:2.7006524047944165%;" type="para" /></box><box><div coordinates="1554,4416,149,257" index="19" style="position:fixed;left:23.577605826126536%;top:86.67320902845927%;height:5.044160942100098%;width:2.260658473676225%;" type="para" /></box><box><div coordinates="3526,4624,172,241" index="20" style="position:fixed;left:53.49719314216356%;top:90.75564278704611%;height:4.730127576054956%;width:2.609619177666515%;" type="para" /></box><box><div coordinates="1477,4726,121,121" index="21" style="position:fixed;left:22.40934607798513%;top:92.7576054955839%;height:2.3748773307163886%;width:1.8358367470793506%;" type="para" /></box><box><div coordinates="786,4969,163,148" index="22" style="position:fixed;left:11.92535275375512%;top:97.5269872423945%;height:2.904808635917566%;width:2.4730693369746626%;" type="para" /></box><box><div coordinates="1569,5179,136,139" index="23" style="position:fixed;left:23.80518889394629%;top:101.648675171737%;height:2.7281648675171737%;width:2.0634198148991048%;" type="para" /></box><box><div coordinates="3519,5302,182,208" index="24" style="position:fixed;left:53.39098771051434%;top:104.06280667320902%;height:4.08243375858685%;width:2.7613412228796843%;" type="para" /></box><box><div coordinates="2070,5689,281,494" index="25" style="position:fixed;left:31.40646335912608%;top:111.65848871442591%;height:9.695780176643769%;width:4.263389470490062%;" type="para">$100
$150

$100
$35</div></box><box><div coordinates="1557,5713,152,127" index="26" style="position:fixed;left:23.623122439690487%;top:112.12953876349363%;height:2.492639842983317%;width:2.306175087240176%;" type="para" /></box><box><div coordinates="2850,5731,121,121" index="27" style="position:fixed;left:43.2407828857533%;top:112.4828263002944%;height:2.3748773307163886%;width:1.8358367470793506%;" type="para" /></box><box><div coordinates="3526,5809,127,130" index="28" style="position:fixed;left:53.49719314216356%;top:114.01373895976448%;height:2.551521099116781%;width:1.9268699742072521%;" type="para" /></box><box><div coordinates="1560,5929,149,145" index="29" style="position:fixed;left:23.668639053254438%;top:116.36898920510303%;height:2.845927379784102%;width:2.260658473676225%;" type="para" /></box><box><div coordinates="3555,6037,149,142" index="30" style="position:fixed;left:53.93718707328175%;top:118.48871442590776%;height:2.787046123650638%;width:2.260658473676225%;" type="para" /></box><box><div coordinates="2371,6085,121,121" index="31" style="position:fixed;left:35.97329692004248%;top:119.43081452404319%;height:2.3748773307163886%;width:1.8358367470793506%;" type="para" /></box><box><div coordinates="3346,6187,121,121" index="32" style="position:fixed;left:50.76619632832651%;top:121.43277723258097%;height:2.3748773307163886%;width:1.8358367470793506%;" type="para">IM,</div></box><box><div coordinates="3657,6205,353,139" index="33" style="position:fixed;left:55.48475193445608%;top:121.78606476938174%;height:2.7281648675171737%;width:5.355788196024883%;" type="para">ACCESS</div></box><box><div coordinates="3529,6223,121,121" index="34" style="position:fixed;left:53.5427097557275%;top:122.13935230618253%;height:2.3748773307163886%;width:1.8358367470793506%;" type="para">[D</div></box></Blocks></page><page num="4" src="img/Bi2i_0915/Bi2i_0915-03.jpg" txt_src="img/Bi2i_0915/Bi2i_0915-03.txt"><Blocks><box><div coordinates="1215,300,2435,589" index="0" style="position:fixed;left:18.43422849340009%;top:5.888125613346419%;height:11.5603532875368%;width:36.94431800940677%;" type="para">STATE STREET BANK AND TRUST COMPANY
CUSTODY FEE SCHEDULE
FOR
VAN ECK MUTUAL FUNDS AND VAN ECK VIP TRUST</div></box><box><div coordinates="597,943,3152,522" index="1" style="position:fixed;left:9.057806099226218%;top:18.508341511285575%;height:10.245338567222767%;width:47.82278865119102%;" type="para">Note: Any country not listed above will be negotiated at time of investment.
Reimbursable expenses will be billed as incurred (e.g. stamp taxes, registrati
special transportation costs, etc.)

* ECU = European Currency Unit</div></box><box><div coordinates="3852,1059,206,145" index="2" style="position:fixed;left:58.44333181611289%;top:20.785083415112858%;height:2.845927379784102%;width:3.1254741313912913%;" type="para">COSts</div></box><box><div coordinates="4090,1075,388,141" index="3" style="position:fixed;left:62.05431649218631%;top:21.099116781158%;height:2.7674190382728168%;width:5.886815354270976%;" type="para">script fees</div></box><box><div coordinates="666,1275,253,172" index="4" style="position:fixed;left:10.104688211197086%;top:25.024533856722275%;height:3.37585868498528%;width:3.838567743893188%;" type="para">* ECU</div></box><box><div coordinates="297,1581,1787,232" index="5" style="position:fixed;left:4.506144742831133%;top:31.03042198233562%;height:4.553483807654564%;width:27.112729479593384%;" type="para">II. State Street Compliance&#8482; Services</div></box><box><div coordinates="552,1956,2267,206" index="6" style="position:fixed;left:8.375056895766955%;top:38.39057899901864%;height:4.043179587831207%;width:34.39538764982552%;" type="para">Compliance Reporting Annual Fee per Fund/Portfolio</div></box><box><div coordinates="3213,1959,428,154" index="7" style="position:fixed;left:48.748293126991356%;top:38.44946025515211%;height:3.0225711481844946%;width:6.493703535123653%;" type="para">$600.00</div></box><box><div coordinates="927,2193,1847,776" index="8" style="position:fixed;left:14.064633591260812%;top:43.04219823356232%;height:15.230618253189402%;width:28.0230617508724%;" type="para">Copies of procedures and controls (revisions
to be provided periodically) at a summary
and detail level

Annual certification of procedures and contr
by State Street

CCO Forums/Workshops</div></box><box><div coordinates="777,2223,148,146" index="9" style="position:fixed;left:11.788802913063268%;top:43.63101079489696%;height:2.8655544651619236%;width:2.2454862691549082%;" type="para" /></box><box><div coordinates="2643,2541,236,182" index="10" style="position:fixed;left:40.10013654984069%;top:49.87242394504416%;height:3.5721295387634937%;width:3.5806402670308%;" type="para">ntrols</div></box><box><div coordinates="777,2574,148,149" index="11" style="position:fixed;left:11.788802913063268%;top:50.520117762512264%;height:2.9244357212953878%;width:2.2454862691549082%;" type="para" /></box><box><div coordinates="780,2814,145,146" index="12" style="position:fixed;left:11.834319526627219%;top:55.2306182531894%;height:2.8655544651619236%;width:2.1999696555909574%;" type="para" /></box><box><div coordinates="3207,3004,413,183" index="13" style="position:fixed;left:48.65725989986345%;top:58.959764474975465%;height:3.5917566241413152%;width:6.2661204673038995%;" type="para">Reimbur:</div></box><box><div coordinates="3637,3000,907,184" index="14" style="position:fixed;left:55.18130784402974%;top:58.88125613346418%;height:3.6113837095191363%;width:13.761189500834472%;" type="para">able as Out of Pocket</div></box><box><div coordinates="564,3010,2579,538" index="15" style="position:fixed;left:8.557123350022758%;top:59.07752698724239%;height:10.55937193326791%;width:39.129115460476406%;" type="para">Agreed Upon Procedures (This fee is non-negotiable. State
Street will offer the review to client at standard charge once
determined. Client will have the option to accept the standard
charge or decline to receive the review.)</div></box><box><div coordinates="3210,3577,605,184" index="16" style="position:fixed;left:48.7027765134274%;top:70.20608439646713%;height:3.6113837095191363%;width:9.179183735396753%;" type="para">Reimbursable</div></box><box><div coordinates="3895,3576,631,179" index="17" style="position:fixed;left:59.095736610529514%;top:70.1864573110893%;height:3.513248282630029%;width:9.573661052950994%;" type="para">5 Out of Pocket</div></box><box><div coordinates="561,3597,178,179" index="18" style="position:fixed;left:8.511606736458807%;top:70.59862610402355%;height:3.513248282630029%;width:2.7006524047944165%;" type="para">Bo</div></box><box><div coordinates="777,3595,446,202" index="19" style="position:fixed;left:11.788802913063268%;top:70.55937193326791%;height:3.9646712463199214%;width:6.766803216507358%;" type="para">rd Reportin</div></box><box><div coordinates="1248,3613,700,160" index="20" style="position:fixed;left:18.93491124260355%;top:70.91265947006869%;height:3.140333660451423%;width:10.620543164921862%;" type="para">y (travel expenses</div></box><box><div coordinates="303,4062,988,203" index="21" style="position:fixed;left:4.597177969959035%;top:79.7252208047105%;height:3.984298331697743%;width:14.990138067061142%;" type="para">IV. Special Services</div></box><box><div coordinates="600,4389,3977,569" index="22" style="position:fixed;left:9.103322712790169%;top:86.1432777232581%;height:11.167811579980373%;width:60.3398573812775%;" type="para">Activities of a non-recurring nature such as fund consolidations or reorganizations, extraordinary
security shipments and the preparation of special reports are subject to negotiation. Fees for SEC
yield calculation, self-directed securities lending, financial reporting, client information delivery
product, master/feeder accounting, and other special items are also negotiated separately.</div></box><box><div coordinates="304,5107,1266,199" index="23" style="position:fixed;left:4.612350174480352%;top:100.23552502453386%;height:3.9057899901864577%;width:19.208010923987256%;" type="para">V. Reimbursable Expenses</div></box><box><div coordinates="606,5434,3983,547" index="24" style="position:fixed;left:9.19435593991807%;top:106.65358194308145%;height:10.736015701668302%;width:60.4308906084054%;" type="para">A billing for the recovery of reimbursable expenses is made as of the end of each month.
Reimbursable expenses include, but are not limited to mailing expenses, research services, legal
fees, telephone, sub-custodian charges such as stamp duties and proxy fees, audit letter, and lease
lines.</div></box><box><div coordinates="3354,6170,215,165" index="25" style="position:fixed;left:50.887573964497044%;top:121.09911678115799%;height:3.23846908734053%;width:3.262023972083144%;" type="para">AMITI</div></box><box><div coordinates="660,6184,121,121" index="26" style="position:fixed;left:10.013654984069186%;top:121.3738959764475%;height:2.3748773307163886%;width:1.8358367470793506%;" type="para">[1]</div></box><box><div coordinates="2407,6181,123,160" index="27" style="position:fixed;left:36.5194962828099%;top:121.31501472031402%;height:3.140333660451423%;width:1.8661811561219845%;" type="para" /></box><box><div coordinates="3642,6211,122,121" index="28" style="position:fixed;left:55.25716886663632%;top:121.90382728164867%;height:2.3748773307163886%;width:1.8510089516006676%;" type="para" /></box><box><div coordinates="459,6232,121,121" index="29" style="position:fixed;left:6.964041875284479%;top:122.31599607458293%;height:2.3748773307163886%;width:1.8358367470793506%;" type="para" /></box></Blocks></page><page num="5" src="img/Bi2i_0915/Bi2i_0915-04.jpg" txt_src="img/Bi2i_0915/Bi2i_0915-04.txt"><Blocks><box><div coordinates="1218,313,2437,588" index="0" style="position:fixed;left:18.47974510696404%;top:6.143277723258096%;height:11.540726202158979%;width:36.9746624184494%;" type="para">STATE STREET BANK AND TRUST COMPANY
CUSTODY FEE SCHEDULE
FOR
VAN ECK MUTUAL FUNDS AND VAN ECK VIP TRUST</div></box><box><div coordinates="294,1086,1179,201" index="1" style="position:fixed;left:4.4606281292671826%;top:21.315014720314032%;height:3.9450441609421003%;width:17.88802913063268%;" type="para">VI. Payment and Terms</div></box><box><div coordinates="591,1417,3845,431" index="2" style="position:fixed;left:8.966772872098316%;top:27.811579980372912%;height:8.45927379784102%;width:58.337126384463666%;" type="para">The fees are guaranteed for a period of three years commencing on the February 1, 2011. All
changes to the fee schedule will be communicated in writing at least 60 days prior to their
effective date.</div></box><box><div coordinates="294,2044,1101,745" index="3" style="position:fixed;left:4.4606281292671826%;top:40.11776251226693%;height:14.622178606476938%;width:16.70459717796996%;" type="para">VAN ECK FUNDS

VAN ECK VIP TR</div></box><box><div coordinates="2095,2142,1836,627" index="4" style="position:fixed;left:31.785768472159003%;top:42.04121687929342%;height:12.306182531894013%;width:27.856167501137914%;" type="para">STATE STREET BANK A

By

 
 

A. 3
Tite &#169; 7&#8364; CP aeslises 7</div></box><box><div coordinates="2102,2366,200,200" index="5" style="position:fixed;left:31.891973903808225%;top:46.43768400392542%;height:3.9254170755642788%;width:3.0344409042633895%;" type="para">By</div></box><box><div coordinates="299,2375,200,199" index="6" style="position:fixed;left:4.536489151873767%;top:46.61432777232581%;height:3.9057899901864577%;width:3.0344409042633895%;" type="para">By</div></box><box><div coordinates="2118,2595,271,181" index="7" style="position:fixed;left:32.13472917614929%;top:50.93228655544652%;height:3.5525024533856726%;width:4.1116674252768926%;" type="para">Title</div></box><box><div coordinates="712,2759,659,250" index="8" style="position:fixed;left:10.802609619177666%;top:54.15112855740922%;height:4.906771344455349%;width:9.998482779547867%;" type="para">2/t fe il</div></box><box><div coordinates="2436,2780,454,241" index="9" style="position:fixed;left:36.95949021392808%;top:54.563297350343476%;height:4.730127576054956%;width:6.888180852677895%;" type="para">O</div></box><box><div coordinates="2965,2783,298,266" index="10" style="position:fixed;left:44.985586405704744%;top:54.622178606476936%;height:5.220804710500491%;width:4.52131694735245%;" type="para" /></box><box><div coordinates="3313,2790,388,193" index="11" style="position:fixed;left:50.265513579123045%;top:54.75956820412169%;height:3.788027477919529%;width:5.886815354270976%;" type="para" /></box><box><div coordinates="2103,2827,286,180" index="12" style="position:fixed;left:31.907146108329542%;top:55.48577036310108%;height:3.532875368007851%;width:4.339250493096647%;" type="para">Date</div></box><box><div coordinates="300,2836,287,180" index="13" style="position:fixed;left:4.551661356395084%;top:55.66241413150147%;height:3.532875368007851%;width:4.354422697617964%;" type="para">Date</div></box><box><div coordinates="2389,6189,131,140" index="14" style="position:fixed;left:36.24639660142619%;top:121.4720314033366%;height:2.747791952894995%;width:1.9875587922925202%;" type="para" /></box><box><div coordinates="3325,6181,440,166" index="15" style="position:fixed;left:50.44758003337885%;top:121.31501472031402%;height:3.2580961727183513%;width:6.675769989379457%;" type="para">LIMITED AC</div></box></Blocks></page></doc>