<doc doi="Bi2i_0805" name="/prcanalyt/test-pra1/inventory_module/InputProcessing/680/CAE/680CAE36F7F5103FF77DCC32B58DF3DFDA8201DD.pdf"><page num="1" src="img/Bi2i_0805/Bi2i_0805-00.jpg" txt_src="img/Bi2i_0805/Bi2i_0805-00.txt"><Blocks><box><div coordinates="1584,684,2114,190" index="0" style="position:fixed;left:23.996364187244357%;top:13.411764705882353%;height:3.7254901960784315%;width:32.0254506892895%;" type="para">STATE STREET BANK AND TRUST COMPANY</div></box><box><div coordinates="1069,1053,3172,703" index="1" style="position:fixed;left:16.194515982426903%;top:20.647058823529413%;height:13.784313725490197%;width:48.05332525374943%;" type="para">- AMENDMENT TO
CUS 0D Y FEE SCHEDULE DATED AUGUST 30, 2013
| FOR
Al BERDEEN CL OSED-END FUNDS IDENTIFIED ON EXHIBIT A HERETO
Dated as of February 14, 2014</div></box><box><div coordinates="486,1756,4334,468" index="2" style="position:fixed;left:7.362520830177245%;top:34.431372549019606%;height:9.176470588235293%;width:65.65671867898803%;" type="para">&#8220;Reference is made to that certain Custody Fee Schedule for Aberdeen Closed-End Funds effective August 30, 2013 for custody
&#8220;services provided to the; Funds pursuant to the Custodian Agreement (the &#8220;Fee Schedule). Capitalized terms used but not defined
herein shall have the meaning ascribed to them in the Fee Schedule. The parties hereto desire to amend the Fee Schedule to reflect

the addition of several Funds</div></box><box><div coordinates="783,2259,586,179" index="3" style="position:fixed;left:11.861839115285564%;top:44.294117647058826%;height:3.5098039215686274%;width:8.877442811695198%;" type="para">rem rere reer bbe A pr nm

&#8220;NEW Funps

i A</div></box><box><div coordinates="495,2262,159,176" index="4" style="position:fixed;left:7.498863808513861%;top:44.35294117647059%;height:3.4509803921568625%;width:2.4087259506135434%;" type="para" /></box><box><div coordinates="3306,2448,1208,170" index="5" style="position:fixed;left:50.08332070898349%;top:48.0%;height:3.3333333333333335%;width:18.300257536736858%;" type="para">s Exhibit A (which revised version is</div></box><box><div coordinates="489,2457,2264,272" index="6" style="position:fixed;left:7.407968489622785%;top:48.17647058823529%;height:5.333333333333334%;width:34.29783366156643%;" type="para">The patties 3 agree. that, offective as of the date set forth below, the Fe
attached) z are amended to reflect the addition of the following Funds:</div></box><box><div coordinates="2754,2463,536,161" index="7" style="position:fixed;left:41.720951371004396%;top:48.294117647058826%;height:3.1568627450980395%;width:8.119981820936221%;" type="para">e Schedule and i</div></box><box><div coordinates="3421,2721,748,770" index="8" style="position:fixed;left:51.82548098772914%;top:53.352941176470594%;height:15.098039215686274%;width:11.33161642175428%;" type="para">Effective Date

April 1,204
April 1, 2014
April 1, 2014
April 1, 2014
April 1,2014
February 14, 2014</div></box><box><div coordinates="774,2763,2450,746" index="9" style="position:fixed;left:11.725496136948948%;top:54.17647058823529%;height:14.627450980392156%;width:37.11558854718982%;" type="para">&#8220;Fund. Namg

1 Aberdeen Chile Fund, Inc,

: Aberdeen Emerging Markets Smaller Company Opportunities Fund, Inc.
&#8220;1 &#8216;Aberdeen Indonesia Fund, Inc.

3 &#8216;Aberdeen Israel Fund, Inc.
1 Aberdeen Latin American Fund, Inc.
| Aberdeen Greater China Fund, Inc.

 

Ar pp&#8212;&#8212;&#8212;&#8212;&#8212;&#8212; i Ua</div></box><box><div coordinates="495,3501,4340,382" index="10" style="position:fixed;left:7.498863808513861%;top:68.64705882352942%;height:7.490196078431373%;width:65.7476139978791%;" type="para">oT his Amendment is intended to modify and amend the Fee Schedule and the terms of this Amendment and the Fee Schedule are to
- be construed to be cumulative and not exclusive to each other. The Fee Schedule, as amended hereby, is hereby ratified and
confirmed and remains in full force and effect.</div></box><box><div coordinates="501,3927,268,176" index="11" style="position:fixed;left:7.589759127404938%;top:77.0%;height:3.4509803921568625%;width:4.059990910468111%;" type="para" /></box><box><div coordinates="1078,3931,613,169" index="12" style="position:fixed;left:16.33085896076352%;top:77.07843137254902%;height:3.313725490196078%;width:9.286471746705045%;" type="para">SIGNATURES</div></box><box><div coordinates="498,4134,1745,179" index="13" style="position:fixed;left:7.5443114679594%;top:81.05882352941177%;height:3.5098039215686274%;width:26.43538857748826%;" type="para">_ STATE STREET BANK AND TRUST COMPANY</div></box><box><div coordinates="1719,4390,122,121" index="14" style="position:fixed;left:26.041508862293593%;top:86.07843137254902%;height:2.372549019607843%;width:1.8482048174519012%;" type="para" /></box><box><div coordinates="504,4401,3956,1619" index="15" style="position:fixed;left:7.635206786850477%;top:86.29411764705883%;height:31.745098039215687%;width:59.93031358885017%;" type="para">o ; pr. rere &#8212;&#8212;&#8212;&#8212;&#8212;
Title: ree | Poresiihen #

br A AY AL AL FAs a Lr, $0 rb AALS A TALL A rrr Tn rr A A ALALLLALS Ll Lara rr
'

Date: ; RLS ee

EACH ABERDEEN|CLOSED-END FUND IDENTIFIED
| ON EXHIBIT A HERETO

7

 

        

Title: President of berdeen Greater China Fund Inc., The Asia Tigers Fund, Inc. and The India Fund, Inc, and
cr resident of each other Aberdeen Closed-End Fund identified on Exhibit A hereto
/ i

~ ViceP

Date: .</div></box><box><div coordinates="504,4423,253,349" index="16" style="position:fixed;left:7.635206786850477%;top:86.72549019607844%;height:6.843137254901961%;width:3.8327526132404177%;" type="para">Title:</div></box><box><div coordinates="1383,4476,701,284" index="17" style="position:fixed;left:20.951371004393273%;top:87.76470588235294%;height:5.568627450980392%;width:10.619603090440842%;" type="para">mes i en,

te rrr AA A LA ALL AL rrr in rr rr re Ap ALL AA Li</div></box><box><div coordinates="504,4791,253,167" index="18" style="position:fixed;left:7.635206786850477%;top:93.94117647058823%;height:3.2745098039215685%;width:3.8327526132404177%;" type="para">Date:</div></box><box><div coordinates="507,5374,187,183" index="19" style="position:fixed;left:7.680654446296016%;top:105.37254901960785%;height:3.5882352941176467%;width:2.83290410543857%;" type="para">&#8220;By:</div></box><box><div coordinates="510,5839,253,165" index="20" style="position:fixed;left:7.726102105741554%;top:114.49019607843138%;height:3.2352941176470593%;width:3.8327526132404177%;" type="para">Date:</div></box><box><div coordinates="2619,5993,122,123" index="21" style="position:fixed;left:39.67580669595516%;top:117.50980392156862%;height:2.411764705882353%;width:1.8482048174519012%;" type="para" /></box></Blocks></page><page num="2" src="img/Bi2i_0805/Bi2i_0805-01.jpg" txt_src="img/Bi2i_0805/Bi2i_0805-01.txt"><Blocks><box><div coordinates="2499,573,371,166" index="0" style="position:fixed;left:37.857900318133616%;top:11.235294117647058%;height:3.2549019607843137%;width:5.620360551431601%;" type="para">xhibit A</div></box><box><div coordinates="489,846,2632,818" index="1" style="position:fixed;left:7.407968489622785%;top:16.58823529411765%;height:16.03921568627451%;width:39.87274655355249%;" type="para">- The Asia Tigers Fund, Inc.

&#8220;The India Fund, Inc, |

Aberdeen Chile Fund, Inc.

&#8220;Aberdeen Emerging Markets Smaller Company Opportunities Fund, Inc,
Aberdeen Indonesia Fund, inc,

&#8220;Aberdeen Israel Fund, Inc,

&#8216;Aberdeen Latin American Fund, Inc.

Aberdeen Greater China Fund, Inc.</div></box></Blocks></page></doc>