<doc doi="Bi2i_1024" name="/prcanalyt/test-pra1/inventory_module/InputProcessing/7F9/38E/7F938E98340E33810DF07D499A8C7603A8D81134.pdf"><page num="1" src="img/Bi2i_1024/Bi2i_1024-00.jpg" txt_src="img/Bi2i_1024/Bi2i_1024-00.txt"><Blocks><box><div coordinates="258,448,1042,420" index="0" style="position:fixed;left:3.9084987123163155%;top:8.784313725490197%;height:8.235294117647058%;width:15.785487047417057%;" type="para">STATE STREET.

For Everything You Invest in~</div></box><box><div coordinates="249,903,1147,241" index="1" style="position:fixed;left:3.7721557339797%;top:17.705882352941178%;height:4.7254901960784315%;width:17.376155128010907%;" type="para">DEUTSCHE BANK AG, FRANKFURT
(Schedule A for complete account list)
15 DearIR</div></box><box><div coordinates="249,1206,1493,502" index="2" style="position:fixed;left:3.7721557339797%;top:23.647058823529413%;height:9.843137254901961%;width:22.61778518406302%;" type="para">State Street Fee Proposal Summary
I. US DOMESTIC MONTHLY CUSTODY FEES

US Assets under Custody</div></box><box><div coordinates="1746,1384,689,174" index="3" style="position:fixed;left:26.450537797303436%;top:27.137254901960784%;height:3.4117647058823533%;width:10.437812452658687%;" type="para">Safekeeping Charge</div></box><box><div coordinates="3949,1387,688,177" index="4" style="position:fixed;left:59.82426905014392%;top:27.19607843137255%;height:3.4705882352941178%;width:10.422663232843508%;" type="para">Transaction Charge</div></box><box><div coordinates="1881,1623,533,478" index="5" style="position:fixed;left:28.495682472352673%;top:31.823529411764707%;height:9.372549019607842%;width:8.074534161490684%;" type="para">$200.00
$5.50
25

-

|
|</div></box><box><div coordinates="252,1717,260,156" index="6" style="position:fixed;left:3.8176033934252387%;top:33.666666666666664%;height:3.058823529411765%;width:3.938797151946675%;" type="para">Mainte!

T&#8482; tl a</div></box><box><div coordinates="2910,1722,122,122" index="7" style="position:fixed;left:44.0842296621724%;top:33.76470588235294%;height:2.392156862745098%;width:1.8482048174519012%;" type="para">&gt; Ac</div></box><box><div coordinates="2488,1731,292,218" index="8" style="position:fixed;left:37.69125890016664%;top:33.94117647058824%;height:4.2745098039215685%;width:4.423572186032419%;" type="para">* month for
RA

om AV. m</div></box><box><div coordinates="3106,1731,121,121" index="9" style="position:fixed;left:47.053476745947584%;top:33.94117647058824%;height:2.372549019607843%;width:1.8330555976367218%;" type="para">int 2</div></box><box><div coordinates="3270,1737,122,125" index="10" style="position:fixed;left:49.53794879563703%;top:34.05882352941176%;height:2.450980392156863%;width:1.8482048174519012%;" type="para">99,</div></box><box><div coordinates="3438,1734,121,121" index="11" style="position:fixed;left:52.08301772458719%;top:34.0%;height:2.372549019607843%;width:1.8330555976367218%;" type="para">othe</div></box><box><div coordinates="885,1809,121,124" index="12" style="position:fixed;left:13.407059536433874%;top:35.47058823529412%;height:2.431372549019608%;width:1.8330555976367218%;" type="para">for</div></box><box><div coordinates="252,1813,889,787" index="13" style="position:fixed;left:3.8176033934252387%;top:35.549019607843135%;height:15.43137254901961%;width:13.467656415694593%;" type="para">Depository Trades {automate
Depository Trades {automaie
Physical Trades (inc. Mutual
Manually Instructed Depositos
Account to Account Transfers
Redeptions / Maturities (Depc
Redeptions / Maturities (Phys
Money Movements
Withdrawal &amp; Re-registration

PF &#8220;vo "4.</div></box><box><div coordinates="1098,1812,121,121" index="14" style="position:fixed;left:16.63384335706711%;top:35.529411764705884%;height:2.372549019607843%;width:1.8330555976367218%;" type="para">ed)</div></box><box><div coordinates="2661,1884,146,154" index="15" style="position:fixed;left:40.312073928192696%;top:36.94117647058823%;height:3.019607843137255%;width:2.2117860930162094%;" type="para">RN, |</div></box><box><div coordinates="2838,1902,122,122" index="16" style="position:fixed;left:42.993485835479476%;top:37.29411764705882%;height:2.392156862745098%;width:1.8482048174519012%;" type="para">JRP</div></box><box><div coordinates="3763,1900,298,763" index="17" style="position:fixed;left:57.006514164520524%;top:37.254901960784316%;height:14.960784313725489%;width:4.514467504923497%;" type="para" /></box><box><div coordinates="4162,1978,244,204" index="18" style="position:fixed;left:63.051052870777156%;top:38.78431372549019%;height:4.0%;width:3.6964096349038025%;" type="para">per iter
per iter</div></box><box><div coordinates="1029,2055,352,388" index="19" style="position:fixed;left:15.588547189819725%;top:40.294117647058826%;height:7.6078431372549025%;width:5.33252537494319%;" type="para">sitory Trade:
fers (interna
epository)
'hysical)</div></box><box><div coordinates="252,2364,158,316" index="20" style="position:fixed;left:3.8176033934252387%;top:46.35294117647059%;height:6.196078431372549%;width:2.393576730798364%;" type="para">FECA

Mor
Wit]
Line</div></box><box><div coordinates="4165,2382,295,205" index="21" style="position:fixed;left:63.0965005302227%;top:46.705882352941174%;height:4.019607843137255%;width:4.469019845477957%;" type="para">fo ty hm

per item
per item</div></box><box><div coordinates="1227,2446,155,156" index="22" style="position:fixed;left:18.58809271322527%;top:47.96078431372549%;height:3.058823529411765%;width:2.348129071352825%;" type="para">&gt;. Mud</div></box><box><div coordinates="831,2455,184,148" index="23" style="position:fixed;left:12.589001666414179%;top:48.13725490196079%;height:2.9019607843137254%;width:2.7874564459930316%;" type="para">egistra</div></box><box><div coordinates="2166,2499,280,319" index="24" style="position:fixed;left:32.813210119678835%;top:49.0%;height:6.254901960784314%;width:4.241781548250265%;" type="para" /></box><box><div coordinates="2589,2538,139,127" index="25" style="position:fixed;left:39.221330101499774%;top:49.76470588235294%;height:2.4901960784313726%;width:2.105741554309953%;" type="para">nth |</div></box><box><div coordinates="2733,2544,121,121" index="26" style="position:fixed;left:41.402817754885625%;top:49.88235294117647%;height:2.372549019607843%;width:1.8330555976367218%;" type="para">er s</div></box><box><div coordinates="2935,2541,121,121" index="27" style="position:fixed;left:44.46296015755188%;top:49.8235294117647%;height:2.372549019607843%;width:1.8330555976367218%;" type="para">arity</div></box><box><div coordinates="3193,2544,121,143" index="28" style="position:fixed;left:48.3714588698682%;top:49.88235294117647%;height:2.803921568627451%;width:1.8330555976367218%;" type="para">ng</div></box><box><div coordinates="252,2848,997,310" index="29" style="position:fixed;left:3.8176033934252387%;top:55.84313725490196%;height:6.078431372549019%;width:15.10377215573398%;" type="para">il. OUT-of-POCKET Expenses
A billing for recovery of applicable

following:</div></box><box><div coordinates="1299,2934,196,121" index="30" style="position:fixed;left:19.678836539918194%;top:57.529411764705884%;height:2.372549019607843%;width:2.9692470837751856%;" type="para">uf-of-p</div></box><box><div coordinates="1920,2938,139,141" index="31" style="position:fixed;left:29.086502045144673%;top:57.607843137254896%;height:2.764705882352941%;width:2.105741554309953%;" type="para">4 will</div></box><box><div coordinates="2407,2937,174,124" index="32" style="position:fixed;left:36.4641720951371%;top:57.58823529411765%;height:2.431372549019608%;width:2.635964247841236%;" type="para">of the</div></box><box><div coordinates="3021,2937,122,124" index="33" style="position:fixed;left:45.76579306165732%;top:57.58823529411765%;height:2.431372549019608%;width:1.8482048174519012%;" type="para">arith.</div></box><box><div coordinates="3480,2937,200,137" index="34" style="position:fixed;left:52.71928495682472%;top:57.58823529411765%;height:2.686274509803922%;width:3.0298439630359035%;" type="para">(et exp</div></box><box><div coordinates="4330,2938,121,123" index="35" style="position:fixed;left:65.59612179972731%;top:57.607843137254896%;height:2.411764705882353%;width:1.8330555976367218%;" type="para">ot li</div></box><box><div coordinates="2844,2940,121,121" index="36" style="position:fixed;left:43.08438115437055%;top:57.647058823529406%;height:2.372549019607843%;width:1.8330555976367218%;" type="para">rch 1</div></box><box><div coordinates="3309,2940,122,122" index="37" style="position:fixed;left:50.12876836842902%;top:57.647058823529406%;height:2.392156862745098%;width:1.8482048174519012%;" type="para">&#167;-po</div></box><box><div coordinates="4567,2940,121,121" index="38" style="position:fixed;left:69.18648689592486%;top:57.647058823529406%;height:2.372549019607843%;width:1.8330555976367218%;" type="para">dio</div></box><box><div coordinates="336,3175,121,123" index="39" style="position:fixed;left:5.090137857900318%;top:62.254901960784316%;height:2.411764705882353%;width:1.8330555976367218%;" type="para">Molatt</div></box><box><div coordinates="870,3174,121,121" index="40" style="position:fixed;left:13.17982123920618%;top:62.23529411764706%;height:2.372549019607843%;width:1.8330555976367218%;" type="para">Sts</div></box><box><div coordinates="255,3439,187,283" index="41" style="position:fixed;left:3.863051052870777%;top:67.43137254901961%;height:5.549019607843137%;width:2.83290410543857%;" type="para">Dupt
Sub
Non-</div></box><box><div coordinates="498,3442,175,177" index="42" style="position:fixed;left:7.5443114679594%;top:67.49019607843138%;height:3.4705882352941178%;width:2.651113467656416%;" type="para">ating
istodic</div></box><box><div coordinates="1434,3489,443,224" index="43" style="position:fixed;left:21.72398121496743%;top:68.41176470588235%;height:4.392156862745098%;width:6.711104378124527%;" type="para">stration, Audit e
ssional fees</div></box><box><div coordinates="627,3498,286,227" index="44" style="position:fixed;left:9.498560824117558%;top:68.58823529411765%;height:4.450980392156863%;width:4.332676867141342%;" type="para">ian costs
ng legal, z</div></box><box><div coordinates="924,3498,151,202" index="45" style="position:fixed;left:13.997879109225874%;top:68.58823529411765%;height:3.96078431372549%;width:2.2875321920921072%;" type="para">Stam
udit &#169;</div></box><box><div coordinates="1191,3522,121,181" index="46" style="position:fixed;left:18.042720799878804%;top:69.05882352941177%;height:3.5490196078431375%;width:1.8330555976367218%;" type="para">uty, |

er p</div></box><box><div coordinates="255,3729,1712,694" index="47" style="position:fixed;left:3.863051052870777%;top:73.11764705882354%;height:13.607843137254902%;width:25.935464323587336%;" type="para">lll. SPECIAL SERVICES

Fees for activities of a non-recurring nature such as fund c
reports will be subject to negotiation. Should the nature of
change significantly, State Street and DB agree to discuss

IV. PAYMENT
The above fees will be charged monthly against the fund's
schedule is effective upon commencement of operations.</div></box><box><div coordinates="2140,3823,355,280" index="48" style="position:fixed;left:32.41933040448417%;top:74.9607843137255%;height:5.490196078431373%;width:5.377973034388729%;" type="para">ations or rex
counts or the
es to the fee</div></box><box><div coordinates="2665,3823,121,121" index="49" style="position:fixed;left:40.37267080745342%;top:74.9607843137255%;height:2.372549019607843%;width:1.8330555976367218%;" type="para">zatio</div></box><box><div coordinates="2877,3823,143,136" index="50" style="position:fixed;left:43.584305408271476%;top:74.9607843137255%;height:2.666666666666667%;width:2.166338433570671%;" type="para">extra</div></box><box><div coordinates="3079,3826,121,121" index="51" style="position:fixed;left:46.64444781093774%;top:75.01960784313727%;height:2.372549019607843%;width:1.8330555976367218%;" type="para">dina</div></box><box><div coordinates="3519,3822,302,203" index="52" style="position:fixed;left:53.31010452961672%;top:74.94117647058823%;height:3.980392156862745%;width:4.5750643841842145%;" type="para">shipments
activity pro</div></box><box><div coordinates="3895,3823,205,201" index="53" style="position:fixed;left:59.006211180124225%;top:74.9607843137255%;height:3.9411764705882355%;width:3.1055900621118013%;" type="para">d the pi
sed the</div></box><box><div coordinates="4219,3823,121,123" index="54" style="position:fixed;left:63.914558400242385%;top:74.9607843137255%;height:2.411764705882353%;width:1.8330555976367218%;" type="para">ratio</div></box><box><div coordinates="1887,3900,121,122" index="55" style="position:fixed;left:28.58657779124375%;top:76.47058823529412%;height:2.392156862745098%;width:1.8330555976367218%;" type="para">ll Sa? Sf &#167;

of {i</div></box><box><div coordinates="3211,3901,121,121" index="56" style="position:fixed;left:48.644144826541435%;top:76.49019607843137%;height:2.372549019607843%;width:1.8330555976367218%;" type="para">hy A? No

VE</div></box><box><div coordinates="2614,3982,121,121" index="57" style="position:fixed;left:39.60006059687926%;top:78.07843137254902%;height:2.372549019607843%;width:1.8330555976367218%;" type="para">bb 4B

edui</div></box><box><div coordinates="2022,4201,122,124" index="58" style="position:fixed;left:30.631722466292988%;top:82.37254901960785%;height:2.431372549019608%;width:1.8482048174519012%;" type="para">1510(</div></box><box><div coordinates="2160,4207,121,121" index="59" style="position:fixed;left:32.722314800787764%;top:82.49019607843138%;height:2.372549019607843%;width:1.8330555976367218%;" type="para">ian &#171;</div></box><box><div coordinates="2688,4206,122,122" index="60" style="position:fixed;left:40.721102863202546%;top:82.47058823529412%;height:2.392156862745098%;width:1.8482048174519012%;" type="para">int fi</div></box><box><div coordinates="3121,4204,139,124" index="61" style="position:fixed;left:47.28071504317528%;top:82.43137254901961%;height:2.431372549019608%;width:2.105741554309953%;" type="para">after</div></box><box><div coordinates="3691,4204,331,148" index="62" style="position:fixed;left:55.915770337827595%;top:82.43137254901961%;height:2.9019607843137254%;width:5.014391758824421%;" type="para">nailed to the</div></box><box><div coordinates="4567,4209,121,121" index="63" style="position:fixed;left:69.18648689592486%;top:82.52941176470588%;height:2.372549019607843%;width:1.8330555976367218%;" type="para">s fe</div></box><box><div coordinates="2449,4231,121,121" index="64" style="position:fixed;left:37.10043932737464%;top:82.96078431372548%;height:2.372549019607843%;width:1.8330555976367218%;" type="para">ng a</div></box><box><div coordinates="3394,4230,121,121" index="65" style="position:fixed;left:51.416452052719286%;top:82.94117647058825%;height:2.372549019607843%;width:1.8330555976367218%;" type="para">INVOl</div></box><box><div coordinates="411,4281,121,142" index="66" style="position:fixed;left:6.226329344038782%;top:83.94117647058823%;height:2.784313725490196%;width:1.8330555976367218%;" type="para">A. LL

edul</div></box><box><div coordinates="255,4428,1063,383" index="67" style="position:fixed;left:3.863051052870777%;top:86.82352941176471%;height:7.509803921568628%;width:16.10362066353583%;" type="para">V. TERMS OF CONTRACT

This fee schedule is dated and effet
foe schedule sixty (60} days immed!</div></box><box><div coordinates="1383,4579,1256,235" index="68" style="position:fixed;left:20.951371004393273%;top:89.7843137254902%;height:4.6078431372549025%;width:19.027420087865472%;" type="para">re as of Dec 01, 2008, State Street shall ser
ely following its prior written notice sent to the</div></box><box><div coordinates="2949,4588,122,124" index="69" style="position:fixed;left:44.6750492349644%;top:89.9607843137255%;height:2.431372549019608%;width:1.8482048174519012%;" type="para">e io</div></box><box><div coordinates="3274,4588,121,121" index="70" style="position:fixed;left:49.59854567489774%;top:89.9607843137255%;height:2.372549019607843%;width:1.8330555976367218%;" type="para">3

nt &#169;</div></box><box><div coordinates="3580,4588,196,148" index="71" style="position:fixed;left:54.23420693834268%;top:89.9607843137255%;height:2.9019607843137254%;width:2.9692470837751856%;" type="para">nthly b</div></box><box><div coordinates="4219,4588,121,123" index="72" style="position:fixed;left:63.914558400242385%;top:89.9607843137255%;height:2.411764705882353%;width:1.8330555976367218%;" type="para">et n</div></box><box><div coordinates="2793,4614,122,121" index="73" style="position:fixed;left:42.3117709437964%;top:90.47058823529412%;height:2.372549019607843%;width:1.8482048174519012%;" type="para">{NV OI

&#8212;</div></box><box><div coordinates="4351,4614,121,122" index="74" style="position:fixed;left:65.91425541584609%;top:90.47058823529412%;height:2.392156862745098%;width:1.8330555976367218%;" type="para">ay a</div></box><box><div coordinates="250,4906,350,172" index="75" style="position:fixed;left:3.7873049537948797%;top:96.19607843137254%;height:3.3725490196078427%;width:5.302226935312832%;" type="para">Agreed:</div></box><box><div coordinates="606,5077,397,157" index="76" style="position:fixed;left:9.180427207998788%;top:99.54901960784314%;height:3.0784313725490198%;width:6.014240266626269%;" type="para">Bank AG, Fra</div></box><box><div coordinates="129,5083,1970,952" index="77" style="position:fixed;left:1.9542493561581578%;top:99.66666666666667%;height:18.666666666666668%;width:29.843963035903652%;" type="para">Deutsche Banak-AG, Frankfurt

Aut ha EE

Colin WU QVV ELIS A

Print Name
VP VP

Title</div></box><box><div coordinates="1005,5089,196,121" index="78" style="position:fixed;left:15.224965914255417%;top:99.7843137254902%;height:2.372549019607843%;width:2.9692470837751856%;" type="para">Wkfurt</div></box><box><div coordinates="2247,5167,2371,1399" index="79" style="position:fixed;left:34.04029692470838%;top:101.31372549019608%;height:27.431372549019606%;width:35.91880018179064%;" type="para">rate:</div></box><box><div coordinates="2952,5608,203,172" index="80" style="position:fixed;left:44.72049689440994%;top:109.9607843137255%;height:3.3725490196078427%;width:3.0752916224814424%;" type="para" /></box><box><div coordinates="2673,5758,218,184" index="81" style="position:fixed;left:40.49386456597485%;top:112.90196078431372%;height:3.607843137254902%;width:3.3025299197091353%;" type="para" /></box><box><div coordinates="2892,5899,299,277" index="82" style="position:fixed;left:43.81154370549917%;top:115.66666666666667%;height:5.431372549019608%;width:4.529616724738676%;" type="para" /></box><box><div coordinates="2547,5920,131,150" index="83" style="position:fixed;left:38.58506286926223%;top:116.07843137254903%;height:2.941176470588235%;width:1.9845477957885167%;" type="para" /></box><box><div coordinates="2421,5974,125,136" index="84" style="position:fixed;left:36.676261172549616%;top:117.13725490196079%;height:2.666666666666667%;width:1.8936524768974399%;" type="para" /></box><box><div coordinates="2658,6024,236,275" index="85" style="position:fixed;left:40.26662626874716%;top:118.11764705882352%;height:5.392156862745098%;width:3.5752158763823663%;" type="para" /></box><box><div coordinates="2304,6133,122,121" index="86" style="position:fixed;left:34.90380245417361%;top:120.25490196078432%;height:2.372549019607843%;width:1.8482048174519012%;" type="para" /></box><box><div coordinates="2481,6247,122,127" index="87" style="position:fixed;left:37.58521436146039%;top:122.49019607843137%;height:2.4901960784313726%;width:1.8482048174519012%;" type="para" /></box></Blocks></page></doc>