<doc doi="Bi2i_1026" name="/prcanalyt/test-pra1/inventory_module/InputProcessing/7FC/844/7FC844D9C2DB16010659B605DCC488A0CAC4CC79.pdf"><page num="1" src="img/Bi2i_1026/Bi2i_1026-00.jpg" txt_src="img/Bi2i_1026/Bi2i_1026-00.txt"><Blocks><box><div coordinates="561,438,4139,520" index="0" style="position:fixed;left:8.498712316315709%;top:8.588235294117647%;height:10.196078431372548%;width:62.70262081502802%;" type="para">STATE STREET BANK AND TRUST COMPANY</div></box><box><div coordinates="921,975,3524,190" index="1" style="position:fixed;left:13.952431449780336%;top:19.11764705882353%;height:3.7254901960784315%;width:53.38585062869262%;" type="para">FUND ADMINISTRATION MONEY MARKET SERVICES FEE SCHEDULE</div></box><box><div coordinates="2061,1206,1238,301" index="2" style="position:fixed;left:31.22254203908499%;top:23.647058823529413%;height:5.901960784313726%;width:18.754734131192244%;" type="para">PACIFIC SELECT FUND
February 2, 2011</div></box><box><div coordinates="1086,1548,2447,202" index="3" style="position:fixed;left:16.452052719284957%;top:30.352941176470587%;height:3.96078431372549%;width:37.07014088774428%;" type="para">Fees for Fund Administration Money Market Services:</div></box><box><div coordinates="789,1551,157,178" index="4" style="position:fixed;left:11.95273443417664%;top:30.411764705882355%;height:3.4901960784313726%;width:2.378427510983184%;" type="para">=</div></box><box><div coordinates="774,1774,3788,757" index="5" style="position:fixed;left:11.725496136948948%;top:34.78431372549019%;height:14.843137254901961%;width:57.38524465990002%;" type="para">The following fee schedule is for money market services provided pursuant to the Money
Market Services Agreement (the &#8220;Agreement&#8221;) dated June 30, 2010 between Pacific Select
Fund (the &#8220;Fund&#8221;) and State Street Bank and Trust Company (&#8220;State Street&#8221;). Terms set
forth herein and not otherwise defined shall have the meanings ascribed to them in the
Agreement. The Fund will be charged according to the following fee schedule for the
Services:</div></box><box><div coordinates="813,2584,2786,780" index="6" style="position:fixed;left:12.316315709740948%;top:50.66666666666667%;height:15.294117647058824%;width:42.20572640509014%;" type="para">Per Portfolio
$7,800 Annually

  

Operations Fees |

Prepare monthly report of portfolio holdings
statements to assist in posting portfolio
information to the Funds&#8217; websites

Prepare the new Form N-MFP for SEC filing on | $5,850 Annually
a monthly basis</div></box><box><div coordinates="2847,2589,770,317" index="7" style="position:fixed;left:43.12982881381609%;top:50.76470588235294%;height:6.215686274509804%;width:11.664899257688228%;" type="para">Per Portfolio
$7,800 Annually</div></box><box><div coordinates="768,3399,196,181" index="8" style="position:fixed;left:11.634600818057871%;top:66.64705882352942%;height:3.5490196078431375%;width:2.9692470837751856%;" type="para">IL.</div></box><box><div coordinates="1080,3399,1202,182" index="9" style="position:fixed;left:16.361157400393882%;top:66.64705882352942%;height:3.568627450980392%;width:18.209362217845783%;" type="para">Term of the Fee Schedule:</div></box><box><div coordinates="754,3622,3766,324" index="10" style="position:fixed;left:11.422511740645357%;top:71.01960784313725%;height:6.352941176470588%;width:57.05196182396607%;" type="para">The parties agree that this fee schedule shall remain in effect until the expiration of the first
year of the Agreement, and thereafter may be subject to negotiation by the Parties.</div></box><box><div coordinates="1527,3972,2231,206" index="11" style="position:fixed;left:23.132858657779124%;top:77.88235294117646%;height:4.03921568627451%;width:33.79790940766551%;" type="para">[REMAINDER OF PAGE INTENTIONALLY LEFT BLANK, ]</div></box><box><div coordinates="2025,6070,1186,199" index="12" style="position:fixed;left:30.677170125738524%;top:119.01960784313725%;height:3.9019607843137254%;width:17.96697470080291%;" type="para">State Street - Confidential</div></box></Blocks></page><page num="2" src="img/Bi2i_1026/Bi2i_1026-01.jpg" txt_src="img/Bi2i_1026/Bi2i_1026-01.txt"><Blocks><box><div coordinates="834,519,964,202" index="0" style="position:fixed;left:12.634449325859718%;top:10.176470588235293%;height:3.96078431372549%;width:14.603847901833056%;" type="para">Accepted and Agreed:</div></box><box><div coordinates="786,750,2402,1678" index="1" style="position:fixed;left:11.907286774731102%;top:14.705882352941178%;height:32.90196078431373%;width:36.3884259960612%;" type="para">PACIFIC SELECT FUND

On behalf of:
CASH MANAGEMENT PORTFOLIO

By: ava

Name: award T. Hirakawa

Title: :
Vice President

STATE STREET B A

By: i %

 

Name: Mike Roget
Title: Executive Vice President</div></box><box><div coordinates="3646,5926,1249,535" index="2" style="position:fixed;left:55.234055446144524%;top:116.19607843137254%;height:10.490196078431373%;width:18.92137554915922%;" type="para" /></box><box><div coordinates="2536,6018,147,122" index="3" style="position:fixed;left:38.41842145129526%;top:118.0%;height:2.392156862745098%;width:2.2269353128313893%;" type="para" /></box><box><div coordinates="2016,6190,1186,193" index="4" style="position:fixed;left:30.54082714740191%;top:121.37254901960783%;height:3.784313725490196%;width:17.96697470080291%;" type="para">State Street - Confidential</div></box><box><div coordinates="4555,6430,121,121" index="5" style="position:fixed;left:69.0046962581427%;top:126.07843137254902%;height:2.372549019607843%;width:1.8330555976367218%;" type="para" /></box></Blocks></page></doc>