<doc doi="Bi2i_0748" name="/prcanalyt/test-pra1/inventory_module/InputProcessing/60E/57B/60E57B331F98694DAAD784138B6EC5D3471DA903.pdf"><page num="1" src="img/Bi2i_0748/Bi2i_0748-00.jpg" txt_src="img/Bi2i_0748/Bi2i_0748-00.txt"><Blocks><box><div coordinates="384,295,4397,438" index="0" style="position:fixed;left:5.8173004090289355%;top:5.784313725490196%;height:8.588235294117647%;width:66.61111952734434%;" type="para">STATE STREET BANK AND TRUST COMPANY</div></box><box><div coordinates="840,780,3485,592" index="1" style="position:fixed;left:12.725344644750795%;top:15.294117647058824%;height:11.607843137254902%;width:52.79503105590062%;" type="para">DUFF &amp; PHELPS UTILITY AND CORPORATE BOND TRUST INC. (THE &#8220;FUND&#8221;&#8217;)
INVESTMENT ACCOUNTING
FEE SCHEDULE
AS OF AUGUST 31, 2010</div></box><box><div coordinates="354,1449,4523,1786" index="2" style="position:fixed;left:5.36282381457355%;top:28.41176470588235%;height:35.01960784313726%;width:68.51992122405696%;" type="para">FUND ACCOUNTING

This Fee Schedule is for services (the &#8220;Services&#8221;) provided by State Street Bank and Trust Company or its affiliates (&#8220;State Street&#8221;)
pursuant to the Sub-Accounting Services Agreement by and between State Street and J.J.B. Hilliard, W.L. Lyons, LLC dated as of

SOLER) 208% (the &#8220;Fund Accounting Agreement&#8221;), each may be amended, supplemented, restated or otherwise modified from
ime

to tine.

 

I Fund Accounting

For the provision of fund accounting services pursuant to the Fund Accounting Agreement, State Street shall be entitled to
the fees set forth below. In addition to the services detailed in the Fund Accounting Agreement, State Street will prepare for
the review by designated officer(s) of the Fund reports related to the Fund&#8217;s preferred shares, if any, as required by ratings
agencies, or as otherwise requested and as mutually agreed upon. The Basis Point Fee will be calculated by multiplying the
Fund&#8217;s previous month end Net Assets by the basis point fees shown in the table below. Net Assets will be defined as the
month end value of the total assets of the Fund minus the sum of all accrued liabilities (including the aggregate amount of
any outstanding borrowings or other indebtedness constituting financial leverage).</div></box><box><div coordinates="2557,3318,613,461" index="3" style="position:fixed;left:38.73655506741403%;top:65.05882352941177%;height:9.03921568627451%;width:9.286471746705045%;" type="para">Basis Point Fee
2.00 basis points
1.40 basis points
1.30 basis points</div></box><box><div coordinates="426,3333,688,434" index="4" style="position:fixed;left:6.453567641266475%;top:65.3529411764706%;height:8.509803921568627%;width:10.422663232843508%;" type="para">Total Assets

First $350 Million
Next $350 Million
Thereafter</div></box><box><div coordinates="423,3874,1570,184" index="5" style="position:fixed;left:6.408119981820937%;top:75.9607843137255%;height:3.607843137254902%;width:23.784275109831842%;" type="para">Automated Pricing &#8212; Monthly Fee per position:</div></box><box><div coordinates="567,4054,2098,541" index="6" style="position:fixed;left:8.589607635206786%;top:79.49019607843138%;height:10.607843137254902%;width:31.783063172246628%;" type="para">Municipal, Government, Corporate, Convertible and Foreign
Bonds

Exchange Traded Options, Futures and Private Placements
Domestic and Foreign Equities and Money Market Instruments
Foreign Bonds, CMOs, CDS</div></box><box><div coordinates="3145,4063,271,141" index="7" style="position:fixed;left:47.644296318739585%;top:79.66666666666666%;height:2.764705882352941%;width:4.10543856991365%;" type="para">$ 5.00</div></box><box><div coordinates="3145,4237,298,349" index="8" style="position:fixed;left:47.644296318739585%;top:83.07843137254902%;height:6.843137254901961%;width:4.514467504923497%;" type="para">$4.00
$4.00
$15.00</div></box><box><div coordinates="3067,4598,1042,173" index="9" style="position:fixed;left:46.46265717315558%;top:90.15686274509804%;height:3.392156862745098%;width:15.785487047417057%;" type="para">ns in the portfolio at month end.</div></box><box><div coordinates="417,4609,646,187" index="10" style="position:fixed;left:6.317224662929859%;top:90.37254901960785%;height:3.6666666666666665%;width:9.78639600060597%;" type="para">For billing purposs</div></box><box><div coordinates="1092,4607,1090,171" index="11" style="position:fixed;left:16.542948038176032%;top:90.33333333333333%;height:3.3529411764705883%;width:16.512649598545675%;" type="para">, the monthly quote fee will be bas</div></box><box><div coordinates="2197,4606,832,184" index="12" style="position:fixed;left:33.2828359339494%;top:90.31372549019608%;height:3.607843137254902%;width:12.604150886229359%;" type="para">ed on the number of positi</div></box><box><div coordinates="390,4852,4532,553" index="13" style="position:fixed;left:5.9081957279200115%;top:95.13725490196079%;height:10.843137254901961%;width:68.65626420239359%;" type="para">II Special Services

Fees for activities of a non-recurring nature such as fund consolidations or reorganizations, extraordinary security shipments and the
preparation of special reports will be subject to negotiation. Fees and other special items will be negotiated separately.</div></box><box><div coordinates="420,6044,643,246" index="14" style="position:fixed;left:6.362672322375397%;top:118.50980392156862%;height:4.823529411764706%;width:9.74094834116043%;" type="para">State Street Corpor
Limited Access</div></box><box><div coordinates="1098,6059,121,122" index="15" style="position:fixed;left:16.63384335706711%;top:118.80392156862744%;height:2.392156862745098%;width:1.8330555976367218%;" type="para">tior</div></box><box><div coordinates="2493,6115,122,166" index="16" style="position:fixed;left:37.76700499924254%;top:119.90196078431372%;height:3.2549019607843137%;width:1.8482048174519012%;" type="para" /></box></Blocks></page><page num="2" src="img/Bi2i_0748/Bi2i_0748-01.jpg" txt_src="img/Bi2i_0748/Bi2i_0748-01.txt"><Blocks><box><div coordinates="384,294,4397,421" index="0" style="position:fixed;left:5.8173004090289355%;top:5.764705882352941%;height:8.254901960784315%;width:66.61111952734434%;" type="para">STATE STREET BANK AND TRUST COMPANY</div></box><box><div coordinates="840,774,3485,594" index="1" style="position:fixed;left:12.725344644750795%;top:15.176470588235293%;height:11.647058823529411%;width:52.79503105590062%;" type="para">DUFF &amp; PHELPS UTILITY AND CORPORATE BOND TRUST INC. (THE &#8220;FUND&#8221;)
INVESTMENT ACCOUNTING
FEE SCHEDULE
AS OF AUGUST 31, 2010</div></box><box><div coordinates="351,1452,4562,520" index="2" style="position:fixed;left:5.317376155128011%;top:28.47058823529412%;height:10.196078431372548%;width:69.11074079684896%;" type="para">III.  Out-of-Pocket Expenses

A billing for the recovery of applicable out-of-pocket expenses will be made as of the end of each month. Out-of-pocket expenses
include, but are not limited to the following:</div></box><box><div coordinates="552,1990,1666,930" index="3" style="position:fixed;left:8.362369337979095%;top:39.01960784313726%;height:18.235294117647058%;width:25.23860021208908%;" type="para">Communication and vendor data costs (telephone,
lease lines, NASDAQ etc.)

Postage and insurance

Courier service

Customized programming/transmission ($175 per
hour)

On-site consulting ($200 per hour per person plus
expenses for travel and lodging)

Vendor Pricing Sources</div></box><box><div coordinates="411,2005,139,144" index="4" style="position:fixed;left:6.226329344038782%;top:39.31372549019608%;height:2.823529411764706%;width:2.105741554309953%;" type="para" /></box><box><div coordinates="2344,2007,139,239" index="5" style="position:fixed;left:35.509771246780794%;top:39.352941176470594%;height:4.686274509803921%;width:2.105741554309953%;" type="para" /></box><box><div coordinates="2485,2001,1311,1109" index="6" style="position:fixed;left:37.6458112407211%;top:39.23529411764706%;height:21.745098039215684%;width:19.860627177700348%;" type="para">Duplicating

Legal fees, audit fees and other professi
fees

Non-recurring legal fees

Supplies related to fund records
Sub-custodian out-of-pocket charges,-
stamp duty

Third-party internal control review
letter/report

SWIFT charges for external advisors
171-5 review</div></box><box><div coordinates="3175,2085,802,184" index="7" style="position:fixed;left:48.09877291319497%;top:40.88235294117647%;height:3.607843137254902%;width:12.149674291773973%;" type="para">s and other professional</div></box><box><div coordinates="411,2194,139,336" index="8" style="position:fixed;left:6.226329344038782%;top:43.01960784313725%;height:6.588235294117648%;width:2.105741554309953%;" type="para" /></box><box><div coordinates="2346,2292,137,337" index="9" style="position:fixed;left:35.54006968641115%;top:44.94117647058823%;height:6.6078431372549025%;width:2.075443114679594%;" type="para" /></box><box><div coordinates="411,2577,139,142" index="10" style="position:fixed;left:6.226329344038782%;top:50.52941176470588%;height:2.784313725490196%;width:2.105741554309953%;" type="para" /></box><box><div coordinates="1995,2584,202,165" index="11" style="position:fixed;left:30.22269353128314%;top:50.66666666666667%;height:3.2352941176470593%;width:3.0601424026662625%;" type="para">n plus</div></box><box><div coordinates="2346,2676,137,142" index="12" style="position:fixed;left:35.54006968641115%;top:52.470588235294116%;height:2.784313725490196%;width:2.075443114679594%;" type="para" /></box><box><div coordinates="411,2766,139,142" index="13" style="position:fixed;left:6.226329344038782%;top:54.23529411764706%;height:2.784313725490196%;width:2.105741554309953%;" type="para" /></box><box><div coordinates="2346,2865,137,237" index="14" style="position:fixed;left:35.54006968641115%;top:56.1764705882353%;height:4.647058823529412%;width:2.075443114679594%;" type="para" /></box><box><div coordinates="357,3291,4558,722" index="15" style="position:fixed;left:5.408271474019088%;top:64.52941176470588%;height:14.156862745098039%;width:69.05014391758824%;" type="para">"Payment of Fees

TV.

 

This fee schedule is in effect for a period of three years from the date of the Agreement, The above fees will be payable by the J.J.B.
Hilliard, W.L. Lyons, LLC within 15 days after the invoice is mailed to the Company&#8217;s offices. Any fees or reimbursable expenses not

paid within 30 days of the date of the original invoice will be charged a late payment fee of 1% per month until payment of the fees are
received by State Street. Billing will be made monthly by State Street.</div></box><box><div coordinates="378,4351,4403,1029" index="16" style="position:fixed;left:5.726405090137858%;top:85.31372549019608%;height:20.176470588235293%;width:66.70201484623541%;" type="para">J.J.B. HILLIARD, W.L. Lyons, L1.C STATE STREET BANK AND TRUST COMPANY

7
rt fly A By

&lt; Cv Rx OR Name:

By PL
Name: 3 - |
Vv co JRes deg; Title Sen Gf Vie | Pagpe LR Lh ny

Title - Sen
Date Sa

&#8216;Date gc emaimn 21, 2010</div></box><box><div coordinates="3784,4852,264,121" index="17" style="position:fixed;left:57.324647780639296%;top:95.13725490196079%;height:2.372549019607843%;width:3.999394031207393%;" type="para" /></box><box><div coordinates="3241,5020,366,121" index="18" style="position:fixed;left:49.09862142099682%;top:98.4313725490196%;height:2.372549019607843%;width:5.544614452355703%;" type="para" /></box><box><div coordinates="3151,5158,711,223" index="19" style="position:fixed;left:47.73519163763066%;top:101.13725490196079%;height:4.372549019607843%;width:10.771095288592637%;" type="para">yi

Zh

Oto</div></box><box><div coordinates="1159,5188,1053,196" index="20" style="position:fixed;left:17.55794576579306%;top:101.72549019607844%;height:3.8431372549019605%;width:15.952128465384034%;" type="para" /></box><box><div coordinates="411,6023,859,255" index="21" style="position:fixed;left:6.226329344038782%;top:118.09803921568627%;height:5.0%;width:13.013179821239207%;" type="para">State Street Corporation
Limited Access</div></box><box><div coordinates="2470,6106,142,169" index="22" style="position:fixed;left:37.41857294349341%;top:119.72549019607843%;height:3.313725490196078%;width:2.1511892137554915%;" type="para" /></box></Blocks></page></doc>