<doc doi="Bi2i_0743" name="/prcanalyt/test-pra1/inventory_module/InputProcessing/600/993/6009938F47261762E4AED9550DA0091DB33F9112.pdf"><page num="1" src="img/Bi2i_0743/Bi2i_0743-00.jpg" txt_src="img/Bi2i_0743/Bi2i_0743-00.txt"><Blocks><box><div coordinates="1621,421,1895,187" index="0" style="position:fixed;left:24.556885320406%;top:8.254901960784315%;height:3.6666666666666665%;width:28.707771549765187%;" type="para" /></box><box><div coordinates="1825,753,1509,415" index="1" style="position:fixed;left:27.647326162702623%;top:14.76470588235294%;height:8.137254901960784%;width:22.860172701105892%;" type="para">NEW EAGLE HOLDINGS, LLC
CONFIDENTIAL FEE SCHEDULE
AS OF SEPTEMBER 28, 2011</div></box><box><div coordinates="511,1184,4179,883" index="2" style="position:fixed;left:7.741251325556734%;top:23.215686274509803%;height:17.313725490196077%;width:63.3085896076352%;" type="para" /></box><box><div coordinates="573,2052,3983,464" index="3" style="position:fixed;left:8.680502954097864%;top:40.23529411764706%;height:9.098039215686274%;width:60.33934252386002%;" type="para">For the provision of custody services pursuant to the Custody Agreement, State Street shall be entitled to the fees set
forth below. The Company will pay in monthly installments in arrears the total of each account&#8217;s monthly asset fee.
This amount does not include transaction processing fees, foreign custody, out-of-pocket expenses or any other fees,
charges or expenses specifically identified in this fee schedule.</div></box><box><div coordinates="569,2556,883,264" index="4" style="position:fixed;left:8.619906074837145%;top:50.117647058823536%;height:5.176470588235294%;width:13.376761096803513%;" type="para">Domestic Custody
Account Maintenance Fe</div></box><box><div coordinates="2045,2653,311,169" index="5" style="position:fixed;left:30.980154522042113%;top:52.01960784313725%;height:3.313725490196078%;width:4.71140736252083%;" type="para">r month</div></box><box><div coordinates="1489,2667,551,173" index="6" style="position:fixed;left:22.557188304802303%;top:52.294117647058826%;height:3.392156862745098%;width:8.347220118163914%;" type="para">, per account, pe</div></box><box><div coordinates="3791,2664,427,166" index="7" style="position:fixed;left:57.43069231934555%;top:52.23529411764706%;height:3.2549019607843137%;width:6.468716861081654%;" type="para">$1,000.00</div></box><box><div coordinates="569,2842,659,186" index="8" style="position:fixed;left:8.619906074837145%;top:55.72549019607843%;height:3.6470588235294117%;width:9.983335858203302%;" type="para">Foreign Custody</div></box><box><div coordinates="3863,2854,397,168" index="9" style="position:fixed;left:58.521436146038475%;top:55.96078431372548%;height:3.294117647058824%;width:6.014240266626269%;" type="para">Appendix</div></box><box><div coordinates="563,3034,2163,1226" index="10" style="position:fixed;left:8.52901075594607%;top:59.49019607843137%;height:24.03921568627451%;width:32.7677624602333%;" type="para">Transaction Processing Fees per T rade&#8217;
DTC or Fed Book Entry

Physical Settlements (includes Bank Loans)

Per Paydown

All Other Trades

Fed Wires (In &amp; Out)

State Street Bank Repo: per fund, per month

Third Party Short-Term Trades

Third Party Foreign Exchange

Exchange Traded Derivatives (Options, Futures Trades, etc.)
Over the Counter (&#8216;OTC&#8217;) Traded Derivatives (Options, Future
Foreign Exchange Through State Street Global Markets</div></box><box><div coordinates="4155,3161,467,1109" index="11" style="position:fixed;left:62.9450083320709%;top:61.98039215686274%;height:21.745098039215684%;width:7.074685653688835%;" type="para">$6.00
$25.00
$8.00
$25.00
$6.00
$50.00
$10.00
$40.00
$25.00
$ 45.00
&gt; Footnote 1</div></box><box><div coordinates="2739,3999,281,169" index="12" style="position:fixed;left:41.4937130737767%;top:78.41176470588235%;height:3.313725490196078%;width:4.256930768065445%;" type="para">, Trades,</div></box><box><div coordinates="3041,4000,283,170" index="13" style="position:fixed;left:46.06877745796091%;top:78.43137254901961%;height:3.3333333333333335%;width:4.287229207695804%;" type="para">SWAPS</div></box><box><div coordinates="3345,4017,213,146" index="14" style="position:fixed;left:50.67414028177549%;top:78.76470588235294%;height:2.8627450980392157%;width:3.2267838206332375%;" type="para">etc.)</div></box><box><div coordinates="553,4274,745,666" index="15" style="position:fixed;left:8.377518557794273%;top:83.80392156862744%;height:13.058823529411764%;width:11.286168762308742%;" type="para">1

The Transaction Processi
the Company in connectic
whether the Company or
third party dealer or brok
described below) that may

State Street Global Marke</div></box><box><div coordinates="549,4355,3505,1321" index="16" style="position:fixed;left:8.316921678533555%;top:85.3921568627451%;height:25.901960784313726%;width:53.098015452204216%;" type="para">The Transaction Processing Fees are per trade processing fees charged for processing the settlement of transactions by State Sti
the Company in connection with the provision of custody services hereunder. These Transaction Processing Fees, unless otherwi
whether the Company or its third party investment managers entered into such transactions with or through State Street or one of
third party dealer or broker. The processing fees are in addition to, and are not to be construed as payments in lieu of, any &#162;
described below) that may be earned by State Street or any of its affiliates or by a third party dealer or broker in connection with

State Street Global Markets, a separate division of State Street, offers principal or &#8220;dealer&#8221; trading services as well as agency ex
(which include its proprietary electronic trading platforms) in a variety of asset classes, including most of those described in thi
Company or its third party fiduciary investment managers may select State Street Global Markets to effect principal or ager
however, any such services, irrespective of whether trade orders are transmitted through State Street&#8217;s custody or trustee
conducted under contractual or other arrangements that are distinct from its services and obligations under this Agreement. Whe
State Street Global Markets act as a counterparty (e.g., foreign exchange, over the counter derivatives, repurchase transactions)
such transactions are principal transactions and State Street or State Street Global Markets enter into them as a dealer and nc
agency or similar capacity (regardless of any other relationships between State Street and the Company under this Agreement)
with such trading or agency execution services, State Street Global Markets may receive compensation from the Company in a 1
including a commission, click fee, revenue share, spread, mark-up, mark-down, interest, fee or similar amount,</div></box><box><div coordinates="3697,4363,121,152" index="17" style="position:fixed;left:56.00666565671868%;top:85.54901960784314%;height:2.980392156862745%;width:1.8330555976367218%;" type="para" /></box><box><div coordinates="1205,4373,435,425" index="18" style="position:fixed;left:18.25480987729132%;top:85.74509803921569%;height:8.333333333333332%;width:6.58991061960309%;" type="para">ssing Fees are |
ction with the pr
or its third party
roker, The pro
nay be earned b</div></box><box><div coordinates="3857,4375,257,300" index="19" style="position:fixed;left:58.430540827147404%;top:85.7843137254902%;height:5.88235294117647%;width:3.8933494925011365%;" type="para">tate Stree
ytherwise
one of its

nN ASU PF 7%</div></box><box><div coordinates="4121,4489,399,342" index="20" style="position:fixed;left:62.4299348583548%;top:88.01960784313727%;height:6.705882352941177%;width:6.044538706256628%;" type="para">waived, apply
&#8216;affiliates or a
pensation (as
h transaction,</div></box><box><div coordinates="3637,4685,139,143" index="21" style="position:fixed;left:55.097712467807916%;top:91.86274509803921%;height:2.803921568627451%;width:2.105741554309953%;" type="para">rd AdWN

NNEC</div></box><box><div coordinates="2431,4697,121,123" index="22" style="position:fixed;left:36.82775337070141%;top:92.09803921568628%;height:2.411764705882353%;width:1.8330555976367218%;" type="para">liate;</div></box><box><div coordinates="3549,4839,121,126" index="23" style="position:fixed;left:53.76458112407211%;top:94.88235294117648%;height:2.4705882352941173%;width:1.8330555976367218%;" type="para">y Wel</div></box><box><div coordinates="3727,4845,147,214" index="24" style="position:fixed;left:56.46114225117407%;top:95.0%;height:4.196078431372549%;width:2.2269353128313893%;" type="para">1S age
cribe

xin y ry,</div></box><box><div coordinates="3985,4843,481,731" index="25" style="position:fixed;left:60.369640963490376%;top:94.96078431372548%;height:14.333333333333334%;width:7.286774731101349%;" type="para">execution service
this schedule. Th
yency transactions
ee operations, ar
hen State Street o
3) to the Company
not in a fiduciary
nt). In connectiol
a variety of forms</div></box><box><div coordinates="4347,4941,121,121" index="26" style="position:fixed;left:65.85365853658537%;top:96.88235294117648%;height:2.372549019607843%;width:1.8330555976367218%;" type="para">Th

.
2 7% 3% 2%</div></box><box><div coordinates="549,5363,289,295" index="27" style="position:fixed;left:8.316921678533555%;top:105.15686274509804%;height:5.784313725490196%;width:4.378124526586881%;" type="para">agency &#162;
with suc!
including</div></box><box><div coordinates="4223,5450,121,148" index="28" style="position:fixed;left:63.975155279503106%;top:106.86274509803921%;height:2.9019607843137254%;width:1.8330555976367218%;" type="para">iilin

of fi</div></box><box><div coordinates="542,5679,3972,366" index="29" style="position:fixed;left:8.2108771398273%;top:111.3529411764706%;height:7.1764705882352935%;width:60.17270110589305%;" type="para">Bank Loan Administration Services *
For the provision of bank loan administration services pursuant to the Custody Agreement for each fund investing in
bank loans, State Street shall be entitled to the fees set forth below.</div></box><box><div coordinates="3959,6267,303,162" index="30" style="position:fixed;left:59.97576124829571%;top:122.88235294117646%;height:3.176470588235294%;width:4.590213603999394%;" type="para">tember 16</div></box><box><div coordinates="4263,6268,225,161" index="31" style="position:fixed;left:64.58112407211028%;top:122.90196078431373%;height:3.1568627450980395%;width:3.408574458415391%;" type="para">, 2011</div></box><box><div coordinates="2171,6340,145,163" index="32" style="position:fixed;left:32.888956218754736%;top:124.31372549019608%;height:3.1960784313725488%;width:2.1966368732010304%;" type="para">Pag</div></box><box><div coordinates="2343,6341,121,162" index="33" style="position:fixed;left:35.49462202696561%;top:124.33333333333334%;height:3.176470588235294%;width:1.8330555976367218%;" type="para" /></box></Blocks></page><page num="2" src="img/Bi2i_0743/Bi2i_0743-01.jpg" txt_src="img/Bi2i_0743/Bi2i_0743-01.txt"><Blocks><box><div coordinates="593,377,2165,475" index="0" style="position:fixed;left:8.983487350401456%;top:7.392156862745098%;height:9.313725490196079%;width:32.79806089986366%;" type="para">The greater of the following:
Per Loan Calculation

Monthly charge per portfolio, includes the first 50 loan facilitie:
Monthly per loan charge thereafter:</div></box><box><div coordinates="2840,577,430,248" index="1" style="position:fixed;left:43.02378427510983%;top:11.313725490196079%;height:4.862745098039216%;width:6.514164520527192%;" type="para">$1,500.00
$55.00</div></box><box><div coordinates="591,856,939,458" index="2" style="position:fixed;left:8.953188910771095%;top:16.784313725490197%;height:8.980392156862745%;width:14.225117406453567%;" type="para">Asset Based Calculation
First 500 Million in assets:
Next 500 Million in assets:
Excess thereafter:</div></box><box><div coordinates="2891,962,539,360" index="3" style="position:fixed;left:43.79639448568399%;top:18.862745098039216%;height:7.0588235294117645%;width:8.16542948038176%;" type="para">3 Basis Points
2.5 Basis Points
2.0 Basis Points</div></box><box><div coordinates="579,1434,3933,360" index="4" style="position:fixed;left:8.771398272988941%;top:28.11764705882353%;height:7.0588235294117645%;width:59.58188153310105%;" type="para">*NOTE: The above fee will not be assessed based on the Company holding less than five Bank Loans.
However, State Street reserves the right to charge the Company for all Bank Loans once the five loan level is
reached.</div></box><box><div coordinates="571,1818,3993,665" index="5" style="position:fixed;left:8.650204514467505%;top:35.647058823529406%;height:13.039215686274511%;width:60.49083472201182%;" type="para">Balance Credits

State Street will offset fees with balance credits calculated at 80% of the bank credit rate (see below) applied to
average custody collected U.S. Dollar cash balances for the month. Balance credits can be used to offset custody
fees. Any credits in excess of custody fees will be carried forward from month-to-month through the end of the
calendar year. Any credits in excess of custody fees remaining at the end of a calendar year will not be carried
forward. For calculation purposes, State Street uses an actual/actual basis.</div></box><box><div coordinates="1187,2485,315,169" index="6" style="position:fixed;left:17.982123920618086%;top:48.72549019607843%;height:3.313725490196078%;width:4.7720042417815485%;" type="para">The ban</div></box><box><div coordinates="1567,2487,1189,189" index="7" style="position:fixed;left:23.738827450386303%;top:48.76470588235294%;height:3.705882352941176%;width:18.012422360248447%;" type="para">credit rate is the equivalent to the le:</div></box><box><div coordinates="877,2491,217,158" index="8" style="position:fixed;left:13.285865777912436%;top:48.84313725490196%;height:3.0980392156862746%;width:3.2873806998939554%;" type="para">Note:</div></box><box><div coordinates="2791,2507,215,153" index="9" style="position:fixed;left:42.28147250416603%;top:49.15686274509804%;height:3.0%;width:3.257082260263596%;" type="para">ser of&#8217;</div></box><box><div coordinates="1168,2686,2338,294" index="10" style="position:fixed;left:17.694288744129675%;top:52.666666666666664%;height:5.764705882352941%;width:35.418875927889715%;" type="para">e The average 91-day Treasury Bill discount rate for the month, or
e The average Federal Funds rate for the month less 50 basis points.</div></box><box><div coordinates="1417,2979,1203,173" index="11" style="position:fixed;left:21.466444478109377%;top:58.411764705882355%;height:3.392156862745098%;width:18.22451143766096%;" type="para">right, with notice, to change balance</div></box><box><div coordinates="2737,2984,271,170" index="12" style="position:fixed;left:41.46341463414634%;top:58.509803921568626%;height:3.3333333333333335%;width:4.10543856991365%;" type="para">odit rate.</div></box><box><div coordinates="615,2993,181,146" index="13" style="position:fixed;left:9.316770186335404%;top:58.68627450980392%;height:2.8627450980392157%;width:2.7420087865474927%;" type="para">State</div></box><box><div coordinates="803,2993,121,148" index="14" style="position:fixed;left:12.164823511589153%;top:58.68627450980392%;height:2.9019607843137254%;width:1.8330555976367218%;" type="para">Stre</div></box><box><div coordinates="927,2993,481,155" index="15" style="position:fixed;left:14.043326768671413%;top:58.68627450980392%;height:3.0392156862745097%;width:7.286774731101349%;" type="para">et reserves the</div></box><box><div coordinates="515,3271,4213,520" index="16" style="position:fixed;left:7.801848204817452%;top:64.13725490196079%;height:10.196078431372548%;width:63.82366308135131%;" type="para">Overdafs. = = TT TEE

 

Overdrafts are not allowed; however, should one occur through operational error, the charge will be calculated at the
monthly average Prime rate (as published in the Wall Street Journal) and charged on a daily basis.</div></box><box><div coordinates="507,3871,4217,257" index="17" style="position:fixed;left:7.680654446296016%;top:75.90196078431373%;height:5.03921568627451%;width:63.884259960612034%;" type="para" /></box><box><div coordinates="559,4117,3993,473" index="18" style="position:fixed;left:8.46841387668535%;top:80.72549019607843%;height:9.274509803921568%;width:60.49083472201182%;" type="para">A billing for the recovery of reimbursable expenses, direct pass-through fees and other charges, as applicable, will
be made as of the end of each month. Unless indicated otherwise, the Company&#8217;s share of such expenses, fees and
charges will be based upon actual usage a service or an allocated charge for the use of the service for the benefit of
the Company.</div></box><box><div coordinates="557,4605,495,187" index="19" style="position:fixed;left:8.438115437054991%;top:90.29411764705883%;height:3.6666666666666665%;width:7.498863808513861%;" type="para">Out-of-pocke</div></box><box><div coordinates="1099,4607,1759,173" index="20" style="position:fixed;left:16.64899257688229%;top:90.33333333333333%;height:3.392156862745098%;width:26.647477654900776%;" type="para">expenses include, but are not limited to the following</div></box><box><div coordinates="707,4804,1751,784" index="21" style="position:fixed;left:10.71049840933192%;top:94.19607843137256%;height:15.372549019607842%;width:26.526283896379336%;" type="para">Communication costs (telephone, lease lines, etc.)
Courier service, postage and insurance
Customized programming/transmission ($150 per
hour)

Annual maintenance fee for each customized
program/transmission ($3,000)

Supplies related to fund records</div></box><box><div coordinates="2761,4809,1437,679" index="22" style="position:fixed;left:41.826995909710654%;top:94.29411764705883%;height:13.313725490196079%;width:21.76942887441297%;" type="para">Legal fees, audit fees and other professior
Non-recurring legal fees

Supplies related to fund records
Third-party internal control review letter
SWIFT charges

17-5 review</div></box><box><div coordinates="557,4820,143,346" index="23" style="position:fixed;left:8.438115437054991%;top:94.50980392156862%;height:6.784313725490196%;width:2.166338433570671%;" type="para" /></box><box><div coordinates="2267,4823,211,147" index="24" style="position:fixed;left:34.34328132101197%;top:94.56862745098039%;height:2.8823529411764706%;width:3.196485381002878%;" type="para">etc.)</div></box><box><div coordinates="2603,4826,145,650" index="25" style="position:fixed;left:39.43341917891229%;top:94.62745098039215%;height:12.745098039215685%;width:2.1966368732010304%;" type="para" /></box><box><div coordinates="4059,4825,309,159" index="26" style="position:fixed;left:61.49068322981367%;top:94.6078431372549%;height:3.1176470588235294%;width:4.681108922890472%;" type="para">sional fe</div></box><box><div coordinates="557,5222,141,142" index="27" style="position:fixed;left:8.438115437054991%;top:102.3921568627451%;height:2.784313725490196%;width:2.136039993940312%;" type="para" /></box><box><div coordinates="555,5418,143,142" index="28" style="position:fixed;left:8.407816997424632%;top:106.23529411764704%;height:2.784313725490196%;width:2.166338433570671%;" type="para" /></box><box><div coordinates="559,5598,407,186" index="29" style="position:fixed;left:8.46841387668535%;top:109.76470588235294%;height:3.6470588235294117%;width:6.165732464778064%;" type="para">Direct pass</div></box><box><div coordinates="977,5598,2157,193" index="30" style="position:fixed;left:14.800787759430388%;top:109.76470588235294%;height:3.784313725490196%;width:32.67686714134222%;" type="para">-through vendor fees incurred on behalf of the Company include,</div></box><box><div coordinates="3399,5607,299,169" index="31" style="position:fixed;left:51.492198151795186%;top:109.94117647058823%;height:3.313725490196078%;width:4.529616724738676%;" type="para">not limit</div></box><box><div coordinates="3701,5608,651,172" index="32" style="position:fixed;left:56.0672625359794%;top:109.9607843137255%;height:3.3725490196078427%;width:9.862142099681867%;" type="para">ed to, the following</div></box><box><div coordinates="3255,5633,121,139" index="33" style="position:fixed;left:49.310710498409335%;top:110.45098039215686%;height:2.7254901960784315%;width:1.8330555976367218%;" type="para">are</div></box><box><div coordinates="709,5794,739,170" index="34" style="position:fixed;left:10.740796848962278%;top:113.60784313725489%;height:3.3333333333333335%;width:11.195273443417664%;" type="para">ITG Fair Valuation $</div></box><box><div coordinates="2681,5802,1161,265" index="35" style="position:fixed;left:40.61505832449629%;top:113.76470588235294%;height:5.196078431372549%;width:17.588244205423422%;" type="para">Pricing and Verification Services
Vendors</div></box><box><div coordinates="3893,5805,369,170" index="36" style="position:fixed;left:58.97591274049386%;top:113.8235294117647%;height:3.3333333333333335%;width:5.590062111801243%;" type="para">Standard</div></box><box><div coordinates="554,5812,142,140" index="37" style="position:fixed;left:8.392667777609454%;top:113.9607843137255%;height:2.7450980392156863%;width:2.1511892137554915%;" type="para" /></box><box><div coordinates="1491,5814,171,151" index="38" style="position:fixed;left:22.58748674443266%;top:113.99999999999999%;height:2.9607843137254903%;width:2.590516588395698%;" type="para">rvice</div></box><box><div coordinates="2527,5818,141,142" index="39" style="position:fixed;left:38.282078472958645%;top:114.07843137254903%;height:2.784313725490196%;width:2.136039993940312%;" type="para" /></box><box><div coordinates="583,5991,1825,270" index="40" style="position:fixed;left:8.83199515224966%;top:117.47058823529413%;height:5.294117647058823%;width:27.647326162702623%;" type="para">* Miscellaneous expenses incurred in connection wi
foreign custody (e.g., stamp duties, registration</div></box><box><div coordinates="3967,6264,529,163" index="41" style="position:fixed;left:60.096955006817154%;top:122.82352941176471%;height:3.1960784313725488%;width:8.013937282229964%;" type="para">tember 16, 2011</div></box><box><div coordinates="2235,6363,121,125" index="42" style="position:fixed;left:33.85850628692622%;top:124.76470588235293%;height:2.450980392156863%;width:1.8330555976367218%;" type="para">Pag:</div></box><box><div coordinates="2419,6369,139,134" index="43" style="position:fixed;left:36.64596273291926%;top:124.88235294117646%;height:2.627450980392157%;width:2.105741554309953%;" type="para">of 5</div></box></Blocks></page><page num="3" src="img/Bi2i_0743/Bi2i_0743-02.jpg" txt_src="img/Bi2i_0743/Bi2i_0743-02.txt"><Blocks><box><div coordinates="723,299,235,155" index="0" style="position:fixed;left:10.952885926374792%;top:5.862745098039215%;height:3.0392156862745097%;width:3.560066656567187%;" type="para">costs,</div></box><box><div coordinates="974,292,1372,180" index="1" style="position:fixed;left:14.755340099984851%;top:5.7254901960784315%;height:3.5294117647058822%;width:20.784729586426298%;" type="para">script fees, special transportation costs)</div></box><box><div coordinates="583,507,1943,269" index="2" style="position:fixed;left:8.83199515224966%;top:9.941176470588236%;height:5.2745098039215685%;width:29.434934100893805%;" type="para">The Company will reimburse State Street for other charg
including, but not limited to, the following:</div></box><box><div coordinates="2607,512,1583,192" index="3" style="position:fixed;left:39.494016058173%;top:10.03921568627451%;height:3.7647058823529407%;width:23.981214967429175%;" type="para">incurred in relation to the provision of services</div></box><box><div coordinates="615,804,2487,267" index="4" style="position:fixed;left:9.316770186335404%;top:15.764705882352942%;height:5.235294117647059%;width:37.67610968035146%;" type="para">e FDIC Insurance Charge: Calculated monthly on the Funds&#8217; average
positive non-interest bearing U.S. Dollar cash balances.</div></box><box><div coordinates="3471,805,437,188" index="5" style="position:fixed;left:52.58294197848811%;top:15.784313725490195%;height:3.686274509803922%;width:6.620209059233449%;" type="para">1.50 basis poi</div></box><box><div coordinates="3971,824,219,169" index="6" style="position:fixed;left:60.15755188607786%;top:16.15686274509804%;height:3.313725490196078%;width:3.317679139524315%;" type="para">s/year</div></box><box><div coordinates="525,1184,4209,710" index="7" style="position:fixed;left:7.953340402969247%;top:23.215686274509803%;height:13.92156862745098%;width:63.76306620209059%;" type="para">Fees for activities of a non-recurring nature such as fund consolidations or reorganizations, a change in fund
structure (i.e., Core and Feeder), securities litigations, extraordinary security shipments and the preparation of
special reports will be subject to negotiation. Fees for self-directed securities lending transactions and other special
items will be negotiated separately.</div></box><box><div coordinates="569,1896,2927,458" index="8" style="position:fixed;left:8.619906074837145%;top:37.1764705882353%;height:8.980392156862745%;width:44.341766399030455%;" type="para">Significant regulatory changes, significant legal changes or changes in the Funds&#8217; s
necessitate additional services, processing or reports. In these instances, if State
services or arrange for their provision, State Street shall be entitled to additional fe

with the Funds.</div></box><box><div coordinates="3477,1904,1083,366" index="9" style="position:fixed;left:52.67383729737919%;top:37.333333333333336%;height:7.1764705882352935%;width:16.406605059839418%;" type="para">ervice elections or status may
Street elects to provide such
es and expenses as negotiated</div></box><box><div coordinates="517,2475,4209,241" index="10" style="position:fixed;left:7.832146644447811%;top:48.529411764705884%;height:4.7254901960784315%;width:63.76306620209059%;" type="para" /></box><box><div coordinates="583,2707,3891,286" index="11" style="position:fixed;left:8.83199515224966%;top:53.07843137254902%;height:5.607843137254902%;width:58.945614300863504%;" type="para">This fee schedule is the confidential information of the parties and shall not be disclosed to any third party without
the prior written consent of the other parties,</div></box><box><div coordinates="513,3097,4209,323" index="12" style="position:fixed;left:7.771549765187093%;top:60.72549019607843%;height:6.333333333333334%;width:63.76306620209059%;" type="para">Payment of Fees Ln a
All fees will be i TT The &#8212; upon pa and oproval of the mon invoices.</div></box><box><div coordinates="503,3521,4217,239" index="13" style="position:fixed;left:7.620057567035297%;top:69.03921568627452%;height:4.686274509803921%;width:63.884259960612034%;" type="para" /></box><box><div coordinates="557,3748,3991,380" index="14" style="position:fixed;left:8.438115437054991%;top:73.49019607843137%;height:7.450980392156863%;width:60.46053628238146%;" type="para">This fee schedule shall become effective upon the commencement of the provision of the Services and shall remain
in effect until October 1, 2013, and from year to year thereafter, until it is revised as a result of negotiations initiated
by either party.</div></box><box><div coordinates="501,4307,1525,311" index="15" style="position:fixed;left:7.589759127404938%;top:84.45098039215686%;height:6.098039215686275%;width:23.102560218148767%;" type="para" /></box><box><div coordinates="2697,4340,1871,870" index="16" style="position:fixed;left:40.85744584153916%;top:85.09803921568627%;height:17.058823529411764%;width:28.34419027420088%;" type="para" /></box><box><div coordinates="4657,4411,121,193" index="17" style="position:fixed;left:70.54991667929102%;top:86.49019607843137%;height:3.784313725490196%;width:1.8330555976367218%;" type="para" /></box><box><div coordinates="497,4637,399,597" index="18" style="position:fixed;left:7.529162248144221%;top:90.92156862745098%;height:11.705882352941178%;width:6.044538706256628%;" type="para" /></box><box><div coordinates="4655,4699,121,177" index="19" style="position:fixed;left:70.51961823966066%;top:92.13725490196079%;height:3.4705882352941178%;width:1.8330555976367218%;" type="para" /></box><box><div coordinates="935,4734,1127,502" index="20" style="position:fixed;left:14.16452052719285%;top:92.82352941176471%;height:9.843137254901961%;width:17.073170731707318%;" type="para" /></box><box><div coordinates="2689,4753,345,451" index="21" style="position:fixed;left:40.736252083017725%;top:93.19607843137256%;height:8.84313725490196%;width:5.2264808362369335%;" type="para" /></box><box><div coordinates="4653,5017,121,153" index="22" style="position:fixed;left:70.4893198000303%;top:98.37254901960785%;height:3.0%;width:1.8330555976367218%;" type="para" /></box><box><div coordinates="4089,6268,401,162" index="23" style="position:fixed;left:61.94515982426905%;top:122.90196078431373%;height:3.176470588235294%;width:6.0748371458869865%;" type="para">er 16, 2011</div></box><box><div coordinates="3869,6279,213,165" index="24" style="position:fixed;left:58.612331464929554%;top:123.11764705882354%;height:3.2352941176470593%;width:3.2267838206332375%;" type="para">Septem</div></box><box><div coordinates="2429,6356,166,151" index="25" style="position:fixed;left:36.79745493107105%;top:124.62745098039217%;height:2.9607843137254903%;width:2.5147704893198%;" type="para">of 5</div></box></Blocks></page><page num="4" src="img/Bi2i_0743/Bi2i_0743-03.jpg" txt_src="img/Bi2i_0743/Bi2i_0743-03.txt"><Blocks><box><div coordinates="2326,302,519,184" index="0" style="position:fixed;left:35.23708529010756%;top:5.921568627450981%;height:3.607843137254902%;width:7.86244508407817%;" type="para">Appendix 1</div></box><box><div coordinates="606,489,4098,3208" index="1" style="position:fixed;left:9.180427207998788%;top:9.588235294117647%;height:62.90196078431373%;width:62.08150280260567%;" type="para">Foreign Custody - Country Based Fees

Any country not listed below will be negotiated and agreed upon prior to investment.

   
   
   
  
    

  
  
  

   
   
 

  

   

   
  
   
 
 

~ COUNTRY | *HOLDING | TRANSACTIO JUNTRY | &#8220;HOLDING | TRANSACTION

 

  

 
 
 

| Bass | eERTRADE)
oo fopoes oo

 
 
  

  
 
 
  
 

Argentina
Australia :
Austria 10 [$20
Bahrein
Bangladesh
Belgium
Bermuda
Bolivia
Botswana
Brazil
Bulgaria
Canada
Cedel
Chile

100 |
Colombia $100

Croatia $100
Cyprus $50
Czech Republic $50 :
Denmark 10 | $20 _ j | Romania

8.0 |

Egypt Il Shanghai 8.0 $75

|| Netherlands
New Zealand
Norway

|| Pakistan
+] Panama

Philippines
|| Poland
ba Portugal

oO oO &lt;Z
@
Hi
= : o
. Q</div></box><box><div coordinates="2589,1006,133,225" index="2" style="position:fixed;left:39.221330101499774%;top:19.725490196078432%;height:4.411764705882353%;width:2.014846235418876%;" type="para" /></box><box><div coordinates="537,1060,121,131" index="3" style="position:fixed;left:8.135131040751402%;top:20.784313725490197%;height:2.5686274509803924%;width:1.8330555976367218%;" type="para" /></box><box><div coordinates="3897,1205,133,168" index="4" style="position:fixed;left:59.03650961975458%;top:23.627450980392155%;height:3.294117647058824%;width:2.014846235418876%;" type="para" /></box><box><div coordinates="1805,1224,133,241" index="5" style="position:fixed;left:27.344341766399033%;top:24.0%;height:4.7254901960784315%;width:2.014846235418876%;" type="para" /></box><box><div coordinates="1167,1256,133,285" index="6" style="position:fixed;left:17.679139524314497%;top:24.627450980392158%;height:5.588235294117648%;width:2.014846235418876%;" type="para" /></box><box><div coordinates="2484,1352,912,5133" index="7" style="position:fixed;left:37.63066202090592%;top:26.509803921568626%;height:100.64705882352942%;width:13.816088471443722%;" type="para">|| Lebanon

|l Lithuania

Il Luxembourg
| Malaysia
Mauritius
Mexico
Morocco

|| Namibia
|| Netherlands
| New Zealand
| Norway
Il Oman

|| Pakistan
Panama

[&#8212;

    
    

|| Philippines
Poland
Portugal
|| Romania
Russia

| Shanghai
|| /Shenzhen
| (China)
| Singapore
Slovania
South Africa
South Korea
Spain

Sri Lanka
Swaziland
Sweden
Switzerland
Taiwan
Thailand
Trinidad &amp;
Tobago
Tunisia
Turkey
Ukraine
United Arab
Emirates
United Kingdom

lil
2

Venezuela
Zambia
Zimbabwe

CC
c
oo

&#163;5</div></box><box><div coordinates="4567,1448,133,185" index="8" style="position:fixed;left:69.18648689592486%;top:28.3921568627451%;height:3.6274509803921573%;width:2.014846235418876%;" type="para" /></box><box><div coordinates="515,1495,765,2223" index="9" style="position:fixed;left:7.801848204817452%;top:29.31372549019608%;height:43.588235294117645%;width:11.58915315861233%;" type="para">Argentina</div></box><box><div coordinates="3901,1509,121,162" index="10" style="position:fixed;left:59.097106499015304%;top:29.58823529411765%;height:3.176470588235294%;width:1.8330555976367218%;" type="para" /></box><box><div coordinates="2079,1511,267,740" index="11" style="position:fixed;left:31.495227995758217%;top:29.627450980392155%;height:14.50980392156863%;width:4.044841690652931%;" type="para" /></box><box><div coordinates="4211,1518,263,345" index="12" style="position:fixed;left:63.79336464172095%;top:29.764705882352942%;height:6.764705882352941%;width:3.9842448113922133%;" type="para" /></box><box><div coordinates="2449,1525,121,136" index="13" style="position:fixed;left:37.10043932737464%;top:29.901960784313726%;height:2.666666666666667%;width:1.8330555976367218%;" type="para" /></box><box><div coordinates="1809,1546,121,201" index="14" style="position:fixed;left:27.404938645659747%;top:30.31372549019608%;height:3.9411764705882355%;width:1.8330555976367218%;" type="para" /></box><box><div coordinates="1171,1604,121,213" index="15" style="position:fixed;left:17.739736403575215%;top:31.450980392156865%;height:4.176470588235294%;width:1.8330555976367218%;" type="para" /></box><box><div coordinates="3301,1604,121,209" index="16" style="position:fixed;left:50.00757460990759%;top:31.450980392156865%;height:4.098039215686274%;width:1.8330555976367218%;" type="para" /></box><box><div coordinates="4571,1779,121,258" index="17" style="position:fixed;left:69.24708377518559%;top:34.88235294117647%;height:5.0588235294117645%;width:1.8330555976367218%;" type="para" /></box><box><div coordinates="3899,1859,121,208" index="18" style="position:fixed;left:59.06680805938495%;top:36.450980392156865%;height:4.07843137254902%;width:1.8330555976367218%;" type="para" /></box><box><div coordinates="1807,1869,121,180" index="19" style="position:fixed;left:27.374640206029387%;top:36.64705882352941%;height:3.5294117647058822%;width:1.8330555976367218%;" type="para" /></box><box><div coordinates="1169,1872,121,209" index="20" style="position:fixed;left:17.709437963944858%;top:36.705882352941174%;height:4.098039215686274%;width:1.8330555976367218%;" type="para" /></box><box><div coordinates="4203,1910,269,1576" index="21" style="position:fixed;left:63.67217088319952%;top:37.450980392156865%;height:30.901960784313726%;width:4.07514013028329%;" type="para" /></box><box><div coordinates="3299,1953,121,166" index="22" style="position:fixed;left:49.97727617027723%;top:38.294117647058826%;height:3.2549019607843137%;width:1.8330555976367218%;" type="para" /></box><box><div coordinates="1805,2123,121,176" index="23" style="position:fixed;left:27.344341766399033%;top:41.627450980392155%;height:3.4509803921568625%;width:1.8330555976367218%;" type="para" /></box><box><div coordinates="2445,2135,121,122" index="24" style="position:fixed;left:37.03984244811392%;top:41.86274509803922%;height:2.392156862745098%;width:1.8330555976367218%;" type="para" /></box><box><div coordinates="4569,2135,121,204" index="25" style="position:fixed;left:69.21678533555522%;top:41.86274509803922%;height:4.0%;width:1.8330555976367218%;" type="para" /></box><box><div coordinates="1167,2160,121,167" index="26" style="position:fixed;left:17.679139524314497%;top:42.35294117647059%;height:3.2745098039215685%;width:1.8330555976367218%;" type="para" /></box><box><div coordinates="3897,2175,121,172" index="27" style="position:fixed;left:59.03650961975458%;top:42.64705882352941%;height:3.3725490196078427%;width:1.8330555976367218%;" type="para" /></box><box><div coordinates="3297,2261,121,250" index="28" style="position:fixed;left:49.94697773064687%;top:44.333333333333336%;height:4.901960784313726%;width:1.8330555976367218%;" type="para" /></box><box><div coordinates="2073,2311,267,1376" index="29" style="position:fixed;left:31.404332676867142%;top:45.31372549019608%;height:26.98039215686274%;width:4.044841690652931%;" type="para" /></box><box><div coordinates="1803,2409,121,174" index="30" style="position:fixed;left:27.314043326768672%;top:47.23529411764706%;height:3.4117647058823533%;width:1.8330555976367218%;" type="para" /></box><box><div coordinates="1165,2417,121,186" index="31" style="position:fixed;left:17.64884108468414%;top:47.3921568627451%;height:3.6470588235294117%;width:1.8330555976367218%;" type="para" /></box><box><div coordinates="3895,2475,121,204" index="32" style="position:fixed;left:59.006211180124225%;top:48.529411764705884%;height:4.0%;width:1.8330555976367218%;" type="para" /></box><box><div coordinates="4567,2483,121,178" index="33" style="position:fixed;left:69.18648689592486%;top:48.68627450980392%;height:3.4901960784313726%;width:1.8330555976367218%;" type="para" /></box><box><div coordinates="3295,2573,121,168" index="34" style="position:fixed;left:49.916679291016514%;top:50.450980392156865%;height:3.294117647058824%;width:1.8330555976367218%;" type="para" /></box><box><div coordinates="1801,2690,121,203" index="35" style="position:fixed;left:27.28374488713831%;top:52.74509803921569%;height:3.980392156862745%;width:1.8330555976367218%;" type="para" /></box><box><div coordinates="1163,2729,121,222" index="36" style="position:fixed;left:17.61854264505378%;top:53.50980392156863%;height:4.352941176470588%;width:1.8330555976367218%;" type="para" /></box><box><div coordinates="4565,2803,121,196" index="37" style="position:fixed;left:69.1561884562945%;top:54.96078431372548%;height:3.8431372549019605%;width:1.8330555976367218%;" type="para" /></box><box><div coordinates="3893,2851,121,160" index="38" style="position:fixed;left:58.97591274049386%;top:55.90196078431372%;height:3.1372549019607843%;width:1.8330555976367218%;" type="para" /></box><box><div coordinates="3293,2899,121,182" index="39" style="position:fixed;left:49.88638085138615%;top:56.84313725490197%;height:3.568627450980392%;width:1.8330555976367218%;" type="para" /></box><box><div coordinates="1799,3029,121,166" index="40" style="position:fixed;left:27.25344644750795%;top:59.3921568627451%;height:3.2549019607843137%;width:1.8330555976367218%;" type="para" /></box><box><div coordinates="1161,3067,121,160" index="41" style="position:fixed;left:17.588244205423422%;top:60.13725490196078%;height:3.1372549019607843%;width:1.8330555976367218%;" type="para" /></box><box><div coordinates="4563,3107,121,166" index="42" style="position:fixed;left:69.12589001666414%;top:60.92156862745098%;height:3.2549019607843137%;width:1.8330555976367218%;" type="para" /></box><box><div coordinates="3891,3125,121,140" index="43" style="position:fixed;left:58.945614300863504%;top:61.274509803921575%;height:2.7450980392156863%;width:1.8330555976367218%;" type="para" /></box><box><div coordinates="3291,3205,121,140" index="44" style="position:fixed;left:49.85608241175579%;top:62.84313725490196%;height:2.7450980392156863%;width:1.8330555976367218%;" type="para" /></box><box><div coordinates="1797,3304,121,205" index="45" style="position:fixed;left:27.223148007877597%;top:64.7843137254902%;height:4.019607843137255%;width:1.8330555976367218%;" type="para" /></box><box><div coordinates="4561,3361,121,162" index="46" style="position:fixed;left:69.09559157703379%;top:65.90196078431373%;height:3.176470588235294%;width:1.8330555976367218%;" type="para" /></box><box><div coordinates="3889,3381,121,174" index="47" style="position:fixed;left:58.91531586123314%;top:66.29411764705883%;height:3.4117647058823533%;width:1.8330555976367218%;" type="para" /></box><box><div coordinates="3289,3471,121,192" index="48" style="position:fixed;left:49.825783972125436%;top:68.05882352941175%;height:3.7647058823529407%;width:1.8330555976367218%;" type="para" /></box><box><div coordinates="4241,3564,121,121" index="49" style="position:fixed;left:64.24784123617634%;top:69.88235294117648%;height:2.372549019607843%;width:1.8330555976367218%;" type="para">$7</div></box><box><div coordinates="1795,3645,121,184" index="50" style="position:fixed;left:27.192849568247233%;top:71.47058823529412%;height:3.607843137254902%;width:1.8330555976367218%;" type="para" /></box><box><div coordinates="4559,3665,121,176" index="51" style="position:fixed;left:69.06529313740343%;top:71.86274509803921%;height:3.4509803921568625%;width:1.8330555976367218%;" type="para" /></box><box><div coordinates="1157,3677,121,214" index="52" style="position:fixed;left:17.5276473261627%;top:72.09803921568627%;height:4.196078431372549%;width:1.8330555976367218%;" type="para" /></box><box><div coordinates="3887,3689,121,198" index="53" style="position:fixed;left:58.88501742160279%;top:72.33333333333334%;height:3.882352941176471%;width:1.8330555976367218%;" type="para" /></box><box><div coordinates="2423,3691,121,136" index="54" style="position:fixed;left:36.70655961217997%;top:72.37254901960785%;height:2.666666666666667%;width:1.8330555976367218%;" type="para" /></box><box><div coordinates="505,3735,619,1382" index="55" style="position:fixed;left:7.650356006665657%;top:73.23529411764706%;height:27.098039215686278%;width:9.377367065596122%;" type="para">Estonia
Euroclear
Finland
France
Germany
Ghana (GBP)
Greece
Hong Kong
Hunga
Iceland
India
Indonesia</div></box><box><div coordinates="3287,3837,121,160" index="56" style="position:fixed;left:49.79548553249508%;top:75.23529411764706%;height:3.1372549019607843%;width:1.8330555976367218%;" type="para" /></box><box><div coordinates="1413,3845,243,1262" index="57" style="position:fixed;left:21.40584759884866%;top:75.3921568627451%;height:24.745098039215684%;width:3.6812604150886226%;" type="para">Juma.
oo

 

bk
Oo

 

Pret
&lt;o

 

o

 

BD
ool
ole

 

 

th
oO

 

fd
A
&lt;

 

Prmreied,
Nn
olo

 

 

Ss
Cm</div></box><box><div coordinates="2063,3847,267,747" index="58" style="position:fixed;left:31.252840478715342%;top:75.4313725490196%;height:14.647058823529413%;width:4.044841690652931%;" type="para" /></box><box><div coordinates="4223,3847,235,1041" index="59" style="position:fixed;left:63.975155279503106%;top:75.4313725490196%;height:20.411764705882355%;width:3.560066656567187%;" type="para" /></box><box><div coordinates="3497,3853,241,1255" index="60" style="position:fixed;left:52.97682169368277%;top:75.54901960784314%;height:24.6078431372549%;width:3.650961975458264%;" type="para" /></box><box><div coordinates="1793,3953,121,174" index="61" style="position:fixed;left:27.162551128616876%;top:77.50980392156863%;height:3.4117647058823533%;width:1.8330555976367218%;" type="para" /></box><box><div coordinates="1155,4003,121,186" index="62" style="position:fixed;left:17.497348886532343%;top:78.49019607843137%;height:3.6470588235294117%;width:1.8330555976367218%;" type="para" /></box><box><div coordinates="2421,4019,121,134" index="63" style="position:fixed;left:36.676261172549616%;top:78.80392156862746%;height:2.627450980392157%;width:1.8330555976367218%;" type="para" /></box><box><div coordinates="4557,4018,121,209" index="64" style="position:fixed;left:69.03499469777307%;top:78.7843137254902%;height:4.098039215686274%;width:1.8330555976367218%;" type="para" /></box><box><div coordinates="3885,4049,121,188" index="65" style="position:fixed;left:58.85471898197243%;top:79.3921568627451%;height:3.686274509803922%;width:1.8330555976367218%;" type="para" /></box><box><div coordinates="3285,4157,121,183" index="66" style="position:fixed;left:49.765187092864714%;top:81.50980392156862%;height:3.5882352941176467%;width:1.8330555976367218%;" type="para" /></box><box><div coordinates="1791,4243,121,191" index="67" style="position:fixed;left:27.13225268898652%;top:83.19607843137254%;height:3.7450980392156863%;width:1.8330555976367218%;" type="para" /></box><box><div coordinates="1153,4283,121,148" index="68" style="position:fixed;left:17.467050446901986%;top:83.98039215686275%;height:2.9019607843137254%;width:1.8330555976367218%;" type="para" /></box><box><div coordinates="2419,4295,121,128" index="69" style="position:fixed;left:36.64596273291926%;top:84.2156862745098%;height:2.5098039215686274%;width:1.8330555976367218%;" type="para" /></box><box><div coordinates="3883,4389,121,136" index="70" style="position:fixed;left:58.82442054234207%;top:86.05882352941177%;height:2.666666666666667%;width:1.8330555976367218%;" type="para" /></box><box><div coordinates="4555,4401,121,138" index="71" style="position:fixed;left:69.0046962581427%;top:86.29411764705883%;height:2.705882352941176%;width:1.8330555976367218%;" type="para" /></box><box><div coordinates="3283,4469,121,186" index="72" style="position:fixed;left:49.73488865323436%;top:87.62745098039215%;height:3.6470588235294117%;width:1.8330555976367218%;" type="para" /></box><box><div coordinates="1789,4517,121,188" index="73" style="position:fixed;left:27.101954249356158%;top:88.5686274509804%;height:3.686274509803922%;width:1.8330555976367218%;" type="para" /></box><box><div coordinates="1151,4563,121,196" index="74" style="position:fixed;left:17.436752007271625%;top:89.47058823529412%;height:3.8431372549019605%;width:1.8330555976367218%;" type="para" /></box><box><div coordinates="2093,4669,231,431" index="75" style="position:fixed;left:31.70731707317073%;top:91.54901960784314%;height:8.450980392156863%;width:3.4994697773064685%;" type="para" /></box><box><div coordinates="3881,4717,121,224" index="76" style="position:fixed;left:58.79412210271171%;top:92.49019607843138%;height:4.392156862745098%;width:1.8330555976367218%;" type="para" /></box><box><div coordinates="4553,4775,121,222" index="77" style="position:fixed;left:68.97439781851234%;top:93.62745098039215%;height:4.352941176470588%;width:1.8330555976367218%;" type="para" /></box><box><div coordinates="3281,4781,121,237" index="78" style="position:fixed;left:49.704590213604%;top:93.74509803921569%;height:4.647058823529412%;width:1.8330555976367218%;" type="para" /></box><box><div coordinates="1787,4833,121,214" index="79" style="position:fixed;left:27.071655809725797%;top:94.76470588235294%;height:4.196078431372549%;width:1.8330555976367218%;" type="para" /></box><box><div coordinates="1149,4921,121,190" index="80" style="position:fixed;left:17.406453567641268%;top:96.49019607843137%;height:3.7254901960784315%;width:1.8330555976367218%;" type="para" /></box><box><div coordinates="2415,4937,133,187" index="81" style="position:fixed;left:36.58536585365854%;top:96.80392156862744%;height:3.6666666666666665%;width:2.014846235418876%;" type="para" /></box><box><div coordinates="4189,4963,265,167" index="82" style="position:fixed;left:63.460081805787006%;top:97.31372549019608%;height:3.2745098039215685%;width:4.014543251022572%;" type="para">$100</div></box><box><div coordinates="3279,5129,121,206" index="83" style="position:fixed;left:49.674291773973636%;top:100.56862745098039%;height:4.03921568627451%;width:1.8330555976367218%;" type="para" /></box><box><div coordinates="3879,5129,121,145" index="84" style="position:fixed;left:58.76382366308135%;top:100.56862745098039%;height:2.843137254901961%;width:1.8330555976367218%;" type="para" /></box><box><div coordinates="503,5144,545,494" index="85" style="position:fixed;left:7.620057567035297%;top:100.86274509803921%;height:9.686274509803921%;width:8.256324799272837%;" type="para">Ireland

 

Ivory Coast</div></box><box><div coordinates="1435,5159,213,447" index="86" style="position:fixed;left:21.73913043478261%;top:101.15686274509802%;height:8.764705882352942%;width:3.2267838206332375%;" type="para" /></box><box><div coordinates="2057,5161,265,463" index="87" style="position:fixed;left:31.161945159824267%;top:101.19607843137256%;height:9.07843137254902%;width:4.014543251022572%;" type="para">$25
$50

 

 

 

oF
Jad
oO
oo</div></box><box><div coordinates="3491,5161,239,455" index="88" style="position:fixed;left:52.8859263747917%;top:101.19607843137256%;height:8.92156862745098%;width:3.6206635358279047%;" type="para">A
&#169;
o

 

rd
ud
o&gt;

 

BO
=
&gt;

 

25.00</div></box><box><div coordinates="4186,5162,266,472" index="89" style="position:fixed;left:63.41463414634146%;top:101.2156862745098%;height:9.254901960784313%;width:4.029692470837752%;" type="para" /></box><box><div coordinates="1785,5185,121,243" index="90" style="position:fixed;left:27.041357370095444%;top:101.66666666666666%;height:4.764705882352941%;width:1.8330555976367218%;" type="para" /></box><box><div coordinates="4551,5185,121,147" index="91" style="position:fixed;left:68.94409937888199%;top:101.66666666666666%;height:2.8823529411764706%;width:1.8330555976367218%;" type="para" /></box><box><div coordinates="1147,5267,121,209" index="92" style="position:fixed;left:17.376155128010907%;top:103.27450980392156%;height:4.098039215686274%;width:1.8330555976367218%;" type="para" /></box><box><div coordinates="2413,5317,121,123" index="93" style="position:fixed;left:36.55506741402817%;top:104.25490196078431%;height:2.411764705882353%;width:1.8330555976367218%;" type="para" /></box><box><div coordinates="3277,5435,121,237" index="94" style="position:fixed;left:49.643993334343286%;top:106.56862745098039%;height:4.647058823529412%;width:1.8330555976367218%;" type="para" /></box><box><div coordinates="3877,5433,121,159" index="95" style="position:fixed;left:58.73352522345099%;top:106.52941176470587%;height:3.1176470588235294%;width:1.8330555976367218%;" type="para" /></box><box><div coordinates="4549,5441,121,121" index="96" style="position:fixed;left:68.91380093925163%;top:106.68627450980392%;height:2.372549019607843%;width:1.8330555976367218%;" type="para" /></box><box><div coordinates="1783,5578,121,186" index="97" style="position:fixed;left:27.011058930465083%;top:109.37254901960785%;height:3.6470588235294117%;width:1.8330555976367218%;" type="para" /></box><box><div coordinates="1078,5625,1242,632" index="98" style="position:fixed;left:16.33085896076352%;top:110.29411764705883%;height:12.392156862745098%;width:18.81533101045296%;" type="para" /></box><box><div coordinates="499,5650,470,573" index="99" style="position:fixed;left:7.55946068777458%;top:110.78431372549021%;height:11.235294117647058%;width:7.120133313134374%;" type="para">Jamaica
Japan

Jordan
Kenya
Latvia</div></box><box><div coordinates="2411,5653,121,133" index="100" style="position:fixed;left:36.52476897439782%;top:110.84313725490196%;height:2.607843137254902%;width:1.8330555976367218%;" type="para" /></box><box><div coordinates="3495,5662,231,658" index="101" style="position:fixed;left:52.946523254052416%;top:111.01960784313725%;height:12.901960784313726%;width:3.4994697773064685%;" type="para">Jd
&gt;

I
wh
o

Zz
0

Wo
oO
o

No
Wn
oS

No
wh
oO</div></box><box><div coordinates="4153,5682,345,742" index="102" style="position:fixed;left:62.914709892440534%;top:111.41176470588235%;height:14.549019607843135%;width:5.2264808362369335%;" type="para">$15
$50
$6
$125
$100
$100
r 16, 2011</div></box><box><div coordinates="3875,5733,121,145" index="103" style="position:fixed;left:58.703226783820625%;top:112.41176470588235%;height:2.843137254901961%;width:1.8330555976367218%;" type="para" /></box><box><div coordinates="4547,5767,121,153" index="104" style="position:fixed;left:68.88350249962127%;top:113.07843137254903%;height:3.0%;width:1.8330555976367218%;" type="para" /></box><box><div coordinates="3048,5836,121,121" index="105" style="position:fixed;left:46.17482199666717%;top:114.4313725490196%;height:2.372549019607843%;width:1.8330555976367218%;" type="para" /></box><box><div coordinates="3750,6039,244,226" index="106" style="position:fixed;left:56.809574306923196%;top:118.41176470588235%;height:4.431372549019608%;width:3.6964096349038025%;" type="para" /></box><box><div coordinates="3144,6040,343,242" index="107" style="position:fixed;left:47.629147098924406%;top:118.43137254901961%;height:4.745098039215686%;width:5.1961823966065745%;" type="para" /></box><box><div coordinates="4048,6044,121,121" index="108" style="position:fixed;left:61.32404181184668%;top:118.50980392156862%;height:2.372549019607843%;width:1.8330555976367218%;" type="para" /></box><box><div coordinates="4545,6045,121,187" index="109" style="position:fixed;left:68.85320405999092%;top:118.52941176470588%;height:3.6666666666666665%;width:1.8330555976367218%;" type="para" /></box><box><div coordinates="986,6132,152,121" index="110" style="position:fixed;left:14.937130737767005%;top:120.23529411764706%;height:2.372549019607843%;width:2.3026814119072867%;" type="para" /></box><box><div coordinates="1779,6225,121,130" index="111" style="position:fixed;left:26.95046205120436%;top:122.05882352941177%;height:2.549019607843137%;width:1.8330555976367218%;" type="para" /></box><box><div coordinates="510,6232,271,121" index="112" style="position:fixed;left:7.726102105741554%;top:122.19607843137254%;height:2.372549019607843%;width:4.10543856991365%;" type="para" /></box><box><div coordinates="1236,6234,121,121" index="113" style="position:fixed;left:18.724435691561887%;top:122.23529411764706%;height:2.372549019607843%;width:1.8330555976367218%;" type="para" /></box><box><div coordinates="2358,6238,121,121" index="114" style="position:fixed;left:35.72186032419331%;top:122.31372549019608%;height:2.372549019607843%;width:1.8330555976367218%;" type="para" /></box><box><div coordinates="3088,6242,125,121" index="115" style="position:fixed;left:46.78079078927435%;top:122.3921568627451%;height:2.372549019607843%;width:1.8936524768974399%;" type="para" /></box><box><div coordinates="3888,6246,260,190" index="116" style="position:fixed;left:58.90016664141796%;top:122.47058823529412%;height:3.7254901960784315%;width:3.938797151946675%;" type="para">A

cptembe</div></box><box><div coordinates="2181,6351,145,162" index="117" style="position:fixed;left:33.04044841690653%;top:124.52941176470588%;height:3.176470588235294%;width:2.1966368732010304%;" type="para">Pag</div></box><box><div coordinates="2357,6382,121,130" index="118" style="position:fixed;left:35.70671110437812%;top:125.13725490196079%;height:2.549019607843137%;width:1.8330555976367218%;" type="para">4 &#162;</div></box></Blocks></page></doc>