<doc doi="Bi2i_0914" name="/prcanalyt/test-pra1/inventory_module/InputProcessing/737/5CB/7375CB517777B0DE93A7FBD7F818CA628805A4B1.pdf"><page num="1" src="img/Bi2i_0914/Bi2i_0914-00.jpg" txt_src="img/Bi2i_0914/Bi2i_0914-00.txt"><Blocks><box><div coordinates="526,340,4094,794" index="0" style="position:fixed;left:7.968489622784427%;top:6.666666666666667%;height:15.568627450980394%;width:62.02090592334495%;" type="para">STATE STREET BANK AND TRUST COMPANY

 

PRINCIPAL MANAGEMENT CORPORATION
CONFIDENTIAL FEE SCHEDULE
AS OF JUNE 16, 2015</div></box><box><div coordinates="497,1339,4226,2097" index="1" style="position:fixed;left:7.529162248144221%;top:26.254901960784316%;height:41.11764705882353%;width:64.02060293894864%;" type="para">FUND ACCOUNTING
AND FUND ADMINISTRATION SERVICES

This fee schedule is for services (the &#8220;Services&#8221;) provided by State Street Bank and Trust Company or its affiliates
(&#8220;State Street&#8221;) to Principal Management Corporation (&#8220;PMC&#8221;) on behalf of the Funds (as defined below) pursuant

to that certain (a) Fund Administration Agreement dated as of June 18, 2015 by and between State Street and PMC
(the &#8220;Administration Agreement&#8221;); (b) Fund Accounting Agreement dated May 21, 2015 by and between State
Street and PMC (the &#8220;Accounting Agreement&#8221; and together with the Administration Agreement, the
&#8220;Agreements,&#8221;) all as may be amended, supplemented, restated or otherwise modified from time to time). This fee

schedule shall apply to all funds, portfolios or accounts that may be party or subject to the Agreements from time to
time (each a &#8220;Fund&#8221; and collectively, the &#8220;Funds&#8221;).

 

IL Fund Accounting

For the provision of fund accounting services pursuant to the Accounting Agreement, State Street shall be entitled to
the fees set forth below. The fund accounting fee per Fund is equal to the greater of the Basis Point Fee or the
Minimum Fee, plus Feeder Fees (if applicable). PMC will pay the fee in monthly installments in arrears. The Basis
Point Fee will be calculated by multiplying the average monthly net assets of each Fund by the basis point fees shown

in the table below. This amount does not include any other fees, charges or expenses specifically identified in this fee
schedule.</div></box><box><div coordinates="560,3460,727,186" index="2" style="position:fixed;left:8.48356309650053%;top:67.84313725490196%;height:3.6470588235294117%;width:11.013482805635508%;" type="para">Fund Accounting</div></box><box><div coordinates="578,3646,1319,267" index="3" style="position:fixed;left:8.756249053173763%;top:71.49019607843137%;height:5.235294117647059%;width:19.981820936221784%;" type="para">Basis Point Fee (per Fund/per year)
Net Assets Per Fund</div></box><box><div coordinates="3941,3745,280,726" index="4" style="position:fixed;left:59.703075291622476%;top:73.4313725490196%;height:14.23529411764706%;width:4.241781548250265%;" type="para" /></box><box><div coordinates="578,3934,1088,552" index="5" style="position:fixed;left:8.756249053173763%;top:77.13725490196079%;height:10.823529411764705%;width:16.482351158915314%;" type="para">First $1 Billion
Next $1 Billion
Next $1 Billion
Next $1 Billion
Net Assets beyond $4 Billion</div></box><box><div coordinates="581,4508,975,188" index="6" style="position:fixed;left:8.8016967126193%;top:88.3921568627451%;height:3.686274509803922%;width:14.770489319800031%;" type="para">Minimum Fee (per fund/pe</div></box><box><div coordinates="3913,4511,371,156" index="7" style="position:fixed;left:59.27889713679746%;top:88.45098039215686%;height:3.058823529411765%;width:5.620360551431601%;" type="para">$45,000</div></box><box><div coordinates="1615,4527,187,151" index="8" style="position:fixed;left:24.46599000151492%;top:88.76470588235294%;height:2.9607843137254903%;width:2.83290410543857%;" type="para">year)</div></box><box><div coordinates="574,4701,3302,361" index="9" style="position:fixed;left:8.695652173913043%;top:92.17647058823529%;height:7.078431372549019%;width:50.02272382972277%;" type="para">Minimum fees will be waived for the first 8 funds for the first two years from the fund&#8217;s start
date. Minimum fees will be waived for the next 7 funds for the first year from the fund&#8217;s
start date.</div></box><box><div coordinates="572,5082,2523,622" index="10" style="position:fixed;left:8.665353734282684%;top:99.6470588235294%;height:12.19607843137255%;width:38.22148159369792%;" type="para">AUTOMATED PRICING (per position/per month)*
Municipal, Government, Corporate, Convertible Bonds, Foreign Bonds,
CMOs, CDS, Preferred Stocks
Exchange Traded Options, Futures and Private Placements
Equities
*For billing purposes, the monthly quote fee will be based on the number of positions in the</div></box><box><div coordinates="3469,5196,148,133" index="11" style="position:fixed;left:52.552643538857744%;top:101.88235294117646%;height:2.607843137254902%;width:2.242084532646569%;" type="para">10</div></box><box><div coordinates="1969,5370,228,168" index="12" style="position:fixed;left:29.828813816088473%;top:105.29411764705883%;height:3.294117647058824%;width:3.4540221178609305%;" type="para">1 Priva</div></box><box><div coordinates="2227,5370,301,168" index="13" style="position:fixed;left:33.737312528404786%;top:105.29411764705883%;height:3.294117647058824%;width:4.559915164369035%;" type="para">&gt; Placem</div></box><box><div coordinates="2550,5385,121,136" index="14" style="position:fixed;left:38.630510528707774%;top:105.58823529411765%;height:2.666666666666667%;width:1.8330555976367218%;" type="para">nts</div></box><box><div coordinates="3438,5400,175,211" index="15" style="position:fixed;left:52.08301772458719%;top:105.88235294117648%;height:4.137254901960785%;width:2.651113467656416%;" type="para" /></box><box><div coordinates="1764,6042,1582,273" index="16" style="position:fixed;left:26.723223753976672%;top:118.47058823529413%;height:5.352941176470588%;width:23.966065747614%;" type="para">1
Information Classification: Limited Acces:</div></box></Blocks></page><page num="2" src="img/Bi2i_0914/Bi2i_0914-01.jpg" txt_src="img/Bi2i_0914/Bi2i_0914-01.txt"><Blocks><box><div coordinates="527,332,4096,796" index="0" style="position:fixed;left:7.983638842599607%;top:6.509803921568627%;height:15.607843137254902%;width:62.05120436297531%;" type="para">STATE STREET BANK AND TRUST COMPANY

 

PRINCIPAL MANAGEMENT CORPORATION
CONFIDENTIAL FEE SCHEDULE
AS OF JUNE 16, 2015</div></box><box><div coordinates="556,1351,2329,363" index="1" style="position:fixed;left:8.422966217239813%;top:26.49019607843137%;height:7.11764705882353%;width:35.282532949553094%;" type="para">FAIR VALUATION / STATE STREET PRICING SERVICE
Funds with 5 or more non-US holdings (per Fund/per year)
Broker Quotes / Directed Pricing Override (per quote or override)</div></box><box><div coordinates="3662,1469,328,138" index="2" style="position:fixed;left:55.4764429631874%;top:28.803921568627448%;height:2.705882352941176%;width:4.968944099378882%;" type="para">$4,000</div></box><box><div coordinates="556,1739,2149,1307" index="3" style="position:fixed;left:8.422966217239813%;top:34.09803921568628%;height:25.627450980392158%;width:32.555673382820785%;" type="para">OTHER SERVICES
Each Additional Class (first class waived; per Fund/per year)
Multi-Manager/Sleeves (per sleeve/per year)
ASC 820 (formerly FAS 157) Reporting (per Fund/per year)
ASC 815 (formerly FAS 161) Reporting (per Fund/per year)
State Street Compliance38 (per Fund/per year)
Fund Merger
DDA Maintenance Fee (per DDA/per year)
ITELS (per fund/per year)
INAV vs NAV Comparison (per Fund/per year)
Yield Calculations, including SEC Yield (per Fund/per year)*
Initial
Each additional

pd md = - - - Sv ce, a rem a &#8212;&#8212;</div></box><box><div coordinates="3648,1852,365,913" index="4" style="position:fixed;left:55.26435388577489%;top:36.31372549019608%;height:17.901960784313726%;width:5.529465232540525%;" type="para">$3,000
$3,000
$1,600
$ 800
$ 800
$10,000
$1,200

$4,000
$1,500</div></box><box><div coordinates="1954,2418,181,136" index="5" style="position:fixed;left:29.601575518860777%;top:47.411764705882355%;height:2.666666666666667%;width:2.7420087865474927%;" type="para">ear)</div></box><box><div coordinates="2554,2699,191,156" index="6" style="position:fixed;left:38.69110740796849%;top:52.921568627450974%;height:3.058823529411765%;width:2.893500984699288%;" type="para">/

ar)*</div></box><box><div coordinates="3664,2803,327,234" index="7" style="position:fixed;left:55.50674140281775%;top:54.96078431372548%;height:4.588235294117647%;width:4.953794879563703%;" type="para">$3,000
$2,000</div></box><box><div coordinates="544,3244,4220,715" index="8" style="position:fixed;left:8.241175579457657%;top:63.6078431372549%;height:14.019607843137255%;width:63.92970762005756%;" type="para">11. Fund Administration

For the provision of fund administration services pursuant to the Administration Agreement, State Street shall be
entitled to the fees set forth below. The fund administration fee is equal to the monthly installment of the annual per
Fund minimum described below. PMC will pay the fee in monthly installments in arrears. This amount does not
include any other fees, charges or expenses specifically identified in this fee schedule.</div></box><box><div coordinates="2046,3246,350,121" index="9" style="position:fixed;left:30.995303741857295%;top:63.64705882352941%;height:2.372549019607843%;width:5.302226935312832%;" type="para" /></box><box><div coordinates="2865,3247,1056,124" index="10" style="position:fixed;left:43.40251477048932%;top:63.66666666666667%;height:2.431372549019608%;width:15.997576124829571%;" type="para" /></box><box><div coordinates="4166,3252,286,121" index="11" style="position:fixed;left:63.11164975003787%;top:63.76470588235294%;height:2.372549019607843%;width:4.332676867141342%;" type="para" /></box><box><div coordinates="565,4057,1108,186" index="12" style="position:fixed;left:8.559309195576429%;top:79.54901960784314%;height:3.6470588235294117%;width:16.785335555218907%;" type="para">Basis Point Fee (per Fund/per</div></box><box><div coordinates="1734,4086,161,140" index="13" style="position:fixed;left:26.268747159521283%;top:80.11764705882352%;height:2.7450980392156863%;width:2.4390243902439024%;" type="para">&#187;
/

ar)</div></box><box><div coordinates="3570,4158,433,169" index="14" style="position:fixed;left:54.08271474019089%;top:81.52941176470588%;height:3.313725490196078%;width:6.559612179972732%;" type="para">Basis Point</div></box><box><div coordinates="569,4342,729,171" index="15" style="position:fixed;left:8.619906074837145%;top:85.13725490196077%;height:3.3529411764705883%;width:11.043781245265869%;" type="para">Complex Net Assets</div></box><box><div coordinates="3697,4363,254,138" index="16" style="position:fixed;left:56.00666565671868%;top:85.54901960784314%;height:2.705882352941176%;width:3.8479018330555976%;" type="para">0.90</div></box><box><div coordinates="577,4534,802,170" index="17" style="position:fixed;left:8.741099833358582%;top:88.90196078431373%;height:3.3333333333333335%;width:12.149674291773973%;" type="para">Minimum Fee (per Fu

AL TY. TTL _</div></box><box><div coordinates="3644,4539,371,156" index="18" style="position:fixed;left:55.20375700651417%;top:89.0%;height:3.058823529411765%;width:5.620360551431601%;" type="para">$54,500</div></box><box><div coordinates="1408,4552,243,168" index="19" style="position:fixed;left:21.33010149977276%;top:89.25490196078431%;height:3.294117647058824%;width:3.6812604150886226%;" type="para">1d/per

trast Ti 1</div></box><box><div coordinates="1675,4552,141,149" index="20" style="position:fixed;left:25.374943190425693%;top:89.25490196078431%;height:2.9215686274509807%;width:2.136039993940312%;" type="para">ear)</div></box><box><div coordinates="559,4908,2095,187" index="21" style="position:fixed;left:8.46841387668535%;top:96.23529411764706%;height:3.6666666666666665%;width:31.737615512801092%;" type="para">OTHER FUND ADMINISTRATION SERVICES (if applicable)</div></box><box><div coordinates="3571,4913,561,167" index="22" style="position:fixed;left:54.097863960006066%;top:96.33333333333334%;height:3.2745098039215685%;width:8.498712316315709%;" type="para">See Appendix 1</div></box><box><div coordinates="1756,6129,1582,174" index="23" style="position:fixed;left:26.602029995455233%;top:120.17647058823529%;height:3.4117647058823533%;width:23.966065747614%;" type="para">Information Classification: Limited Acces:</div></box></Blocks></page><page num="3" src="img/Bi2i_0914/Bi2i_0914-02.jpg" txt_src="img/Bi2i_0914/Bi2i_0914-02.txt"><Blocks><box><div coordinates="532,344,4092,795" index="0" style="position:fixed;left:8.059384941675503%;top:6.745098039215685%;height:15.588235294117647%;width:61.99060748371459%;" type="para">STATE STREET BANK AND TRUST COMPANY

PRINCIPAL MANAGEMENT CORPORATION
CONFIDENTIAL FEE SCHEDULE
AS OF JUNE 16, 2015</div></box><box><div coordinates="542,1345,4225,262" index="1" style="position:fixed;left:8.2108771398273%;top:26.372549019607845%;height:5.137254901960785%;width:64.00545371913347%;" type="para">III. Specialized ETF Service Fees</div></box><box><div coordinates="2685,1346,654,121" index="2" style="position:fixed;left:40.675655203757%;top:26.392156862745097%;height:2.372549019607843%;width:9.907589759127406%;" type="para" /></box><box><div coordinates="3344,1348,429,121" index="3" style="position:fixed;left:50.658991061960315%;top:26.43137254901961%;height:2.372549019607843%;width:6.4990153007120135%;" type="para" /></box><box><div coordinates="3861,1349,378,122" index="4" style="position:fixed;left:58.491137706408125%;top:26.450980392156865%;height:2.392156862745098%;width:5.726405090137858%;" type="para" /></box><box><div coordinates="571,1697,2616,265" index="5" style="position:fixed;left:8.650204514467505%;top:33.27450980392157%;height:5.196078431372549%;width:39.630359036509624%;" type="para">Portfolio composition file maintenance, calculation and pricing of Creatior
generation and dissemination of basket data to NSCC.</div></box><box><div coordinates="3219,1699,1338,172" index="6" style="position:fixed;left:48.765338585062864%;top:33.31372549019608%;height:3.3725490196078427%;width:20.269656112710198%;" type="para">and Redemption Baskets, basket trade</div></box><box><div coordinates="1070,1984,2133,477" index="7" style="position:fixed;left:16.209665202242086%;top:38.90196078431373%;height:9.352941176470589%;width:32.313285865777914%;" type="para">Annual fee per portfolio:
&#176; $15,000 for less than 100 securities in the basket

* $20,000.00 for 101-250 securities in the basket
* $25,000.00 for greater than 250 securities in the b</div></box><box><div coordinates="3216,2301,199,160" index="8" style="position:fixed;left:48.719890925617335%;top:45.11764705882353%;height:3.1372549019607843%;width:3.014694743220724%;" type="para">isket</div></box><box><div coordinates="569,2482,4030,742" index="9" style="position:fixed;left:8.619906074837145%;top:48.66666666666667%;height:14.549019607843135%;width:61.05135585517346%;" type="para">In-Kind Creation and Redemption Fees:

The Authorized Participants will pay State Street a charge for the delivery and processing of the in-kind creation and
redemption as set forth in Appendix 2. These charges are established based upon security type, settlement location,
and number of securities in each creation or redemption basket and are subject to revision due to changes in
investment strategy or basket composition. Because these charges are fund-specific, State Street will work in good
faith with Principal to establish mutually agreeable fees before the launch of any new products based on general
methodology used to establish creation and redemption charges as set forth in Appendix 2.</div></box><box><div coordinates="568,3246,1392,263" index="10" style="position:fixed;left:8.604756855021966%;top:63.64705882352941%;height:5.156862745098039%;width:21.087713982729888%;" type="para">Creation and Redemption Transactior
Additional Information (&#8220;SAI&#8221;).</div></box><box><div coordinates="1998,3246,184,158" index="11" style="position:fixed;left:30.268141190728677%;top:63.64705882352941%;height:3.0980392156862746%;width:2.7874564459930316%;" type="para">Fee:</div></box><box><div coordinates="3085,3246,687,172" index="12" style="position:fixed;left:46.73534312982881%;top:63.64705882352941%;height:3.3725490196078427%;width:10.40751401302833%;" type="para">re disclosed in eacl</div></box><box><div coordinates="3799,3247,795,171" index="13" style="position:fixed;left:57.55188607786699%;top:63.66666666666667%;height:3.3529411764705883%;width:12.043629753067716%;" type="para">Trust&#8217;s Statement of</div></box><box><div coordinates="2526,3268,262,136" index="14" style="position:fixed;left:38.26692925314346%;top:64.07843137254902%;height:2.666666666666667%;width:3.9690955915770334%;" type="para">to State</div></box><box><div coordinates="2851,3264,169,151" index="15" style="position:fixed;left:43.190425693076804%;top:64.0%;height:2.9607843137254903%;width:2.5602181487653386%;" type="para">street</div></box><box><div coordinates="2322,3270,166,128" index="16" style="position:fixed;left:35.176488410846844%;top:64.11764705882354%;height:2.5098039215686274%;width:2.5147704893198%;" type="para">yable</div></box><box><div coordinates="547,3708,4224,259" index="17" style="position:fixed;left:8.286623238903196%;top:72.70588235294117%;height:5.078431372549019%;width:63.990304499318285%;" type="para">IV. Additional Services</div></box><box><div coordinates="1762,3708,154,121" index="18" style="position:fixed;left:26.69292531434631%;top:72.70588235294117%;height:2.372549019607843%;width:2.332979851537646%;" type="para" /></box><box><div coordinates="2220,3708,176,121" index="19" style="position:fixed;left:33.63126798969853%;top:72.70588235294117%;height:2.372549019607843%;width:2.666262687471595%;" type="para" /></box><box><div coordinates="2448,3708,649,121" index="20" style="position:fixed;left:37.08529010755946%;top:72.70588235294117%;height:2.372549019607843%;width:9.831843660051508%;" type="para" /></box><box><div coordinates="3508,3709,558,121" index="21" style="position:fixed;left:53.143463111649744%;top:72.72549019607844%;height:2.372549019607843%;width:8.453264656870171%;" type="para" /></box><box><div coordinates="572,3966,4030,566" index="22" style="position:fixed;left:8.665353734282684%;top:77.76470588235294%;height:11.098039215686274%;width:61.05135585517346%;" type="para">Additional special activities of a non-recurring nature such as fund consolidations or reorganizations, extraordinary
security shipments and the preparation of special reports will be subject to negotiation. There will be a fee of $150
per hour for customized programming or customized transmissions. There will be an annual fee of $1,200 for
maintenance of customized programming, transmissions or other customized development. Fees for other special
items will be negotiated separately.</div></box><box><div coordinates="581,4537,4021,456" index="23" style="position:fixed;left:8.8016967126193%;top:88.9607843137255%;height:8.941176470588236%;width:60.91501287683684%;" type="para">Significant regulatory changes, significant legal changes or changes in the Funds&#8217; service elections or status may, as
a result of such changes, necessitate additional services, processing or reports. In these instances, if State Street
elects to provide such services or arrange for their provision, State Street shall be entitled to additional fees and
expenses as negotiated with PMC.</div></box><box><div coordinates="508,5094,4266,829" index="24" style="position:fixed;left:7.695803666111195%;top:99.88235294117646%;height:16.254901960784313%;width:64.62657173155583%;" type="para">V. Other Expenses, Fees and Charges

A billing for the recovery of other reimbursable expenses, fees and charges incurred on behalf of the Funds, as
applicable, will be made as of the end of each month. Unless indicated otherwise, PMC&#8217;s share of such expenses,
fees and charges will be based upon actual usage of a service or an allocated charge for the use of the service for the
benefit of the Funds. New or increased fees imposed upon State Street beyond State Street&#8217;s control will be passed
through to PMC, including regulatory fees imposed on State Street in its capacity as the provider of the Services.</div></box><box><div coordinates="1765,6143,1582,175" index="25" style="position:fixed;left:26.73837297379185%;top:120.45098039215686%;height:3.431372549019608%;width:23.966065747614%;" type="para">Information Classification: Limited Acces:</div></box></Blocks></page><page num="4" src="img/Bi2i_0914/Bi2i_0914-03.jpg" txt_src="img/Bi2i_0914/Bi2i_0914-03.txt"><Blocks><box><div coordinates="531,333,4096,801" index="0" style="position:fixed;left:8.044235721860323%;top:6.529411764705882%;height:15.705882352941178%;width:62.05120436297531%;" type="para">STATE STREET BANK AND TRUST COMPANY

 

PRINCIPAL MANAGEMENT CORPORATION
CONFIDENTIAL FEE SCHEDULE
AS OF JUNE 16, 2015</div></box><box><div coordinates="595,1353,680,268" index="1" style="position:fixed;left:9.013785790031813%;top:26.529411764705884%;height:5.254901960784314%;width:10.301469474322072%;" type="para">PMC will reimburs:
the following:</div></box><box><div coordinates="2163,1357,379,168" index="2" style="position:fixed;left:32.7677624602333%;top:26.6078431372549%;height:3.294117647058824%;width:5.741554309953037%;" type="para">incurred by</div></box><box><div coordinates="2759,1357,952,172" index="3" style="position:fixed;left:41.79669747008029%;top:26.6078431372549%;height:3.3725490196078427%;width:14.422057264050903%;" type="para">Street on their behalf includ</div></box><box><div coordinates="1682,1372,465,153" index="4" style="position:fixed;left:25.48098772913195%;top:26.90196078431373%;height:3.0%;width:7.044387214058475%;" type="para">t for expenses</div></box><box><div coordinates="2614,1373,141,152" index="5" style="position:fixed;left:39.60006059687926%;top:26.92156862745098%;height:2.980392156862745%;width:2.136039993940312%;" type="para">tate</div></box><box><div coordinates="1480,1381,123,121" index="6" style="position:fixed;left:22.420845326465688%;top:27.078431372549023%;height:2.372549019607843%;width:1.8633540372670807%;" type="para" /></box><box><div coordinates="3927,1381,124,152" index="7" style="position:fixed;left:59.490986214209975%;top:27.078431372549023%;height:2.980392156862745%;width:1.8785032570822602%;" type="para">t nc</div></box><box><div coordinates="4103,1381,292,152" index="8" style="position:fixed;left:62.15724890168156%;top:27.078431372549023%;height:2.980392156862745%;width:4.423572186032419%;" type="para">limited t</div></box><box><div coordinates="3719,1409,128,124" index="9" style="position:fixed;left:56.339948492652624%;top:27.627450980392155%;height:2.431372549019608%;width:1.9391001363429785%;" type="para">ng,</div></box><box><div coordinates="719,1645,1456,700" index="10" style="position:fixed;left:10.892289047114073%;top:32.254901960784316%;height:13.725490196078432%;width:22.057264050901377%;" type="para">Dedicated Hardware / Transmission Lines
Forms and Supplies Related to Fund Reco
Printing, Delivery, Postage and Courier
SAS99 (audit firm data feeds)

Telephone</div></box><box><div coordinates="2559,1649,1468,804" index="11" style="position:fixed;left:38.76685350704439%;top:32.33333333333333%;height:15.764705882352942%;width:22.23905468868353%;" type="para">Archive/Document Storage

IRS Certifications and Form Filing
Reasonable Legal Expenses

CCO Attestation Report

Fair Valuation Services
SSAE 16 Charges (pro rata portion)</div></box><box><div coordinates="567,1661,141,656" index="12" style="position:fixed;left:8.589607635206786%;top:32.568627450980394%;height:12.862745098039216%;width:2.136039993940312%;" type="para" /></box><box><div coordinates="3687,1781,300,168" index="13" style="position:fixed;left:55.85517345856689%;top:34.92156862745098%;height:3.294117647058824%;width:4.5447659445538555%;" type="para">1 Filing</div></box><box><div coordinates="2186,1793,121,123" index="14" style="position:fixed;left:33.11619451598243%;top:35.15686274509804%;height:2.411764705882353%;width:1.8330555976367218%;" type="para">rds</div></box><box><div coordinates="567,2361,1924,956" index="15" style="position:fixed;left:8.589607635206786%;top:46.294117647058826%;height:18.745098039215684%;width:29.147098924405395%;" type="para">Board Related Travel

Pricing and Verification Services - Non-Standard
Vendors

Vendor Automated Pricing Costs

(Fund Holdings &amp; Baskets)

(per position/per month)

Cost of responding to third party subpoenas and/or
regulatory inquires related to the Funds or the
Funds&#8217; investment adviser(s)</div></box><box><div coordinates="567,2377,141,244" index="16" style="position:fixed;left:8.589607635206786%;top:46.6078431372549%;height:4.784313725490196%;width:2.136039993940312%;" type="para" /></box><box><div coordinates="1673,2469,478,168" index="17" style="position:fixed;left:25.344644750795336%;top:48.411764705882355%;height:3.294117647058824%;width:7.241327071655809%;" type="para">rvices - Non-S</div></box><box><div coordinates="2203,2481,272,156" index="18" style="position:fixed;left:33.37373125284048%;top:48.64705882352941%;height:3.058823529411765%;width:4.1205877897288286%;" type="para">andard</div></box><box><div coordinates="567,2677,144,141" index="19" style="position:fixed;left:8.589607635206786%;top:52.490196078431374%;height:2.764705882352941%;width:2.1814876533858505%;" type="para" /></box><box><div coordinates="511,3417,4256,264" index="20" style="position:fixed;left:7.741251325556734%;top:67.0%;height:5.176470588235294%;width:64.47507953340403%;" type="para" /></box><box><div coordinates="2168,3417,623,124" index="21" style="position:fixed;left:32.8435085593092%;top:67.0%;height:2.431372549019608%;width:9.43796394485684%;" type="para" /></box><box><div coordinates="3757,3421,456,124" index="22" style="position:fixed;left:56.915618845629446%;top:67.07843137254902%;height:2.431372549019608%;width:6.908044235721861%;" type="para" /></box><box><div coordinates="567,3769,4032,652" index="23" style="position:fixed;left:8.589607635206786%;top:73.90196078431373%;height:12.784313725490195%;width:61.08165429480382%;" type="para">PMC acknowledges that the overall fee structure set forth in this fee schedule, is provided by State Street upon the
assumptions agreed upon with PMC, and information provided by PMC including, but not limited to: (i) the
expectation that the total combined number of Funds and assets under custody shall be 8 Fund and (ii) the overall
relationship that PMC is expected to have with State Street including, as applicable, the Funds engaging State Street
to perform such ancillary services as securities lending and other factors such as PMC&#8217;s intention to hold cash
balances at State Street In interest-bearing or non-interest bearing demand deposit accounts.</div></box><box><div coordinates="587,4437,4009,456" index="24" style="position:fixed;left:8.892592031510377%;top:87.0%;height:8.941176470588236%;width:60.73322223905468%;" type="para">In the event that the assumptions underlying this fee schedule are not met or the overall relationship between PMC
and State Street and the revenue derived from the overall relationship is not substantially similar to the relationship
or revenue envisaged by State Street at the time the Agreements were executed, the parties hereto agree to negotiate
a revised fee schedule in good faith.</div></box><box><div coordinates="511,5089,4260,524" index="25" style="position:fixed;left:7.741251325556734%;top:99.7843137254902%;height:10.27450980392157%;width:64.53567641266474%;" type="para">This fee schedule is the confidential information of the parties and shall not be disclosed to any third party without
the prior written consent of the other parties.</div></box><box><div coordinates="2828,5093,1116,124" index="26" style="position:fixed;left:42.84199363732768%;top:99.86274509803921%;height:2.431372549019608%;width:16.906529313740343%;" type="para" /></box><box><div coordinates="4186,5353,205,168" index="27" style="position:fixed;left:63.41463414634146%;top:104.96078431372548%;height:3.294117647058824%;width:3.1055900621118013%;" type="para">withc</div></box><box><div coordinates="2563,5365,124,129" index="28" style="position:fixed;left:38.82745038630511%;top:105.19607843137256%;height:2.5294117647058822%;width:1.8785032570822602%;" type="para">rtie:</div></box><box><div coordinates="4392,5369,123,121" index="29" style="position:fixed;left:66.53537342826844%;top:105.27450980392157%;height:2.372549019607843%;width:1.8633540372670807%;" type="para">ut</div></box><box><div coordinates="1759,6037,1640,272" index="30" style="position:fixed;left:26.647477654900776%;top:118.37254901960786%;height:5.333333333333334%;width:24.84472049689441%;" type="para">4
Information Classification: Limited Access</div></box></Blocks></page><page num="5" src="img/Bi2i_0914/Bi2i_0914-04.jpg" txt_src="img/Bi2i_0914/Bi2i_0914-04.txt"><Blocks><box><div coordinates="536,332,4094,798" index="0" style="position:fixed;left:8.119981820936221%;top:6.509803921568627%;height:15.647058823529411%;width:62.02090592334495%;" type="para">STATE STREET BANK AND TRUST COMPANY
PRINCIPAL MANAGEMENT CORPORATION
CONFIDENTIAL FEE SCHEDULE
AS OF JUNE 16, 2015</div></box><box><div coordinates="512,1331,4257,269" index="1" style="position:fixed;left:7.756400545371914%;top:26.098039215686274%;height:5.2745098039215685%;width:64.49022875321921%;" type="para">VIII. Payment of Fees</div></box><box><div coordinates="1999,1334,520,121" index="2" style="position:fixed;left:30.283290410543856%;top:26.156862745098042%;height:2.372549019607843%;width:7.87759430389335%;" type="para" /></box><box><div coordinates="2642,1336,312,121" index="3" style="position:fixed;left:40.02423875170429%;top:26.19607843137255%;height:2.372549019607843%;width:4.72655658233601%;" type="para" /></box><box><div coordinates="3069,1337,203,121" index="4" style="position:fixed;left:46.49295561278594%;top:26.215686274509803%;height:2.372549019607843%;width:3.0752916224814424%;" type="para" /></box><box><div coordinates="3434,1339,923,124" index="5" style="position:fixed;left:52.022420845326465%;top:26.254901960784316%;height:2.431372549019608%;width:13.982729889410695%;" type="para" /></box><box><div coordinates="511,1591,4259,636" index="6" style="position:fixed;left:7.741251325556734%;top:31.19607843137255%;height:12.470588235294118%;width:64.52052719284957%;" type="para">An invoice for the fees, charges and expenses set forth herein will be transmitted to PMC&#8217;s offices. Any fees or
reimbursable expenses not paid within 30 days of the date of the original invoice will be charged a late payment fee
of 1% per month until payment of the fees are received by Billing. Failure to charge a fee is not a waiver of that fee.

IX. Effectiveness</div></box><box><div coordinates="2013,1961,475,122" index="7" style="position:fixed;left:30.49537948795637%;top:38.450980392156865%;height:2.392156862745098%;width:7.195879412210271%;" type="para" /></box><box><div coordinates="2592,1963,299,121" index="8" style="position:fixed;left:39.26677776094531%;top:38.490196078431374%;height:2.372549019607843%;width:4.529616724738676%;" type="para" /></box><box><div coordinates="3089,1965,980,124" index="9" style="position:fixed;left:46.795940009089534%;top:38.529411764705884%;height:2.431372549019608%;width:14.846235418875928%;" type="para" /></box><box><div coordinates="4109,1969,254,121" index="10" style="position:fixed;left:62.24814422057264%;top:38.6078431372549%;height:2.372549019607843%;width:3.8479018330555976%;" type="para" /></box><box><div coordinates="1468,2218,276,160" index="11" style="position:fixed;left:22.23905468868353%;top:43.49019607843137%;height:3.1372549019607843%;width:4.181184668989547%;" type="para">ct to the</div></box><box><div coordinates="586,2227,179,159" index="12" style="position:fixed;left:8.877442811695198%;top:43.666666666666664%;height:3.1176470588235294%;width:2.7117103469171338%;" type="para">This</div></box><box><div coordinates="3950,2226,166,170" index="13" style="position:fixed;left:59.8394182699591%;top:43.64705882352941%;height:3.3333333333333335%;width:2.5147704893198%;" type="para">al fe</div></box><box><div coordinates="1033,2235,142,150" index="14" style="position:fixed;left:15.649144069080442%;top:43.8235294117647%;height:2.941176470588235%;width:2.1511892137554915%;" type="para">edul</div></box><box><div coordinates="1869,2233,535,156" index="15" style="position:fixed;left:28.31389183457052%;top:43.7843137254902%;height:3.058823529411765%;width:8.104832601121043%;" type="para">yotiation and ex:</div></box><box><div coordinates="2439,2239,184,151" index="16" style="position:fixed;left:36.948947129222844%;top:43.90196078431373%;height:2.9607843137254903%;width:2.7874564459930316%;" type="para">cutior</div></box><box><div coordinates="1286,2249,121,122" index="17" style="position:fixed;left:19.48189668232086%;top:44.09803921568628%;height:2.392156862745098%;width:1.8330555976367218%;" type="para">suk</div></box><box><div coordinates="2635,2241,717,151" index="18" style="position:fixed;left:39.91819421299803%;top:43.94117647058823%;height:2.9607843137254903%;width:10.861990607483715%;" type="para">&#8216;of both definitive ag</div></box><box><div coordinates="3417,2249,422,144" index="19" style="position:fixed;left:51.764884108468415%;top:44.09803921568628%;height:2.823529411764706%;width:6.392970762005756%;" type="para">ements and a</div></box><box><div coordinates="4286,2245,226,144" index="20" style="position:fixed;left:64.92955612785941%;top:44.01960784313725%;height:2.823529411764706%;width:3.423723678230571%;" type="para">edule.</div></box><box><div coordinates="4145,2258,121,123" index="21" style="position:fixed;left:62.793516133919105%;top:44.27450980392157%;height:2.411764705882353%;width:1.8330555976367218%;" type="para">sch</div></box><box><div coordinates="776,2266,159,121" index="22" style="position:fixed;left:11.755794576579307%;top:44.43137254901961%;height:2.372549019607843%;width:2.4087259506135434%;" type="para">fee s</div></box><box><div coordinates="569,2407,1151,367" index="23" style="position:fixed;left:8.619906074837145%;top:47.19607843137255%;height:7.196078431372549%;width:17.436752007271625%;" type="para">This fee schedule shall become
in effect for five years and from

party.</div></box><box><div coordinates="1767,2412,2830,286" index="24" style="position:fixed;left:26.768671413422208%;top:47.294117647058826%;height:5.607843137254902%;width:42.87229207695803%;" type="para">fective upon the commencement of the provision of the Services and shall remain
ar to year thereafter, until it is revised as a result of negotiations initiated by either</div></box><box><div coordinates="517,2962,4253,265" index="25" style="position:fixed;left:7.832146644447811%;top:58.07843137254902%;height:5.196078431372549%;width:64.4296318739585%;" type="para">X. Signatures</div></box><box><div coordinates="1689,2964,310,121" index="26" style="position:fixed;left:25.587032267838204%;top:58.11764705882353%;height:2.372549019607843%;width:4.69625814270565%;" type="para" /></box><box><div coordinates="2199,2965,560,121" index="27" style="position:fixed;left:33.313134373579764%;top:58.13725490196079%;height:2.372549019607843%;width:8.48356309650053%;" type="para" /></box><box><div coordinates="2876,2967,339,121" index="28" style="position:fixed;left:43.56915618845629%;top:58.1764705882353%;height:2.372549019607843%;width:5.135585517345857%;" type="para" /></box><box><div coordinates="3349,2968,252,121" index="29" style="position:fixed;left:50.7347371610362%;top:58.19607843137254%;height:2.372549019607843%;width:3.8176033934252387%;" type="para" /></box><box><div coordinates="581,3319,1734,178" index="30" style="position:fixed;left:8.8016967126193%;top:65.07843137254902%;height:3.4901960784313726%;width:26.268747159521283%;" type="para">PRINCIPAL MANAGEMENT CORPORATION</div></box><box><div coordinates="2539,3432,1809,178" index="31" style="position:fixed;left:38.463869110740795%;top:67.29411764705883%;height:3.4901960784313726%;width:27.404938645659747%;" type="para">STATE STREET BANK AND TRUST COMPANY</div></box><box><div coordinates="1519,3591,250,228" index="32" style="position:fixed;left:23.01166489925769%;top:70.41176470588235%;height:4.470588235294118%;width:3.7873049537948797%;" type="para" /></box><box><div coordinates="994,3648,262,178" index="33" style="position:fixed;left:15.058324496288442%;top:71.52941176470588%;height:3.4901960784313726%;width:3.9690955915770334%;" type="para" /></box><box><div coordinates="581,3685,340,484" index="34" style="position:fixed;left:8.8016967126193%;top:72.25490196078431%;height:9.490196078431373%;width:5.150734737161036%;" type="para">By:
Name:
Title:</div></box><box><div coordinates="2544,3688,319,483" index="35" style="position:fixed;left:38.539615209816695%;top:72.31372549019608%;height:9.470588235294118%;width:4.832601121042266%;" type="para">By:
Name:
Title:</div></box><box><div coordinates="1360,3701,124,125" index="36" style="position:fixed;left:20.602938948644145%;top:72.5686274509804%;height:2.450980392156863%;width:1.8785032570822602%;" type="para" /></box><box><div coordinates="988,3723,1189,448" index="37" style="position:fixed;left:14.967429177397365%;top:73.0%;height:8.784313725490197%;width:18.012422360248447%;" type="para">Layne A. Rasmussen
Vice President and Controller</div></box><box><div coordinates="1756,5007,1657,187" index="38" style="position:fixed;left:26.602029995455233%;top:98.1764705882353%;height:3.6666666666666665%;width:25.10225723375246%;" type="para">[Remainder of page intentionally left blank.]</div></box><box><div coordinates="1761,6030,1657,274" index="39" style="position:fixed;left:26.67777609453113%;top:118.23529411764706%;height:5.372549019607844%;width:25.10225723375246%;" type="para">5
Information Classification: Limited Access</div></box></Blocks></page><page num="6" src="img/Bi2i_0914/Bi2i_0914-05.jpg" txt_src="img/Bi2i_0914/Bi2i_0914-05.txt"><Blocks><box><div coordinates="531,337,4096,800" index="0" style="position:fixed;left:8.044235721860323%;top:6.6078431372549025%;height:15.686274509803921%;width:62.05120436297531%;" type="para">STATE STREET BANK AND TRUST COMPANY

 

PRINCIPAL MANAGEMENT CORPORATION
CONFIDENTIAL FEE SCHEDULE
AS OF JUNE 16, 2015</div></box><box><div coordinates="2271,1361,564,184" index="1" style="position:fixed;left:34.403878200272686%;top:26.68627450980392%;height:3.607843137254902%;width:8.544159975761248%;" type="para">APPENDIX 1</div></box><box><div coordinates="571,1549,3288,380" index="2" style="position:fixed;left:8.650204514467505%;top:30.372549019607842%;height:7.450980392156863%;width:49.81063475231026%;" type="para">OTHER FUND ADMINISTRATION SERVICES (if applicable)

Financial Statement Composition Services (not including printing mailing and filing fees)</div></box><box><div coordinates="3891,1745,540,188" index="3" style="position:fixed;left:58.945614300863504%;top:34.21568627450981%;height:3.686274509803922%;width:8.180578700196941%;" type="para">$150/per page</div></box><box><div coordinates="559,1913,1332,664" index="4" style="position:fixed;left:8.46841387668535%;top:37.50980392156863%;height:13.019607843137255%;width:20.178760793819116%;" type="para">STATE STREET PRONAVIGATOR SM
Prospectus / Summary Prospectus *

0 &#8212; 2,000 pages

&gt;2,000 pages
Statement of Additional Information &#176;
*All Funds that are open-end register</div></box><box><div coordinates="3542,2033,542,548" index="5" style="position:fixed;left:53.65853658536586%;top:39.86274509803921%;height:10.745098039215687%;width:8.2108771398273%;" type="para">Per Page
$150
$125

$75
greed upon date</div></box><box><div coordinates="1831,2321,124,124" index="6" style="position:fixed;left:27.7382214815937%;top:45.509803921568626%;height:2.431372549019608%;width:1.8785032570822602%;" type="para" /></box><box><div coordinates="2111,2425,364,152" index="7" style="position:fixed;left:31.980003029843964%;top:47.549019607843135%;height:2.980392156862745%;width:5.514316012725344%;" type="para">Stment ma</div></box><box><div coordinates="2867,2431,285,147" index="8" style="position:fixed;left:43.43281321011968%;top:47.66666666666667%;height:2.8823529411764706%;width:4.317527647326163%;" type="para">ompanie.</div></box><box><div coordinates="4119,2433,203,148" index="9" style="position:fixed;left:62.399636418724434%;top:47.705882352941174%;height:2.9019607843137254%;width:3.0752916224814424%;" type="para">each y</div></box><box><div coordinates="4359,2433,124,132" index="10" style="position:fixed;left:66.03544917436753%;top:47.705882352941174%;height:2.588235294117647%;width:1.8785032570822602%;" type="para">ar</div></box><box><div coordinates="1893,2450,207,127" index="11" style="position:fixed;left:28.677473110134827%;top:48.03921568627451%;height:2.4901960784313726%;width:3.1358885017421603%;" type="para">ed inv.</div></box><box><div coordinates="2479,2453,148,128" index="12" style="position:fixed;left:37.55491592183002%;top:48.09803921568627%;height:2.5098039215686274%;width:2.242084532646569%;" type="para">nage</div></box><box><div coordinates="2719,2457,124,124" index="13" style="position:fixed;left:41.19072867747311%;top:48.17647058823529%;height:2.431372549019608%;width:1.8785032570822602%;" type="para">Hl &#162;</div></box><box><div coordinates="3187,2453,124,128" index="14" style="position:fixed;left:48.28056355097712%;top:48.09803921568627%;height:2.5098039215686274%;width:1.8785032570822602%;" type="para" /></box><box><div coordinates="3367,2456,168,125" index="15" style="position:fixed;left:51.007423117709436%;top:48.15686274509804%;height:2.450980392156863%;width:2.545068928950159%;" type="para">fan &#162;</div></box><box><div coordinates="563,2601,1760,188" index="16" style="position:fixed;left:8.52901075594607%;top:51.0%;height:3.686274509803922%;width:26.66262687471595%;" type="para">CFTC COMPLIANCE TESTING AND REPORTING</div></box><box><div coordinates="563,2793,1988,660" index="17" style="position:fixed;left:8.52901075594607%;top:54.764705882352935%;height:12.941176470588237%;width:30.116648992576884%;" type="para">Daily (per Fund/per year)
First 1 &#8212; 10 Funds
Remaining Funds

Weekly (per Fund/per year)

Monthly (per Fund/per year)</div></box><box><div coordinates="3719,2989,368,440" index="18" style="position:fixed;left:56.339948492652624%;top:58.6078431372549%;height:8.627450980392156%;width:5.574912891986063%;" type="para">$11,000
$6,000
$5,000
$1,500</div></box><box><div coordinates="567,3461,2544,360" index="19" style="position:fixed;left:8.589607635206786%;top:67.86274509803921%;height:7.0588235294117645%;width:38.539615209816695%;" type="para">CFTC Monthly Financial Statements/Annual Financial Information&#8217;
Monthly Financial Statements (per Fund/per year)
Annual Financial Information (per Fund/per year)</div></box><box><div coordinates="3715,3565,372,248" index="20" style="position:fixed;left:56.27935161339192%;top:69.90196078431372%;height:4.862745098039216%;width:5.635509771246781%;" type="para">$14,500
$500</div></box><box><div coordinates="3383,3937,384,652" index="21" style="position:fixed;left:51.249810634752315%;top:77.19607843137256%;height:12.784313725490195%;width:5.8173004090289355%;" type="para">Per Fund/
per year
$500
$1,750%
$4,000
N/A</div></box><box><div coordinates="4007,3941,468,632" index="22" style="position:fixed;left:60.702923799424326%;top:77.27450980392156%;height:12.392156862745098%;width:7.089834873504014%;" type="para">Per Fund/
per quarter
$1,500
$5,000%
$15,000
$7,500</div></box><box><div coordinates="571,4033,1863,556" index="23" style="position:fixed;left:8.650204514467505%;top:79.07843137254902%;height:10.901960784313726%;width:28.222996515679444%;" type="para">Schedule A Part 1 Question 2(a) and 2(b)

Schedule A Part 2 Question 10, 11 &amp; 12 (a) and (b)*
Schedule B Part 1 Question 5 and 6

Schedule C Part 1 Question 1 and 2; Part 2 Questions</div></box><box><div coordinates="2475,4413,210,172" index="24" style="position:fixed;left:37.49431904256931%;top:86.52941176470588%;height:3.3725490196078427%;width:3.1813361611876987%;" type="para">(d) an</div></box><box><div coordinates="1967,4429,444,156" index="25" style="position:fixed;left:29.798515376458113%;top:86.84313725490196%;height:3.058823529411765%;width:6.7262535979397065%;" type="para">t 2 Questions</div></box><box><div coordinates="2805,4437,122,140" index="26" style="position:fixed;left:42.49356158157855%;top:87.0%;height:2.7450980392156863%;width:1.8482048174519012%;" type="para" /></box><box><div coordinates="567,4605,2208,188" index="27" style="position:fixed;left:8.589607635206786%;top:90.29411764705883%;height:3.686274509803922%;width:33.44947735191638%;" type="para">(Rule 4.5) (per Fund/per year)</div></box><box><div coordinates="3767,4609,268,169" index="28" style="position:fixed;left:57.067111043781246%;top:90.37254901960785%;height:3.313725490196078%;width:4.059990910468111%;" type="para">$250</div></box><box><div coordinates="3587,5601,204,156" index="29" style="position:fixed;left:54.34025147704893%;top:109.8235294117647%;height:3.058823529411765%;width:3.090440842296622%;" type="para">to the</div></box><box><div coordinates="4235,5605,204,151" index="30" style="position:fixed;left:64.15694591728526%;top:109.90196078431373%;height:2.9607843137254903%;width:3.090440842296622%;" type="para">| of the</div></box><box><div coordinates="579,5613,1388,500" index="31" style="position:fixed;left:8.771398272988941%;top:110.05882352941177%;height:9.803921568627452%;width:21.02711710346917%;" type="para">! The annual financial information that will
disclosure rules of the SEC and the CFTC.

? Schedule A, Part 1, Question 2(a) requests
will charge $1,500 for each Fund for which 1
* State Street will waive these fees if provid</div></box><box><div coordinates="2855,5619,124,146" index="32" style="position:fixed;left:43.25102257233752%;top:110.1764705882353%;height:2.8627450980392157%;width:1.8785032570822602%;" type="para">nd tl</div></box><box><div coordinates="3070,5613,121,121" index="33" style="position:fixed;left:46.50810483260112%;top:110.05882352941177%;height:2.372549019607843%;width:1.8330555976367218%;" type="para">e fe</div></box><box><div coordinates="3299,5618,228,127" index="34" style="position:fixed;left:49.97727617027723%;top:110.15686274509804%;height:2.4901960784313726%;width:3.4540221178609305%;" type="para">re subj</div></box><box><div coordinates="4078,5617,121,121" index="35" style="position:fixed;left:61.77851840630208%;top:110.13725490196077%;height:2.372549019607843%;width:1.8330555976367218%;" type="para">ratic</div></box><box><div coordinates="3811,5625,124,140" index="36" style="position:fixed;left:57.73367671564914%;top:110.29411764705883%;height:2.7450980392156863%;width:1.8785032570822602%;" type="para" /></box><box><div coordinates="782,5644,145,208" index="37" style="position:fixed;left:11.846689895470384%;top:110.66666666666667%;height:4.07843137254902%;width:2.1966368732010304%;" type="para">ISUre

ote ol &lt;n</div></box><box><div coordinates="2126,5644,161,121" index="38" style="position:fixed;left:32.20724132707166%;top:110.66666666666667%;height:2.372549019607843%;width:2.4390243902439024%;" type="para">quire</div></box><box><div coordinates="2011,5777,229,324" index="39" style="position:fixed;left:30.46508104832601%;top:113.27450980392157%;height:6.352941176470588%;width:3.4691713376761095%;" type="para">CPO&#8217;s
e Client
g Mont</div></box><box><div coordinates="3454,5777,273,336" index="40" style="position:fixed;left:52.32540524163005%;top:113.27450980392157%;height:6.588235294117648%;width:4.135737009544008%;" type="para">all advis
1 Fund&#8217;s
ial Inforn</div></box><box><div coordinates="1759,5793,1640,520" index="41" style="position:fixed;left:26.647477654900776%;top:113.58823529411765%;height:10.196078431372548%;width:24.84472049689441%;" type="para">2quests a CPO&#8217;s total gross assets under management &#167;
which the Client requests and State Street calculates su
providing Monthly Financial Statements/Annual Finar
6
Information Classification: Limited Access</div></box><box><div coordinates="2771,5793,144,148" index="42" style="position:fixed;left:41.97848810786245%;top:113.58823529411765%;height:2.9019607843137254%;width:2.1814876533858505%;" type="para">und:

co Vad</div></box><box><div coordinates="3290,5792,225,305" index="43" style="position:fixed;left:49.840933191940614%;top:113.5686274509804%;height:5.980392156862745%;width:3.408574458415391%;" type="para">nt for a
s such ]
nancial</div></box><box><div coordinates="3731,5793,240,321" index="44" style="position:fixed;left:56.52173913043478%;top:113.58823529411765%;height:6.294117647058823%;width:3.635812755643084%;" type="para">or portf
OTOSS as
lation.</div></box><box><div coordinates="3979,5797,124,144" index="45" style="position:fixed;left:60.278745644599304%;top:113.66666666666667%;height:2.823529411764706%;width:1.8785032570822602%;" type="para">nlio:

me "an al</div></box><box><div coordinates="2239,5820,216,309" index="46" style="position:fixed;left:33.91910316618694%;top:114.11764705882352%;height:6.0588235294117645%;width:3.272231480078776%;" type="para">total g
 reques
hly Fin</div></box></Blocks></page><page num="7" src="img/Bi2i_0914/Bi2i_0914-06.jpg" txt_src="img/Bi2i_0914/Bi2i_0914-06.txt"><Blocks><box><div coordinates="529,328,4095,795" index="0" style="position:fixed;left:8.013937282229964%;top:6.431372549019608%;height:15.588235294117647%;width:62.03605514316013%;" type="para">STATE STREET BANK AND TRUST COMPANY

 

PRINCIPAL MANAGEMENT CORPORATION
CONFIDENTIAL FEE SCHEDULE
AS OF JUNE 16, 2015</div></box><box><div coordinates="1858,1560,1290,279" index="1" style="position:fixed;left:28.147250416603548%;top:30.58823529411765%;height:5.470588235294118%;width:19.54249356158158%;" type="para">APPENDIX 2
In-Kind Creation and Redemption Fe</div></box><box><div coordinates="1635,1960,1892,317" index="2" style="position:fixed;left:24.768974397818514%;top:38.43137254901961%;height:6.215686274509804%;width:28.662323890319648%;" type="para">FundName | BrokerFee
Principal EDGE Active Income ETF $500</div></box><box><div coordinates="1761,6024,1600,276" index="3" style="position:fixed;left:26.67777609453113%;top:118.11764705882352%;height:5.411764705882352%;width:24.23875170428723%;" type="para">7
Information Classification: Limited Access</div></box></Blocks></page></doc>