<doc doi="Bi2i_0944" name="/prcanalyt/test-pra1/inventory_module/InputProcessing/76B/E42/76BE429FEF170E23B1A68FC442F9F83291D07ACE.pdf"><page num="1" src="img/Bi2i_0944/Bi2i_0944-00.jpg" txt_src="img/Bi2i_0944/Bi2i_0944-00.txt"><Blocks><box><div coordinates="658,560,3823,702" index="0" style="position:fixed;left:9.968186638388122%;top:10.980392156862745%;height:13.76470588235294%;width:57.915467353431296%;" type="para">NH PEN BOR REET BANK AND TRUST COMPANY

 

NEUBERGER BERMAN FUNDS
CONFIDENTIAL FEE SCHEDULE
AS OF MARCH 1, 2015</div></box><box><div coordinates="630,1317,3948,1197" index="1" style="position:fixed;left:9.544008483563097%;top:25.823529411764707%;height:23.47058823529412%;width:59.80911983032874%;" type="para">CUSTODY and FUND ACCOUNTING SERVICES

This fee schedule is for services (the &#8220;Services&#8482;) provided by State Street Bank and Trust Company or its affiliates
(&#8220;State Street&#8221;) to the Funds (as defined below) pursuant to those certain Custodian Agreements identified on

Schedule A hereto by and between State Street and the Funds (the &#8220;Custody Agreement,&#8221; as the same may be
amended, supplemented, restated or otherwise modified from time to time. This fee schedule shall apply to all
funds, portfolios or accounts that may be party or subject to the Custody Agreement from time to time (each a
&#8220;Fund&#8221; and collectively, the &#8220;Funds&#8482;).

 

I. Custody</div></box><box><div coordinates="2359,2531,121,122" index="2" style="position:fixed;left:35.73700954400849%;top:49.627450980392155%;height:2.392156862745098%;width:1.8330555976367218%;" type="para">e (i</div></box><box><div coordinates="698,3137,3760,263" index="3" style="position:fixed;left:10.574155430995305%;top:61.509803921568626%;height:5.156862745098039%;width:56.96106650507499%;" type="para">* See Appendix 1 for information on transaction processing fees including important information on
foreign currency exchange transactions.</div></box><box><div coordinates="698,3413,512,163" index="4" style="position:fixed;left:10.574155430995305%;top:66.92156862745098%;height:3.1960784313725488%;width:7.756400545371914%;" type="para">Domestic Cust</div></box><box><div coordinates="3563,3942,495,182" index="5" style="position:fixed;left:53.97667020148462%;top:77.29411764705883%;height:3.568627450980392%;width:7.498863808513861%;" type="para">&#162; Appendix 2</div></box><box><div coordinates="708,3953,402,163" index="6" style="position:fixed;left:10.7256476291471%;top:77.50980392156863%;height:3.1960784313725488%;width:6.089986365702167%;" type="para">Foreign Ci</div></box><box><div coordinates="1113,3968,221,145" index="7" style="position:fixed;left:16.861081654294804%;top:77.80392156862746%;height:2.843137254901961%;width:3.3479775791546733%;" type="para">istody</div></box><box><div coordinates="693,4140,686,174" index="8" style="position:fixed;left:10.498409331919406%;top:81.17647058823529%;height:3.4117647058823533%;width:10.392364793213149%;" type="para">OTHER SERVICES</div></box><box><div coordinates="897,4314,121,121" index="9" style="position:fixed;left:13.588850174216027%;top:84.58823529411764%;height:2.372549019607843%;width:1.8330555976367218%;" type="para">\ M</div></box><box><div coordinates="650,4564,3935,249" index="10" style="position:fixed;left:9.846992879866686%;top:89.49019607843137%;height:4.88235294117647%;width:59.612179972731404%;" type="para">IL. Fund Accounting</div></box><box><div coordinates="696,5439,681,341" index="11" style="position:fixed;left:10.543856991364944%;top:106.6470588235294%;height:6.686274509803922%;width:10.31661869413725%;" type="para">Fund Accounting

Basis Point Fee (pe

Nh. A ua isis FV. ot</div></box></Blocks></page><page num="2" src="img/Bi2i_0944/Bi2i_0944-01.jpg" txt_src="img/Bi2i_0944/Bi2i_0944-01.txt"><Blocks><box><div coordinates="661,565,3823,705" index="0" style="position:fixed;left:10.013634297833661%;top:11.07843137254902%;height:13.823529411764707%;width:57.915467353431296%;" type="para">STATE STREET BANK AND TRUST COMPANY

NEUBERGER BERMAN FUNDS
CONFIDENTIAL FEE SCHEDULE
AS OF MARCH 1, 2015</div></box><box><div coordinates="702,1819,1448,236" index="1" style="position:fixed;left:10.634752310256022%;top:35.66666666666667%;height:4.627450980392156%;width:21.93607029237994%;" type="para">Multi-Class/Feeder/Multi-Manager Fees (
Annual Fee per Class beyond one</div></box><box><div coordinates="1206,2095,164,122" index="2" style="position:fixed;left:18.2699590971065%;top:41.07843137254902%;height:2.392156862745098%;width:2.484472049689441%;" type="para">4 4 Viv

r Mu</div></box><box><div coordinates="1405,2095,121,122" index="3" style="position:fixed;left:21.284653840327223%;top:41.07843137254902%;height:2.392156862745098%;width:1.8330555976367218%;" type="para">A</div></box><box><div coordinates="704,2271,812,234" index="4" style="position:fixed;left:10.66505074988638%;top:44.529411764705884%;height:4.588235294117647%;width:12.30116648992577%;" type="para">AUTOMATED PRICING (
Monthly Quote Charge</div></box><box><div coordinates="692,2826,626,173" index="5" style="position:fixed;left:10.483260112104228%;top:55.41176470588235%;height:3.392156862745098%;width:9.483411604302379%;" type="para">OTHER SERVICES</div></box><box><div coordinates="800,3018,121,124" index="6" style="position:fixed;left:12.119375852143614%;top:59.1764705882353%;height:2.431372549019608%;width:1.8330555976367218%;" type="para">SC</div></box><box><div coordinates="2257,3173,311,164" index="7" style="position:fixed;left:34.19178912286017%;top:62.21568627450981%;height:3.215686274509804%;width:4.71140736252083%;" type="para">LANA Pr &#165; Ad

- Waived</div></box><box><div coordinates="888,3270,121,121" index="8" style="position:fixed;left:13.452507195879413%;top:64.11764705882354%;height:2.372549019607843%;width:1.8330555976367218%;" type="para" /></box><box><div coordinates="681,3518,3940,250" index="9" style="position:fixed;left:10.31661869413725%;top:68.98039215686275%;height:4.901960784313726%;width:59.687926071807304%;" type="para">I11. Loan Services</div></box><box><div coordinates="2308,3781,121,126" index="10" style="position:fixed;left:34.96439933343433%;top:74.13725490196079%;height:2.4705882352941173%;width:1.8330555976367218%;" type="para">e Ca</div></box><box><div coordinates="3487,4118,506,165" index="11" style="position:fixed;left:52.82532949553098%;top:80.74509803921569%;height:3.2352941176470593%;width:7.665505226480835%;" type="para">Monthly Fee

h1.-22NJ/Y _</div></box><box><div coordinates="709,4122,813,184" index="12" style="position:fixed;left:10.740796848962278%;top:80.82352941176471%;height:3.607843137254902%;width:12.316315709740948%;" type="para">Per Loan Calculation
Perl nan Charoe far a Fh</div></box><box><div coordinates="709,4310,163,390" index="13" style="position:fixed;left:10.740796848962278%;top:84.50980392156863%;height:7.647058823529412%;width:2.4693228298742613%;" type="para" /></box><box><div coordinates="993,4413,121,124" index="14" style="position:fixed;left:15.043175276473262%;top:86.52941176470588%;height:2.431372549019608%;width:1.8330555976367218%;" type="para">y Cl</div></box><box><div coordinates="2810,4761,121,122" index="15" style="position:fixed;left:42.56930768065445%;top:93.35294117647058%;height:2.392156862745098%;width:1.8330555976367218%;" type="para" /></box><box><div coordinates="683,5011,3942,245" index="16" style="position:fixed;left:10.346917133767612%;top:98.25490196078431%;height:4.803921568627452%;width:59.718224511437654%;" type="para">IV. Fund Administration</div></box></Blocks></page><page num="3" src="img/Bi2i_0944/Bi2i_0944-02.jpg" txt_src="img/Bi2i_0944/Bi2i_0944-02.txt"><Blocks><box><div coordinates="654,568,3824,705" index="0" style="position:fixed;left:9.907589759127406%;top:11.137254901960784%;height:13.823529411764707%;width:57.930616573246475%;" type="para">STATE STREET BANK AND TRUST COMPANY

 

NEUBERGER BERMAN FUNDS
CONFIDENTIAL FEE SCHEDULE
AS OF MARCH 1, 2015</div></box><box><div coordinates="668,1339,3942,243" index="1" style="position:fixed;left:10.119678836539919%;top:26.254901960784316%;height:4.764705882352941%;width:59.718224511437654%;" type="para">V. Additional Services</div></box><box><div coordinates="2861,1755,121,123" index="2" style="position:fixed;left:43.341917891228604%;top:34.411764705882355%;height:2.411764705882353%;width:1.8330555976367218%;" type="para">Jl</div></box><box><div coordinates="634,2645,3980,249" index="3" style="position:fixed;left:9.604605362823815%;top:51.86274509803922%;height:4.88235294117647%;width:60.29389486441449%;" type="para">VIL Other Expenses, Fees and Charges</div></box><box><div coordinates="2553,3807,140,865" index="4" style="position:fixed;left:38.67595818815331%;top:74.6470588235294%;height:16.96078431372549%;width:2.1208907741251326%;" type="para" /></box><box><div coordinates="694,3813,139,863" index="5" style="position:fixed;left:10.513558551734585%;top:74.76470588235294%;height:16.92156862745098%;width:2.105741554309953%;" type="para" /></box><box><div coordinates="3003,3811,121,121" index="6" style="position:fixed;left:45.49310710498409%;top:74.72549019607844%;height:2.372549019607843%;width:1.8330555976367218%;" type="para">6 (]</div></box><box><div coordinates="1834,4175,121,124" index="7" style="position:fixed;left:27.783669141039237%;top:81.86274509803921%;height:2.431372549019608%;width:1.8330555976367218%;" type="para">d. Ct</div></box><box><div coordinates="2700,4520,163,122" index="8" style="position:fixed;left:40.902893500984696%;top:88.62745098039215%;height:2.392156862745098%;width:2.4693228298742613%;" type="para">Mis</div></box><box><div coordinates="2556,4899,138,138" index="9" style="position:fixed;left:38.72140584759885%;top:96.05882352941177%;height:2.705882352941176%;width:2.0905923344947737%;" type="para" /></box><box><div coordinates="696,4902,138,139" index="10" style="position:fixed;left:10.543856991364944%;top:96.11764705882354%;height:2.7254901960784315%;width:2.0905923344947737%;" type="para" /></box><box><div coordinates="697,5088,137,138" index="11" style="position:fixed;left:10.559006211180124%;top:99.76470588235294%;height:2.705882352941176%;width:2.075443114679594%;" type="para" /></box><box><div coordinates="2564,5084,138,139" index="12" style="position:fixed;left:38.84259960612029%;top:99.68627450980392%;height:2.7254901960784315%;width:2.0905923344947737%;" type="para" /></box><box><div coordinates="2755,5088,121,124" index="13" style="position:fixed;left:41.736100590819575%;top:99.76470588235294%;height:2.431372549019608%;width:1.8330555976367218%;" type="para">CCl</div></box></Blocks></page><page num="4" src="img/Bi2i_0944/Bi2i_0944-03.jpg" txt_src="img/Bi2i_0944/Bi2i_0944-03.txt"><Blocks><box><div coordinates="649,559,3823,705" index="0" style="position:fixed;left:9.831843660051508%;top:10.96078431372549%;height:13.823529411764707%;width:57.915467353431296%;" type="para">STATE STREET BANK AND TRUST COMPANY

NEUBERGER BERMAN FUNDS
CONFIDENTIAL FEE SCHEDULE
AS OF MARCH 1, 2015</div></box><box><div coordinates="633,1330,3972,244" index="1" style="position:fixed;left:9.589456143008634%;top:26.078431372549023%;height:4.784313725490196%;width:60.17270110589305%;" type="para">VII. Assumptions</div></box><box><div coordinates="639,2815,3971,252" index="2" style="position:fixed;left:9.680351461899713%;top:55.196078431372555%;height:4.941176470588235%;width:60.15755188607786%;" type="para">VIII. Overdrafts</div></box><box><div coordinates="642,3491,3971,256" index="3" style="position:fixed;left:9.72579912134525%;top:68.45098039215686%;height:5.019607843137255%;width:60.15755188607786%;" type="para">IX. Confidentiality</div></box><box><div coordinates="643,4080,3972,253" index="4" style="position:fixed;left:9.74094834116043%;top:80.0%;height:4.96078431372549%;width:60.17270110589305%;" type="para">X. Payment of Fees</div></box><box><div coordinates="645,4849,3972,251" index="5" style="position:fixed;left:9.77124678079079%;top:95.07843137254902%;height:4.921568627450981%;width:60.17270110589305%;" type="para">XI. Effectiveness</div></box></Blocks></page><page num="5" src="img/Bi2i_0944/Bi2i_0944-04.jpg" txt_src="img/Bi2i_0944/Bi2i_0944-04.txt"><Blocks><box><div coordinates="651,565,3824,704" index="0" style="position:fixed;left:9.862142099681867%;top:11.07843137254902%;height:13.80392156862745%;width:57.930616573246475%;" type="para">STATE STREET BANK AND TRUST COMPANY

 

NEUBERGER BERMAN FUNDS
CONFIDENTIAL FEE SCHEDULE
AS OF MARCH 1, 2015</div></box><box><div coordinates="634,1335,3973,243" index="1" style="position:fixed;left:9.604605362823815%;top:26.176470588235297%;height:4.764705882352941%;width:60.187850325708226%;" type="para">XII. Signatures</div></box><box><div coordinates="695,1765,1152,172" index="2" style="position:fixed;left:10.528707771549765%;top:34.6078431372549%;height:3.3725490196078427%;width:17.451901227086804%;" type="para">NEUBERGER BERMAN FUNDS</div></box><box><div coordinates="2522,1764,1694,175" index="3" style="position:fixed;left:38.206332373882745%;top:34.588235294117645%;height:3.431372549019608%;width:25.6627783669141%;" type="para">STATE STREET BANK AND TRUST COMPANY

df</div></box><box><div coordinates="3289,1970,197,221" index="4" style="position:fixed;left:49.825783972125436%;top:38.62745098039216%;height:4.333333333333334%;width:2.984396303590365%;" type="para" /></box><box><div coordinates="1096,1982,1112,504" index="5" style="position:fixed;left:16.603544917436754%;top:38.86274509803921%;height:9.88235294117647%;width:16.845932434479625%;" type="para" /></box><box><div coordinates="3384,2010,796,504" index="6" style="position:fixed;left:51.26495985456749%;top:39.411764705882355%;height:9.88235294117647%;width:12.058778972882896%;" type="para" /></box><box><div coordinates="696,2047,153,237" index="7" style="position:fixed;left:10.543856991364944%;top:40.13725490196079%;height:4.647058823529412%;width:2.317830631722466%;" type="para">By
Na</div></box><box><div coordinates="2528,2046,154,237" index="8" style="position:fixed;left:38.29722769277382%;top:40.11764705882353%;height:4.647058823529412%;width:2.332979851537646%;" type="para">By</div></box><box><div coordinates="2859,2063,654,284" index="9" style="position:fixed;left:43.31161945159824%;top:40.45098039215686%;height:5.568627450980392%;width:9.907589759127406%;" type="para">) 1, eng ( i /</div></box><box><div coordinates="2911,2283,148,201" index="10" style="position:fixed;left:44.099378881987576%;top:44.76470588235294%;height:3.9411764705882355%;width:2.242084532646569%;" type="para" /></box><box><div coordinates="2541,2314,121,159" index="11" style="position:fixed;left:38.49416755037115%;top:45.372549019607845%;height:3.1176470588235294%;width:1.8330555976367218%;" type="para">Tt</div></box><box><div coordinates="3139,2363,121,121" index="12" style="position:fixed;left:47.553400999848506%;top:46.33333333333333%;height:2.372549019607843%;width:1.8330555976367218%;" type="para" /></box></Blocks></page><page num="6" src="img/Bi2i_0944/Bi2i_0944-05.jpg" txt_src="img/Bi2i_0944/Bi2i_0944-05.txt"><Blocks><box><div coordinates="655,557,3823,703" index="0" style="position:fixed;left:9.922738978942585%;top:10.92156862745098%;height:13.784313725490197%;width:57.915467353431296%;" type="para">STATE STREET BANK AND TRUST COMPANY

 

NEUBERGER BERMAN FUNDS
CONFIDENTIAL FEE SCHEDULE
AS OF MARCH 1, 2015</div></box><box><div coordinates="2055,1337,1035,394" index="1" style="position:fixed;left:31.131646720193913%;top:26.215686274509803%;height:7.7254901960784315%;width:15.6794425087108%;" type="para">SCHEDULE A
List of Custody Agreements

Berman Advisers Management</div></box><box><div coordinates="1373,1698,163,123" index="2" style="position:fixed;left:20.79987880624148%;top:33.294117647058826%;height:2.411764705882353%;width:2.4693228298742613%;" type="para">vy

f Ma</div></box><box><div coordinates="685,1720,121,123" index="3" style="position:fixed;left:10.37721557339797%;top:33.72549019607843%;height:2.411764705882353%;width:1.8330555976367218%;" type="para">Ce</div></box><box><div coordinates="686,1901,121,126" index="4" style="position:fixed;left:10.392364793213149%;top:37.27450980392157%;height:2.4705882352941173%;width:1.8330555976367218%;" type="para">Ch</div></box><box><div coordinates="2372,1989,121,123" index="5" style="position:fixed;left:35.93394940160582%;top:39.0%;height:2.411764705882353%;width:1.8330555976367218%;" type="para" /></box><box><div coordinates="2994,2237,164,125" index="6" style="position:fixed;left:45.35676412664748%;top:43.86274509803921%;height:2.450980392156863%;width:2.484472049689441%;" type="para">Mu</div></box><box><div coordinates="689,2807,121,121" index="7" style="position:fixed;left:10.437812452658687%;top:55.03921568627451%;height:2.372549019607843%;width:1.8330555976367218%;" type="para">Cu</div></box><box><div coordinates="3305,2870,121,122" index="8" style="position:fixed;left:50.068171489168314%;top:56.27450980392157%;height:2.392156862745098%;width:1.8330555976367218%;" type="para">NAS

fM</div></box><box><div coordinates="2599,2891,121,123" index="9" style="position:fixed;left:39.37282229965157%;top:56.68627450980392%;height:2.411764705882353%;width:1.8330555976367218%;" type="para">t Co</div></box><box><div coordinates="3767,3156,121,123" index="10" style="position:fixed;left:57.067111043781246%;top:61.882352941176464%;height:2.411764705882353%;width:1.8330555976367218%;" type="para">t Cc</div></box><box><div coordinates="2837,3410,121,121" index="11" style="position:fixed;left:42.97833661566429%;top:66.86274509803921%;height:2.372549019607843%;width:1.8330555976367218%;" type="para">Mu</div></box><box><div coordinates="3153,3677,121,123" index="12" style="position:fixed;left:47.76549007726102%;top:72.09803921568627%;height:2.411764705882353%;width:1.8330555976367218%;" type="para" /></box><box><div coordinates="1011,4063,121,123" index="13" style="position:fixed;left:15.315861233146494%;top:79.66666666666666%;height:2.411764705882353%;width:1.8330555976367218%;" type="para">it Co</div></box></Blocks></page><page num="7" src="img/Bi2i_0944/Bi2i_0944-06.jpg" txt_src="img/Bi2i_0944/Bi2i_0944-06.txt"><Blocks><box><div coordinates="657,559,3823,705" index="0" style="position:fixed;left:9.953037418572944%;top:10.96078431372549%;height:13.823529411764707%;width:57.915467353431296%;" type="para">. STATE STREET BANK AND TRUST COMPANY

 

NEUBERGER BERMAN FUNDS
CONFIDENTIAL FEE SCHEDULE
AS OF MARCH 1, 2015</div></box><box><div coordinates="1648,1347,1810,278" index="1" style="position:fixed;left:24.965914255415846%;top:26.41176470588235%;height:5.450980392156863%;width:27.42008786547493%;" type="para">APPENDIX 1
TRANSACTION PROCESSING FEES PER TRADE</div></box><box><div coordinates="3627,1666,121,121" index="2" style="position:fixed;left:54.94622026965611%;top:32.666666666666664%;height:2.372549019607843%;width:1.8330555976367218%;" type="para">6 Cl</div></box><box><div coordinates="699,2023,122,123" index="3" style="position:fixed;left:10.589304650810483%;top:39.666666666666664%;height:2.411764705882353%;width:1.8482048174519012%;" type="para" /></box><box><div coordinates="2604,2396,164,124" index="4" style="position:fixed;left:39.44856839872747%;top:46.98039215686274%;height:2.431372549019608%;width:2.484472049689441%;" type="para">1 Mai</div></box><box><div coordinates="2367,2416,121,121" index="5" style="position:fixed;left:35.858203302529915%;top:47.372549019607845%;height:2.372549019607843%;width:1.8330555976367218%;" type="para">it Gl</div></box><box><div coordinates="846,2598,138,234" index="6" style="position:fixed;left:12.816239963641873%;top:50.94117647058823%;height:4.588235294117647%;width:2.0905923344947737%;" type="para" /></box><box><div coordinates="1438,2883,121,122" index="7" style="position:fixed;left:21.784578094228145%;top:56.529411764705884%;height:2.392156862745098%;width:1.8330555976367218%;" type="para">TC</div></box><box><div coordinates="2218,2883,121,125" index="8" style="position:fixed;left:33.60096955006817%;top:56.529411764705884%;height:2.450980392156863%;width:1.8330555976367218%;" type="para">(0)</div></box><box><div coordinates="3497,3016,165,122" index="9" style="position:fixed;left:52.97682169368277%;top:59.13725490196079%;height:2.392156862745098%;width:2.4996212695046207%;" type="para" /></box><box><div coordinates="3626,3472,161,121" index="10" style="position:fixed;left:54.93107104984093%;top:68.07843137254902%;height:2.372549019607843%;width:2.4390243902439024%;" type="para">Afi 17</div></box><box><div coordinates="689,3654,1590,290" index="11" style="position:fixed;left:10.437812452658687%;top:71.6470588235294%;height:5.686274509803922%;width:24.08725950613543%;" type="para">! Transaction Processing Fees Per Trade.

ae BER io mize ll vimerl l na rs 4.3 oo. Yee Nhu: &#8364;Vdor od am</div></box><box><div coordinates="1394,3976,121,123" index="12" style="position:fixed;left:21.11801242236025%;top:77.9607843137255%;height:2.411764705882353%;width:1.8330555976367218%;" type="para">Ci</div></box><box><div coordinates="818,4496,708,170" index="13" style="position:fixed;left:12.392061808816845%;top:88.15686274509804%;height:3.3333333333333335%;width:10.7256476291471%;" type="para">* Foreign Exchange.

Bim dl ri or a</div></box><box><div coordinates="2448,4770,122,123" index="14" style="position:fixed;left:37.08529010755946%;top:93.52941176470588%;height:2.411764705882353%;width:1.8482048174519012%;" type="para">WJ</div></box><box><div coordinates="3216,5036,163,124" index="15" style="position:fixed;left:48.719890925617335%;top:98.74509803921569%;height:2.431372549019608%;width:2.4693228298742613%;" type="para">v &#8220;Biv

1 Ma</div></box><box><div coordinates="2436,5222,162,122" index="16" style="position:fixed;left:36.90349946977731%;top:102.3921568627451%;height:2.392156862745098%;width:2.454173610059082%;" type="para">&#8220;+A WAALS

| Mai</div></box><box><div coordinates="2189,5239,121,123" index="17" style="position:fixed;left:33.161642175427964%;top:102.72549019607844%;height:2.411764705882353%;width:1.8330555976367218%;" type="para">t GI</div></box><box><div coordinates="3946,5400,162,122" index="18" style="position:fixed;left:59.778821390698376%;top:105.88235294117648%;height:2.392156862745098%;width:2.454173610059082%;" type="para">| Mai</div></box></Blocks></page><page num="8" src="img/Bi2i_0944/Bi2i_0944-07.jpg" txt_src="img/Bi2i_0944/Bi2i_0944-07.txt"><Blocks><box><div coordinates="660,558,3821,791" index="0" style="position:fixed;left:9.998485078018483%;top:10.941176470588236%;height:15.509803921568627%;width:57.885168913800946%;" type="para">STATE STREET BANK AND TRUST COMPANY

 

NEUBERGER BERMAN FUNDS

FN Am verwos ww rr Flew ws Awww wre ww

APPENDS 2
FOREIGN CUSTODY - COUNTRY BASED FEES</div></box><box><div coordinates="1024,1362,121,121" index="1" style="position:fixed;left:15.512801090743828%;top:26.705882352941174%;height:2.372549019607843%;width:1.8330555976367218%;" type="para" /></box><box><div coordinates="2573,1632,121,122" index="2" style="position:fixed;left:38.9789425844569%;top:32.0%;height:2.392156862745098%;width:1.8330555976367218%;" type="para">e Ci</div></box><box><div coordinates="648,1858,3868,3204" index="3" style="position:fixed;left:9.816694440236327%;top:36.431372549019606%;height:62.82352941176471%;width:58.597182245114375%;" type="para">MARKET ASSET TRANSACTION MARKET ASSET TRANSACTION
CHARGE CHARGE CHARGE CHARGE
Basis Points Basis Points

Argentina Mali
Australia : Malta
Austria Mauritius
Bahrain Mexico
Bangladesh Morocco
Belgium : Namibia
Benin ; Netherlands
Bermuda : New Zealand
Botswana Niger

Brazil ; Nigeria
Bulgaria Norway
Burkina Fasco : Oman
Canada | : Pakistan
Cayman Island ; Palestine
Cedel\Clearstream : Panama
Chile Peru

China ; Philippines
Colombia ; Poland
Costa Rica Portugal
Croatia Puerto Rico
Cyprus ; Qatar

Czech Republic , Romania
Denmark Russia
Dubai Saudi Arabia
Ecuador Senegal
Egypt Serbia
Estonia Singapore
Euroclear ; Slovak Republic
Finland : Slovenia
France : South Africa
German South Korea</div></box><box><div coordinates="2626,2173,163,482" index="4" style="position:fixed;left:39.78185123466142%;top:42.6078431372549%;height:9.450980392156863%;width:2.4693228298742613%;" type="para" /></box><box><div coordinates="2862,4914,121,121" index="5" style="position:fixed;left:43.357067111043776%;top:96.35294117647058%;height:2.372549019607843%;width:1.8330555976367218%;" type="para" /></box></Blocks></page><page num="9" src="img/Bi2i_0944/Bi2i_0944-08.jpg" txt_src="img/Bi2i_0944/Bi2i_0944-08.txt"><Blocks><box><div coordinates="655,559,3822,705" index="0" style="position:fixed;left:9.922738978942585%;top:10.96078431372549%;height:13.823529411764707%;width:57.90031813361611%;" type="para">~ STATE STREET BANK AND TRUST COMPANY

NEUBERGER BERMAN FUNDS
CONFIDENTIAL FEE SCHEDULE
AS OF MARCH 1, 2015</div></box><box><div coordinates="1670,1347,1802,283" index="1" style="position:fixed;left:25.299197091349797%;top:26.41176470588235%;height:5.549019607843137%;width:27.29889410695349%;" type="para">APPENDIX 2 (CONTINUED)
FOREIGN CUSTODY - COUNTRY BASED FEES</div></box><box><div coordinates="643,1804,3869,2578" index="2" style="position:fixed;left:9.74094834116043%;top:35.37254901960784%;height:50.549019607843135%;width:58.612331464929554%;" type="para">MARKET ASSET TRANSACTION MARKET ASSET TRANSACTION
CHARGE CHARGE CHARGE CHARGE
Basis Points Basis Points
3.0

Ghana : Spain
Greece Sri Lanka
Guinea-Bissau : Swaziland
Hong Kong ; Sweden
Hungary Switzerland
Iceland Taiwan

India Thailand

Indonesia ; Togo
Trinidad &amp;

Ireland ; Tobago

Israel | | : Tunisia
Italy ; Turkey
Ivory Coast : Uganda
Jamaica : Ukraine
United Arab
Japan-Mizuho Emirates
Jordan : United Kingdom
Kazakhstan Uruguay
Kenya : Venezuela
Kuwait
Latvia Vietnam
Lebanon Zambia
Lithuania Zimbabwe
Malaysia</div></box></Blocks></page><page num="10" src="img/Bi2i_0944/Bi2i_0944-09.jpg" txt_src="img/Bi2i_0944/Bi2i_0944-09.txt"><Blocks><box><div coordinates="653,560,3822,703" index="0" style="position:fixed;left:9.892440539312226%;top:10.980392156862745%;height:13.784313725490197%;width:57.90031813361611%;" type="para">STATE STREET BANK AND TRUST COMPANY

NEUBERGER BERMAN FUNDS
CONFIDENTIAL FEE SCHEDULE
AS OF MARCH 1, 2015</div></box><box><div coordinates="2279,1345,572,196" index="1" style="position:fixed;left:34.52507195879412%;top:26.372549019607845%;height:3.8431372549019605%;width:8.665353734282684%;" type="para">Appendix 3</div></box><box><div coordinates="1899,1562,1338,175" index="2" style="position:fixed;left:28.768368429025905%;top:30.627450980392158%;height:3.431372549019608%;width:20.269656112710198%;" type="para">BILATERAL PROCESSING RATES</div></box><box><div coordinates="1445,1735,239,403" index="3" style="position:fixed;left:21.890622632934402%;top:34.01960784313726%;height:7.901960784313726%;width:3.6206635358279047%;" type="para" /></box><box><div coordinates="740,1772,121,121" index="4" style="position:fixed;left:11.210422663232844%;top:34.74509803921569%;height:2.372549019607843%;width:1.8330555976367218%;" type="para">ig
a
v</div></box><box><div coordinates="903,1771,138,121" index="5" style="position:fixed;left:13.679745493107104%;top:34.72549019607843%;height:2.372549019607843%;width:2.0905923344947737%;" type="para">Ld]</div></box><box><div coordinates="1221,1770,126,121" index="6" style="position:fixed;left:18.49719739433419%;top:34.705882352941174%;height:2.372549019607843%;width:1.9088016967126193%;" type="para" /></box><box><div coordinates="1483,1771,3354,1396" index="7" style="position:fixed;left:22.466292985911227%;top:34.72549019607843%;height:27.372549019607845%;width:50.81048326011211%;" type="para">Frequency of
Driver Services Included Charge Rate

&#187; Number of transactions &#187; Trade processing (new &#187; Charge per event
(low complexity trades, novations and per position per
instruments) terminations), and Fund
&#187; Number of transactions &#187; Payment Services (settlement
(high complexity of upfront and periodic
instruments) payments)
&#187; Number of positions (low | &#187; Pricing, and
complexity instruments) &#187; Corporate action and event

monitoring
&#187; Number of positions (high
complexity instruments)

     
   
 
   
    
  
 

   
   

     
    

    
  

   
  

      
   

  
 
  
 

&#187; Monthly charge per
position per Fund</div></box><box><div coordinates="2094,1772,132,121" index="8" style="position:fixed;left:31.722466292985914%;top:34.74509803921569%;height:2.372549019607843%;width:1.9996970156036964%;" type="para" /></box><box><div coordinates="689,1901,404,179" index="9" style="position:fixed;left:10.437812452658687%;top:37.27450980392157%;height:3.5098039215686274%;width:6.120284805332525%;" type="para">Category
ranaa tint</div></box><box><div coordinates="1278,1958,122,121" index="10" style="position:fixed;left:19.360702923799426%;top:38.3921568627451%;height:2.372549019607843%;width:1.8482048174519012%;" type="para">Te</div></box><box><div coordinates="1724,2414,122,121" index="11" style="position:fixed;left:26.11725496136949%;top:47.333333333333336%;height:2.372549019607843%;width:1.8482048174519012%;" type="para">gh

&#8220;ot</div></box><box><div coordinates="1948,2414,124,122" index="12" style="position:fixed;left:29.510680199969702%;top:47.333333333333336%;height:2.392156862745098%;width:1.8785032570822602%;" type="para" /></box><box><div coordinates="1198,2516,122,121" index="13" style="position:fixed;left:18.14876533858506%;top:49.333333333333336%;height:2.372549019607843%;width:1.8482048174519012%;" type="para">1121</div></box><box><div coordinates="2962,2515,159,121" index="14" style="position:fixed;left:44.87198909256173%;top:49.31372549019608%;height:2.372549019607843%;width:2.4087259506135434%;" type="para">LS)
and</div></box><box><div coordinates="3400,2514,580,286" index="15" style="position:fixed;left:51.50734737161036%;top:49.29411764705882%;height:5.607843137254902%;width:8.786547492804122%;" type="para">&#187; Mont
event positi</div></box><box><div coordinates="4018,2514,126,121" index="16" style="position:fixed;left:60.86956521739131%;top:49.29411764705882%;height:2.372549019607843%;width:1.9088016967126193%;" type="para">Ivy 1}</div></box><box><div coordinates="4240,2512,598,652" index="17" style="position:fixed;left:64.23269201636116%;top:49.254901960784316%;height:12.784313725490195%;width:9.059233449477352%;" type="para" /></box><box><div coordinates="695,2550,121,121" index="18" style="position:fixed;left:10.528707771549765%;top:50.0%;height:2.372549019607843%;width:1.8330555976367218%;" type="para" /></box><box><div coordinates="1763,2693,125,122" index="19" style="position:fixed;left:26.70807453416149%;top:52.80392156862745%;height:2.392156862745098%;width:1.8936524768974399%;" type="para" /></box><box><div coordinates="3598,3005,122,159" index="20" style="position:fixed;left:54.5068928950159%;top:58.92156862745098%;height:3.1176470588235294%;width:1.8482048174519012%;" type="para" /></box><box><div coordinates="1763,3023,232,144" index="21" style="position:fixed;left:26.70807453416149%;top:59.274509803921575%;height:2.823529411764706%;width:3.5146189971216484%;" type="para">mplexit</div></box><box><div coordinates="1484,3043,121,123" index="22" style="position:fixed;left:22.481442205726403%;top:59.66666666666667%;height:2.411764705882353%;width:1.8330555976367218%;" type="para" /></box><box><div coordinates="2140,3047,151,121" index="23" style="position:fixed;left:32.41933040448417%;top:59.745098039215684%;height:2.372549019607843%;width:2.2875321920921072%;" type="para">Ll Uli</div></box><box><div coordinates="2896,3045,127,121" index="24" style="position:fixed;left:43.87214058475988%;top:59.705882352941174%;height:2.372549019607843%;width:1.9239509165277988%;" type="para" /></box><box><div coordinates="3232,3044,121,121" index="25" style="position:fixed;left:48.9622784426602%;top:59.686274509803916%;height:2.372549019607843%;width:1.8330555976367218%;" type="para" /></box><box><div coordinates="3365,3044,130,121" index="26" style="position:fixed;left:50.97712467807908%;top:59.686274509803916%;height:2.372549019607843%;width:1.9693985759733375%;" type="para" /></box><box><div coordinates="4010,3044,126,121" index="27" style="position:fixed;left:60.74837145886987%;top:59.686274509803916%;height:2.372549019607843%;width:1.9088016967126193%;" type="para" /></box><box><div coordinates="683,3229,4140,2155" index="28" style="position:fixed;left:10.346917133767612%;top:63.313725490196084%;height:42.254901960784316%;width:62.7177700348432%;" type="para">alue Aaded Services:

eee eee eee eee.

V

ransaction Management &#187; Manual trade capture pr Chargs glor position caprired ar $20
amended |

&#187; Notification

&#187; Independent valuation
&#187; Multiple source validation
&#187; Valuation reconciliation

    

   
     

    
  
  

     

aluation

    
 
  

  

&#187; Document collection
Scan and store documents
Provide document access

 
   
 
 
 
  

5
&gt;

 
 
  

&#187; Annual fee per agreement
&#187; Annual fee on COM
&#187; Per transaction

&gt; Annual charge per fund $1.5K-&#167;19K
&#187; Performance &amp; Analytics &#187; TBD

&#187; Compliance &#187; Annual charge per fund $1K-$3K

  
      
     
 

&#187; CSA term tracking
&#187; Collateral call execution

     

Additional Services</div></box><box><div coordinates="682,3235,567,328" index="29" style="position:fixed;left:10.331767913952431%;top:63.431372549019606%;height:6.431372549019608%;width:8.589607635206786%;" type="para">valu AAdcd SC</div></box><box><div coordinates="1987,3234,526,252" index="30" style="position:fixed;left:30.101499772761702%;top:63.411764705882355%;height:4.941176470588235%;width:7.968489622784427%;" type="para">Components</div></box><box><div coordinates="3054,3231,831,252" index="31" style="position:fixed;left:46.26571731555825%;top:63.35294117647059%;height:4.941176470588235%;width:12.589001666414179%;" type="para">Frequency of Charge

&#8220;rae er fAacifinnh canfiired</div></box><box><div coordinates="1489,3364,127,121" index="32" style="position:fixed;left:22.557188304802303%;top:65.9607843137255%;height:2.372549019607843%;width:1.9239509165277988%;" type="para" /></box><box><div coordinates="4307,3548,271,121" index="33" style="position:fixed;left:65.24768974397819%;top:69.56862745098039%;height:2.372549019607843%;width:4.10543856991365%;" type="para" /></box><box><div coordinates="4605,3546,216,122" index="34" style="position:fixed;left:69.76215724890167%;top:69.52941176470588%;height:2.392156862745098%;width:3.272231480078776%;" type="para" /></box><box><div coordinates="718,3555,160,121" index="35" style="position:fixed;left:10.877139827298894%;top:69.70588235294117%;height:2.372549019607843%;width:2.423875170428723%;" type="para" /></box><box><div coordinates="2525,3552,209,121" index="36" style="position:fixed;left:38.25178003332828%;top:69.6470588235294%;height:2.372549019607843%;width:3.1661869413725197%;" type="para" /></box><box><div coordinates="3083,3550,124,121" index="37" style="position:fixed;left:46.705044690198456%;top:69.6078431372549%;height:2.372549019607843%;width:1.8785032570822602%;" type="para">nac:

re</div></box><box><div coordinates="1405,4511,197,121" index="38" style="position:fixed;left:21.284653840327223%;top:88.45098039215686%;height:2.372549019607843%;width:2.984396303590365%;" type="para" /></box><box><div coordinates="702,4917,133,121" index="39" style="position:fixed;left:10.634752310256022%;top:96.41176470588235%;height:2.372549019607843%;width:2.014846235418876%;" type="para" /></box><box><div coordinates="876,4916,349,121" index="40" style="position:fixed;left:13.27071655809726%;top:96.3921568627451%;height:2.372549019607843%;width:5.287077715497652%;" type="para" /></box><box><div coordinates="1912,4916,256,121" index="41" style="position:fixed;left:28.965308286623237%;top:96.3921568627451%;height:2.372549019607843%;width:3.878200272685957%;" type="para">=]. PP. Pa.</div></box><box><div coordinates="2450,5041,166,218" index="42" style="position:fixed;left:37.11558854718982%;top:98.84313725490196%;height:4.2745098039215685%;width:2.5147704893198%;" type="para">lytics</div></box><box><div coordinates="2222,5104,122,122" index="43" style="position:fixed;left:33.661566429328886%;top:100.07843137254902%;height:2.392156862745098%;width:1.8482048174519012%;" type="para">|&amp;</div></box><box><div coordinates="1232,5262,243,121" index="44" style="position:fixed;left:18.66383881230117%;top:103.17647058823529%;height:2.372549019607843%;width:3.6812604150886226%;" type="para" /></box><box><div coordinates="1483,5262,121,121" index="45" style="position:fixed;left:22.466292985911227%;top:103.17647058823529%;height:2.372549019607843%;width:1.8330555976367218%;" type="para" /></box></Blocks></page><page num="11" src="img/Bi2i_0944/Bi2i_0944-10.jpg" txt_src="img/Bi2i_0944/Bi2i_0944-10.txt"><Blocks><box><div coordinates="652,564,3823,703" index="0" style="position:fixed;left:9.877291319497045%;top:11.058823529411764%;height:13.784313725490197%;width:57.915467353431296%;" type="para">STATE STREET BANK AND TRUST COMPANY

 

NEUBERGER BERMAN FUNDS
CONFIDENTIAL FEE SCHEDULE
AS OF MARCH 1, 2015</div></box><box><div coordinates="2291,1350,547,186" index="1" style="position:fixed;left:34.70686259657628%;top:26.47058823529412%;height:3.6470588235294117%;width:8.286623238903196%;" type="para">APPENDIX 4</div></box><box><div coordinates="1357,1543,2403,172" index="2" style="position:fixed;left:20.557491289198605%;top:30.254901960784313%;height:3.3725490196078427%;width:36.40357521587638%;" type="para">CATEGORIZATION EXAMPLES OF HIGH AND LOW COMPLEXITY</div></box><box><div coordinates="688,1822,675,182" index="3" style="position:fixed;left:10.422663232843508%;top:35.72549019607843%;height:3.568627450980392%;width:10.225723375246174%;" type="para">Low Complexity:</div></box><box><div coordinates="2569,1822,694,182" index="4" style="position:fixed;left:38.91834570519618%;top:35.72549019607843%;height:3.568627450980392%;width:10.513558551734585%;" type="para">High Complexity:</div></box><box><div coordinates="3430,2008,121,121" index="5" style="position:fixed;left:51.961823966065744%;top:39.372549019607845%;height:2.372549019607843%;width:1.8330555976367218%;" type="para">[RS</div></box><box><div coordinates="699,2026,134,127" index="6" style="position:fixed;left:10.589304650810483%;top:39.72549019607843%;height:2.4901960784313726%;width:2.0299954552340553%;" type="para" /></box><box><div coordinates="2579,2025,133,129" index="7" style="position:fixed;left:39.069837903347974%;top:39.705882352941174%;height:2.5294117647058822%;width:2.014846235418876%;" type="para" /></box><box><div coordinates="1110,2102,136,678" index="8" style="position:fixed;left:16.815633994849264%;top:41.21568627450981%;height:13.294117647058822%;width:2.0602938948644143%;" type="para">a Nr:</div></box><box><div coordinates="2992,2191,139,1036" index="9" style="position:fixed;left:45.32646568701712%;top:42.96078431372549%;height:20.313725490196077%;width:2.105741554309953%;" type="para" /></box><box><div coordinates="1414,2383,121,122" index="10" style="position:fixed;left:21.42099681866384%;top:46.72549019607843%;height:2.392156862745098%;width:1.8330555976367218%;" type="para">0 Cs</div></box><box><div coordinates="3587,2381,121,123" index="11" style="position:fixed;left:54.34025147704893%;top:46.68627450980392%;height:2.411764705882353%;width:1.8330555976367218%;" type="para">0 Cu</div></box><box><div coordinates="3131,2469,121,124" index="12" style="position:fixed;left:47.43220724132707%;top:48.411764705882355%;height:2.431372549019608%;width:1.8330555976367218%;" type="para">Ci</div></box><box><div coordinates="3329,2469,121,124" index="13" style="position:fixed;left:50.43175276473262%;top:48.411764705882355%;height:2.431372549019608%;width:1.8330555976367218%;" type="para" /></box><box><div coordinates="1345,2653,121,122" index="14" style="position:fixed;left:20.37570065141645%;top:52.01960784313725%;height:2.392156862745098%;width:1.8330555976367218%;" type="para">R O)</div></box><box><div coordinates="3132,2812,290,142" index="15" style="position:fixed;left:47.447356461142256%;top:55.13725490196079%;height:2.784313725490196%;width:4.393273746402061%;" type="para">ATA AGLLIVA

CMM 1</div></box><box><div coordinates="3138,3258,133,143" index="16" style="position:fixed;left:47.53825178003333%;top:63.88235294117647%;height:2.803921568627451%;width:2.014846235418876%;" type="para">FX,</div></box><box><div coordinates="3358,3279,121,124" index="17" style="position:fixed;left:50.87108013937283%;top:64.29411764705883%;height:2.431372549019608%;width:1.8330555976367218%;" type="para">d Ci</div></box><box><div coordinates="4075,3277,121,126" index="18" style="position:fixed;left:61.733070746856534%;top:64.25490196078431%;height:2.4705882352941173%;width:1.8330555976367218%;" type="para">(C]</div></box><box><div coordinates="1547,3285,121,121" index="19" style="position:fixed;left:23.435843054082714%;top:64.41176470588236%;height:2.372549019607843%;width:1.8330555976367218%;" type="para">(Cl</div></box><box><div coordinates="2583,3282,247,132" index="20" style="position:fixed;left:39.130434782608695%;top:64.3529411764706%;height:2.588235294117647%;width:3.7418572943493413%;" type="para">A</div></box><box><div coordinates="702,3290,132,127" index="21" style="position:fixed;left:10.634752310256022%;top:64.50980392156863%;height:2.4901960784313726%;width:1.9996970156036964%;" type="para" /></box><box><div coordinates="1114,3454,135,224" index="22" style="position:fixed;left:16.876230874109982%;top:67.72549019607843%;height:4.392156862745098%;width:2.0451446750492352%;" type="para" /></box><box><div coordinates="2996,3450,137,586" index="23" style="position:fixed;left:45.387062566277834%;top:67.64705882352942%;height:11.490196078431373%;width:2.075443114679594%;" type="para" /></box><box><div coordinates="3135,3711,220,322" index="24" style="position:fixed;left:47.49280412058779%;top:72.76470588235294%;height:6.313725490196079%;width:3.332828359339494%;" type="para">CMB
LCD!
CDO</div></box><box><div coordinates="2585,4005,247,401" index="25" style="position:fixed;left:39.16073322223905%;top:78.52941176470588%;height:7.862745098039216%;width:3.7418572943493413%;" type="para">YVVV</div></box></Blocks></page><page num="12" src="img/Bi2i_0944/Bi2i_0944-11.jpg" txt_src="img/Bi2i_0944/Bi2i_0944-11.txt"><Blocks><box><div coordinates="654,563,3822,704" index="0" style="position:fixed;left:9.907589759127406%;top:11.03921568627451%;height:13.80392156862745%;width:57.90031813361611%;" type="para">STATE STREET BANK AND TRUST COMPANY

 

NEUBERGER BERMAN FUNDS
CONFIDENTIAL FEE SCHEDULE
AS OF MARCH 1, 2015</div></box><box><div coordinates="2317,1434,493,181" index="1" style="position:fixed;left:35.100742311770944%;top:28.11764705882353%;height:3.5490196078431375%;width:7.468565368883502%;" type="para">APPENDIX 5</div></box><box><div coordinates="1928,1623,1225,156" index="2" style="position:fixed;left:29.207695803666113%;top:31.823529411764707%;height:3.058823529411765%;width:18.55779427359491%;" type="para">CENTRALLY CLEARED DERIVATIVES</div></box><box><div coordinates="1822,1893,121,121" index="3" style="position:fixed;left:27.601878503257083%;top:37.11764705882353%;height:2.372549019607843%;width:1.8330555976367218%;" type="para">ANI</div></box><box><div coordinates="2103,1932,760,394" index="4" style="position:fixed;left:31.858809271322524%;top:37.88235294117647%;height:7.7254901960784315%;width:11.513407059536434%;" type="para">D CLEARED DERIVA&#8217;
Services Included

&#187; Transaction</div></box><box><div coordinates="3076,1984,536,261" index="5" style="position:fixed;left:46.5990001514922%;top:38.90196078431373%;height:5.11764705882353%;width:8.119981820936221%;" type="para">NN Ad AN VT ANS AAW

Frequency of
Charge</div></box><box><div coordinates="3799,2029,613,164" index="6" style="position:fixed;left:57.55188607786699%;top:39.78431372549019%;height:3.215686274509804%;width:9.286471746705045%;" type="para">Standard Rates</div></box><box><div coordinates="1553,2033,308,164" index="7" style="position:fixed;left:23.526738372973792%;top:39.86274509803921%;height:3.215686274509804%;width:4.665959703075292%;" type="para">Driver</div></box><box><div coordinates="810,2046,395,152" index="8" style="position:fixed;left:12.270868050295409%;top:40.11764705882353%;height:2.980392156862745%;width:5.98394182699591%;" type="para">Category</div></box><box><div coordinates="2978,2227,132,143" index="9" style="position:fixed;left:45.114376609604605%;top:43.666666666666664%;height:2.803921568627451%;width:1.9996970156036964%;" type="para" /></box><box><div coordinates="1354,2231,130,139" index="10" style="position:fixed;left:20.51204362975307%;top:43.745098039215684%;height:2.7254901960784315%;width:1.9693985759733375%;" type="para" /></box><box><div coordinates="2105,2551,130,140" index="11" style="position:fixed;left:31.889107710952885%;top:50.01960784313726%;height:2.7450980392156863%;width:1.9693985759733375%;" type="para" /></box><box><div coordinates="1355,2597,130,139" index="12" style="position:fixed;left:20.527192849568245%;top:50.921568627450974%;height:2.7254901960784315%;width:1.9693985759733375%;" type="para" /></box><box><div coordinates="2980,2592,201,142" index="13" style="position:fixed;left:45.14467504923497%;top:50.8235294117647%;height:2.784313725490196%;width:3.0449931828510834%;" type="para">&gt;

Cl</div></box><box><div coordinates="1357,2918,130,139" index="14" style="position:fixed;left:20.557491289198605%;top:57.2156862745098%;height:2.7254901960784315%;width:1.9693985759733375%;" type="para" /></box><box><div coordinates="2106,2917,131,139" index="15" style="position:fixed;left:31.904256930768067%;top:57.196078431372555%;height:2.7254901960784315%;width:1.9845477957885167%;" type="para" /></box><box><div coordinates="2977,2958,130,140" index="16" style="position:fixed;left:45.09922738978943%;top:57.99999999999999%;height:2.7450980392156863%;width:1.9693985759733375%;" type="para" /></box><box><div coordinates="2175,3058,126,123" index="17" style="position:fixed;left:32.94955309801546%;top:59.96078431372549%;height:2.411764705882353%;width:1.9088016967126193%;" type="para" /></box><box><div coordinates="1426,3060,121,121" index="18" style="position:fixed;left:21.602787456445995%;top:60.0%;height:2.372549019607843%;width:1.8330555976367218%;" type="para" /></box><box><div coordinates="2978,3124,238,152" index="19" style="position:fixed;left:45.114376609604605%;top:61.254901960784316%;height:2.980392156862745%;width:3.6055143160127257%;" type="para">&#187; Mo</div></box><box><div coordinates="2108,3185,130,140" index="20" style="position:fixed;left:31.934555370398428%;top:62.450980392156865%;height:2.7450980392156863%;width:1.9693985759733375%;" type="para" /></box><box><div coordinates="2109,3365,130,139" index="21" style="position:fixed;left:31.949704590213607%;top:65.98039215686275%;height:2.7254901960784315%;width:1.9693985759733375%;" type="para" /></box><box><div coordinates="1359,3409,130,139" index="22" style="position:fixed;left:20.587789728828966%;top:66.84313725490196%;height:2.7254901960784315%;width:1.9693985759733375%;" type="para" /></box><box><div coordinates="2979,3406,130,137" index="23" style="position:fixed;left:45.129525829419784%;top:66.7843137254902%;height:2.686274509803922%;width:1.9693985759733375%;" type="para" /></box><box><div coordinates="2110,3622,237,242" index="24" style="position:fixed;left:31.96485381002878%;top:71.01960784313725%;height:4.745098039215686%;width:3.590365096197546%;" type="para">Mei
&#187; Rec</div></box><box><div coordinates="2623,3620,163,122" index="25" style="position:fixed;left:39.73640357521588%;top:70.98039215686275%;height:2.392156862745098%;width:2.4693228298742613%;" type="para">CM)</div></box><box><div coordinates="2428,3800,220,142" index="26" style="position:fixed;left:36.78230571125587%;top:74.50980392156863%;height:2.784313725490196%;width:3.332828359339494%;" type="para">NALIN

FCM</div></box><box><div coordinates="2982,4070,638,336" index="27" style="position:fixed;left:45.17497348886532%;top:79.80392156862746%;height:6.588235294117648%;width:9.665202242084533%;" type="para">NS

Frequency of

Charge
&#187; Monthly charge</div></box><box><div coordinates="3882,4113,434,165" index="28" style="position:fixed;left:58.80927132252689%;top:80.64705882352942%;height:3.2352941176470593%;width:6.574761399787911%;" type="para">Add&#8217;l Rates</div></box><box><div coordinates="1560,4120,308,164" index="29" style="position:fixed;left:23.632782911680046%;top:80.7843137254902%;height:3.215686274509804%;width:4.665959703075292%;" type="para">Driver</div></box><box><div coordinates="818,4134,454,248" index="30" style="position:fixed;left:12.392061808816845%;top:81.05882352941177%;height:4.862745098039216%;width:6.877745796091501%;" type="para">Category
iditional FCM</div></box><box><div coordinates="2266,4131,632,269" index="31" style="position:fixed;left:34.32813210119679%;top:81.0%;height:5.2745098039215685%;width:9.574306923193456%;" type="para">Components

er additional FCM</div></box><box><div coordinates="2111,4270,130,139" index="32" style="position:fixed;left:31.980003029843964%;top:83.72549019607844%;height:2.7254901960784315%;width:1.9693985759733375%;" type="para" /></box><box><div coordinates="1892,4306,121,121" index="33" style="position:fixed;left:28.662323890319648%;top:84.43137254901961%;height:2.372549019607843%;width:1.8330555976367218%;" type="para">CM</div></box><box><div coordinates="1361,4317,129,139" index="34" style="position:fixed;left:20.618088168459327%;top:84.6470588235294%;height:2.7254901960784315%;width:1.9542493561581578%;" type="para" /></box><box><div coordinates="3758,4311,130,140" index="35" style="position:fixed;left:56.930768065444624%;top:84.52941176470588%;height:2.7450980392156863%;width:1.9693985759733375%;" type="para" /></box><box><div coordinates="2982,4436,239,153" index="36" style="position:fixed;left:45.17497348886532%;top:86.98039215686273%;height:3.0%;width:3.6206635358279047%;" type="para">&#187; Mo</div></box><box><div coordinates="2112,4498,130,140" index="37" style="position:fixed;left:31.995152249659142%;top:88.19607843137256%;height:2.7450980392156863%;width:1.9693985759733375%;" type="para" /></box><box><div coordinates="3758,4536,132,142" index="38" style="position:fixed;left:56.930768065444624%;top:88.94117647058823%;height:2.784313725490196%;width:1.9996970156036964%;" type="para" /></box><box><div coordinates="1361,4541,131,142" index="39" style="position:fixed;left:20.618088168459327%;top:89.0392156862745%;height:2.784313725490196%;width:1.9845477957885167%;" type="para" /></box><box><div coordinates="3115,4680,121,121" index="40" style="position:fixed;left:47.1898197242842%;top:91.76470588235294%;height:2.372549019607843%;width:1.8330555976367218%;" type="para" /></box><box><div coordinates="3759,4719,133,504" index="41" style="position:fixed;left:56.9459172852598%;top:92.52941176470588%;height:9.88235294117647%;width:2.014846235418876%;" type="para" /></box><box><div coordinates="2112,4770,131,142" index="42" style="position:fixed;left:31.995152249659142%;top:93.52941176470588%;height:2.784313725490196%;width:1.9845477957885167%;" type="para" /></box><box><div coordinates="1362,4860,131,141" index="43" style="position:fixed;left:20.6332373882745%;top:95.29411764705881%;height:2.764705882352941%;width:1.9845477957885167%;" type="para" /></box><box><div coordinates="2984,4903,130,140" index="44" style="position:fixed;left:45.205271928495684%;top:96.13725490196079%;height:2.7450980392156863%;width:1.9693985759733375%;" type="para" /></box></Blocks></page></doc>