<doc doi="Bi2i_0925" name="/prcanalyt/test-pra1/inventory_module/InputProcessing/745/5D4/7455D4015EC32B13BDFDAC44A3A3EAFCA6B7E814.pdf"><page num="1" src="img/Bi2i_0925/Bi2i_0925-00.jpg" txt_src="img/Bi2i_0925/Bi2i_0925-00.txt"><Blocks><box><div coordinates="500,417,3883,778" index="0" style="position:fixed;left:7.5746099075897595%;top:8.176470588235295%;height:15.254901960784315%;width:58.82442054234207%;" type="para">STATE STREET BANK AND TRUST COMPANY

 

CENTERSTONE FUNDS
CONFIDENTIAL FEE SCHEDULE
AS OF APRIL 6, 2016</div></box><box><div coordinates="750,1243,3391,324" index="1" style="position:fixed;left:11.361914861384639%;top:24.372549019607842%;height:6.352941176470588%;width:51.37100439327374%;" type="para">This fee schedule is indicative only. All services and fees are subject to the
negotiation and execution of definitive agreements and a final fee schedule.</div></box><box><div coordinates="464,1617,3947,912" index="2" style="position:fixed;left:7.029237994243297%;top:31.705882352941178%;height:17.88235294117647%;width:59.79397061051356%;" type="para">CUSTODY SERVICES

This fee schedule is for services (the &#8220;Services&#8482;) provided by State Street Bank and Trust Company or its affiliates
(&#8220;State Street&#8221;) to the Funds (as defined below) pursuant to that certain (a) Custodian Agreement dated as of [insert

date] by and between State Street and the Funds (the &#8220;Custody Agreement&#8221;); as may be amended, supplemented,
| restated or otherwise modified from time to time). This fee schedule shall apply to all funds, portfolios or accounts
that may be party or subject to the Agreements from time to time (each a &#8220;Fund&#8221; and collectively, the &#8220;Funds&#8482;).</div></box><box><div coordinates="472,2597,4003,256" index="3" style="position:fixed;left:7.1504317527647325%;top:50.921568627450974%;height:5.019607843137255%;width:60.64232692016361%;" type="para" /></box><box><div coordinates="526,2861,122,122" index="4" style="position:fixed;left:7.968489622784427%;top:56.09803921568628%;height:2.392156862745098%;width:1.8482048174519012%;" type="para">Fc</div></box><box><div coordinates="2429,2861,121,122" index="5" style="position:fixed;left:36.79745493107105%;top:56.09803921568628%;height:2.392156862745098%;width:1.8330555976367218%;" type="para">ody</div></box><box><div coordinates="2786,2935,150,164" index="6" style="position:fixed;left:42.20572640509014%;top:57.549019607843135%;height:3.215686274509804%;width:2.2723829722769278%;" type="para">Ld Ser LA Ren

&gt; Ba:</div></box><box><div coordinates="2984,2933,236,256" index="7" style="position:fixed;left:45.205271928495684%;top:57.509803921568626%;height:5.019607843137255%;width:3.5752158763823663%;" type="para">5 Point
ind Mir
1</div></box><box><div coordinates="3563,2931,122,124" index="8" style="position:fixed;left:53.97667020148462%;top:57.470588235294116%;height:2.431372549019608%;width:1.8482048174519012%;" type="para">WAL

-</div></box><box><div coordinates="4231,3047,122,122" index="9" style="position:fixed;left:64.09634903802454%;top:59.745098039215684%;height:2.392156862745098%;width:1.8482048174519012%;" type="para" /></box><box><div coordinates="2295,3057,122,122" index="10" style="position:fixed;left:34.76745947583699%;top:59.94117647058823%;height:2.392156862745098%;width:1.8482048174519012%;" type="para">(i) t</div></box><box><div coordinates="646,3127,122,166" index="11" style="position:fixed;left:9.78639600060597%;top:61.31372549019608%;height:3.2549019607843137%;width:1.8482048174519012%;" type="para">iL A%A

&gt; Fy
+ *</div></box><box><div coordinates="2427,3231,121,145" index="12" style="position:fixed;left:36.76715649144069%;top:63.35294117647059%;height:2.843137254901961%;width:1.8330555976367218%;" type="para">anr</div></box><box><div coordinates="1469,3306,122,166" index="13" style="position:fixed;left:22.254203908498713%;top:64.8235294117647%;height:3.2549019607843137%;width:1.8482048174519012%;" type="para">411i h 1X

s Pc
41</div></box><box><div coordinates="950,3346,122,122" index="14" style="position:fixed;left:14.391758824420542%;top:65.6078431372549%;height:2.392156862745098%;width:1.8482048174519012%;" type="para" /></box><box><div coordinates="524,3668,3823,274" index="15" style="position:fixed;left:7.938191183154067%;top:71.92156862745098%;height:5.372549019607844%;width:57.915467353431296%;" type="para">* See Appendix 1&amp; 2 for information on transaction processing fees including important information on
foreign currency exchange transactions.</div></box><box><div coordinates="524,3950,1257,170" index="16" style="position:fixed;left:7.938191183154067%;top:77.45098039215686%;height:3.3333333333333335%;width:19.042569307680655%;" type="para">Domestic Custody Basis Point Fees</div></box><box><div coordinates="532,4138,986,258" index="17" style="position:fixed;left:8.059384941675503%;top:81.13725490196079%;height:5.0588235294117645%;width:14.937130737767005%;" type="para">Domestic Custody Services
Net Assets Per Fund

m&#8482; 43; TT /~&#8482; 1</div></box><box><div coordinates="3567,4216,122,122" index="18" style="position:fixed;left:54.037267080745345%;top:82.66666666666667%;height:2.392156862745098%;width:1.8482048174519012%;" type="para">s Pc</div></box><box><div coordinates="3405,4250,122,122" index="19" style="position:fixed;left:51.58309347068626%;top:83.33333333333334%;height:2.392156862745098%;width:1.8482048174519012%;" type="para">Ba:</div></box><box><div coordinates="532,4688,1259,184" index="20" style="position:fixed;left:8.059384941675503%;top:91.92156862745098%;height:3.607843137254902%;width:19.072867747311015%;" type="para">Minimum Monthly Fee (per fund)*</div></box><box><div coordinates="3659,4696,122,124" index="21" style="position:fixed;left:55.43099530374186%;top:92.07843137254902%;height:2.431372549019608%;width:1.8482048174519012%;" type="para">50</div></box><box><div coordinates="3569,4952,474,184" index="22" style="position:fixed;left:54.0675655203757%;top:97.09803921568627%;height:3.607843137254902%;width:7.180730192395092%;" type="para">&gt; Appendix 2</div></box><box><div coordinates="532,4968,774,170" index="23" style="position:fixed;left:8.059384941675503%;top:97.41176470588235%;height:3.3333333333333335%;width:11.725496136948948%;" type="para">Foreign Custody Fees</div></box></Blocks></page><page num="2" src="img/Bi2i_0925/Bi2i_0925-01.jpg" txt_src="img/Bi2i_0925/Bi2i_0925-01.txt"><Blocks><box><div coordinates="524,429,3887,774" index="0" style="position:fixed;left:7.938191183154067%;top:8.411764705882353%;height:15.176470588235293%;width:58.88501742160279%;" type="para">STATE STREET BANK AND TRUST COMPANY

 

CENTERSTONE FUNDS
CONFIDENTIAL FEESCHEDULE
AS OF APRIL 6, 2016</div></box><box><div coordinates="774,1255,3389,318" index="1" style="position:fixed;left:11.725496136948948%;top:24.6078431372549%;height:6.235294117647059%;width:51.340705953643386%;" type="para">This fee schedule is indicative only. All services and fees are subject to the
negotiation and execution of definitive agreements and a final fee schedule.</div></box><box><div coordinates="524,1641,4015,256" index="2" style="position:fixed;left:7.938191183154067%;top:32.1764705882353%;height:5.019607843137255%;width:60.82411755794577%;" type="para">IL Loan Services (if applicable)</div></box><box><div coordinates="2190,1911,122,130" index="3" style="position:fixed;left:33.17679139524314%;top:37.470588235294116%;height:2.549019607843137%;width:1.8482048174519012%;" type="para">Ci</div></box><box><div coordinates="1838,1985,122,166" index="4" style="position:fixed;left:27.84426602029996%;top:38.92156862745098%;height:3.2549019607843137%;width:1.8482048174519012%;" type="para">a

r Fu</div></box><box><div coordinates="3125,2015,122,122" index="5" style="position:fixed;left:47.341311922436%;top:39.509803921568626%;height:2.392156862745098%;width:1.8482048174519012%;" type="para">Ba:</div></box><box><div coordinates="740,2081,122,130" index="6" style="position:fixed;left:11.210422663232844%;top:40.80392156862745%;height:2.549019607843137%;width:1.8482048174519012%;" type="para">i LFW

1 Fu</div></box><box><div coordinates="3387,2349,480,184" index="7" style="position:fixed;left:51.31040751401302%;top:46.05882352941176%;height:3.607843137254902%;width:7.271625511286168%;" type="para">Basis Points
20</div></box><box><div coordinates="552,2355,1471,260" index="8" style="position:fixed;left:8.362369337979095%;top:46.1764705882353%;height:5.098039215686274%;width:22.28450234812907%;" type="para">Committed Asset Based Fee for Loans (pe
First $500 million in USD assets

2 T 4 maa 11 TYYOIY&#8482;S a</div></box><box><div coordinates="2207,2413,124,124" index="9" style="position:fixed;left:33.4343281321012%;top:47.31372549019608%;height:2.431372549019608%;width:1.8785032570822602%;" type="para">d/De</div></box><box><div coordinates="554,2841,122,142" index="10" style="position:fixed;left:8.392667777609454%;top:55.705882352941174%;height:2.784313725490196%;width:1.8482048174519012%;" type="para">Fi

" T</div></box><box><div coordinates="1390,2907,262,146" index="11" style="position:fixed;left:21.05741554309953%;top:56.99999999999999%;height:2.8627450980392157%;width:3.9690955915770334%;" type="para">I i at

1-USD a</div></box><box><div coordinates="3601,3015,122,122" index="12" style="position:fixed;left:54.552340554461445%;top:59.11764705882353%;height:2.392156862745098%;width:1.8482048174519012%;" type="para">3.0</div></box><box><div coordinates="554,3183,1214,170" index="13" style="position:fixed;left:8.392667777609454%;top:62.411764705882355%;height:3.3333333333333335%;width:18.391152855627936%;" type="para">Loan Services Minimum Charge (</div></box><box><div coordinates="524,3356,4013,244" index="14" style="position:fixed;left:7.938191183154067%;top:65.80392156862746%;height:4.784313725490196%;width:60.793819118315405%;" type="para">I11. Additional Services</div></box><box><div coordinates="3793,3774,122,166" index="15" style="position:fixed;left:57.46099075897592%;top:74.0%;height:3.2549019607843137%;width:1.8482048174519012%;" type="para">wi B</div></box><box><div coordinates="1194,3894,122,124" index="16" style="position:fixed;left:18.088168459324343%;top:76.3529411764706%;height:2.431372549019608%;width:1.8482048174519012%;" type="para">00</div></box><box><div coordinates="2943,4146,122,122" index="17" style="position:fixed;left:44.58415391607332%;top:81.29411764705883%;height:2.392156862745098%;width:1.8482048174519012%;" type="para">Fu</div></box><box><div coordinates="480,4600,4049,432" index="18" style="position:fixed;left:7.271625511286168%;top:90.19607843137256%;height:8.470588235294118%;width:61.33919103166187%;" type="para">IV. Other Fees, Charges and Expenses

Other Fees and Charges: The following additional fees and charges will be billed to the Funds each month as

avaoaesl F1ad</div></box><box><div coordinates="802,5130,148,166" index="19" style="position:fixed;left:12.149674291773973%;top:100.58823529411765%;height:3.2549019607843137%;width:2.242084532646569%;" type="para">VIF]</div></box><box><div coordinates="542,5148,256,336" index="20" style="position:fixed;left:8.2108771398273%;top:100.94117647058825%;height:6.588235294117648%;width:3.878200272685957%;" type="para">SY
SS</div></box><box><div coordinates="1242,5256,142,200" index="21" style="position:fixed;left:18.81533101045296%;top:103.05882352941175%;height:3.9215686274509802%;width:2.1511892137554915%;" type="para">e (ps
1 Re;</div></box><box><div coordinates="826,5348,122,122" index="22" style="position:fixed;left:12.513255567338282%;top:104.86274509803921%;height:2.392156862745098%;width:1.8482048174519012%;" type="para">0 /</div></box><box><div coordinates="1844,5368,122,122" index="23" style="position:fixed;left:27.935161339191033%;top:105.25490196078431%;height:2.392156862745098%;width:1.8482048174519012%;" type="para">An;</div></box><box><div coordinates="1658,5510,122,122" index="24" style="position:fixed;left:25.117406453567643%;top:108.0392156862745%;height:2.392156862745098%;width:1.8482048174519012%;" type="para" /></box><box><div coordinates="540,5628,140,434" index="25" style="position:fixed;left:8.180578700196941%;top:110.35294117647058%;height:8.509803921568627%;width:2.1208907741251326%;" type="para" /></box><box><div coordinates="1806,5640,122,132" index="26" style="position:fixed;left:27.359490986214208%;top:110.58823529411765%;height:2.588235294117647%;width:1.8482048174519012%;" type="para">r Fu</div></box><box><div coordinates="1376,5706,192,242" index="27" style="position:fixed;left:20.845326465687016%;top:111.88235294117648%;height:4.745098039215686%;width:2.9086502045144678%;" type="para" /></box><box><div coordinates="3637,5712,122,126" index="28" style="position:fixed;left:55.097712467807916%;top:112.00000000000001%;height:2.4705882352941173%;width:1.8482048174519012%;" type="para">500</div></box><box><div coordinates="1954,5802,122,156" index="29" style="position:fixed;left:29.601575518860777%;top:113.76470588235294%;height:3.058823529411765%;width:1.8482048174519012%;" type="para">r Fu</div></box><box><div coordinates="1024,5904,160,146" index="30" style="position:fixed;left:15.512801090743828%;top:115.76470588235294%;height:2.8627450980392157%;width:2.423875170428723%;" type="para">A AML

y/Do

&gt;</div></box></Blocks></page><page num="3" src="img/Bi2i_0925/Bi2i_0925-02.jpg" txt_src="img/Bi2i_0925/Bi2i_0925-02.txt"><Blocks><box><div coordinates="526,425,3885,774" index="0" style="position:fixed;left:7.968489622784427%;top:8.333333333333332%;height:15.176470588235293%;width:58.85471898197243%;" type="para">STATE STREET BANK AND TRUST COMPANY

 

CENTERSTONE FUNDS
CONFIDENTIAL FEE SCHEDULE
AS OF APRIL 6, 2016</div></box><box><div coordinates="776,1249,3389,320" index="1" style="position:fixed;left:11.755794576579307%;top:24.490196078431374%;height:6.2745098039215685%;width:51.340705953643386%;" type="para">This fee schedule is indicative only. All services and fees are subject to the
negotiation and execution of definitive agreements and a final fee schedule.</div></box><box><div coordinates="712,1663,122,166" index="2" style="position:fixed;left:10.786244508407817%;top:32.607843137254896%;height:3.2549019607843137%;width:1.8482048174519012%;" type="para">Te</div></box><box><div coordinates="558,1681,258,336" index="3" style="position:fixed;left:8.453264656870171%;top:32.96078431372549%;height:6.588235294117648%;width:3.9084987123163155%;" type="para" /></box><box><div coordinates="3533,1747,122,166" index="4" style="position:fixed;left:53.52219360702924%;top:34.25490196078431%;height:3.2549019607843137%;width:1.8482048174519012%;" type="para">he

TE</div></box><box><div coordinates="1868,1759,122,166" index="5" style="position:fixed;left:28.29874261475534%;top:34.490196078431374%;height:3.2549019607843137%;width:1.8482048174519012%;" type="para">1 Li</div></box><box><div coordinates="2214,1757,122,134" index="6" style="position:fixed;left:33.54037267080746%;top:34.45098039215686%;height:2.627450980392157%;width:1.8482048174519012%;" type="para">r Fu</div></box><box><div coordinates="1078,1761,122,122" index="7" style="position:fixed;left:16.33085896076352%;top:34.529411764705884%;height:2.392156862745098%;width:1.8482048174519012%;" type="para">ArT

Hai</div></box><box><div coordinates="1464,2163,122,124" index="8" style="position:fixed;left:22.178457809422813%;top:42.411764705882355%;height:2.431372549019608%;width:1.8482048174519012%;" type="para">k)</div></box><box><div coordinates="556,2235,262,156" index="9" style="position:fixed;left:8.422966217239813%;top:43.8235294117647%;height:3.058823529411765%;width:3.9690955915770334%;" type="para" /></box><box><div coordinates="564,2443,122,142" index="10" style="position:fixed;left:8.544159975761248%;top:47.90196078431372%;height:2.784313725490196%;width:1.8482048174519012%;" type="para">Th</div></box><box><div coordinates="3121,2527,122,122" index="11" style="position:fixed;left:47.28071504317528%;top:49.549019607843135%;height:2.392156862745098%;width:1.8482048174519012%;" type="para" /></box><box><div coordinates="1826,2693,122,142" index="12" style="position:fixed;left:27.662475382517798%;top:52.80392156862745%;height:2.784313725490196%;width:1.8482048174519012%;" type="para">ry FP

e Fi</div></box><box><div coordinates="546,2879,894,182" index="13" style="position:fixed;left:8.271474019088016%;top:56.45098039215686%;height:3.568627450980392%;width:13.54340251477049%;" type="para">QOut-of-Pocket Expenses:</div></box><box><div coordinates="2729,3246,150,264" index="14" style="position:fixed;left:41.34222087562491%;top:63.64705882352941%;height:5.176470588235294%;width:2.2723829722769278%;" type="para">Bo
Pri

Ys</div></box><box><div coordinates="3221,3244,122,166" index="15" style="position:fixed;left:48.79563702469323%;top:63.6078431372549%;height:3.2549019607843137%;width:1.8482048174519012%;" type="para">| Tr:</div></box><box><div coordinates="2945,3254,122,156" index="16" style="position:fixed;left:44.61445235570368%;top:63.80392156862745%;height:3.058823529411765%;width:1.8482048174519012%;" type="para">1 Re</div></box><box><div coordinates="2583,3264,140,236" index="17" style="position:fixed;left:39.130434782608695%;top:64.0%;height:4.627450980392156%;width:2.1208907741251326%;" type="para" /></box><box><div coordinates="690,3270,138,236" index="18" style="position:fixed;left:10.452961672473867%;top:64.11764705882354%;height:4.627450980392156%;width:2.0905923344947737%;" type="para" /></box><box><div coordinates="976,3274,122,122" index="19" style="position:fixed;left:14.78563853961521%;top:64.19607843137256%;height:2.392156862745098%;width:1.8482048174519012%;" type="para">S Ce</div></box><box><div coordinates="1182,3366,164,128" index="20" style="position:fixed;left:17.90637782154219%;top:66.0%;height:2.5098039215686274%;width:2.484472049689441%;" type="para">r Ovi</div></box><box><div coordinates="832,3376,122,122" index="21" style="position:fixed;left:12.604150886229359%;top:66.19607843137256%;height:2.392156862745098%;width:1.8482048174519012%;" type="para" /></box><box><div coordinates="1568,3370,122,122" index="22" style="position:fixed;left:23.753976670201485%;top:66.07843137254902%;height:2.392156862745098%;width:1.8482048174519012%;" type="para">Del</div></box><box><div coordinates="688,3556,140,238" index="23" style="position:fixed;left:10.422663232843508%;top:69.72549019607843%;height:4.666666666666667%;width:2.1208907741251326%;" type="para" /></box><box><div coordinates="2583,3550,138,238" index="24" style="position:fixed;left:39.130434782608695%;top:69.6078431372549%;height:4.666666666666667%;width:2.0905923344947737%;" type="para" /></box><box><div coordinates="1790,3652,164,128" index="25" style="position:fixed;left:27.11710346917134%;top:71.6078431372549%;height:2.5098039215686274%;width:2.484472049689441%;" type="para">y Out</div></box><box><div coordinates="834,3744,168,208" index="26" style="position:fixed;left:12.634449325859718%;top:73.41176470588235%;height:4.07843137254902%;width:2.545068928950159%;" type="para">EX
Mis</div></box><box><div coordinates="2581,3838,140,138" index="27" style="position:fixed;left:39.10013634297834%;top:75.25490196078431%;height:2.705882352941176%;width:2.1208907741251326%;" type="para" /></box><box><div coordinates="688,3844,138,138" index="28" style="position:fixed;left:10.422663232843508%;top:75.37254901960785%;height:2.705882352941176%;width:2.0905923344947737%;" type="para" /></box><box><div coordinates="2723,3840,122,126" index="29" style="position:fixed;left:41.251325556733825%;top:75.29411764705883%;height:2.4705882352941173%;width:1.8482048174519012%;" type="para">Ci</div></box><box><div coordinates="582,4328,122,122" index="30" style="position:fixed;left:8.816845932434479%;top:84.86274509803921%;height:2.392156862745098%;width:1.8482048174519012%;" type="para">Out</div></box><box><div coordinates="488,4744,4047,260" index="31" style="position:fixed;left:7.392819269807605%;top:93.01960784313725%;height:5.098039215686274%;width:61.308892592031505%;" type="para">V. Assumptions</div></box><box><div coordinates="554,5024,122,132" index="32" style="position:fixed;left:8.392667777609454%;top:98.50980392156863%;height:2.588235294117647%;width:1.8482048174519012%;" type="para">Th</div></box><box><div coordinates="538,5842,122,148" index="33" style="position:fixed;left:8.15028026056658%;top:114.54901960784314%;height:2.9019607843137254%;width:1.8482048174519012%;" type="para">Fu</div></box></Blocks></page><page num="4" src="img/Bi2i_0925/Bi2i_0925-03.jpg" txt_src="img/Bi2i_0925/Bi2i_0925-03.txt"><Blocks><box><div coordinates="524,425,3887,776" index="0" style="position:fixed;left:7.938191183154067%;top:8.333333333333332%;height:15.215686274509805%;width:58.88501742160279%;" type="para">STATE STREET BANK AND TRUST COMPANY

    

CENTERSTONE FUNDS
CONFIDENTIAL FEE SCHEDULE
AS OF APRIL 6, 2016</div></box><box><div coordinates="774,1251,3389,318" index="1" style="position:fixed;left:11.725496136948948%;top:24.529411764705884%;height:6.235294117647059%;width:51.340705953643386%;" type="para">This fee schedule is indicative only. All services and fees are subject to the
negotiation and execution of definitive agreements and a final fee schedule.</div></box><box><div coordinates="504,2097,4031,333" index="2" style="position:fixed;left:7.635206786850477%;top:41.11764705882353%;height:6.529411764705882%;width:61.06650507498864%;" type="para">VIL Cash Balances, Overdrafts and Account Maintenance Fees

i
&#165;
s1T TT TT _&#165;F._ per ey gee lle ey ey wa fees Bos lemme eX Ne ree i wird mln vem rd a AR RT</div></box><box><div coordinates="2493,2561,122,124" index="3" style="position:fixed;left:37.76700499924254%;top:50.21568627450981%;height:2.431372549019608%;width:1.8482048174519012%;" type="para">Ini</div></box><box><div coordinates="4085,2733,122,124" index="4" style="position:fixed;left:61.884562945008334%;top:53.588235294117645%;height:2.431372549019608%;width:1.8482048174519012%;" type="para">Det</div></box><box><div coordinates="976,3189,122,158" index="5" style="position:fixed;left:14.78563853961521%;top:62.52941176470588%;height:3.0980392156862746%;width:1.8482048174519012%;" type="para">Fu</div></box><box><div coordinates="488,3896,4043,256" index="6" style="position:fixed;left:7.392819269807605%;top:76.3921568627451%;height:5.019607843137255%;width:61.2482957127708%;" type="para">VII. Confidentiality</div></box><box><div coordinates="488,4412,4041,248" index="7" style="position:fixed;left:7.392819269807605%;top:86.50980392156863%;height:4.862745098039216%;width:61.21799727314043%;" type="para">( VIII. Payment of Fees ] |</div></box><box><div coordinates="2260,4678,122,122" index="8" style="position:fixed;left:34.237236782305715%;top:91.72549019607843%;height:2.392156862745098%;width:1.8482048174519012%;" type="para">Oth</div></box><box><div coordinates="2705,4862,122,128" index="9" style="position:fixed;left:40.978639600060596%;top:95.33333333333334%;height:2.5098039215686274%;width:1.8482048174519012%;" type="para" /></box><box><div coordinates="484,5108,4043,248" index="10" style="position:fixed;left:7.332222390546887%;top:100.15686274509802%;height:4.862745098039216%;width:61.2482957127708%;" type="para">IX. Effectiveness ~</div></box><box><div coordinates="2855,5904,316,166" index="11" style="position:fixed;left:43.25102257233752%;top:115.76470588235294%;height:3.2549019607843137%;width:4.787153461596728%;" type="para">eft blank.</div></box><box><div coordinates="1696,5910,286,164" index="12" style="position:fixed;left:25.69307680654446%;top:115.88235294117648%;height:3.215686274509804%;width:4.332676867141342%;" type="para">[Remair</div></box><box><div coordinates="2032,5920,350,162" index="13" style="position:fixed;left:30.78321466444478%;top:116.07843137254903%;height:3.176470588235294%;width:5.302226935312832%;" type="para">ler of page</div></box><box><div coordinates="2385,5924,410,148" index="14" style="position:fixed;left:36.13088925920315%;top:116.15686274509804%;height:2.9019607843137254%;width:6.211180124223603%;" type="para">intentionally</div></box></Blocks></page><page num="5" src="img/Bi2i_0925/Bi2i_0925-04.jpg" txt_src="img/Bi2i_0925/Bi2i_0925-04.txt"><Blocks><box><div coordinates="524,425,3887,774" index="0" style="position:fixed;left:7.938191183154067%;top:8.333333333333332%;height:15.176470588235293%;width:58.88501742160279%;" type="para">STATE STREET BANK AND TRUST COMPANY

 

CENTERSTONE FUNDS
CONFIDENTIAL FEE SCHEDULE AS
OF APRIL 6, 2016</div></box><box><div coordinates="774,1251,3391,318" index="1" style="position:fixed;left:11.725496136948948%;top:24.529411764705884%;height:6.235294117647059%;width:51.37100439327374%;" type="para">This fee schedule is indicative only. All services and fees are subject to the
negotiation and execution of definitive agreements and a final fee schedule.</div></box><box><div coordinates="492,1628,4047,253" index="2" style="position:fixed;left:7.453416149068323%;top:31.92156862745098%;height:4.96078431372549%;width:61.308892592031505%;" type="para">X. Signatures ) _</div></box><box><div coordinates="560,2063,898,162" index="3" style="position:fixed;left:8.48356309650053%;top:40.45098039215686%;height:3.176470588235294%;width:13.603999394031208%;" type="para">CENTERSTONE FUNDS</div></box><box><div coordinates="2421,2071,1734,190" index="4" style="position:fixed;left:36.676261172549616%;top:40.6078431372549%;height:3.7254901960784315%;width:26.268747159521283%;" type="para">STATE STREET BANK AND TRUST COMPANY</div></box><box><div coordinates="892,2282,124,123" index="5" style="position:fixed;left:13.51310407514013%;top:44.745098039215684%;height:2.411764705882353%;width:1.8785032570822602%;" type="para" /></box><box><div coordinates="1419,2325,128,124" index="6" style="position:fixed;left:21.496742917739738%;top:45.588235294117645%;height:2.431372549019608%;width:1.9391001363429785%;" type="para" /></box><box><div coordinates="558,2365,158,276" index="7" style="position:fixed;left:8.453264656870171%;top:46.372549019607845%;height:5.411764705882352%;width:2.393576730798364%;" type="para">By</div></box><box><div coordinates="2439,2365,122,126" index="8" style="position:fixed;left:36.948947129222844%;top:46.372549019607845%;height:2.4705882352941173%;width:1.8482048174519012%;" type="para" /></box><box><div coordinates="2459,2523,122,122" index="9" style="position:fixed;left:37.25193152552643%;top:49.470588235294116%;height:2.392156862745098%;width:1.8482048174519012%;" type="para">Na:</div></box><box><div coordinates="570,2643,122,162" index="10" style="position:fixed;left:8.635055294652325%;top:51.8235294117647%;height:3.176470588235294%;width:1.8482048174519012%;" type="para" /></box><box><div coordinates="1676,2865,837,182" index="11" style="position:fixed;left:25.39009241024087%;top:56.1764705882353%;height:3.568627450980392%;width:12.679896985305255%;" type="para">[Remainder of page inte</div></box><box><div coordinates="2559,2861,696,166" index="12" style="position:fixed;left:38.76685350704439%;top:56.09803921568628%;height:3.2549019607843137%;width:10.543856991364944%;" type="para">tionally left blank. ]</div></box></Blocks></page><page num="6" src="img/Bi2i_0925/Bi2i_0925-05.jpg" txt_src="img/Bi2i_0925/Bi2i_0925-05.txt"><Blocks><box><div coordinates="528,425,3895,772" index="0" style="position:fixed;left:7.998788062414786%;top:8.333333333333332%;height:15.137254901960784%;width:59.006211180124225%;" type="para">STATE STREET BANK AND TRUST COMPANY

 

CENTERSTONE FUNDS
CONFIDENTIAL FEE SCHEDULE
AS OF APRIL 6, 2016</div></box><box><div coordinates="778,1251,3395,314" index="1" style="position:fixed;left:11.786093016209666%;top:24.529411764705884%;height:6.1568627450980395%;width:51.431601272534465%;" type="para">This fee schedule is indicative only. All services and fees are subject fo the
negotiation and execution of definitive agreements and a final fee schedule.</div></box><box><div coordinates="2210,1651,480,226" index="2" style="position:fixed;left:33.479775791546736%;top:32.372549019607845%;height:4.431372549019608%;width:7.271625511286168%;" type="para">APPENDIX 1
N PROCESSING FE</div></box><box><div coordinates="2841,1719,122,156" index="3" style="position:fixed;left:43.03893349492501%;top:33.705882352941174%;height:3.058823529411765%;width:1.8482048174519012%;" type="para">R TR</div></box><box><div coordinates="1816,1721,124,156" index="4" style="position:fixed;left:27.510983184366005%;top:33.74509803921569%;height:3.058823529411765%;width:1.8785032570822602%;" type="para">TR</div></box><box><div coordinates="1776,1893,122,126" index="5" style="position:fixed;left:26.905014391758826%;top:37.11764705882353%;height:2.4705882352941173%;width:1.8482048174519012%;" type="para">(Re</div></box><box><div coordinates="3433,1895,368,236" index="6" style="position:fixed;left:52.00727162551129%;top:37.15686274509804%;height:4.627450980392156%;width:5.574912891986063%;" type="para">No Charg
$ 3.00</div></box><box><div coordinates="562,1991,224,356" index="7" style="position:fixed;left:8.51386153613089%;top:39.03921568627451%;height:6.980392156862745%;width:3.3934252386002126%;" type="para" /></box><box><div coordinates="1164,2087,122,124" index="8" style="position:fixed;left:17.633691864868958%;top:40.92156862745098%;height:2.431372549019608%;width:1.8482048174519012%;" type="para">&lt; Er</div></box><box><div coordinates="926,2121,198,216" index="9" style="position:fixed;left:14.028177548856233%;top:41.588235294117645%;height:4.235294117647059%;width:2.9995455234055446%;" type="para">ed Bou
Back</div></box><box><div coordinates="1932,2181,122,164" index="10" style="position:fixed;left:29.268292682926827%;top:42.76470588235294%;height:3.215686274509804%;width:1.8482048174519012%;" type="para">1 In</div></box><box><div coordinates="2190,2181,122,142" index="11" style="position:fixed;left:33.17679139524314%;top:42.76470588235294%;height:2.784313725490196%;width:1.8482048174519012%;" type="para">e Pa</div></box><box><div coordinates="3663,2197,162,124" index="12" style="position:fixed;left:55.49159218300258%;top:43.07843137254902%;height:2.431372549019608%;width:2.454173610059082%;" type="para">.00</div></box><box><div coordinates="900,2375,168,124" index="13" style="position:fixed;left:13.634297833661565%;top:46.568627450980394%;height:2.431372549019608%;width:2.545068928950159%;" type="para">ar we A.</div></box><box><div coordinates="556,2395,122,130" index="14" style="position:fixed;left:8.422966217239813%;top:46.96078431372549%;height:2.549019607843137%;width:1.8482048174519012%;" type="para">Ce</div></box><box><div coordinates="754,2471,122,154" index="15" style="position:fixed;left:11.422511740645357%;top:48.450980392156865%;height:3.019607843137255%;width:1.8482048174519012%;" type="para">rt A

Tr:</div></box><box><div coordinates="3499,2489,326,334" index="16" style="position:fixed;left:53.00712013331314%;top:48.80392156862745%;height:6.549019607843137%;width:4.938645659748523%;" type="para">$ 6.00
$ 50.00
e Footnote

a oy mm yy</div></box><box><div coordinates="1022,2585,122,144" index="17" style="position:fixed;left:15.482502651113467%;top:50.68627450980392%;height:2.823529411764706%;width:1.8482048174519012%;" type="para">f Th

f'n g&#8212;</div></box><box><div coordinates="2502,2661,168,124" index="18" style="position:fixed;left:37.90334797757915%;top:52.17647058823529%;height:2.431372549019608%;width:2.545068928950159%;" type="para">1 Maj</div></box><box><div coordinates="2300,2685,122,124" index="19" style="position:fixed;left:34.84320557491289%;top:52.64705882352941%;height:2.431372549019608%;width:1.8482048174519012%;" type="para">Glc</div></box><box><div coordinates="558,2753,160,238" index="20" style="position:fixed;left:8.453264656870171%;top:53.98039215686274%;height:4.666666666666667%;width:2.423875170428723%;" type="para">A bl

Exc</div></box><box><div coordinates="1280,2845,154,166" index="21" style="position:fixed;left:19.391001363429783%;top:55.7843137254902%;height:3.2549019607843137%;width:2.332979851537646%;" type="para">OTC</div></box><box><div coordinates="1736,2865,122,124" index="22" style="position:fixed;left:26.299045599151643%;top:56.1764705882353%;height:2.431372549019608%;width:1.8482048174519012%;" type="para">Der</div></box><box><div coordinates="2150,2865,122,124" index="23" style="position:fixed;left:32.570822602635964%;top:56.1764705882353%;height:2.431372549019608%;width:1.8482048174519012%;" type="para">Opt</div></box><box><div coordinates="3039,2871,122,122" index="24" style="position:fixed;left:46.038479018330555%;top:56.294117647058826%;height:2.392156862745098%;width:1.8482048174519012%;" type="para" /></box><box><div coordinates="544,3181,1636,225" index="25" style="position:fixed;left:8.241175579457657%;top:62.372549019607845%;height:4.411764705882353%;width:24.78412361763369%;" type="para">! Transaction Processing Fees Per Trade.

aa wr lL. Oe. Yo 4</div></box><box><div coordinates="2656,3416,122,150" index="26" style="position:fixed;left:40.2363278291168%;top:66.98039215686275%;height:2.941176470588235%;width:1.8482048174519012%;" type="para">| Pr</div></box><box><div coordinates="1264,3438,122,128" index="27" style="position:fixed;left:19.14861384638691%;top:67.41176470588235%;height:2.5098039215686274%;width:1.8482048174519012%;" type="para">Cr</div></box><box><div coordinates="1602,3462,122,122" index="28" style="position:fixed;left:24.26905014391759%;top:67.88235294117648%;height:2.392156862745098%;width:1.8482048174519012%;" type="para">Ag</div></box><box><div coordinates="668,3904,704,170" index="29" style="position:fixed;left:10.119678836539919%;top:76.54901960784314%;height:3.3333333333333335%;width:10.66505074988638%;" type="para">2 Foreign Exchange.

es 3. 9... *</div></box><box><div coordinates="1986,3906,122,122" index="30" style="position:fixed;left:30.086350552946524%;top:76.58823529411765%;height:2.392156862745098%;width:1.8482048174519012%;" type="para" /></box><box><div coordinates="1742,3924,122,126" index="31" style="position:fixed;left:26.38994091804272%;top:76.94117647058823%;height:2.4705882352941173%;width:1.8482048174519012%;" type="para">t GI</div></box><box><div coordinates="4255,4018,122,124" index="32" style="position:fixed;left:64.45993031358886%;top:78.7843137254902%;height:2.431372549019608%;width:1.8482048174519012%;" type="para" /></box><box><div coordinates="2330,4180,168,154" index="33" style="position:fixed;left:35.29768216936828%;top:81.96078431372548%;height:3.019607843137255%;width:2.545068928950159%;" type="para">Tet bf

| Mai</div></box><box><div coordinates="3095,4456,136,246" index="34" style="position:fixed;left:46.886835327980606%;top:87.37254901960785%;height:4.823529411764706%;width:2.0602938948644143%;" type="para">M
1 Fu</div></box><box><div coordinates="2314,4642,168,150" index="35" style="position:fixed;left:35.0552946523254%;top:91.01960784313725%;height:2.941176470588235%;width:2.545068928950159%;" type="para">3A Sw&#8217; LES

| Maj</div></box><box><div coordinates="3847,4822,168,164" index="36" style="position:fixed;left:58.27904862899561%;top:94.54901960784314%;height:3.215686274509804%;width:2.545068928950159%;" type="para">| Mai</div></box><box><div coordinates="3595,4844,122,122" index="37" style="position:fixed;left:54.46144523557037%;top:94.98039215686275%;height:2.392156862745098%;width:1.8482048174519012%;" type="para">t Gl</div></box><box><div coordinates="1666,4918,122,124" index="38" style="position:fixed;left:25.23860021208908%;top:96.43137254901961%;height:2.431372549019608%;width:1.8482048174519012%;" type="para">Fu</div></box></Blocks></page><page num="7" src="img/Bi2i_0925/Bi2i_0925-06.jpg" txt_src="img/Bi2i_0925/Bi2i_0925-06.txt"><Blocks><box><div coordinates="519,421,3888,778" index="0" style="position:fixed;left:7.86244508407817%;top:8.254901960784315%;height:15.254901960784315%;width:58.90016664141796%;" type="para">STATE STREET BANK AND TRUST COMPANY

 

CENTERSTONE FUNDS
CONFIDENTIAL FEE SCHEDULE
AS OF APRIL 6, 2016</div></box><box><div coordinates="770,1239,3393,322" index="1" style="position:fixed;left:11.664899257688228%;top:24.294117647058826%;height:6.313725490196079%;width:51.40130283290411%;" type="para">This fee schedule is indicative only. All services and fees are subject to the
negotiation and execution of definitive agreements and a final fee schedule.</div></box><box><div coordinates="2083,1657,501,212" index="2" style="position:fixed;left:31.555824875018935%;top:32.490196078431374%;height:4.156862745098039%;width:7.589759127404938%;" type="para">APPENDIX
N CUusTODY - COU!

40&gt;. 2 TT Yr oo 4 wou oo</div></box><box><div coordinates="1825,1725,154,156" index="3" style="position:fixed;left:27.647326162702623%;top:33.82352941176471%;height:3.058823529411765%;width:2.332979851537646%;" type="para">FOF

Fa at 0</div></box><box><div coordinates="2588,1721,234,156" index="4" style="position:fixed;left:39.206180881684595%;top:33.74509803921569%;height:3.058823529411765%;width:3.544917436752007%;" type="para">=
TRY BAS

vi dot rneler Ja</div></box><box><div coordinates="2872,1721,122,154" index="5" style="position:fixed;left:43.508559309195576%;top:33.74509803921569%;height:3.019607843137255%;width:1.8482048174519012%;" type="para">D FE

wy cm hn</div></box><box><div coordinates="488,2113,3891,3879" index="6" style="position:fixed;left:7.392819269807605%;top:41.431372549019606%;height:76.05882352941177%;width:58.945614300863504%;" type="para">Albania
Argentina
Austria
Bahrain
Bangladesh
Belgium
Bermuda
Botswana
Brazil
Bulgaria
Burkina Faso
Canada
Cayman Island
Cedel\Clearstream
Chile

China
Colombia
Costa Rica
Croatia
Cyprus
Czech Republic
Denmark
Ecuador
Egypt
Estonia
Euroclear
Finland
France
Germany
Ghana
(Greece

Hong Kong
Hungary

Iceland
India
Indonesia
Ireland
Israel

Italy

Ivory Coast
Jamaica
Japan-Mizuho
Jordan
Kazakhstan
Kenya
Latvia

| RR

Malawi
Malaysia
Mauritius
Mexico
Morocco
Namibia
Netherlands
New Zealand
Nigeria
Norway
Oman

| Pakistan

Palestine
Panama
Peru
Philippines
Poland
Portugal
Puerto Rico
Qatar
Romana
Russia
Singapore
Slovak Republic
Slovenia
South Africa
South Korea
Spain

Sri Lanka
Swaziland
Sweden
Switzerland
Taiwan
Tanzania
Thailand

Trinidad &amp; Tobago
Tunisia

Turkey

Uganda

Ukraine

United Arab Emirates
United Kingdom

| Uruguay

Venezuela
Vietnam
Zambia</div></box></Blocks></page></doc>