<doc doi="Bi2i_0730" name="/prcanalyt/test-pra1/inventory_module/InputProcessing/5DF/8D5/5DF8D5403359A3C448C4DB42E1BC80B68565A061.pdf"><page num="1" src="img/Bi2i_0730/Bi2i_0730-00.jpg" txt_src="img/Bi2i_0730/Bi2i_0730-00.txt"><Blocks><box><div coordinates="534,393,4049,856" index="0" style="position:fixed;left:8.089683381305862%;top:7.705882352941177%;height:16.784313725490197%;width:61.33919103166187%;" type="para">EN STREET S10) 2 PTY IEE SERVICES

for
RIE Callaghan Capital Trust
LLY rik Vi oo</div></box><box><div coordinates="552,1732,3974,864" index="1" style="position:fixed;left:8.362369337979095%;top:33.96078431372549%;height:16.941176470588236%;width:60.202999545523404%;" type="para">1.

The Transaction Processing Fees are per trade processing fees charged for processing the settlement of
transactions by State Street on behalf of the Fund in connection with the provision of custody services
hereunder. These Transaction Processing Fees, unless otherwise waived, apply whether the Fund or its
third party investment managers entered into such transactions with or through State Street or one of its
affiliates or a third party dealer or broker. The processing fees are in addition to, and are not to be
construed as payments in lieu of, any compensation (as described below) that may be earned by State
Street or any of its affiliates or by a third party dealer or broker in connection with such transaction.</div></box><box><div coordinates="555,2607,3962,1414" index="2" style="position:fixed;left:8.407816997424632%;top:51.117647058823536%;height:27.725490196078432%;width:60.021208907741254%;" type="para">State Street Global Markets, a separate division of State Street, offers principal or &#8220;dealer&#8221; trading
services as well as agency execution services {which include its proprietary electronic trading platforms)
in a variety of asset classes, including most of those described in this schedule. The Fund or its third
party fiduciary investment managers may select State Street Global Markets to effect principal or agency
transactions; however, any such services, irrespective of whether trade orders are transmitted through
State Street's custody or trustee operations, are conducted under contractual or other arrangements that
are distinct from its services and obligations under this Agreement. When State Street or State Street
Global Markets act as a counterparty (e.g., foreign exchange, over the counter derivatives, repurchase
transactions) to the Fund, such transactions are principal transactions and State Street or State Street
Global Markets enter into them as a dealer and not in a fiduciary, agency or similar capacity (regardless
of any other relationships between State Street and the Fund under this Agreement). In connection with
such trading or agency execution services, State Street Global Markets may receive compensation from
the Fund in a variety of forms , including a commission, click fee, revenue share, spread, mark-up, mark-
down, interest, fee or similar amount.</div></box><box><div coordinates="1689,4348,121,123" index="3" style="position:fixed;left:25.587032267838204%;top:85.25490196078431%;height:2.411764705882353%;width:1.8330555976367218%;" type="para" /></box><box><div coordinates="2080,4403,126,146" index="4" style="position:fixed;left:31.5103772155734%;top:86.33333333333333%;height:2.8627450980392157%;width:1.9088016967126193%;" type="para" /></box><box><div coordinates="3610,4462,135,121" index="5" style="position:fixed;left:54.688683532798066%;top:87.49019607843137%;height:2.372549019607843%;width:2.0451446750492352%;" type="para" /></box><box><div coordinates="2109,4576,415,177" index="6" style="position:fixed;left:31.949704590213607%;top:89.72549019607843%;height:3.4705882352941178%;width:6.286926223299501%;" type="para" /></box><box><div coordinates="2650,4588,721,330" index="7" style="position:fixed;left:40.145432510225724%;top:89.9607843137255%;height:6.470588235294119%;width:10.922587486744433%;" type="para">Pre
Approved By:</div></box><box><div coordinates="1300,4617,472,323" index="8" style="position:fixed;left:19.693985759733373%;top:90.52941176470588%;height:6.333333333333334%;width:7.1504317527647325%;" type="para" /></box><box><div coordinates="2525,4615,121,121" index="9" style="position:fixed;left:38.25178003332828%;top:90.49019607843137%;height:2.372549019607843%;width:1.8330555976367218%;" type="para" /></box><box><div coordinates="1797,4631,271,288" index="10" style="position:fixed;left:27.223148007877597%;top:90.80392156862746%;height:5.647058823529412%;width:4.10543856991365%;" type="para" /></box><box><div coordinates="3274,4642,1141,834" index="11" style="position:fixed;left:49.59854567489774%;top:91.01960784313725%;height:16.35294117647059%;width:17.28525980911983%;" type="para">Treasurer</div></box><box><div coordinates="564,4714,697,201" index="12" style="position:fixed;left:8.544159975761248%;top:92.43137254901961%;height:3.9411764705882355%;width:10.559006211180124%;" type="para">Proposed By:</div></box><box><div coordinates="2076,4759,412,188" index="13" style="position:fixed;left:31.44978033631268%;top:93.31372549019608%;height:3.686274509803922%;width:6.241478563853962%;" type="para" /></box><box><div coordinates="1162,4942,1471,414" index="14" style="position:fixed;left:17.6033934252386%;top:96.90196078431373%;height:8.117647058823529%;width:22.28450234812907%;" type="para">State Street
Lypne-dimenez Den) i Va dvi

Vice President</div></box><box><div coordinates="546,5866,4109,442" index="15" style="position:fixed;left:8.271474019088016%;top:115.01960784313725%;height:8.666666666666668%;width:62.24814422057264%;" type="para">Confidential
STATE STREET.

For Everything You Invest Inv</div></box><box><div coordinates="561,5993,520,171" index="16" style="position:fixed;left:8.498712316315709%;top:117.50980392156862%;height:3.3529411764705883%;width:7.87759430389335%;" type="para">Confidential</div></box></Blocks></page><page num="2" src="img/Bi2i_0730/Bi2i_0730-01.jpg" txt_src="img/Bi2i_0730/Bi2i_0730-01.txt"><Blocks><box><div coordinates="522,405,4052,847" index="0" style="position:fixed;left:7.907892743523709%;top:7.941176470588235%;height:16.607843137254903%;width:61.384638691107405%;" type="para">EC Jl 23 FOR TS Tres) SERVICES hi =

~~ for
Hirtle e Callaghan Capital Trust
SEI RECS ERR</div></box><box><div coordinates="540,1515,1257,217" index="1" style="position:fixed;left:8.180578700196941%;top:29.705882352941178%;height:4.254901960784314%;width:19.042569307680655%;" type="para">|. Global Custody Fees</div></box><box><div coordinates="691,1758,1581,418" index="2" style="position:fixed;left:10.468110892289047%;top:34.470588235294116%;height:8.196078431372548%;width:23.950916527798817%;" type="para">US ASSETS UNDER CUSTODY
Inclusive for Ali Asset and
Transaction Charges</div></box><box><div coordinates="2647,1758,964,529" index="3" style="position:fixed;left:40.09998485078018%;top:34.470588235294116%;height:10.372549019607844%;width:14.603847901833056%;" type="para">Annual Asset Fee
Assets $0 - $2B:
Assets &gt;$2B &lt;$5B:
Assets &gt;3$5B:</div></box><box><div coordinates="3623,1875,867,415" index="4" style="position:fixed;left:54.8856233903954%;top:36.76470588235294%;height:8.137254901960784%;width:13.134373579760641%;" type="para">1.00 Basis Point
.75 Basis Points
.50 Basis Points</div></box><box><div coordinates="694,2334,1799,649" index="5" style="position:fixed;left:10.513558551734585%;top:45.76470588235294%;height:12.725490196078432%;width:27.25344644750795%;" type="para">GLOBAL ASSET UNDER CUSTODY
Custody Fee for each of the
Countries Listed By Region Below

Inclusive of All Asset and
Transaction Charges</div></box><box><div coordinates="2650,2331,952,299" index="6" style="position:fixed;left:40.145432510225724%;top:45.705882352941174%;height:5.862745098039215%;width:14.422057264050903%;" type="para">Annual Asset Fee
2.25 Basis Points</div></box><box><div coordinates="552,3021,795,788" index="7" style="position:fixed;left:8.362369337979095%;top:59.235294117647065%;height:15.450980392156863%;width:12.043629753067716%;" type="para">North America
&#162; Canada

&#162; Mexico
Transnational
e (Cedel

e&#162; Euroclear</div></box><box><div coordinates="558,3852,859,203" index="8" style="position:fixed;left:8.453264656870171%;top:75.52941176470588%;height:3.980392156862745%;width:13.013179821239207%;" type="para">Europe &amp; Africa</div></box><box><div coordinates="2370,4088,662,1035" index="9" style="position:fixed;left:35.90365096197546%;top:80.15686274509804%;height:20.294117647058822%;width:10.028783517648842%;" type="para">Belgium
Finland
Ireland
Luxembourg
Norway
South Africa
Sweden
Switzerland</div></box><box><div coordinates="708,4090,820,1158" index="10" style="position:fixed;left:10.7256476291471%;top:80.19607843137256%;height:22.705882352941174%;width:12.422360248447205%;" type="para">Austria
Denmark
France
Germany

Italy
Netherlands
Portugal

Spain

United Kingdom</div></box><box><div coordinates="558,4114,151,1120" index="11" style="position:fixed;left:8.453264656870171%;top:80.66666666666666%;height:21.96078431372549%;width:2.2875321920921072%;" type="para" /></box><box><div coordinates="2217,4114,154,997" index="12" style="position:fixed;left:33.58582033025299%;top:80.66666666666666%;height:19.54901960784314%;width:2.332979851537646%;" type="para" /></box><box><div coordinates="559,5290,315,184" index="13" style="position:fixed;left:8.46841387668535%;top:103.72549019607844%;height:3.607843137254902%;width:4.7720042417815485%;" type="para">Asia</div></box><box><div coordinates="547,5525,4111,789" index="14" style="position:fixed;left:8.286623238903196%;top:108.33333333333333%;height:15.470588235294116%;width:62.278442660203005%;" type="para">e Australia e Hong Kong

 

e Japan o Malaysia
e New Zealand e Singapore

1
Confidential

STATE STREET.

For Everything You Invest inv</div></box><box><div coordinates="564,6017,334,156" index="15" style="position:fixed;left:8.544159975761248%;top:117.98039215686273%;height:3.058823529411765%;width:5.059839418269959%;" type="para">Confide</div></box><box><div coordinates="939,6028,145,145" index="16" style="position:fixed;left:14.225117406453567%;top:118.19607843137254%;height:2.843137254901961%;width:2.1966368732010304%;" type="para">tal</div></box></Blocks></page><page num="3" src="img/Bi2i_0730/Bi2i_0730-02.jpg" txt_src="img/Bi2i_0730/Bi2i_0730-02.txt"><Blocks><box><div coordinates="531,402,4052,853" index="0" style="position:fixed;left:8.044235721860323%;top:7.882352941176471%;height:16.725490196078432%;width:61.384638691107405%;" type="para">a u STATE STREET EN FOR GLOBAL TS CC
for a

LUT ELT oT TNIEN es
i Lind 2012</div></box><box><div coordinates="549,1506,3679,211" index="1" style="position:fixed;left:8.316921678533555%;top:29.52941176470588%;height:4.137254901960785%;width:55.733979700045445%;" type="para">lI. Regional Annual Asset and Per Transaction Fees for Emerging Markets</div></box><box><div coordinates="984,1741,487,204" index="2" style="position:fixed;left:14.906832298136646%;top:34.13725490196079%;height:4.0%;width:7.3776700499924255%;" type="para">Country</div></box><box><div coordinates="2088,1743,941,184" index="3" style="position:fixed;left:31.631570974094835%;top:34.17647058823529%;height:3.607843137254902%;width:14.255415846083928%;" type="para">Annual Asset Fee</div></box><box><div coordinates="3367,1743,1048,268" index="4" style="position:fixed;left:51.007423117709436%;top:34.17647058823529%;height:5.254901960784314%;width:15.876382366308134%;" type="para">Transaction Charge
{see footnote 1 below)

Ss</div></box><box><div coordinates="552,1935,4106,4379" index="5" style="position:fixed;left:8.362369337979095%;top:37.94117647058823%;height:85.86274509803921%;width:62.202696561127105%;" type="para">Mois TWIG JAS | WIGIYY

(Zimbabwe |50BasisPoints [$100 |
Confidential \

STATE STREET.

For Everything You Invest in~</div></box><box><div coordinates="966,6002,121,122" index="6" style="position:fixed;left:14.634146341463413%;top:117.68627450980391%;height:2.392156862745098%;width:1.8330555976367218%;" type="para">al</div></box><box><div coordinates="567,6022,394,148" index="7" style="position:fixed;left:8.589607635206786%;top:118.078431372549%;height:2.9019607843137254%;width:5.96879260718073%;" type="para">Confident</div></box></Blocks></page><page num="4" src="img/Bi2i_0730/Bi2i_0730-03.jpg" txt_src="img/Bi2i_0730/Bi2i_0730-03.txt"><Blocks><box><div coordinates="534,399,4049,853" index="0" style="position:fixed;left:8.089683381305862%;top:7.823529411764706%;height:16.725490196078432%;width:61.33919103166187%;" type="para">BIG STREET a) FOR : GLOBAL C SIS SS | a

for

LOE Callaghan Capital Trust
a Re 2012</div></box><box><div coordinates="549,1618,799,207" index="1" style="position:fixed;left:8.316921678533555%;top:31.725490196078432%;height:4.0588235294117645%;width:12.104226632328436%;" type="para">Ill. Other Fees</div></box><box><div coordinates="3256,1623,1053,208" index="2" style="position:fixed;left:49.325859718224514%;top:31.823529411764707%;height:4.07843137254902%;width:15.952128465384034%;" type="para">Transaction Charge</div></box><box><div coordinates="582,1848,778,190" index="3" style="position:fixed;left:8.816845932434479%;top:36.23529411764706%;height:3.7254901960784315%;width:11.786093016209666%;" type="para">3" Party FX fee</div></box><box><div coordinates="3562,1851,436,186" index="4" style="position:fixed;left:53.961520981669445%;top:36.29411764705882%;height:3.6470588235294117%;width:6.605059839418271%;" type="para">Waived</div></box><box><div coordinates="553,2193,1442,208" index="5" style="position:fixed;left:8.377518557794273%;top:43.0%;height:4.07843137254902%;width:21.845174973488866%;" type="para">IV. Out-of-pocket Expenses</div></box><box><div coordinates="558,2424,3982,1156" index="6" style="position:fixed;left:8.453264656870171%;top:47.529411764705884%;height:22.666666666666664%;width:60.32419330404484%;" type="para">A billing for recovery of applicable out-of-pocket expenses will be made as of the end of
each month. Out-of-pocket expenses include, but are not limited to the following:

oe Communication costs

e Postage and Insurance

o Courier Service

&#162; Duplicating

e Sub Custodian Costs (Stamp Duty, Registration, Audit, etc.)

e Non-recurring legal, audit or other professional fees

e SWIFT charges

F</div></box><box><div coordinates="559,3847,1128,205" index="7" style="position:fixed;left:8.46841387668535%;top:75.4313725490196%;height:4.019607843137255%;width:17.088319951522497%;" type="para">VI. Special Services</div></box><box><div coordinates="561,4075,3977,784" index="8" style="position:fixed;left:8.498712316315709%;top:79.90196078431373%;height:15.372549019607842%;width:60.24844720496895%;" type="para">Fees for activities of a non-recurring nature such as fund consolidations or
reorganizations, extraordinary security shipments and the preparation of special reports
will be subject to negotiation. There services include, but are not limited to, the
following: fees for fund administration activities, self directed securities lending,
linkages/feeds with third party lending agents, development of customized reports,
financial reporting, customized investor reporting and access to State Street systems.</div></box><box><div coordinates="562,4993,794,208" index="9" style="position:fixed;left:8.51386153613089%;top:97.90196078431373%;height:4.07843137254902%;width:12.028480533252537%;" type="para">VII. 1712 Fees</div></box><box><div coordinates="567,5224,3812,319" index="10" style="position:fixed;left:8.589607635206786%;top:102.43137254901961%;height:6.254901960784314%;width:57.74882593546432%;" type="para">Upon receipt of invoice from Price Waterhouse Coopers for 17f2 audit counts, State
Street will pay the audit fee.</div></box><box><div coordinates="552,5872,4109,439" index="11" style="position:fixed;left:8.362369337979095%;top:115.13725490196079%;height:8.607843137254902%;width:62.24814422057264%;" type="para">Confidential
STATE STREET.

For Everything You Invest In&gt;</div></box><box><div coordinates="567,6014,121,137" index="12" style="position:fixed;left:8.589607635206786%;top:117.92156862745098%;height:2.686274509803922%;width:1.8330555976367218%;" type="para" /></box><box><div coordinates="711,6016,376,151" index="13" style="position:fixed;left:10.771095288592637%;top:117.9607843137255%;height:2.9607843137254903%;width:5.696106650507499%;" type="para">nfidential</div></box></Blocks></page></doc>