<doc doi="Bi2i_0936" name="/prcanalyt/test-pra1/inventory_module/InputProcessing/759/5A7/7595A761627C3E03907B5ED23FB4F6A4C36E5F12.pdf"><page num="1" src="img/Bi2i_0936/Bi2i_0936-00.jpg" txt_src="img/Bi2i_0936/Bi2i_0936-00.txt"><Blocks><box><div coordinates="1440,566,2074,295" index="0" style="position:fixed;left:21.814876533858506%;top:11.098039215686274%;height:5.784313725490196%;width:31.41948189668232%;" type="para">INVESTORS BANK &amp; TRUST COMPANY
IBT TRUST COMPANY (CAYMAN) LIMITED</div></box><box><div coordinates="955,931,121,121" index="1" style="position:fixed;left:14.46750492349644%;top:18.254901960784313%;height:2.372549019607843%;width:1.8330555976367218%;" type="para">Iy</div></box><box><div coordinates="648,961,122,126" index="2" style="position:fixed;left:9.816694440236327%;top:18.84313725490196%;height:2.4705882352941173%;width:1.8482048174519012%;" type="para" /></box><box><div coordinates="1077,967,121,121" index="3" style="position:fixed;left:16.315709740948343%;top:18.96078431372549%;height:2.372549019607843%;width:1.8330555976367218%;" type="para" /></box><box><div coordinates="642,1147,1538,628" index="4" style="position:fixed;left:9.72579912134525%;top:22.490196078431374%;height:12.313725490196079%;width:23.2995000757461%;" type="para">Copper Beech Offshore Fund, Ltd.
c/o David L. Babson &amp; Company Inc
One Memorial Drive

Cambridge, MA 02142

Attention: DeAnne B. Dupont</div></box><box><div coordinates="642,1164,122,126" index="5" style="position:fixed;left:9.72579912134525%;top:22.823529411764707%;height:2.4705882352941173%;width:1.8482048174519012%;" type="para" /></box><box><div coordinates="694,1823,586,180" index="6" style="position:fixed;left:10.513558551734585%;top:35.745098039215684%;height:3.5294117647058822%;width:8.877442811695198%;" type="para">Dear Ms. Dup&#171;</div></box><box><div coordinates="1306,1843,122,122" index="7" style="position:fixed;left:19.78488107862445%;top:36.13725490196079%;height:2.392156862745098%;width:1.8482048174519012%;" type="para">nt:</div></box><box><div coordinates="645,2053,3509,656" index="8" style="position:fixed;left:9.77124678079079%;top:40.25490196078431%;height:12.862745098039216%;width:53.15861233146493%;" type="para">Reference is made to the Custody Agreement by and between Copper Beech
Offshore Fund, Ltd. and Investors Bank &amp; Trust Company (the &#8220;Custody Agreement&#8221;)
and the Administration Agreement by and between Copper Beech Offshore Fund, Ltd.
and IBT Trust Company (Cayman) Limited (the &#8220;Administration Agreement&#8221;, and
together with the Custody Agreement, the &#8220;Agreements&#8221;), each dated as of February 2,

NNN</div></box><box><div coordinates="650,2857,3586,657" index="9" style="position:fixed;left:9.846992879866686%;top:56.01960784313725%;height:12.88235294117647%;width:54.32510225723375%;" type="para">Attached hereto is a fee schedule that sets forth the compensation, including fees
and expenses, to be paid by Copper Beech Offshore Fund, Ltd. to Investors Bank &amp; Trus
Company for the services provided under the Agreements. By signing below, you
acknowledge receipt of this schedule and agree to pay Investors Bank &amp; Trust Company
for all fees, expenses and other costs as set forth in the attached fee schedule.</div></box><box><div coordinates="644,3113,122,123" index="10" style="position:fixed;left:9.75609756097561%;top:61.0392156862745%;height:2.411764705882353%;width:1.8482048174519012%;" type="para" /></box><box><div coordinates="650,3543,2076,295" index="11" style="position:fixed;left:9.846992879866686%;top:69.47058823529412%;height:5.784313725490196%;width:31.44978033631268%;" type="para">INVESTORS BANK &amp; TRUST COMPANY
IBT TRUST COMPANY (CAYMAN) LIMITED</div></box><box><div coordinates="958,3917,121,121" index="12" style="position:fixed;left:14.51295258294198%;top:76.80392156862746%;height:2.372549019607843%;width:1.8330555976367218%;" type="para" /></box><box><div coordinates="650,4012,334,396" index="13" style="position:fixed;left:9.846992879866686%;top:78.66666666666666%;height:7.764705882352942%;width:5.059839418269959%;" type="para">By: /
Name:
Title:</div></box><box><div coordinates="2108,4052,122,122" index="14" style="position:fixed;left:31.934555370398428%;top:79.45098039215686%;height:2.392156862745098%;width:1.8482048174519012%;" type="para" /></box><box><div coordinates="1878,4122,282,174" index="15" style="position:fixed;left:28.450234812907134%;top:80.82352941176471%;height:3.4117647058823533%;width:4.272079987880624%;" type="para">Cale</div></box><box><div coordinates="694,4458,1564,182" index="16" style="position:fixed;left:10.513558551734585%;top:87.41176470588236%;height:3.568627450980392%;width:23.693379790940767%;" type="para">ACKNOWLEDGED AND AGREED</div></box><box><div coordinates="647,4678,1915,500" index="17" style="position:fixed;left:9.801545220421149%;top:91.72549019607843%;height:9.803921568627452%;width:29.010755946068777%;" type="para">COPPER BEECH OFFSHORE FUND, LTD.
by John Deitelbaum,

authorized signatory of

Copper Beech Offshore Fund, Ltd.</div></box><box><div coordinates="1699,4978,407,181" index="18" style="position:fixed;left:25.738524465990004%;top:97.6078431372549%;height:3.5490196078431375%;width:6.165732464778064%;" type="para">&#8216;und, Ltd.</div></box><box><div coordinates="654,5345,232,265" index="19" style="position:fixed;left:9.907589759127406%;top:104.80392156862746%;height:5.196078431372549%;width:3.5146189971216484%;" type="para">Nam</div></box></Blocks></page><page num="2" src="img/Bi2i_0936/Bi2i_0936-01.jpg" txt_src="img/Bi2i_0936/Bi2i_0936-01.txt"><Blocks><box><div coordinates="2044,555,1098,434" index="0" style="position:fixed;left:30.965005302226935%;top:10.882352941176471%;height:8.509803921568627%;width:16.63384335706711%;" type="para">DAVID L. BABSON
Annual Fee Schedule
January 31, 2002</div></box><box><div coordinates="1677,1124,1827,347" index="1" style="position:fixed;left:25.405241630056054%;top:22.03921568627451%;height:6.803921568627451%;width:27.67762460233298%;" type="para">Copper Beach Fund, LLC
Copper Beach Offshore Fund, Ltd.</div></box><box><div coordinates="1012,1603,3166,334" index="2" style="position:fixed;left:15.33101045296167%;top:31.43137254901961%;height:6.549019607843137%;width:47.96242993485835%;" type="para">Domestic and Foreign Custody, Fund Accounting, Calculation of N.A.V.,
Partner Recordkeeping, Administration and Tax Reporting</div></box><box><div coordinates="705,2065,3554,308" index="3" style="position:fixed;left:10.68019996970156%;top:40.490196078431374%;height:6.03921568627451%;width:53.84032722314801%;" type="para">A. Fund Accounting, Domestic Custody, Calculation of N.A.V., Partner Recordkeeping,
Administration and Tax Reporting.</div></box><box><div coordinates="1035,2397,689,457" index="4" style="position:fixed;left:15.6794425087108%;top:47.0%;height:8.96078431372549%;width:10.437812452658687%;" type="para">&gt; fee for Fund Accc
Tax Reporting wil
her. The following
)enses.</div></box><box><div coordinates="2516,2397,854,389" index="5" style="position:fixed;left:38.115437054991666%;top:47.0%;height:7.627450980392157%;width:12.937433722163307%;" type="para">f N.A.V., Partner Recor
a minimum fee or in B:
of Transaction Process:</div></box><box><div coordinates="1780,2410,312,367" index="6" style="position:fixed;left:26.96561127101954%;top:47.25490196078431%;height:7.196078431372549%;width:4.72655658233601%;" type="para">nting, C.
be charg
&#8220;hedule |</div></box><box><div coordinates="2250,2411,122,123" index="7" style="position:fixed;left:34.085744584153915%;top:47.27450980392157%;height:2.411764705882353%;width:1.8482048174519012%;" type="para">atic</div></box><box><div coordinates="3728,2413,258,345" index="8" style="position:fixed;left:56.476291470989246%;top:47.31372549019608%;height:6.764705882352941%;width:3.9084987123163155%;" type="para">Admin
5, whicl
ind Out</div></box><box><div coordinates="880,2434,122,125" index="9" style="position:fixed;left:13.331313437357975%;top:47.72549019607843%;height:2.450980392156863%;width:1.8482048174519012%;" type="para" /></box><box><div coordinates="3480,2430,121,121" index="10" style="position:fixed;left:52.71928495682472%;top:47.647058823529406%;height:2.372549019607843%;width:1.8330555976367218%;" type="para" /></box><box><div coordinates="2109,2445,122,121" index="11" style="position:fixed;left:31.949704590213607%;top:47.94117647058824%;height:2.372549019607843%;width:1.8482048174519012%;" type="para">Icu</div></box><box><div coordinates="3901,2454,440,337" index="12" style="position:fixed;left:59.097106499015304%;top:48.11764705882353%;height:6.6078431372549025%;width:6.665656718678988%;" type="para">ninistration
ichever is
Jut-of-Pocke</div></box><box><div coordinates="3448,2615,122,172" index="13" style="position:fixed;left:52.23450992273898%;top:51.27450980392156%;height:3.3725490196078427%;width:1.8482048174519012%;" type="para" /></box><box><div coordinates="2376,2653,122,122" index="14" style="position:fixed;left:35.99454628086654%;top:52.01960784313725%;height:2.392156862745098%;width:1.8482048174519012%;" type="para">ive</div></box><box><div coordinates="865,2705,185,172" index="15" style="position:fixed;left:13.104075140130284%;top:53.03921568627451%;height:3.3725490196078427%;width:2.802605665808211%;" type="para">Ex</div></box><box><div coordinates="3292,2939,466,195" index="16" style="position:fixed;left:49.87123163157097%;top:57.62745098039216%;height:3.823529411764706%;width:7.059536433873656%;" type="para">Asset Fee</div></box><box><div coordinates="1122,3137,121,121" index="17" style="position:fixed;left:16.997424632631418%;top:61.509803921568626%;height:2.372549019607843%;width:1.8330555976367218%;" type="para">$25</div></box><box><div coordinates="1511,3157,280,267" index="18" style="position:fixed;left:22.890471140736253%;top:61.90196078431372%;height:5.235294117647059%;width:4.241781548250265%;" type="para">nm of nei
of $250</div></box><box><div coordinates="3390,3155,148,239" index="19" style="position:fixed;left:51.355855173458565%;top:61.86274509803922%;height:4.686274509803921%;width:2.242084532646569%;" type="para" /></box><box><div coordinates="3184,3175,126,121" index="20" style="position:fixed;left:48.235115891531585%;top:62.254901960784316%;height:2.372549019607843%;width:1.9088016967126193%;" type="para">8.</div></box><box><div coordinates="3726,3177,169,261" index="21" style="position:fixed;left:56.44599303135889%;top:62.29411764705882%;height:5.11764705882353%;width:2.5602181487653386%;" type="para">ints
ints</div></box><box><div coordinates="860,3189,177,231" index="22" style="position:fixed;left:13.028329041054384%;top:62.52941176470588%;height:4.529411764705882%;width:2.681411907286775%;" type="para">Fir.
Ass</div></box><box><div coordinates="1797,3189,148,235" index="23" style="position:fixed;left:27.223148007877597%;top:62.52941176470588%;height:4.6078431372549025%;width:2.242084532646569%;" type="para">ass
mill</div></box><box><div coordinates="1474,3466,220,148" index="24" style="position:fixed;left:22.32995000757461%;top:67.96078431372548%;height:2.9019607843137254%;width:3.332828359339494%;" type="para">um Fe</div></box><box><div coordinates="875,3471,165,125" index="25" style="position:fixed;left:13.255567338282079%;top:68.05882352941175%;height:2.450980392156863%;width:2.4996212695046207%;" type="para">Mo:</div></box><box><div coordinates="1203,3473,210,165" index="26" style="position:fixed;left:18.22451143766096%;top:68.09803921568628%;height:3.2352941176470593%;width:3.1813361611876987%;" type="para">&#187; Mini</div></box><box><div coordinates="1875,3521,121,121" index="27" style="position:fixed;left:28.404787153461598%;top:69.03921568627452%;height:2.372549019607843%;width:1.8330555976367218%;" type="para">+</div></box><box><div coordinates="1918,3711,121,121" index="28" style="position:fixed;left:29.056203605514312%;top:72.76470588235294%;height:2.372549019607843%;width:1.8330555976367218%;" type="para">om,</div></box><box><div coordinates="3722,3725,121,121" index="29" style="position:fixed;left:56.38539615209817%;top:73.0392156862745%;height:2.372549019607843%;width:1.8330555976367218%;" type="para" /></box><box><div coordinates="1662,3735,121,121" index="30" style="position:fixed;left:25.178003332828357%;top:73.23529411764706%;height:2.372549019607843%;width:1.8330555976367218%;" type="para">ili</div></box><box><div coordinates="2090,3735,122,123" index="31" style="position:fixed;left:31.661869413725192%;top:73.23529411764706%;height:2.411764705882353%;width:1.8482048174519012%;" type="para">ny</div></box><box><div coordinates="1466,3819,121,121" index="32" style="position:fixed;left:22.208756249053174%;top:74.88235294117646%;height:2.372549019607843%;width:1.8330555976367218%;" type="para">UNC</div></box><box><div coordinates="3186,3828,123,122" index="33" style="position:fixed;left:48.26541433116194%;top:75.05882352941177%;height:2.392156862745098%;width:1.8633540372670807%;" type="para" /></box><box><div coordinates="1150,3837,121,121" index="34" style="position:fixed;left:17.421602787456447%;top:75.23529411764706%;height:2.372549019607843%;width:1.8330555976367218%;" type="para">ayn</div></box><box><div coordinates="1034,4003,250,279" index="35" style="position:fixed;left:15.664293288895623%;top:78.49019607843137%;height:5.470588235294118%;width:3.7873049537948797%;" type="para">Mont}
ited Li</div></box><box><div coordinates="1288,4005,253,173" index="36" style="position:fixed;left:19.51219512195122%;top:78.52941176470588%;height:3.392156862745098%;width:3.8327526132404177%;" type="para">ly Min</div></box><box><div coordinates="1887,4025,121,121" index="37" style="position:fixed;left:28.58657779124375%;top:78.92156862745098%;height:2.372549019607843%;width:1.8330555976367218%;" type="para">&#187; fo</div></box><box><div coordinates="2038,4027,234,235" index="38" style="position:fixed;left:30.874109983335856%;top:78.96078431372548%;height:4.6078431372549025%;width:3.544917436752007%;" type="para">the fir
1 86,50</div></box><box><div coordinates="2776,4029,122,123" index="39" style="position:fixed;left:42.05423420693834%;top:79.0%;height:2.411764705882353%;width:1.8482048174519012%;" type="para">of &#162;</div></box><box><div coordinates="3552,4047,121,121" index="40" style="position:fixed;left:53.81002878351765%;top:79.3529411764706%;height:2.372549019607843%;width:1.8330555976367218%;" type="para" /></box><box><div coordinates="861,4053,129,227" index="41" style="position:fixed;left:13.043478260869565%;top:79.47058823529412%;height:4.450980392156863%;width:1.9542493561581578%;" type="para">Li</div></box><box><div coordinates="1655,4057,185,249" index="42" style="position:fixed;left:25.0719587941221%;top:79.54901960784314%;height:4.88235294117647%;width:2.802605665808211%;" type="para">im Fe
mpar</div></box><box><div coordinates="2477,4061,211,123" index="43" style="position:fixed;left:37.524617482199666%;top:79.62745098039215%;height:2.411764705882353%;width:3.196485381002878%;" type="para">mont]</div></box><box><div coordinates="2885,4067,287,227" index="44" style="position:fixed;left:43.70549916679291%;top:79.74509803921569%;height:4.450980392156863%;width:4.3478260869565215%;" type="para">peratio
1 Fund,</div></box><box><div coordinates="3332,4069,121,121" index="45" style="position:fixed;left:50.47720042417816%;top:79.7843137254902%;height:2.372549019607843%;width:1.8330555976367218%;" type="para">1all</div></box><box><div coordinates="2305,4133,123,123" index="46" style="position:fixed;left:34.91895167398879%;top:81.03921568627452%;height:2.411764705882353%;width:1.8633540372670807%;" type="para">) foi</div></box><box><div coordinates="1887,4159,121,121" index="47" style="position:fixed;left:28.58657779124375%;top:81.54901960784314%;height:2.372549019607843%;width:1.8330555976367218%;" type="para">an</div></box><box><div coordinates="684,4432,176,172" index="48" style="position:fixed;left:10.362066353582792%;top:86.90196078431373%;height:3.3725490196078427%;width:2.666262687471595%;" type="para" /></box><box><div coordinates="874,4434,1194,198" index="49" style="position:fixed;left:13.240418118466899%;top:86.94117647058823%;height:3.882352941176471%;width:18.088168459324343%;" type="para">Transaction Processing Fees</div></box><box><div coordinates="3174,4448,727,198" index="50" style="position:fixed;left:48.08362369337979%;top:87.2156862745098%;height:3.882352941176471%;width:11.013482805635508%;" type="para">Per Transaction</div></box><box><div coordinates="850,4648,690,716" index="51" style="position:fixed;left:12.87683684290259%;top:91.13725490196079%;height:14.03921568627451%;width:10.452961672473867%;" type="para">DTC/Fed Book E
Physical Securitie
GNMA Securitie:
Government Payc
Options and Futu
Foreign Currency</div></box><box><div coordinates="1541,4667,121,122" index="52" style="position:fixed;left:23.34494773519164%;top:91.50980392156862%;height:2.392156862745098%;width:1.8330555976367218%;" type="para">ntr</div></box><box><div coordinates="2092,4666,130,124" index="53" style="position:fixed;left:31.692167853355553%;top:91.49019607843137%;height:2.431372549019608%;width:1.9693985759733375%;" type="para" /></box><box><div coordinates="1743,4676,283,152" index="54" style="position:fixed;left:26.4050901378579%;top:91.68627450980392%;height:2.980392156862745%;width:4.287229207695804%;" type="para">short Sa</div></box><box><div coordinates="3360,4694,123,122" index="55" style="position:fixed;left:50.90137857900318%;top:92.03921568627452%;height:2.392156862745098%;width:1.8633540372670807%;" type="para" /></box><box><div coordinates="1129,5022,425,558" index="56" style="position:fixed;left:17.103469171337675%;top:98.47058823529412%;height:10.941176470588236%;width:6.438418421451295%;" type="para">nment Payd
1s and Futur
n Currency
ing Wires
ing Wires</div></box><box><div coordinates="1591,5022,175,130" index="57" style="position:fixed;left:24.102408725950614%;top:98.47058823529412%;height:2.549019607843137%;width:2.651113467656416%;" type="para">WII</div></box><box><div coordinates="3440,5124,260,453" index="58" style="position:fixed;left:52.11331616421754%;top:100.47058823529412%;height:8.882352941176471%;width:3.938797151946675%;" type="para">18.00
18.00
5.00
5.00</div></box><box><div coordinates="860,5632,128,125" index="59" style="position:fixed;left:13.028329041054384%;top:110.4313725490196%;height:2.450980392156863%;width:1.9391001363429785%;" type="para" /></box><box><div coordinates="2552,5636,152,174" index="60" style="position:fixed;left:38.66080896833813%;top:110.50980392156862%;height:3.4117647058823533%;width:2.3026814119072867%;" type="para">1 RT</div></box><box><div coordinates="1315,5642,121,121" index="61" style="position:fixed;left:19.92122405696107%;top:110.62745098039215%;height:2.372549019607843%;width:1.8330555976367218%;" type="para" /></box><box><div coordinates="1575,5644,121,121" index="62" style="position:fixed;left:23.860021208907742%;top:110.66666666666667%;height:2.372549019607843%;width:1.8330555976367218%;" type="para">cli</div></box><box><div coordinates="1953,5648,173,127" index="63" style="position:fixed;left:29.5864262990456%;top:110.74509803921569%;height:2.4901960784313726%;width:2.620815028026057%;" type="para">or tr;</div></box><box><div coordinates="3331,5660,273,130" index="64" style="position:fixed;left:50.46205120436298%;top:110.98039215686275%;height:2.549019607843137%;width:4.135737009544008%;" type="para">ito $8.</div></box><box><div coordinates="3652,5669,207,152" index="65" style="position:fixed;left:55.324950765035595%;top:111.15686274509804%;height:2.980392156862745%;width:3.1358885017421603%;" type="para">) per 1</div></box><box><div coordinates="2754,5682,147,123" index="66" style="position:fixed;left:41.720951371004396%;top:111.41176470588235%;height:2.411764705882353%;width:2.2269353128313893%;" type="para" /></box></Blocks></page><page num="3" src="img/Bi2i_0936/Bi2i_0936-02.jpg" txt_src="img/Bi2i_0936/Bi2i_0936-02.txt"><Blocks><box><div coordinates="666,645,1332,198" index="0" style="position:fixed;left:10.089380396909558%;top:12.647058823529411%;height:3.882352941176471%;width:20.178760793819116%;" type="para">C. Foreign Subcustodian Fees</div></box><box><div coordinates="991,865,2992,526" index="1" style="position:fixed;left:15.012876836842903%;top:16.96078431372549%;height:10.313725490196077%;width:45.32646568701712%;" type="para">Incremental basis point and transaction fees will be charged for all foreign assets
Investors Bank is Custodian. The asset based fees and transaction fees vary by c
based on the attached Global Custody Fee Schedule. Local duties, script fees, an
market charges and fees are considered out-of-pocket costs.</div></box><box><div coordinates="844,883,142,144" index="2" style="position:fixed;left:12.785941524011513%;top:17.313725490196077%;height:2.823529411764706%;width:2.1511892137554915%;" type="para" /></box><box><div coordinates="4004,911,273,366" index="3" style="position:fixed;left:60.6574761399788%;top:17.862745098039216%;height:7.1764705882352935%;width:4.135737009544008%;" type="para">for whi
untry,
l other</div></box><box><div coordinates="988,1407,3332,299" index="4" style="position:fixed;left:14.967429177397365%;top:27.588235294117645%;height:5.862745098039215%;width:50.47720042417816%;" type="para">If the Fund elects to use Investors Bank for Global Custody Services, Investors Bank will
require the fund to hold all assets at the subcustodian of our choice.</div></box><box><div coordinates="840,1425,142,143" index="5" style="position:fixed;left:12.725344644750795%;top:27.941176470588236%;height:2.803921568627451%;width:2.1511892137554915%;" type="para" /></box><box><div coordinates="663,1731,1213,198" index="6" style="position:fixed;left:10.04393273746402%;top:33.94117647058824%;height:3.882352941176471%;width:18.376003635812754%;" type="para">D. Out-of-Pocket Expenses</div></box><box><div coordinates="855,1972,225,145" index="7" style="position:fixed;left:12.952582941978488%;top:38.666666666666664%;height:2.843137254901961%;width:3.408574458415391%;" type="para">Thes:</div></box><box><div coordinates="1142,1997,1256,876" index="8" style="position:fixed;left:17.30040902893501%;top:39.15686274509804%;height:17.176470588235293%;width:19.027420087865472%;" type="para">&#8220;harges consist of:
Pricing and Verification Servic:
Printing, Delivery and Postage
Telephone
Third Party Review
System Development Costs
Legal Expenses
Forms and Supplies</div></box><box><div coordinates="2794,2067,1648,618" index="9" style="position:fixed;left:42.326920163611575%;top:40.529411764705884%;height:12.117647058823529%;width:24.965914255415846%;" type="para">Excessive Travel and Living Expenses

(as agreed to by the Parties)

Financial Statement Report Modification
Cayman Registration Fees and other

Fees associated with Cayman Registration</div></box><box><div coordinates="2137,2509,121,121" index="10" style="position:fixed;left:32.37388274503863%;top:49.19607843137255%;height:2.372549019607843%;width:1.8330555976367218%;" type="para">StS</div></box><box><div coordinates="1744,2725,121,151" index="11" style="position:fixed;left:26.420239357673083%;top:53.431372549019606%;height:2.9607843137254903%;width:1.8330555976367218%;" type="para">ppl</div></box><box><div coordinates="660,2911,1284,200" index="12" style="position:fixed;left:9.998485078018483%;top:57.07843137254902%;height:3.9215686274509802%;width:19.4515982426905%;" type="para">E. Domestic Balance Credits</div></box><box><div coordinates="831,3125,3571,515" index="13" style="position:fixed;left:12.589001666414179%;top:61.274509803921575%;height:10.098039215686274%;width:54.097863960006066%;" type="para">We allow use of balance credit against fees (excluding out-of-pocket charges) for collected fund
balances arising out of the custody relationship. The credit is based on collected balances
reduced by balances required to support the activity charges of the accounts. The manthly
earnings allowance is equal to 75% of the 90-day T-bill rate.</div></box><box><div coordinates="656,3668,593,194" index="14" style="position:fixed;left:9.937888198757763%;top:71.92156862745098%;height:3.8039215686274512%;width:8.983487350401456%;" type="para">F. Systems</div></box><box><div coordinates="836,3882,713,388" index="15" style="position:fixed;left:12.664747765490079%;top:76.11764705882354%;height:7.6078431372549025%;width:10.801393728222997%;" type="para">The details of any
determined after a
basis.</div></box><box><div coordinates="1550,3891,2830,301" index="16" style="position:fixed;left:23.481290713528253%;top:76.29411764705883%;height:5.901960784313726%;width:42.87229207695803%;" type="para">customized systems development or communications work will be
thorough business analysis. Such work will be billed on a time and materials</div></box><box><div coordinates="648,4312,518,194" index="17" style="position:fixed;left:9.816694440236327%;top:84.54901960784314%;height:3.8039215686274512%;width:7.84729586426299%;" type="para">G. Other</div></box><box><div coordinates="825,4526,142,276" index="18" style="position:fixed;left:12.498106347523102%;top:88.74509803921569%;height:5.411764705882352%;width:2.1511892137554915%;" type="para">Fe</div></box><box><div coordinates="976,4526,3301,1420" index="19" style="position:fixed;left:14.78563853961521%;top:88.74509803921569%;height:27.84313725490196%;width:50.00757460990759%;" type="para">e Schedule Assumptions:
Pricing of the fund and investor admissions shall be no more frequently than monthly.
Investor Withdrawals are anticipated on a quarterly basis. No cash distributions to inves:
are anticipated.
The Funds may commence with the in-kind contribution of assets. However, it is unlikel
that in-kind contributions will occur during the life of the partnerships.
There will be two Funds, each with a portfolio of assets. The offshore fund will be
domiciled in the Cayman Islands. The portfolios will consist of long and short domestic
equities with a low volume of derivatives.
The US Limited Liability Company and the Cayman Company will not be unitized. For t
US Limited Liability Company, the aggregate method with partial netting will be utilized
investor tax allocations. IBT will prepare 1065 and K-1s on an annual basis. There shall</div></box><box><div coordinates="4284,4800,122,123" index="20" style="position:fixed;left:64.89925768822906%;top:94.11764705882352%;height:2.411764705882353%;width:1.8482048174519012%;" type="para">ors</div></box><box><div coordinates="823,4988,141,144" index="21" style="position:fixed;left:12.467807907892743%;top:97.80392156862744%;height:2.823529411764706%;width:2.136039993940312%;" type="para" /></box><box><div coordinates="3886,5017,471,153" index="22" style="position:fixed;left:58.86986820178761%;top:98.37254901960785%;height:3.0%;width:7.135282532949554%;" type="para">t 1s unlikely</div></box><box><div coordinates="822,5211,142,143" index="23" style="position:fixed;left:12.452658688077564%;top:102.17647058823529%;height:2.803921568627451%;width:2.1511892137554915%;" type="para" /></box><box><div coordinates="3792,5241,253,227" index="24" style="position:fixed;left:57.44584153916074%;top:102.76470588235294%;height:4.450980392156863%;width:3.8327526132404177%;" type="para">will be
ort don</div></box><box><div coordinates="4048,5355,121,121" index="25" style="position:fixed;left:61.32404181184668%;top:105.0%;height:2.372549019607843%;width:1.8330555976367218%;" type="para">151</div></box><box><div coordinates="820,5539,142,143" index="26" style="position:fixed;left:12.422360248447205%;top:108.60784313725492%;height:2.803921568627451%;width:2.1511892137554915%;" type="para" /></box><box><div coordinates="3910,5569,465,375" index="27" style="position:fixed;left:59.23344947735192%;top:109.19607843137256%;height:7.352941176470589%;width:7.044387214058475%;" type="para">zed. For the
ve utilized fo
here shall be</div></box><box><div coordinates="970,5630,122,123" index="28" style="position:fixed;left:14.694743220724133%;top:110.39215686274511%;height:2.411764705882353%;width:1.8482048174519012%;" type="para" /></box></Blocks></page><page num="4" src="img/Bi2i_0936/Bi2i_0936-03.jpg" txt_src="img/Bi2i_0936/Bi2i_0936-03.txt"><Blocks><box><div coordinates="982,554,3396,1591" index="0" style="position:fixed;left:14.876533858506285%;top:10.862745098039216%;height:31.19607843137255%;width:51.44675049234964%;" type="para">no tax return or tax reporting requirements for the Cayman Company. There will be no
requirement to track the individual components of income, expense, gain, or loss for any
shareholders of the Cayman Company.

Fund will not have broker dealers as partners; therefore there will not be a requirement for
special allocations of investment income (ie. hot issues). All investors will participate in th
investments according to their ownership percentages.

Goldman Sachs will be the prime broker. IBT will perform full reconcilement to prime
broker on a daily basis. Prime broker will calculate NRA withholding and report to IBT for
offshore fund.

Partner capital statements will be issued monthly. IBT will prepare and mail upon review
from DLB. Standard IBT capital statements will be utilized. IBT will include monthly
performance return for individual investors.

Partnerships will have two classes of shareholders which is dependent on initial time
commitment of investment. There is a different management fee and incentive fee for each

IE</div></box><box><div coordinates="4126,604,184,245" index="1" style="position:fixed;left:62.505680957430684%;top:11.843137254901961%;height:4.803921568627452%;width:2.7874564459930316%;" type="para">10
any</div></box><box><div coordinates="838,885,142,143" index="2" style="position:fixed;left:12.695046205120436%;top:17.352941176470587%;height:2.803921568627451%;width:2.1511892137554915%;" type="para" /></box><box><div coordinates="836,1213,142,144" index="3" style="position:fixed;left:12.664747765490079%;top:23.784313725490197%;height:2.823529411764706%;width:2.1511892137554915%;" type="para" /></box><box><div coordinates="983,1229,121,121" index="4" style="position:fixed;left:14.891683078321465%;top:24.098039215686274%;height:2.372549019607843%;width:1.8330555976367218%;" type="para" /></box><box><div coordinates="3328,1242,224,257" index="5" style="position:fixed;left:50.416603544917436%;top:24.352941176470587%;height:5.03921568627451%;width:3.3934252386002126%;" type="para">| reco
noldin</div></box><box><div coordinates="3574,1241,714,282" index="6" style="position:fixed;left:54.143311619451595%;top:24.333333333333336%;height:5.529411764705882%;width:10.816542948038176%;" type="para">cilement to prime
y and report to IBT</div></box><box><div coordinates="4302,1386,121,121" index="7" style="position:fixed;left:65.17194364490229%;top:27.176470588235297%;height:2.372549019607843%;width:1.8330555976367218%;" type="para">or</div></box><box><div coordinates="834,1539,142,144" index="8" style="position:fixed;left:12.634449325859718%;top:30.176470588235293%;height:2.823529411764706%;width:2.1511892137554915%;" type="para" /></box><box><div coordinates="831,1869,141,143" index="9" style="position:fixed;left:12.589001666414179%;top:36.64705882352941%;height:2.803921568627451%;width:2.136039993940312%;" type="para" /></box><box><div coordinates="2636,1867,232,253" index="10" style="position:fixed;left:39.93334343281321%;top:36.6078431372549%;height:4.96078431372549%;width:3.5146189971216484%;" type="para">olders
rent m</div></box><box><div coordinates="2869,1913,121,121" index="11" style="position:fixed;left:43.46311164975003%;top:37.50980392156863%;height:2.372549019607843%;width:1.8330555976367218%;" type="para" /></box><box><div coordinates="3183,1923,125,195" index="12" style="position:fixed;left:48.219966671716406%;top:37.70588235294118%;height:3.823529411764706%;width:1.8936524768974399%;" type="para">de
nt {</div></box><box><div coordinates="3358,1927,122,122" index="13" style="position:fixed;left:50.87108013937283%;top:37.7843137254902%;height:2.392156862745098%;width:1.8482048174519012%;" type="para">nd</div></box><box><div coordinates="3868,1931,122,122" index="14" style="position:fixed;left:58.597182245114375%;top:37.86274509803921%;height:2.392156862745098%;width:1.8482048174519012%;" type="para">al t</div></box><box><div coordinates="2107,2193,555,289" index="15" style="position:fixed;left:31.919406150583246%;top:43.0%;height:5.666666666666666%;width:8.407816997424632%;" type="para">ees and allocati
cial statement {</div></box><box><div coordinates="828,2201,142,254" index="16" style="position:fixed;left:12.543554006968641%;top:43.15686274509804%;height:4.980392156862745%;width:2.1511892137554915%;" type="para" /></box><box><div coordinates="980,2222,323,247" index="17" style="position:fixed;left:14.846235418875928%;top:43.568627450980394%;height:4.8431372549019605%;width:4.893198000302985%;" type="para">IBT wi
IBT wil</div></box><box><div coordinates="1812,2237,231,240" index="18" style="position:fixed;left:27.450386305105283%;top:43.86274509803921%;height:4.705882352941177%;width:3.4994697773064685%;" type="para">entive
1a] fin:</div></box><box><div coordinates="2666,2333,261,153" index="19" style="position:fixed;left:40.387820027268596%;top:45.745098039215684%;height:3.0%;width:3.9539463717618544%;" type="para">or part</div></box><box><div coordinates="2946,2335,122,152" index="20" style="position:fixed;left:44.62960157551886%;top:45.78431372549019%;height:2.980392156862745%;width:1.8482048174519012%;" type="para">CI'S</div></box><box><div coordinates="1313,2350,210,141" index="21" style="position:fixed;left:19.89092561733071%;top:46.07843137254902%;height:2.764705882352941%;width:3.1813361611876987%;" type="para">| prep</div></box><box><div coordinates="657,2641,127,124" index="22" style="position:fixed;left:9.953037418572944%;top:51.78431372549019%;height:2.431372549019608%;width:1.9239509165277988%;" type="para" /></box><box><div coordinates="1095,2641,121,121" index="23" style="position:fixed;left:16.58839569762157%;top:51.78431372549019%;height:2.372549019607843%;width:1.8330555976367218%;" type="para">OVE</div></box><box><div coordinates="1812,2645,280,175" index="24" style="position:fixed;left:27.450386305105283%;top:51.86274509803922%;height:3.431372549019608%;width:4.241781548250265%;" type="para">id by th</div></box><box><div coordinates="2108,2649,356,175" index="25" style="position:fixed;left:31.934555370398428%;top:51.94117647058823%;height:3.431372549019608%;width:5.393122254203909%;" type="para">&gt; last day .</div></box><box><div coordinates="2507,2651,202,157" index="26" style="position:fixed;left:37.97909407665505%;top:51.98039215686274%;height:3.0784313725490198%;width:3.0601424026662625%;" type="para">f the 1</div></box><box><div coordinates="2920,2659,225,152" index="27" style="position:fixed;left:44.2357218603242%;top:52.13725490196078%;height:2.980392156862745%;width:3.408574458415391%;" type="para">in wh</div></box><box><div coordinates="3233,2659,121,121" index="28" style="position:fixed;left:48.97742766247538%;top:52.13725490196078%;height:2.372549019607843%;width:1.8330555976367218%;" type="para" /></box><box><div coordinates="815,2670,121,121" index="29" style="position:fixed;left:12.346614149371307%;top:52.352941176470594%;height:2.372549019607843%;width:1.8330555976367218%;" type="para" /></box><box><div coordinates="1432,2675,188,122" index="30" style="position:fixed;left:21.69368277533707%;top:52.450980392156865%;height:2.392156862745098%;width:2.8480533252537494%;" type="para">shall</div></box><box><div coordinates="1678,2679,121,121" index="31" style="position:fixed;left:25.420390849871232%;top:52.52941176470588%;height:2.372549019607843%;width:1.8330555976367218%;" type="para">Pe</div></box><box><div coordinates="3746,2671,121,121" index="32" style="position:fixed;left:56.748977427662474%;top:52.37254901960784%;height:2.372549019607843%;width:1.8330555976367218%;" type="para">S IC</div></box><box><div coordinates="4033,2671,121,121" index="33" style="position:fixed;left:61.096803514619005%;top:52.37254901960784%;height:2.372549019607843%;width:1.8330555976367218%;" type="para" /></box><box><div coordinates="3451,2689,122,121" index="34" style="position:fixed;left:52.27995758218452%;top:52.725490196078425%;height:2.372549019607843%;width:1.8482048174519012%;" type="para">1VO</div></box><box><div coordinates="814,2837,121,121" index="35" style="position:fixed;left:12.331464929556128%;top:55.627450980392155%;height:2.372549019607843%;width:1.8330555976367218%;" type="para" /></box><box><div coordinates="656,2859,126,124" index="36" style="position:fixed;left:9.937888198757763%;top:56.05882352941176%;height:2.431372549019608%;width:1.9088016967126193%;" type="para" /></box><box><div coordinates="898,2855,360,267" index="37" style="position:fixed;left:13.603999394031208%;top:55.98039215686275%;height:5.235294117647059%;width:5.4537191334646264%;" type="para">his fee scl
andard co</div></box><box><div coordinates="1286,2869,2736,292" index="38" style="position:fixed;left:19.48189668232086%;top:56.25490196078431%;height:5.7254901960784315%;width:41.44826541433117%;" type="para">edule is valid for 60 days from date of issue and assumes the execution of
itractual agreements for a minimum term of three years.</div></box><box><div coordinates="4042,2893,121,121" index="39" style="position:fixed;left:61.23314649295561%;top:56.72549019607843%;height:2.372549019607843%;width:1.8330555976367218%;" type="para">ur</div></box><box><div coordinates="792,3171,2386,317" index="40" style="position:fixed;left:11.998182093622178%;top:62.17647058823529%;height:6.215686274509804%;width:36.14603847901833%;" type="para">This fee schedule is confidential information to the parties and s
party without prior written consent of both parties.</div></box><box><div coordinates="652,3193,128,123" index="41" style="position:fixed;left:9.877291319497045%;top:62.6078431372549%;height:2.411764705882353%;width:1.9391001363429785%;" type="para" /></box><box><div coordinates="3298,3199,690,177" index="42" style="position:fixed;left:49.96212695046205%;top:62.725490196078425%;height:3.4705882352941178%;width:10.452961672473867%;" type="para">I not be disclosed t</div></box><box><div coordinates="4069,3203,363,193" index="43" style="position:fixed;left:61.64217542796546%;top:62.80392156862745%;height:3.784313725490196%;width:5.499166792910165%;" type="para">any third</div></box></Blocks></page></doc>