<doc doi="Bi2i_0802" name="/prcanalyt/test-pra1/inventory_module/InputProcessing/677/179/677179FB4249FA252E91A693DF2CF26AA13D9699.pdf"><page num="1" src="img/Bi2i_0802/Bi2i_0802-00.jpg" txt_src="img/Bi2i_0802/Bi2i_0802-00.txt"><Blocks><box><div coordinates="4390,450,121,154" index="0" style="position:fixed;left:66.50507498863809%;top:8.823529411764707%;height:3.019607843137255%;width:1.8330555976367218%;" type="para" /></box><box><div coordinates="4069,499,241,156" index="1" style="position:fixed;left:61.64217542796546%;top:9.784313725490195%;height:3.058823529411765%;width:3.650961975458264%;" type="para" /></box><box><div coordinates="1141,582,2905,826" index="2" style="position:fixed;left:17.28525980911983%;top:11.411764705882353%;height:16.19607843137255%;width:44.008483563096505%;" type="para">STATE STREET BANK &amp; TRUST COMPANY
ACCOUNTING AND CUSTODY
FEE SCHEDULE
FOR
ALLIANZ GLOBAL INVESTORS DISTRIBUTORS, LL.C (&#8220;AGID*)
AS PROGRAM ADMINISTRATOR AND DISTRIBUTOR OF THE
SOUTH DAKOTA COLLEGE ACCESS 529 PLAN</div></box><box><div coordinates="699,1440,157,175" index="3" style="position:fixed;left:10.589304650810483%;top:28.235294117647058%;height:3.431372549019608%;width:2.378427510983184%;" type="para" /></box><box><div coordinates="973,1440,1302,196" index="4" style="position:fixed;left:14.74019088016967%;top:28.235294117647058%;height:3.8431372549019605%;width:19.724284199363733%;" type="para">Accounting and Custody Fees</div></box><box><div coordinates="1005,1653,547,178" index="5" style="position:fixed;left:15.224965914255417%;top:32.41176470588235%;height:3.4901960784313726%;width:8.286623238903196%;" type="para">Annual Fees:</div></box><box><div coordinates="2106,1656,2359,293" index="6" style="position:fixed;left:31.904256930768067%;top:32.470588235294116%;height:5.745098039215686%;width:35.73700954400849%;" type="para">$8,000 per fund per annum for Aged-Based and Multi-
Fund Holdings Funds with External Fund Families</div></box><box><div coordinates="2100,1980,2362,392" index="7" style="position:fixed;left:31.81336161187699%;top:38.82352941176471%;height:7.686274509803921%;width:35.78245720345402%;" type="para">$7,000 per fund per annum for Aged-Based and Multi-
Fund Holdings Funds with PIMCO and Allianz Fund
Families</div></box><box><div coordinates="2104,2410,2062,204" index="8" style="position:fixed;left:31.873958491137707%;top:47.25490196078431%;height:4.0%;width:31.23769125890017%;" type="para">$5,000 per fund per annum for Single Holding Funds</div></box><box><div coordinates="984,2730,929,179" index="9" style="position:fixed;left:14.906832298136646%;top:53.529411764705884%;height:3.5098039215686274%;width:14.073625208301774%;" type="para">Multi-Class Valuation:</div></box><box><div coordinates="2094,2733,2150,200" index="10" style="position:fixed;left:31.722466292985914%;top:53.588235294117645%;height:3.9215686274509802%;width:32.570822602635964%;" type="para">$2,000 per class per annum (waived for the first class)</div></box><box><div coordinates="969,3054,914,179" index="11" style="position:fixed;left:14.679594000908953%;top:59.88235294117648%;height:3.5098039215686274%;width:13.84638691107408%;" type="para">Portfolio Transactions.</div></box><box><div coordinates="2091,3057,1991,410" index="12" style="position:fixed;left:31.67701863354037%;top:59.94117647058823%;height:8.03921568627451%;width:30.16209665202242%;" type="para">$1.50 per mutual fund trade settled through NSCC
$ 3.00 per mutual fund trade settled manually
$ 5.00 per Fed Wire (in/out)</div></box><box><div coordinates="684,3594,195,176" index="13" style="position:fixed;left:10.362066353582792%;top:70.47058823529412%;height:3.4509803921568625%;width:2.9540978639600057%;" type="para">&#167; 8</div></box><box><div coordinates="958,3594,1251,200" index="14" style="position:fixed;left:14.51295258294198%;top:70.47058823529412%;height:3.9215686274509802%;width:18.951673988789576%;" type="para">Notes to the Above Schedule</div></box><box><div coordinates="984,3816,142,170" index="15" style="position:fixed;left:14.906832298136646%;top:74.82352941176471%;height:3.3333333333333335%;width:2.1511892137554915%;" type="para" /></box><box><div coordinates="1242,3810,3206,287" index="16" style="position:fixed;left:18.81533101045296%;top:74.70588235294117%;height:5.627450980392156%;width:48.568398727465535%;" type="para">Asset based fees will be billed monthly at 1/12" of the annual stated rate based on
month-end average net assets.</div></box><box><div coordinates="963,4134,180,176" index="17" style="position:fixed;left:14.588698682017876%;top:81.05882352941177%;height:3.4509803921568625%;width:2.7268595667323132%;" type="para" /></box><box><div coordinates="1230,4134,3218,1066" index="18" style="position:fixed;left:18.633540372670808%;top:81.05882352941177%;height:20.901960784313726%;width:48.750189365247685%;" type="para">The above schedule does not include out-of-pocket or reimbursable expenses that
would be incurred by State Street on the client&#8217;s behalf. Examples of these
expenses include but are not limited to forms, postage, mailing services, telephone
line and long distance charges, remote client hardware, disaster recovery,
magnetic tapes, printing, overnight mailing services. Worldwide sub-custodian
out-of-pocket charges typically included, but not limited to foreign registration,
local taxes, stamp duties, stock exchange fees, script fees, and other unusual
expenses unique to a country in which the account has invested. State Street bills
out-of-pocket expenses separately from service fees.</div></box><box><div coordinates="1233,5218,3203,421" index="19" style="position:fixed;left:18.678988032116344%;top:102.31372549019608%;height:8.254901960784315%;width:48.52295106802%;" type="para">Fund Open and Close fee: after the initial launch date if AGID closes an existing
fund and opens a new fund, a charge of $3,000 will be applied per event.
However, if AGID closes a fund there will be no charge applied.</div></box><box><div coordinates="948,5230,187,165" index="20" style="position:fixed;left:14.361460384790185%;top:102.54901960784312%;height:3.2352941176470593%;width:2.83290410543857%;" type="para" /></box></Blocks></page><page num="2" src="img/Bi2i_0802/Bi2i_0802-01.jpg" txt_src="img/Bi2i_0802/Bi2i_0802-01.txt"><Blocks><box><div coordinates="990,552,166,175" index="0" style="position:fixed;left:14.997727617027723%;top:10.823529411764705%;height:3.431372549019608%;width:2.5147704893198%;" type="para" /></box><box><div coordinates="1269,555,3206,294" index="1" style="position:fixed;left:19.22435994546281%;top:10.882352941176471%;height:5.764705882352941%;width:48.568398727465535%;" type="para">The fees stated above are exclusive of terminal equipment required in the client&#8217;s
location(s) and communication line costs.</div></box><box><div coordinates="987,873,124,178" index="2" style="position:fixed;left:14.952279957582185%;top:17.11764705882353%;height:3.4901960784313726%;width:1.8785032570822602%;" type="para" /></box><box><div coordinates="1260,876,3214,505" index="3" style="position:fixed;left:19.088016967126194%;top:17.176470588235293%;height:9.901960784313726%;width:48.68959248598697%;" type="para">The fees are guaranteed for not less than a three-year period commencing on the
effective date of the service agreement between State Street and AGID. All
changes to the fee schedule will be communicated in writing at least 60 days prior
to their effective date.</div></box><box><div coordinates="981,1413,170,175" index="4" style="position:fixed;left:14.861384638691108%;top:27.705882352941174%;height:3.431372549019608%;width:2.575367368580518%;" type="para" /></box><box><div coordinates="1257,1416,3206,316" index="5" style="position:fixed;left:19.042569307680655%;top:27.764705882352942%;height:6.196078431372549%;width:48.568398727465535%;" type="para">Overdrafts will be calculated at the monthly average Prime rate (as published in
the Wall Street Journal) and charged on the monthly average overdraft balance.</div></box><box><div coordinates="693,1950,1658,1297" index="6" style="position:fixed;left:10.498409331919406%;top:38.23529411764706%;height:25.43137254901961%;width:25.117406453567643%;" type="para">TITLE: Awa 4 WG Neecak
pute, 2/20fl0</div></box><box><div coordinates="2661,1965,1526,289" index="7" style="position:fixed;left:40.312073928192696%;top:38.529411764705884%;height:5.666666666666666%;width:23.117709437963946%;" type="para">STATE STREET BANK &amp; TRUST
COMPANY</div></box><box><div coordinates="2649,2205,1328,374" index="8" style="position:fixed;left:40.130283290410546%;top:43.23529411764706%;height:7.333333333333333%;width:20.1181639145584%;" type="para" /></box><box><div coordinates="1728,2235,124,122" index="9" style="position:fixed;left:26.177851840630208%;top:43.8235294117647%;height:2.392156862745098%;width:1.8785032570822602%;" type="para" /></box><box><div coordinates="687,2293,325,265" index="10" style="position:fixed;left:10.40751401302833%;top:44.96078431372549%;height:5.196078431372549%;width:4.923496439933343%;" type="para">BY:</div></box><box><div coordinates="2397,2391,251,179" index="11" style="position:fixed;left:36.31267989698531%;top:46.88235294117647%;height:3.5098039215686274%;width:3.802454173610059%;" type="para">BY:</div></box><box><div coordinates="2727,2659,1343,243" index="12" style="position:fixed;left:41.311922435994546%;top:52.13725490196078%;height:4.764705882352941%;width:20.345402211786094%;" type="para">LICE poner dea]</div></box><box><div coordinates="2394,2715,314,179" index="13" style="position:fixed;left:36.267232237539766%;top:53.23529411764706%;height:3.5098039215686274%;width:4.756855021966368%;" type="para">TITLE:</div></box><box><div coordinates="2961,2923,728,331" index="14" style="position:fixed;left:44.85683987274655%;top:57.31372549019608%;height:6.490196078431372%;width:11.028632025450689%;" type="para" /></box><box><div coordinates="678,3027,373,178" index="15" style="position:fixed;left:10.271171034691713%;top:59.35294117647059%;height:3.4901960784313726%;width:5.6506589910619605%;" type="para">DATE:</div></box><box><div coordinates="2367,3039,374,179" index="16" style="position:fixed;left:35.858203302529915%;top:59.588235294117645%;height:3.5098039215686274%;width:5.66580821087714%;" type="para">DATE:</div></box><box><div coordinates="916,3415,441,417" index="17" style="position:fixed;left:13.876685350704438%;top:66.96078431372548%;height:8.176470588235295%;width:6.680805938494168%;" type="para">NZ</div></box><box><div coordinates="882,3448,122,123" index="18" style="position:fixed;left:13.361611876988336%;top:67.6078431372549%;height:2.411764705882353%;width:1.8482048174519012%;" type="para" /></box><box><div coordinates="750,3535,124,189" index="19" style="position:fixed;left:11.361914861384639%;top:69.31372549019608%;height:3.705882352941176%;width:1.8785032570822602%;" type="para">~r</div></box><box><div coordinates="5039,4041,61,143" index="20" style="position:fixed;left:76.33691864868959%;top:79.23529411764706%;height:2.803921568627451%;width:0.9241024087259506%;" type="para" /></box><box><div coordinates="3946,6007,225,124" index="21" style="position:fixed;left:59.778821390698376%;top:117.7843137254902%;height:2.431372549019608%;width:3.408574458415391%;" type="para">2/8/20</div></box></Blocks></page></doc>