<doc doi="Bi2i_1009" name="/prcanalyt/test-pra1/inventory_module/InputProcessing/7E4/7AB/7E47ABAE141549CEA58C4B5320FB2244269202BA.pdf"><page num="1" src="img/Bi2i_1009/Bi2i_1009-00.jpg" txt_src="img/Bi2i_1009/Bi2i_1009-00.txt"><Blocks><box><div coordinates="0,0,2366,82" index="0" style="position:fixed;left:0.0%;top:0.0%;height:1.6103692065985857%;width:35.843054082714744%;" type="para" /></box><box><div coordinates="5017,0,75,1550" index="1" style="position:fixed;left:76.00363581275565%;top:0.0%;height:30.439905734485468%;width:1.1361914861384639%;" type="para" /></box><box><div coordinates="681,550,515,450" index="2" style="position:fixed;left:10.31661869413725%;top:10.801256873527102%;height:8.837391987431264%;width:7.801848204817452%;" type="para" /></box><box><div coordinates="1219,711,1088,283" index="3" style="position:fixed;left:18.466898954703833%;top:13.963079340141398%;height:5.557737627651218%;width:16.482351158915314%;" type="para">STATE STREET.

For Everything You Invest [n&gt;</div></box><box><div coordinates="1270,1194,2688,619" index="4" style="position:fixed;left:19.239509165277987%;top:23.448546739984288%;height:12.156323644933229%;width:40.721102863202546%;" type="para">GMO Emerging Country Debt Limited Partnership
BOOK UTILITY SERVICES (2" Basis)
Annual Fee Schedule*

December 2009</div></box><box><div coordinates="0,1483,115,5118" index="5" style="position:fixed;left:0.0%;top:29.12411626080126%;height:100.51060487038492%;width:1.7421602787456445%;" type="para" /></box><box><div coordinates="642,1998,3806,272" index="6" style="position:fixed;left:9.72579912134525%;top:39.238020424194815%;height:5.341712490180676%;width:57.65793061657325%;" type="para">Book Allocation Services</div></box><box><div coordinates="720,2269,2970,220" index="7" style="position:fixed;left:10.907438266929253%;top:44.560094265514536%;height:4.32050274941084%;width:44.99318285108317%;" type="para">This service provides for all of the principal support functions set forth below:</div></box><box><div coordinates="1141,2478,3268,1280" index="8" style="position:fixed;left:17.28525980911983%;top:48.66457187745483%;height:25.13747054202671%;width:49.507650356006664%;" type="para">Create and track a 2&#8482; set of capital balances on a separate fund to incorporate the
IRC 457A rule changes. (NB: current platform will be InvestAl)

Create an additional Performance Measure Account (PMA) file for ECDLP and
ECDLtd to accurately track the 2" basis ending book capital, highwater mark
and hurdle rates.

Creale an offshore feeder trial balance using allocated Profit &amp; Loss amounts of the
2" basis.

Supply the State Street fund accounting with appropriate trial balance bookings to
accurately reflect incentive fee shifts.

Supply State Street tax department with all necessary reporting needed to complete
tax work for ECDLP.</div></box><box><div coordinates="1001,2544,135,122" index="9" style="position:fixed;left:15.1643690349947%;top:49.96072270227808%;height:2.3959151610369207%;width:2.0451446750492352%;" type="para" /></box><box><div coordinates="1004,2760,134,122" index="10" style="position:fixed;left:15.209816694440237%;top:54.20267085624509%;height:2.3959151610369207%;width:2.0299954552340553%;" type="para" /></box><box><div coordinates="1007,3084,135,122" index="11" style="position:fixed;left:15.255264353885774%;top:60.5655930871956%;height:2.3959151610369207%;width:2.0451446750492352%;" type="para" /></box><box><div coordinates="1010,3303,134,122" index="12" style="position:fixed;left:15.300712013331314%;top:64.86645718774548%;height:2.3959151610369207%;width:2.0299954552340553%;" type="para" /></box><box><div coordinates="1013,3519,134,122" index="13" style="position:fixed;left:15.346159672776851%;top:69.10840534171248%;height:2.3959151610369207%;width:2.0299954552340553%;" type="para" /></box><box><div coordinates="3110,3784,428,175" index="14" style="position:fixed;left:47.114073625208306%;top:74.31264728986646%;height:3.4367635506677137%;width:6.483866080896834%;" type="para">$30,000.</div></box><box><div coordinates="1018,3801,676,179" index="15" style="position:fixed;left:15.421905771852751%;top:74.64650432050274%;height:3.515318146111548%;width:10.240872595061354%;" type="para">ANNUAL FEE</div></box><box><div coordinates="4170,4047,299,236" index="16" style="position:fixed;left:63.17224662929859%;top:79.47761194029852%;height:4.634721131186175%;width:4.529616724738676%;" type="para" /></box><box><div coordinates="2849,4059,298,236" index="17" style="position:fixed;left:43.16012725344645%;top:79.71327572663%;height:4.634721131186175%;width:4.514467504923497%;" type="para" /></box><box><div coordinates="3165,4053,616,239" index="18" style="position:fixed;left:47.94728071504318%;top:79.59544383346426%;height:4.69363707776905%;width:9.331919406150584%;" type="para" /></box><box><div coordinates="3819,4051,321,235" index="19" style="position:fixed;left:57.85487047417058%;top:79.55616653574235%;height:4.615082482325216%;width:4.862899560672625%;" type="para" /></box><box><div coordinates="663,4062,2160,254" index="20" style="position:fixed;left:10.04393273746402%;top:79.77219167321287%;height:4.988216810683425%;width:32.722314800787764%;" type="para">Annual Review Option</div></box><box><div coordinates="738,4294,3337,210" index="21" style="position:fixed;left:11.180124223602485%;top:84.32835820895522%;height:4.124116260801257%;width:50.55294652325405%;" type="para">This fee schedule is subject to review by either party one year from the date of signature.</div></box><box><div coordinates="1045,4636,1076,196" index="22" style="position:fixed;left:15.830934706862596%;top:91.04477611940298%;height:3.8491751767478397%;width:16.30056052113316%;" type="para">Agreed to and Accepted by:</div></box><box><div coordinates="1030,4855,1127,823" index="23" style="position:fixed;left:15.603696409634903%;top:95.34564021995287%;height:16.162608012568736%;width:17.073170731707318%;" type="para" /></box><box><div coordinates="1381,5441,379,324" index="24" style="position:fixed;left:20.921072564762916%;top:106.85388845247448%;height:6.3629222309505105%;width:5.741554309953037%;" type="para" /></box><box><div coordinates="712,5794,3727,337" index="25" style="position:fixed;left:10.786244508407817%;top:113.78633150039276%;height:6.618224666142969%;width:56.46114225117407%;" type="para">* This fee schedule is confidential information to the parties and shall not be disclosed to any third
party without prior written consent of both parties.</div></box><box><div coordinates="3954,6136,481,166" index="26" style="position:fixed;left:59.90001514921981%;top:120.50274941084054%;height:3.260015710919089%;width:7.286774731101349%;" type="para">Confidential</div></box><box><div coordinates="1521,6505,3571,96" index="27" style="position:fixed;left:23.041963338888046%;top:127.74941084053417%;height:1.8853102906520032%;width:54.097863960006066%;" type="para" /></box></Blocks></page><page num="2" src="img/Bi2i_1009/Bi2i_1009-01.jpg" txt_src="img/Bi2i_1009/Bi2i_1009-01.txt"><Blocks><box><div coordinates="0,0,5092,6601" index="0" style="position:fixed;left:0.0%;top:0.0%;height:129.63472113118618%;width:77.1398272988941%;" type="para">APPENDIX A
GMO PRIVATE PRODUCTS
(As REVISED DECEMBER 31, 2009)

GMO Alpha Libor (Offshore), L.P. (Series B) State Street Bank and Trust Company

 
   
  
  

 
 
     
   
       

GMO Completion Fund Master Portfolio International Fund Services (Ireland), Ltd.

GMO Alpha Libor (Offshore), L.P. (Series A) | State Street Bank and Trust Company

GMO Currency Hedge Fund Master Portfolio International Fund Services (Ireland), Ltd
(Offshore), L.P.

GMO Emerging Country Debt L.P. State Street Bank and Trust Company |

(Onshore)

GMO Pan-European Long/Short Equity Master | International Fund Services (Ireland), Ltd.
Portfolio (Offshore), L.P.

GMO Short-Term Market Opportunities Fund | International Fund Services (N.A.), L.L.C

   

(Onshore)

This Appendix A, dated December 31, 2009, to the Valuation Manager Agreement by and between each fund
listed on Appendix A, separately and not jointly, and State Street Bank and Trust Company (formerly Investors
Bank and Trust Company) supercedes and replaces any previously executed Annex A between the parties.

EACH FUND LISTED ON APPENDIX A, STATE STREET BANK AND TRUST COMPANY
SEPARATELY AND NOT JOINTLY /

By: J ra, &#8220;A a By:

Name: Name:

Title: Title:

Gregory L. Pottle
Legal Counset Carol M. Lowd

Senior Vice President</div></box><box><div coordinates="568,558,3964,3632" index="1" style="position:fixed;left:8.604756855021966%;top:10.958366064414768%;height:71.32757266300078%;width:60.05150734737161%;" type="para">APPENDIX A
GMO PRIVATE PRODUCTS
(As REVISED DECEMBER 31, 2009)

GMO Alpha Libor (Offshore), L.P. (Series A) State Street Bank and Trust Company
GMO Alpha Libor (Offshore), L.P. (Series B) State Street Bank and Trust Company

GMO Currency Hedge Fund Master Portfolio International Fund Services (Ireland), Ltd.
(Offshore), L.P

GMO Completion Fund Master Portfolio International Fund Services (Ireland), Ltd.
GMO Emerging Country Debt L.P. State Street Bank and Trust Company |
7

GMO Emerging Currency Hedge Fund nternational Fund Services (N.A.), L.L.C.
(Onshore)
GMO Pan-European Long/Short Equity Master
Portfolio (Offshore), L.P.
GMO Short-Term Market Opportunities Fund | International Fund Services (N.A.), L.L.C.
(Onshore)
International Fund Services (N.A.), L.L.C.
International Fund Services (N.A.), L.L.C.</div></box><box><div coordinates="2594,1726,1802,426" index="2" style="position:fixed;left:39.29707620057567%;top:33.89630793401414%;height:8.366064414768264%;width:27.29889410695349%;" type="para">International Fund Services (Ireland), Ltd.

 

State Street Bank and Trust Company
International Fund Services (N.A.), L.L.C.</div></box><box><div coordinates="4368,1819,122,121" index="3" style="position:fixed;left:66.17179215270413%;top:35.72270227808327%;height:2.376276512175962%;width:1.8482048174519012%;" type="para" /></box><box><div coordinates="4140,2175,121,121" index="4" style="position:fixed;left:62.7177700348432%;top:42.714061272584445%;height:2.376276512175962%;width:1.8330555976367218%;" type="para" /></box><box><div coordinates="4381,3357,126,122" index="5" style="position:fixed;left:66.36873201030147%;top:65.92694422623724%;height:2.3959151610369207%;width:1.9088016967126193%;" type="para" /></box><box><div coordinates="475,4231,3955,412" index="6" style="position:fixed;left:7.195879412210271%;top:83.09112333071485%;height:8.091123330714847%;width:59.91516436903499%;" type="para">This Appendix A, dated December 31, 2009, to the Valuation Manager Agreement by and between each fund
listed on Appendix A, separately and not jointly, and State Street Bank and Trust Company (formerly Investors
Bank and Trust Company) supercedes and replaces any previously executed Annex A between the parties.</div></box><box><div coordinates="472,4744,1540,265" index="7" style="position:fixed;left:7.1504317527647325%;top:93.16575019638648%;height:5.204241948153967%;width:23.329798515376456%;" type="para">EACH FUND LISTED ON APPENDIX A,
SEPARATELY AND NOT JOINTLY</div></box><box><div coordinates="2729,4744,1502,169" index="8" style="position:fixed;left:41.34222087562491%;top:93.16575019638648%;height:3.318931657501964%;width:22.75412816239964%;" type="para">STREET BANK AND TRUST COMPANY</div></box><box><div coordinates="2429,4750,271,163" index="9" style="position:fixed;left:36.79745493107105%;top:93.28358208955224%;height:3.2010997643362136%;width:4.10543856991365%;" type="para">STATE</div></box><box><div coordinates="2366,4945,1928,544" index="10" style="position:fixed;left:35.843054082714744%;top:97.11311861743911%;height:10.683424980361352%;width:29.207695803666113%;" type="para">By:
Name:
Title:</div></box><box><div coordinates="970,5023,1039,643" index="11" style="position:fixed;left:14.694743220724133%;top:98.64493322859387%;height:12.627651217596227%;width:15.74003938797152%;" type="para">or

Gregory L. Pottle
Legal Counsel</div></box><box><div coordinates="477,5137,296,352" index="12" style="position:fixed;left:7.22617785184063%;top:100.88373919874311%;height:6.912804399057344%;width:4.484169065293138%;" type="para">Name:
Title:</div></box><box><div coordinates="787,5191,247,190" index="13" style="position:fixed;left:11.92243599454628%;top:101.94422623723487%;height:3.731343283582089%;width:3.7418572943493413%;" type="para" /></box><box><div coordinates="2666,5461,1535,448" index="14" style="position:fixed;left:40.387820027268596%;top:107.24666142969363%;height:8.798114689709347%;width:23.25405241630056%;" type="para">Carol M. Lowd
Senior Vice President</div></box></Blocks></page></doc>