<doc doi="Bi2i_0954" name="/prcanalyt/test-pra1/inventory_module/InputProcessing/77F/39D/77F39D93D611812A9E96656E6D2B1CC8426E2DEA.pdf"><page num="1" src="img/Bi2i_0954/Bi2i_0954-00.jpg" txt_src="img/Bi2i_0954/Bi2i_0954-00.txt"><Blocks><box><div coordinates="241,385,4605,797" index="0" style="position:fixed;left:3.650961975458264%;top:7.549019607843137%;height:15.627450980392158%;width:69.76215724890167%;" type="para">STATE STREET BANK AND TRUST COMPANY

 

HIGHLAND FUNDS (FORMERLY PYXIS FUNDS)

Amendment to
Fee Schedule dated October 1, 2012</div></box><box><div coordinates="209,1240,4666,1394" index="1" style="position:fixed;left:3.1661869413725197%;top:24.313725490196077%;height:27.333333333333332%;width:70.68625965762763%;" type="para">Dated as of September 5, 2013

Reference is made to that certain fee schedule referenced above (the &#8220;Fee Schedule) for Services provided by State Street Bank and
Trust Company or its affiliates (&#8220;State Streef&#8221;) to the Funds pursuant to that certain (a) Custodian Agreement dated as of October 1,
2012 by and between State Street and the Funds (the &#8220;Custody Agreement&#8221;); (b) Master Administration Agreement dated as of
January 7, 2013 by and between State Street and certain of the open-end Funds (the &#8220;Open-End Administration Agreement&#8221;);(c)
Master Sub-Administration Agreement dated as of January 7, 2013 by and between State Street and certain of the open-end Funds (the
&#8220;Open-End Sub-Administration Agreement and together with the Open-End Administration Agreement, the &#8220;Administration
Agreements&#8217;); and (d) Transfer Agency and Service Agreement dated as of October 1, 2012 by and between State Street and the
Funds (the &#8220;Transfer Agency Agreement and together with the Custody Agreement and Administration Agreements, the
&#8220;Agreements,&#8221; all as may be amended, supplemented, restated or otherwise modified from time to time). The parties hereto desire to
amend the Fee Schedule to reference the services described herein. Any capitalized term not defined herein shall have the meaning
assigned to such term in the Fee Schedule.</div></box><box><div coordinates="215,2709,4724,520" index="2" style="position:fixed;left:3.257082260263596%;top:53.11764705882352%;height:10.196078431372548%;width:71.56491440690804%;" type="para">Section I of the Fee Schedule, entitled &#8220;Fund Accounting, Fund Administration, Daily Calculation of NAV and Loan Services&#8221; is
amended to add the following Fund Administration fees:</div></box><box><div coordinates="3618,2969,256,167" index="3" style="position:fixed;left:54.809877291319495%;top:58.21568627450981%;height:3.2745098039215685%;width:3.878200272685957%;" type="para">f NAV ;</div></box><box><div coordinates="3911,2969,167,167" index="4" style="position:fixed;left:59.2485986971671%;top:58.21568627450981%;height:3.2745098039215685%;width:2.5299197091349797%;" type="para">nd 1c</div></box><box><div coordinates="4080,2987,143,149" index="5" style="position:fixed;left:61.808816845932434%;top:58.568627450980394%;height:2.9215686274509807%;width:2.166338433570671%;" type="para">yan S</div></box><box><div coordinates="4225,2987,121,149" index="6" style="position:fixed;left:64.00545371913347%;top:58.568627450980394%;height:2.9215686274509807%;width:1.8330555976367218%;" type="para">erv</div></box><box><div coordinates="4480,2988,121,148" index="7" style="position:fixed;left:67.86850477200424%;top:58.58823529411765%;height:2.9019607843137254%;width:1.8330555976367218%;" type="para">jy. 8

1S</div></box><box><div coordinates="267,3236,1302,279" index="8" style="position:fixed;left:4.044841690652931%;top:63.450980392156865%;height:5.470588235294118%;width:19.724284199363733%;" type="para">STATE STREET PRONAVIGATOR &gt;
Prospectus / Summary Prospectus *</div></box><box><div coordinates="3364,3349,342,263" index="9" style="position:fixed;left:50.9619754582639%;top:65.66666666666666%;height:5.156862745098039%;width:5.181033176791396%;" type="para">Per Page
$145</div></box><box><div coordinates="285,3543,122,122" index="10" style="position:fixed;left:4.317527647326163%;top:69.47058823529412%;height:2.392156862745098%;width:1.8482048174519012%;" type="para">*4</div></box><box><div coordinates="1886,3555,191,142" index="11" style="position:fixed;left:28.57142857142857%;top:69.70588235294117%;height:2.784313725490196%;width:2.893500984699288%;" type="para">nanag:</div></box><box><div coordinates="2836,3556,121,121" index="12" style="position:fixed;left:42.96318739584911%;top:69.72549019607843%;height:2.372549019607843%;width:1.8330555976367218%;" type="para">1 agi</div></box><box><div coordinates="270,3717,4541,376" index="13" style="position:fixed;left:4.0902893500984705%;top:72.88235294117648%;height:7.372549019607844%;width:68.79260718073019%;" type="para">All costs incurred following transferring summary prospectuses, prospectuses, statements of additional information, Part Cs and
exhibits to the Fund&#8217;s financial printer remain the responsibility of the Fund. Such costs include, but are not limited to, edits made by
the Fund's financial printer, filing with the SEC, printing, mailing and fulfillment &#8212;related charges.</div></box><box><div coordinates="215,4176,4723,614" index="14" style="position:fixed;left:3.257082260263596%;top:81.88235294117648%;height:12.03921568627451%;width:71.54976518709286%;" type="para">[1B General

This Amendment is intended to modify and amend the Fee Schedule and the terms of this Amendment and the Fee Schedule are to be
construed to be cumulative and not exclusive to each other. The Fee Schedule, as amended hereby, is hereby ratified and confirmed
and remains in full force and effect.</div></box><box><div coordinates="1724,4911,1625,186" index="15" style="position:fixed;left:26.11725496136949%;top:96.29411764705881%;height:3.6470588235294117%;width:24.617482199666718%;" type="para">[Remainder of page intentionally left blank.]</div></box></Blocks></page><page num="2" src="img/Bi2i_0954/Bi2i_0954-01.jpg" txt_src="img/Bi2i_0954/Bi2i_0954-01.txt"><Blocks><box><div coordinates="212,500,4767,255" index="0" style="position:fixed;left:3.2116346008180576%;top:9.803921568627452%;height:5.0%;width:72.21633085896076%;" type="para">IIR NY Fd BTR oD</div></box><box><div coordinates="269,760,1772,173" index="1" style="position:fixed;left:4.07514013028329%;top:14.901960784313726%;height:3.392156862745098%;width:26.844417512498108%;" type="para">STATE STREET BANK AND TRUST COMPANY</div></box><box><div coordinates="272,1048,154,168" index="2" style="position:fixed;left:4.1205877897288286%;top:20.54901960784314%;height:3.294117647058824%;width:2.332979851537646%;" type="para">By:</div></box><box><div coordinates="284,1236,206,169" index="3" style="position:fixed;left:4.302378427510983%;top:24.235294117647058%;height:3.313725490196078%;width:3.120739281926981%;" type="para">Title:</div></box><box><div coordinates="272,1427,215,169" index="4" style="position:fixed;left:4.1205877897288286%;top:27.98039215686274%;height:3.313725490196078%;width:3.257082260263596%;" type="para">Date:</div></box><box><div coordinates="272,1947,1920,720" index="5" style="position:fixed;left:4.1205877897288286%;top:38.1764705882353%;height:14.117647058823529%;width:29.086502045144673%;" type="para">HIGHLAND FUNDS I, HIGHLAND FUNDS II,

EACH ON BEHALF OJ-ITSELF OR ITS POTFOLIOS,
AS APPLICABL</div></box><box><div coordinates="275,2467,185,144" index="6" style="position:fixed;left:4.166035449174368%;top:48.37254901960784%;height:2.823529411764706%;width:2.802605665808211%;" type="para">By:</div></box><box><div coordinates="285,2633,223,170" index="7" style="position:fixed;left:4.317527647326163%;top:51.627450980392155%;height:3.3333333333333335%;width:3.3782760187850327%;" type="para">Title:</div></box><box><div coordinates="1564,2694,417,343" index="8" style="position:fixed;left:23.693379790940767%;top:52.8235294117647%;height:6.725490196078432%;width:6.317224662929859%;" type="para" /></box><box><div coordinates="902,2763,592,326" index="9" style="position:fixed;left:13.664596273291925%;top:54.17647058823529%;height:6.3921568627450975%;width:8.968338130586275%;" type="para" /></box><box><div coordinates="273,2825,195,169" index="10" style="position:fixed;left:4.135737009544008%;top:55.392156862745104%;height:3.313725490196078%;width:2.9540978639600057%;" type="para">Date</div></box></Blocks></page></doc>