<doc doi="Bi2i_0994" name="/prcanalyt/test-pra1/inventory_module/InputProcessing/7CB/E12/7CBE129CB673C91CE8D190EDAF3F38B04DC95C51.pdf"><page num="1" src="img/Bi2i_0994/Bi2i_0994-00.jpg" txt_src="img/Bi2i_0994/Bi2i_0994-00.txt"><Blocks><box><div coordinates="1163,541,2954,816" index="0" style="position:fixed;left:17.61854264505378%;top:10.607843137254902%;height:16.0%;width:44.75079533404029%;" type="para">State Street Trust Company Canada (&#8220;SSTCC&#8221;)
General Motors of Canada Limited (the &#8220;Client&#8217;&#8217;)
Fee Schedule for the Trust Funds Established for the
Plans Described in Schedule &#8220;A&#8221; hereto
July 1, 2013
(All amounts are in Canadian Dollars unless otherwise noted)</div></box><box><div coordinates="784,1502,2270,212" index="1" style="position:fixed;left:11.876988335100743%;top:29.45098039215686%;height:4.156862745098039%;width:34.38872898045751%;" type="para">Trust/Custody/Accounting - Asset Based Charges:</div></box><box><div coordinates="784,1719,122,122" index="2" style="position:fixed;left:11.876988335100743%;top:33.705882352941174%;height:2.392156862745098%;width:1.8482048174519012%;" type="para" /></box><box><div coordinates="1011,1721,227,511" index="3" style="position:fixed;left:15.315861233146494%;top:33.74509803921569%;height:10.019607843137255%;width:3.4388728980457506%;" type="para">ollow
Dail
Mor
Mas</div></box><box><div coordinates="1800,1730,149,176" index="4" style="position:fixed;left:27.26859566732313%;top:33.92156862745098%;height:3.4509803921568625%;width:2.2572337524617483%;" type="para">ll</div></box><box><div coordinates="3410,1746,143,397" index="5" style="position:fixed;left:51.65883956976216%;top:34.23529411764706%;height:7.784313725490197%;width:2.166338433570671%;" type="para">alu
nts
ints</div></box><box><div coordinates="2267,1763,214,126" index="6" style="position:fixed;left:34.34328132101197%;top:34.568627450980394%;height:2.4705882352941173%;width:3.241933040448417%;" type="para">sed 01</div></box><box><div coordinates="2619,1765,147,134" index="7" style="position:fixed;left:39.67580669595516%;top:34.6078431372549%;height:2.627450980392157%;width:2.2269353128313893%;" type="para">ontl</div></box><box><div coordinates="2870,1764,151,145" index="8" style="position:fixed;left:43.47826086956522%;top:34.588235294117645%;height:2.843137254901961%;width:2.2875321920921072%;" type="para">nd 1</div></box><box><div coordinates="1269,1838,853,411" index="9" style="position:fixed;left:19.22435994546281%;top:36.03921568627451%;height:8.058823529411764%;width:12.92228450234813%;" type="para">TTY SUT O TT $V 44a WSN SAL

/ Valued Assets
hly Valued Assets
er Recordkeeping As</div></box><box><div coordinates="3058,1878,228,269" index="10" style="position:fixed;left:46.32631419481897%;top:36.8235294117647%;height:5.2745098039215685%;width:3.4540221178609305%;" type="para">basis
basis</div></box><box><div coordinates="2946,2106,158,127" index="11" style="position:fixed;left:44.62960157551886%;top:41.294117647058826%;height:2.4901960784313726%;width:2.393576730798364%;" type="para">30t</div></box><box><div coordinates="764,2290,998,748" index="12" style="position:fixed;left:11.574003938797151%;top:44.90196078431373%;height:14.666666666666666%;width:15.11892137554916%;" type="para">Portfolio Charges:
Domestic Portfoli

Commingled Port
International Port
Prime Broker Por
Master Recordkece</div></box><box><div coordinates="3157,2447,121,135" index="13" style="position:fixed;left:47.82608695652174%;top:47.98039215686274%;height:2.6470588235294117%;width:1.8330555976367218%;" type="para">0 /</div></box><box><div coordinates="3416,2464,256,594" index="14" style="position:fixed;left:51.74973488865323%;top:48.31372549019608%;height:11.647058823529411%;width:3.878200272685957%;" type="para">'tfolio
'tfolio
'tfolio
'tfolio
tfolio</div></box><box><div coordinates="1798,2533,198,509" index="15" style="position:fixed;left:27.238297227692776%;top:49.666666666666664%;height:9.980392156862745%;width:2.9995455234055446%;" type="para">olios
olios
'ol10s
ing</div></box><box><div coordinates="1266,2551,192,485" index="16" style="position:fixed;left:19.17891228601727%;top:50.01960784313726%;height:9.509803921568627%;width:2.9086502045144678%;" type="para">ning
1at101
&gt; Bro
1 Re</div></box><box><div coordinates="2896,2669,380,367" index="17" style="position:fixed;left:43.87214058475988%;top:52.33333333333333%;height:7.196078431372549%;width:5.756703529768217%;" type="para">$2.500 /
$1.500 /
$1,500 /</div></box><box><div coordinates="1970,2878,319,168" index="18" style="position:fixed;left:29.843963035903652%;top:56.431372549019606%;height:3.294117647058824%;width:4.832601121042266%;" type="para">Portfoli</div></box><box><div coordinates="794,3086,1232,1322" index="19" style="position:fixed;left:12.028480533252537%;top:60.509803921568626%;height:25.92156862745098%;width:18.66383881230117%;" type="para">Portfolio Activity Charges:
DTC/Fed

Commingled

In-Kind Security Trans:
Loan Transactions
Prime Broker / MRK
Third Party F/X
Futures/Derivatives
Options

Physicals

International</div></box><box><div coordinates="3410,3261,121,124" index="20" style="position:fixed;left:51.65883956976216%;top:63.94117647058823%;height:2.431372549019608%;width:1.8330555976367218%;" type="para">acl</div></box><box><div coordinates="3094,3355,200,493" index="21" style="position:fixed;left:46.87168610816543%;top:65.7843137254902%;height:9.666666666666666%;width:3.0298439630359035%;" type="para">er tr.
er (r.
er tr:
er tr.</div></box><box><div coordinates="1743,3447,122,167" index="22" style="position:fixed;left:26.4050901378579%;top:67.58823529411765%;height:3.2745098039215685%;width:1.8482048174519012%;" type="para">Tr</div></box><box><div coordinates="2075,3464,141,154" index="23" style="position:fixed;left:31.434631116497503%;top:67.92156862745098%;height:3.019607843137255%;width:2.136039993940312%;" type="para">{101</div></box><box><div coordinates="2890,3688,188,466" index="24" style="position:fixed;left:43.781245265868804%;top:72.31372549019608%;height:9.137254901960784%;width:2.8480533252537494%;" type="para" /></box><box><div coordinates="3438,3828,121,144" index="25" style="position:fixed;left:52.08301772458719%;top:75.05882352941177%;height:2.823529411764706%;width:1.8330555976367218%;" type="para" /></box><box><div coordinates="3161,3933,123,382" index="26" style="position:fixed;left:47.886683835782456%;top:77.11764705882352%;height:7.490196078431373%;width:1.8633540372670807%;" type="para">er |
er |
er</div></box><box><div coordinates="3412,3951,301,365" index="27" style="position:fixed;left:51.68913800939252%;top:77.47058823529412%;height:7.156862745098039%;width:4.559915164369035%;" type="para">saction
saction
saction</div></box><box><div coordinates="1205,4150,208,605" index="28" style="position:fixed;left:18.25480987729132%;top:81.37254901960785%;height:11.862745098039214%;width:3.1510377215573397%;" type="para">sicals
rnatie
Dev
Mat
Eme</div></box><box><div coordinates="3022,4164,122,126" index="29" style="position:fixed;left:45.780942281472505%;top:81.64705882352942%;height:2.4705882352941173%;width:1.8482048174519012%;" type="para">0 |</div></box><box><div coordinates="1445,4353,402,398" index="30" style="position:fixed;left:21.890622632934402%;top:85.35294117647058%;height:7.803921568627451%;width:6.089986365702167%;" type="para">oped Mk
ring Mkts
rging Mkt</div></box><box><div coordinates="2888,4376,121,122" index="31" style="position:fixed;left:43.75094682623845%;top:85.80392156862744%;height:2.392156862745098%;width:1.8330555976367218%;" type="para" /></box><box><div coordinates="3159,4391,123,381" index="32" style="position:fixed;left:47.8563853961521%;top:86.09803921568627%;height:7.470588235294118%;width:1.8633540372670807%;" type="para">er |
er
er |</div></box><box><div coordinates="3434,4400,242,362" index="33" style="position:fixed;left:52.022420845326465%;top:86.27450980392157%;height:7.098039215686275%;width:3.6661111952734435%;" type="para">Sact1o
action
action</div></box><box><div coordinates="2992,4506,150,227" index="34" style="position:fixed;left:45.32646568701712%;top:88.3529411764706%;height:4.450980392156863%;width:2.2723829722769278%;" type="para">20 |
45 1</div></box><box><div coordinates="744,4809,1018,521" index="35" style="position:fixed;left:11.271019542493562%;top:94.29411764705883%;height:10.215686274509803%;width:15.421905771852751%;" type="para">Global Sub-Custody:*
Developed Mkts

Maturing Mkts
Emerging Mkts</div></box><box><div coordinates="2873,4964,140,264" index="36" style="position:fixed;left:43.523708529010754%;top:97.33333333333334%;height:5.176470588235294%;width:2.1208907741251326%;" type="para" /></box><box><div coordinates="822,5493,156,177" index="37" style="position:fixed;left:12.452658688077564%;top:107.70588235294119%;height:3.4705882352941178%;width:2.363278291168005%;" type="para">&#8216;Re</div></box><box><div coordinates="1569,5499,158,178" index="38" style="position:fixed;left:23.769125890016664%;top:107.8235294117647%;height:3.4901960784313726%;width:2.393576730798364%;" type="para" /></box><box><div coordinates="1009,5518,121,154" index="39" style="position:fixed;left:15.285562793516133%;top:108.19607843137256%;height:3.019607843137255%;width:1.8330555976367218%;" type="para">er |</div></box><box><div coordinates="1270,5522,149,143" index="40" style="position:fixed;left:19.239509165277987%;top:108.27450980392157%;height:2.803921568627451%;width:2.2572337524617483%;" type="para">che</div></box><box><div coordinates="2356,6034,127,175" index="41" style="position:fixed;left:35.691561884562944%;top:118.31372549019608%;height:3.431372549019608%;width:1.9239509165277988%;" type="para">1]</div></box></Blocks></page><page num="2" src="img/Bi2i_0994/Bi2i_0994-01.jpg" txt_src="img/Bi2i_0994/Bi2i_0994-01.txt"><Blocks><box><div coordinates="765,631,463,202" index="0" style="position:fixed;left:11.58915315861233%;top:12.372549019607842%;height:3.96078431372549%;width:7.014088774428116%;" type="para">Services</div></box><box><div coordinates="766,866,1567,634" index="1" style="position:fixed;left:11.604302378427512%;top:16.980392156862745%;height:12.431372549019608%;width:23.738827450386303%;" type="para">State Street Investment Analytics:
Performance &amp; Analytics
Gross Return: Daily Valued
$2,500 per portfolio/ aggreg
comparison/blended benchn</div></box><box><div coordinates="1737,1098,228,390" index="2" style="position:fixed;left:26.314194818966826%;top:21.529411764705884%;height:7.647058823529412%;width:3.4540221178609305%;" type="para">: Dail
rtfoli
lende</div></box><box><div coordinates="1988,1102,242,406" index="3" style="position:fixed;left:30.116648992576884%;top:21.6078431372549%;height:7.96078431372549%;width:3.6661111952734435%;" type="para">7 Valu

/ agg
| benc</div></box><box><div coordinates="2301,1104,200,405" index="4" style="position:fixed;left:34.85835479472807%;top:21.64705882352941%;height:7.941176470588235%;width:3.0298439630359035%;" type="para">| Fun
yate/(
nark;</div></box><box><div coordinates="3139,1225,121,169" index="5" style="position:fixed;left:47.553400999848506%;top:24.019607843137255%;height:3.313725490196078%;width:1.8330555976367218%;" type="para">rk</div></box><box><div coordinates="2619,1255,139,252" index="6" style="position:fixed;left:39.67580669595516%;top:24.6078431372549%;height:4.941176470588235%;width:2.105741554309953%;" type="para">LOM
"an</div></box><box><div coordinates="2771,1256,121,121" index="7" style="position:fixed;left:41.97848810786245%;top:24.627450980392158%;height:2.372549019607843%;width:1.8330555976367218%;" type="para" /></box><box><div coordinates="3707,1253,121,174" index="8" style="position:fixed;left:56.158157854870474%;top:24.568627450980394%;height:3.4117647058823533%;width:1.8330555976367218%;" type="para">/pe</div></box><box><div coordinates="1545,1358,249,143" index="9" style="position:fixed;left:23.405544614452356%;top:26.627450980392158%;height:2.803921568627451%;width:3.7721557339797%;" type="para">on/ble</div></box><box><div coordinates="1141,1554,525,403" index="10" style="position:fixed;left:17.28525980911983%;top:30.470588235294116%;height:7.901960784313726%;width:7.953340402969247%;" type="para">Gross Retul
$1,200 per |
comparison</div></box><box><div coordinates="1737,1558,316,391" index="11" style="position:fixed;left:26.314194818966826%;top:30.549019607843135%;height:7.666666666666666%;width:4.787153461596728%;" type="para">- Month
rtfolio/
lended |</div></box><box><div coordinates="2075,1560,176,405" index="12" style="position:fixed;left:31.434631116497503%;top:30.58823529411765%;height:7.941176470588235%;width:2.666262687471595%;" type="para" /></box><box><div coordinates="2340,1562,204,405" index="13" style="position:fixed;left:35.44917436752007%;top:30.627450980392158%;height:7.941176470588235%;width:3.090440842296622%;" type="para">ed Fu
te/cl
ark/r</div></box><box><div coordinates="2617,1566,194,397" index="14" style="position:fixed;left:39.6455082563248%;top:30.705882352941178%;height:7.784313725490197%;width:2.9389486441448267%;" type="para">d/ Pp Cc
om |
Cann</div></box><box><div coordinates="2872,1599,155,146" index="15" style="position:fixed;left:43.508559309195576%;top:31.35294117647059%;height:2.8627450980392157%;width:2.348129071352825%;" type="para">orm</div></box><box><div coordinates="3147,1597,121,121" index="16" style="position:fixed;left:47.67459475836994%;top:31.313725490196077%;height:2.372549019607843%;width:1.8330555976367218%;" type="para" /></box><box><div coordinates="3711,1724,121,122" index="17" style="position:fixed;left:56.218754734131196%;top:33.80392156862745%;height:2.392156862745098%;width:1.8330555976367218%;" type="para">/ PC</div></box><box><div coordinates="1543,1816,249,143" index="18" style="position:fixed;left:23.375246174821996%;top:35.6078431372549%;height:2.803921568627451%;width:3.7721557339797%;" type="para">son/bl&#162;</div></box><box><div coordinates="2490,1827,122,123" index="19" style="position:fixed;left:37.721557339797%;top:35.8235294117647%;height:2.411764705882353%;width:1.8482048174519012%;" type="para">&#8216;pe</div></box><box><div coordinates="1148,2010,265,401" index="20" style="position:fixed;left:17.391304347826086%;top:39.411764705882355%;height:7.862745098039216%;width:4.014543251022572%;" type="para">Mont
Addit
comp</div></box><box><div coordinates="1520,2016,456,404" index="21" style="position:fixed;left:23.026814119072867%;top:39.52941176470588%;height:7.92156862745098%;width:6.908044235721861%;" type="para">Net of Ma
al $175 pe
son/blende</div></box><box><div coordinates="2059,2020,485,406" index="22" style="position:fixed;left:31.192243599454628%;top:39.6078431372549%;height:7.96078431372549%;width:7.3473716103620665%;" type="para">ger Fees Re
ortfolio/agg
enchmark/y</div></box><box><div coordinates="2611,2024,420,282" index="23" style="position:fixed;left:39.55461293743372%;top:39.68627450980392%;height:5.529411764705882%;width:6.362672322375397%;" type="para">rm: Month
&gt;gate/custo</div></box><box><div coordinates="3090,2028,210,276" index="24" style="position:fixed;left:46.81108922890471%;top:39.76470588235294%;height:5.411764705882352%;width:3.1813361611876987%;" type="para">7 Vali
1 ben</div></box><box><div coordinates="3403,2030,150,287" index="25" style="position:fixed;left:51.5527950310559%;top:39.80392156862745%;height:5.627450980392156%;width:2.2723829722769278%;" type="para">| Fu
marl</div></box><box><div coordinates="3638,2032,188,273" index="26" style="position:fixed;left:55.11286168762308%;top:39.84313725490196%;height:5.352941176470588%;width:2.8480533252537494%;" type="para">/Dai
alcu</div></box><box><div coordinates="3887,2034,188,291" index="27" style="position:fixed;left:58.88501742160279%;top:39.88235294117647%;height:5.705882352941177%;width:2.8480533252537494%;" type="para">7 Val
tion/</div></box><box><div coordinates="4202,2054,172,159" index="28" style="position:fixed;left:63.65702166338434%;top:40.27450980392157%;height:3.1176470588235294%;width:2.605665808210877%;" type="para">| Ful</div></box><box><div coordinates="2633,2282,121,143" index="29" style="position:fixed;left:39.887895773367674%;top:44.745098039215684%;height:2.803921568627451%;width:1.8330555976367218%;" type="para">an</div></box><box><div coordinates="1147,2468,266,407" index="30" style="position:fixed;left:17.376155128010907%;top:48.392156862745104%;height:7.980392156862745%;width:4.029692470837752%;" type="para">Mont
Addit
comp</div></box><box><div coordinates="1430,2474,533,398" index="31" style="position:fixed;left:21.663384335706713%;top:48.509803921568626%;height:7.803921568627451%;width:8.074534161490684%;" type="para">1ly Net All Fe
ional $175 pe
wrison/blende</div></box><box><div coordinates="2010,2476,222,405" index="32" style="position:fixed;left:30.449931828510834%;top:48.549019607843135%;height:7.941176470588235%;width:3.3631267989698532%;" type="para">&gt; Retu
portf
beng]</div></box><box><div coordinates="2341,2480,177,403" index="33" style="position:fixed;left:35.46432358733525%;top:48.627450980392155%;height:7.901960784313726%;width:2.681411907286775%;" type="para">n/ag
ark/|</div></box><box><div coordinates="2607,2480,226,403" index="34" style="position:fixed;left:39.494016058173%;top:48.627450980392155%;height:7.901960784313726%;width:3.423723678230571%;" type="para">hly V
&gt;gate/
r annu</div></box><box><div coordinates="2878,2484,270,286" index="35" style="position:fixed;left:43.599454628086654%;top:48.705882352941174%;height:5.607843137254902%;width:4.0902893500984705%;" type="para">lued Fu
ustom |</div></box><box><div coordinates="3157,2486,274,177" index="36" style="position:fixed;left:47.82608695652174%;top:48.745098039215684%;height:3.4705882352941178%;width:4.150886229359188%;" type="para">ind/Da</div></box><box><div coordinates="3823,2508,122,159" index="37" style="position:fixed;left:57.915467353431296%;top:49.1764705882353%;height:3.1176470588235294%;width:1.8482048174519012%;" type="para">| Fu</div></box><box><div coordinates="3952,2519,149,262" index="38" style="position:fixed;left:59.86971670958946%;top:49.3921568627451%;height:5.137254901960785%;width:2.2572337524617483%;" type="para">ind:
on/j</div></box><box><div coordinates="3677,2523,121,139" index="39" style="position:fixed;left:55.70368126041508%;top:49.470588235294116%;height:2.7254901960784315%;width:1.8330555976367218%;" type="para" /></box><box><div coordinates="3432,2534,219,243" index="40" style="position:fixed;left:51.99212240569611%;top:49.68627450980392%;height:4.764705882352941%;width:3.317679139524315%;" type="para">ily Vi
1ark &#162;</div></box><box><div coordinates="1531,2930,261,260" index="41" style="position:fixed;left:23.193455537039842%;top:57.45098039215686%;height:5.098039215686274%;width:3.9539463717618544%;" type="para">&gt; Repo
er ann</div></box><box><div coordinates="1262,2957,157,241" index="42" style="position:fixed;left:19.118315406756555%;top:57.98039215686275%;height:4.7254901960784315%;width:2.378427510983184%;" type="para">Nive

,00</div></box><box><div coordinates="1806,2953,135,270" index="43" style="position:fixed;left:27.359490986214208%;top:57.90196078431372%;height:5.294117647058823%;width:2.0451446750492352%;" type="para">tin,
1m</div></box><box><div coordinates="1946,3047,122,176" index="44" style="position:fixed;left:29.48038176033934%;top:59.745098039215684%;height:3.4509803921568625%;width:1.8482048174519012%;" type="para">(&#8216;Tc</div></box><box><div coordinates="2613,3069,147,157" index="45" style="position:fixed;left:39.58491137706408%;top:60.1764705882353%;height:3.0784313725490198%;width:2.2269353128313893%;" type="para">otal</div></box><box><div coordinates="2089,3078,121,143" index="46" style="position:fixed;left:31.646720193910017%;top:60.35294117647059%;height:2.803921568627451%;width:1.8330555976367218%;" type="para" /></box><box><div coordinates="3179,3096,121,128" index="47" style="position:fixed;left:48.159369792455685%;top:60.705882352941174%;height:2.5098039215686274%;width:1.8330555976367218%;" type="para">hm</div></box><box><div coordinates="3438,3096,121,121" index="48" style="position:fixed;left:52.08301772458719%;top:60.705882352941174%;height:2.372549019607843%;width:1.8330555976367218%;" type="para">on</div></box><box><div coordinates="3598,3094,122,125" index="49" style="position:fixed;left:54.5068928950159%;top:60.66666666666667%;height:2.450980392156863%;width:1.8482048174519012%;" type="para">y)</div></box><box><div coordinates="2362,3100,121,124" index="50" style="position:fixed;left:35.78245720345402%;top:60.78431372549019%;height:2.431372549019608%;width:1.8330555976367218%;" type="para">1 al</div></box><box><div coordinates="1011,3266,121,176" index="51" style="position:fixed;left:15.315861233146494%;top:64.0392156862745%;height:3.4509803921568625%;width:1.8330555976367218%;" type="para">pli:</div></box><box><div coordinates="758,3284,123,137" index="52" style="position:fixed;left:11.483108619906075%;top:64.3921568627451%;height:2.686274509803922%;width:1.8633540372670807%;" type="para" /></box><box><div coordinates="3159,3305,123,140" index="53" style="position:fixed;left:47.8563853961521%;top:64.80392156862746%;height:2.7450980392156863%;width:1.8633540372670807%;" type="para">80</div></box><box><div coordinates="3693,3319,121,147" index="54" style="position:fixed;left:55.94606877745796%;top:65.07843137254902%;height:2.8823529411764706%;width:1.8330555976367218%;" type="para">Im |</div></box><box><div coordinates="3976,3329,121,124" index="55" style="position:fixed;left:60.23329798515377%;top:65.27450980392156%;height:2.431372549019608%;width:1.8330555976367218%;" type="para">OI</div></box><box><div coordinates="4227,3329,121,124" index="56" style="position:fixed;left:64.03575215876383%;top:65.27450980392156%;height:2.431372549019608%;width:1.8330555976367218%;" type="para" /></box><box><div coordinates="3440,3339,121,122" index="57" style="position:fixed;left:52.11331616421754%;top:65.47058823529412%;height:2.392156862745098%;width:1.8330555976367218%;" type="para">I&#8221; dl</div></box><box><div coordinates="830,3614,740,408" index="58" style="position:fixed;left:12.573852446599002%;top:70.86274509803921%;height:8.0%;width:11.210422663232844%;" type="para">I'ransfer Agency
Portfolios
Transact</div></box><box><div coordinates="3127,3763,188,253" index="59" style="position:fixed;left:47.37161036206635%;top:73.7843137254902%;height:4.96078431372549%;width:2.8480533252537494%;" type="para">,100
00 1</div></box><box><div coordinates="3418,3771,145,236" index="60" style="position:fixed;left:51.780033328283594%;top:73.94117647058823%;height:4.627450980392156%;width:2.1966368732010304%;" type="para">I Pe
trai</div></box><box><div coordinates="3717,3791,121,137" index="61" style="position:fixed;left:56.30965005302227%;top:74.33333333333333%;height:2.686274509803922%;width:1.8330555976367218%;" type="para">110</div></box><box><div coordinates="1541,3880,141,140" index="62" style="position:fixed;left:23.34494773519164%;top:76.07843137254902%;height:2.7450980392156863%;width:2.136039993940312%;" type="para">101</div></box><box><div coordinates="761,4071,1184,532" index="63" style="position:fixed;left:11.528556279351614%;top:79.82352941176471%;height:10.431372549019608%;width:17.93667626117255%;" type="para">Bank Loan Servicing
Ist 50 Bank Loans
51-99 bank Loans
100+ Bank Loans</div></box><box><div coordinates="3388,4209,175,393" index="64" style="position:fixed;left:51.3255567338282%;top:82.52941176470588%;height:7.705882352941177%;width:2.651113467656416%;" type="para">er lo
loar
loan</div></box><box><div coordinates="3051,4210,237,380" index="65" style="position:fixed;left:46.22026965611271%;top:82.54901960784314%;height:7.450980392156863%;width:3.590365096197546%;" type="para">51,10(
5950
b850 |</div></box><box><div coordinates="3968,4238,143,381" index="66" style="position:fixed;left:60.112104226632326%;top:83.09803921568627%;height:7.470588235294118%;width:2.166338433570671%;" type="para">IIT)
mM</div></box><box><div coordinates="816,4649,903,318" index="67" style="position:fixed;left:12.361763369186487%;top:91.15686274509804%;height:6.235294117647059%;width:13.679745493107104%;" type="para">I'inancial Reporting
Preparation o

ioe 1 Lo</div></box><box><div coordinates="2340,4776,157,283" index="68" style="position:fixed;left:35.44917436752007%;top:93.64705882352942%;height:5.549019607843137%;width:2.378427510983184%;" type="para">nd

| sta</div></box><box><div coordinates="2077,4797,143,262" index="69" style="position:fixed;left:31.464929556127856%;top:94.05882352941177%;height:5.137254901960785%;width:2.166338433570671%;" type="para">1
arn</div></box><box><div coordinates="1810,4804,149,259" index="70" style="position:fixed;left:27.42008786547493%;top:94.19607843137256%;height:5.078431372549019%;width:2.2572337524617483%;" type="para">emi
nua</div></box><box><div coordinates="3046,4918,228,155" index="71" style="position:fixed;left:46.14452355703681%;top:96.43137254901961%;height:3.0392156862745097%;width:3.4540221178609305%;" type="para">510,0(</div></box><box><div coordinates="2645,4920,121,144" index="72" style="position:fixed;left:40.069686411149824%;top:96.47058823529412%;height:2.823529411764706%;width:1.8330555976367218%;" type="para">ent</div></box><box><div coordinates="3693,4920,121,132" index="73" style="position:fixed;left:55.94606877745796%;top:96.47058823529412%;height:2.588235294117647%;width:1.8330555976367218%;" type="para">[ {1</div></box><box><div coordinates="3454,4936,121,141" index="74" style="position:fixed;left:52.32540524163005%;top:96.78431372549021%;height:2.764705882352941%;width:1.8330555976367218%;" type="para" /></box><box><div coordinates="758,5105,1591,211" index="75" style="position:fixed;left:11.483108619906075%;top:100.09803921568627%;height:4.137254901960785%;width:24.102408725950614%;" type="para">Fiduciary &amp; Regulatory Reporting</div></box><box><div coordinates="3165,5144,121,143" index="76" style="position:fixed;left:47.94728071504318%;top:100.86274509803921%;height:2.803921568627451%;width:1.8330555976367218%;" type="para">3,01</div></box><box><div coordinates="3715,5154,121,167" index="77" style="position:fixed;left:56.27935161339192%;top:101.05882352941175%;height:3.2745098039215685%;width:1.8330555976367218%;" type="para">L pe</div></box><box><div coordinates="3962,5168,149,142" index="78" style="position:fixed;left:60.021208907741254%;top:101.33333333333334%;height:2.784313725490196%;width:2.2572337524617483%;" type="para">nnu</div></box><box><div coordinates="798,5346,190,171" index="79" style="position:fixed;left:12.089077412513255%;top:104.82352941176471%;height:3.3529411764705883%;width:2.8783517648841084%;" type="para">HST</div></box><box><div coordinates="1278,5342,517,189" index="80" style="position:fixed;left:19.360702923799426%;top:104.74509803921568%;height:3.705882352941176%;width:7.832146644447811%;" type="para">Fax Filings</div></box><box><div coordinates="991,5350,216,171" index="81" style="position:fixed;left:15.012876836842903%;top:104.90196078431373%;height:3.3529411764705883%;width:3.272231480078776%;" type="para">GS</div></box><box><div coordinates="3163,5382,171,128" index="82" style="position:fixed;left:47.91698227541282%;top:105.52941176470587%;height:2.5098039215686274%;width:2.590516588395698%;" type="para">00</div></box><box><div coordinates="3452,5386,121,151" index="83" style="position:fixed;left:52.2951068019997%;top:105.6078431372549%;height:2.9607843137254903%;width:1.8330555976367218%;" type="para">cr |</div></box><box><div coordinates="3962,5387,121,154" index="84" style="position:fixed;left:60.021208907741254%;top:105.62745098039217%;height:3.019607843137255%;width:1.8330555976367218%;" type="para">1111</div></box><box><div coordinates="764,5574,1384,204" index="85" style="position:fixed;left:11.574003938797151%;top:109.29411764705883%;height:4.0%;width:20.966520224208455%;" type="para">Valuation Committee Support</div></box><box><div coordinates="3163,5611,121,132" index="86" style="position:fixed;left:47.91698227541282%;top:110.01960784313725%;height:2.588235294117647%;width:1.8330555976367218%;" type="para">),00</div></box><box><div coordinates="3452,5631,121,130" index="87" style="position:fixed;left:52.2951068019997%;top:110.41176470588235%;height:2.549019607843137%;width:1.8330555976367218%;" type="para">CI</div></box><box><div coordinates="750,5803,585,198" index="88" style="position:fixed;left:11.361914861384639%;top:113.78431372549021%;height:3.882352941176471%;width:8.862293591880018%;" type="para">Operations /</div></box><box><div coordinates="1352,5811,1410,202" index="89" style="position:fixed;left:20.48174519012271%;top:113.94117647058823%;height:3.96078431372549%;width:21.36039993940312%;" type="para">Investment Committee Support</div></box><box><div coordinates="3163,5838,121,140" index="90" style="position:fixed;left:47.91698227541282%;top:114.47058823529413%;height:2.7450980392156863%;width:1.8330555976367218%;" type="para">),00</div></box><box><div coordinates="3705,5846,121,149" index="91" style="position:fixed;left:56.12785941524011%;top:114.62745098039215%;height:2.9215686274509807%;width:1.8330555976367218%;" type="para">UIT</div></box><box><div coordinates="2356,6076,147,156" index="92" style="position:fixed;left:35.691561884562944%;top:119.13725490196079%;height:3.058823529411765%;width:2.2269353128313893%;" type="para" /></box></Blocks></page><page num="3" src="img/Bi2i_0994/Bi2i_0994-02.jpg" txt_src="img/Bi2i_0994/Bi2i_0994-02.txt"><Blocks><box><div coordinates="780,630,937,193" index="0" style="position:fixed;left:11.816391455840023%;top:12.352941176470589%;height:3.784313725490196%;width:14.194818966823208%;" type="para">Expense Processing</div></box><box><div coordinates="3122,654,167,181" index="1" style="position:fixed;left:47.295864262990456%;top:12.823529411764707%;height:3.5490196078431375%;width:2.5299197091349797%;" type="para">25,0</div></box><box><div coordinates="3677,686,173,147" index="2" style="position:fixed;left:55.70368126041508%;top:13.450980392156865%;height:2.8823529411764706%;width:2.620815028026057%;" type="para">num</div></box><box><div coordinates="3411,694,136,128" index="3" style="position:fixed;left:51.67398878957734%;top:13.607843137254902%;height:2.5098039215686274%;width:2.0602938948644143%;" type="para">pet</div></box><box><div coordinates="778,1093,465,176" index="4" style="position:fixed;left:11.786093016209666%;top:21.43137254901961%;height:3.4509803921568625%;width:7.044387214058475%;" type="para">FAS157:</div></box><box><div coordinates="776,1317,124,161" index="5" style="position:fixed;left:11.755794576579307%;top:25.823529411764707%;height:3.1568627450980395%;width:1.8785032570822602%;" type="para" /></box><box><div coordinates="1165,1323,122,175" index="6" style="position:fixed;left:17.64884108468414%;top:25.941176470588236%;height:3.431372549019608%;width:1.8482048174519012%;" type="para">&gt; Fi</div></box><box><div coordinates="998,1343,142,127" index="7" style="position:fixed;left:15.11892137554916%;top:26.333333333333332%;height:2.4901960784313726%;width:2.1511892137554915%;" type="para">/CTS</div></box><box><div coordinates="1640,1343,122,121" index="8" style="position:fixed;left:24.84472049689441%;top:26.333333333333332%;height:2.372549019607843%;width:1.8482048174519012%;" type="para">75</div></box><box><div coordinates="1808,1350,121,156" index="9" style="position:fixed;left:27.38978942584457%;top:26.47058823529412%;height:3.058823529411765%;width:1.8330555976367218%;" type="para">Cr |</div></box><box><div coordinates="776,1548,342,178" index="10" style="position:fixed;left:11.755794576579307%;top:30.352941176470587%;height:3.4901960784313726%;width:5.181033176791396%;" type="para">FAS 15</div></box><box><div coordinates="1161,1552,321,178" index="11" style="position:fixed;left:17.588244205423422%;top:30.43137254901961%;height:3.4901960784313726%;width:4.862899560672625%;" type="para">Roll Fe</div></box><box><div coordinates="1725,1566,230,192" index="12" style="position:fixed;left:26.132404181184672%;top:30.705882352941178%;height:3.7647058823529407%;width:3.484320557491289%;" type="para">l Rept</div></box><box><div coordinates="1523,1576,121,122" index="13" style="position:fixed;left:23.072261778518406%;top:30.901960784313726%;height:2.392156862745098%;width:1.8330555976367218%;" type="para" /></box><box><div coordinates="2099,1584,264,156" index="14" style="position:fixed;left:31.79821239206181%;top:31.058823529411768%;height:3.058823529411765%;width:3.999394031207393%;" type="para">1g: $172</div></box><box><div coordinates="2617,1589,121,149" index="15" style="position:fixed;left:39.6455082563248%;top:31.156862745098042%;height:2.9215686274509807%;width:1.8330555976367218%;" type="para">fun</div></box><box><div coordinates="3183,1607,121,121" index="16" style="position:fixed;left:48.219966671716406%;top:31.50980392156863%;height:2.372549019607843%;width:1.8330555976367218%;" type="para">St</div></box><box><div coordinates="774,1780,122,289" index="17" style="position:fixed;left:11.725496136948948%;top:34.90196078431372%;height:5.666666666666666%;width:1.8482048174519012%;" type="para">LL</div></box><box><div coordinates="1105,1782,322,293" index="18" style="position:fixed;left:16.739887895773368%;top:34.94117647058824%;height:5.745098039215686%;width:4.878048780487805%;" type="para">) Holdin
 securit</div></box><box><div coordinates="1448,1786,230,366" index="19" style="position:fixed;left:21.93607029237994%;top:35.01960784313726%;height:7.1764705882352935%;width:3.484320557491289%;" type="para">ys Reg
7 Mar]
and u</div></box><box><div coordinates="1687,1799,276,394" index="20" style="position:fixed;left:25.556733828207847%;top:35.27450980392157%;height:7.7254901960784315%;width:4.181184668989547%;" type="para">ort for
cet Val
nrealiz</div></box><box><div coordinates="2067,1814,157,497" index="21" style="position:fixed;left:31.313437357976063%;top:35.568627450980394%;height:9.745098039215687%;width:2.378427510983184%;" type="para">rer
y Ro
gail
rity</div></box><box><div coordinates="2254,1814,237,271" index="22" style="position:fixed;left:34.146341463414636%;top:35.568627450980394%;height:5.313725490196078%;width:3.590365096197546%;" type="para">ly hel
| Forv</div></box><box><div coordinates="3056,1823,332,265" index="23" style="position:fixed;left:46.296015755188606%;top:35.745098039215684%;height:5.196078431372549%;width:5.0295409786396%;" type="para">beginni
nmarizi</div></box><box><div coordinates="3395,1826,172,268" index="24" style="position:fixed;left:51.431601272534465%;top:35.80392156862745%;height:5.254901960784314%;width:2.605665808210877%;" type="para">1g ai
1g pl</div></box><box><div coordinates="3958,1829,167,268" index="25" style="position:fixed;left:59.96061202848053%;top:35.86274509803922%;height:5.254901960784314%;width:2.5299197091349797%;" type="para">end
ales</div></box><box><div coordinates="3671,1833,169,259" index="26" style="position:fixed;left:55.61278594152401%;top:35.94117647058824%;height:5.078431372549019%;width:2.5602181487653386%;" type="para">peri
hase</div></box><box><div coordinates="774,2123,122,176" index="27" style="position:fixed;left:11.725496136948948%;top:41.627450980392155%;height:3.4509803921568625%;width:1.8482048174519012%;" type="para" /></box><box><div coordinates="1103,2125,288,290" index="28" style="position:fixed;left:16.70958945614301%;top:41.66666666666667%;height:5.686274509803922%;width:4.362975306771701%;" type="para">he ry AD A Gund

) Repor
transfe</div></box><box><div coordinates="3958,2147,121,155" index="29" style="position:fixed;left:59.96061202848053%;top:42.09803921568627%;height:3.0392156862745097%;width:1.8330555976367218%;" type="para">1d 1</div></box><box><div coordinates="1553,2164,137,236" index="30" style="position:fixed;left:23.526738372973792%;top:42.431372549019606%;height:4.627450980392156%;width:2.075443114679594%;" type="para">OV]
1 an</div></box><box><div coordinates="2332,2167,121,141" index="31" style="position:fixed;left:35.32798060899864%;top:42.490196078431374%;height:2.764705882352941%;width:1.8330555976367218%;" type="para" /></box><box><div coordinates="3422,2167,121,147" index="32" style="position:fixed;left:51.840630207544315%;top:42.490196078431374%;height:2.8823529411764706%;width:1.8330555976367218%;" type="para">anl(</div></box><box><div coordinates="2537,2176,121,122" index="33" style="position:fixed;left:38.43357067111044%;top:42.66666666666667%;height:2.392156862745098%;width:1.8330555976367218%;" type="para">{101</div></box><box><div coordinates="3151,2173,121,146" index="34" style="position:fixed;left:47.73519163763066%;top:42.6078431372549%;height:2.8627450980392157%;width:1.8330555976367218%;" type="para">Inn</div></box><box><div coordinates="3699,2179,121,129" index="35" style="position:fixed;left:56.03696409634904%;top:42.72549019607843%;height:2.5294117647058822%;width:1.8330555976367218%;" type="para">'10&#162;</div></box><box><div coordinates="4203,2175,179,150" index="36" style="position:fixed;left:63.67217088319952%;top:42.64705882352941%;height:2.941176470588235%;width:2.7117103469171338%;" type="para">udin</div></box><box><div coordinates="1794,2271,145,145" index="37" style="position:fixed;left:27.177700348432055%;top:44.529411764705884%;height:2.843137254901961%;width:2.1966368732010304%;" type="para">ut.</div></box><box><div coordinates="775,2578,777,204" index="38" style="position:fixed;left:11.740645356764126%;top:50.549019607843135%;height:4.0%;width:11.770943796394485%;" type="para">Out-Of-Pockets</div></box><box><div coordinates="2350,2817,147,168" index="39" style="position:fixed;left:35.600666565671865%;top:55.23529411764706%;height:3.294117647058824%;width:2.2269353128313893%;" type="para">cha</div></box><box><div coordinates="1149,2822,122,122" index="40" style="position:fixed;left:17.406453567641268%;top:55.333333333333336%;height:2.392156862745098%;width:1.8482048174519012%;" type="para" /></box><box><div coordinates="1294,2827,123,142" index="41" style="position:fixed;left:19.603090440842298%;top:55.431372549019606%;height:2.784313725490196%;width:1.8633540372670807%;" type="para" /></box><box><div coordinates="3329,2826,271,290" index="42" style="position:fixed;left:50.43175276473262%;top:55.41176470588235%;height:5.686274509803922%;width:4.10543856991365%;" type="para">STCC
&#8220;A&#8221;.</div></box><box><div coordinates="1535,2837,157,263" index="43" style="position:fixed;left:23.25405241630056%;top:55.627450980392155%;height:5.156862745098039%;width:2.378427510983184%;" type="para">er,

lish</div></box><box><div coordinates="1798,2841,175,248" index="44" style="position:fixed;left:27.238297227692776%;top:55.705882352941174%;height:4.862745098039216%;width:2.651113467656416%;" type="para">&#8220;exp
for</div></box><box><div coordinates="2892,2849,121,123" index="45" style="position:fixed;left:43.81154370549917%;top:55.86274509803921%;height:2.411764705882353%;width:1.8330555976367218%;" type="para">e |</div></box><box><div coordinates="3691,2856,149,148" index="46" style="position:fixed;left:55.915770337827595%;top:56.00000000000001%;height:2.9019607843137254%;width:2.2572337524617483%;" type="para">OI</div></box><box><div coordinates="3970,2855,121,151" index="47" style="position:fixed;left:60.14240266626268%;top:55.98039215686275%;height:2.9607843137254903%;width:1.8330555976367218%;" type="para">(ru</div></box><box><div coordinates="3147,2861,135,251" index="48" style="position:fixed;left:47.67459475836994%;top:56.09803921568628%;height:4.921568627450981%;width:2.0451446750492352%;" type="para">| to</div></box><box><div coordinates="4255,2883,121,125" index="49" style="position:fixed;left:64.45993031358886%;top:56.529411764705884%;height:2.450980392156863%;width:1.8330555976367218%;" type="para">ind</div></box><box><div coordinates="2062,2928,154,176" index="50" style="position:fixed;left:31.23769125890017%;top:57.41176470588235%;height:3.4509803921568625%;width:2.332979851537646%;" type="para">rhetY

&#187; Pl:</div></box><box><div coordinates="2627,2956,236,141" index="51" style="position:fixed;left:39.797000454476596%;top:57.96078431372549%;height:2.764705882352941%;width:3.5752158763823663%;" type="para">ribed</div></box><box><div coordinates="2876,2979,202,133" index="52" style="position:fixed;left:43.56915618845629%;top:58.411764705882355%;height:2.607843137254902%;width:3.0601424026662625%;" type="para">In Sc</div></box><box><div coordinates="768,3261,1376,212" index="53" style="position:fixed;left:11.634600818057871%;top:63.94117647058823%;height:4.156862745098039%;width:20.845326465687016%;" type="para">Foreign Balance Credit Rates</div></box><box><div coordinates="768,3489,156,176" index="54" style="position:fixed;left:11.634600818057871%;top:68.41176470588235%;height:3.4509803921568625%;width:2.363278291168005%;" type="para" /></box><box><div coordinates="1013,3509,257,150" index="55" style="position:fixed;left:15.346159672776851%;top:68.80392156862744%;height:2.941176470588235%;width:3.8933494925011365%;" type="para">to Sc</div></box><box><div coordinates="1506,3516,124,138" index="56" style="position:fixed;left:22.814725041660356%;top:68.94117647058823%;height:2.705882352941176%;width:1.8785032570822602%;" type="para" /></box><box><div coordinates="2355,6038,199,181" index="57" style="position:fixed;left:35.676412664747765%;top:118.3921568627451%;height:3.5490196078431375%;width:3.014694743220724%;" type="para" /></box></Blocks></page><page num="4" src="img/Bi2i_0994/Bi2i_0994-03.jpg" txt_src="img/Bi2i_0994/Bi2i_0994-03.txt"><Blocks><box><div coordinates="1019,626,121,162" index="0" style="position:fixed;left:15.437054991667928%;top:12.274509803921568%;height:3.176470588235294%;width:1.8330555976367218%;" type="para">&gt; Tr

.. . 94</div></box><box><div coordinates="1416,1234,122,123" index="1" style="position:fixed;left:21.4512952582942%;top:24.196078431372552%;height:2.411764705882353%;width:1.8482048174519012%;" type="para">Mai</div></box><box><div coordinates="2364,1275,121,123" index="2" style="position:fixed;left:35.81275564308438%;top:25.0%;height:2.411764705882353%;width:1.8330555976367218%;" type="para">&#8220;Sta</div></box><box><div coordinates="1322,1510,121,121" index="3" style="position:fixed;left:20.027268595667323%;top:29.607843137254903%;height:2.372549019607843%;width:1.8330555976367218%;" type="para">t Gl</div></box><box><div coordinates="3404,1960,121,123" index="4" style="position:fixed;left:51.56794425087108%;top:38.43137254901961%;height:2.411764705882353%;width:1.8330555976367218%;" type="para">ec Fu</div></box><box><div coordinates="758,2345,2215,225" index="5" style="position:fixed;left:11.483108619906075%;top:45.98039215686274%;height:4.411764705882353%;width:33.55552189062263%;" type="para">Financial Proposal Conditions and Assumptions:</div></box><box><div coordinates="1306,2578,121,164" index="6" style="position:fixed;left:19.78488107862445%;top:50.549019607843135%;height:3.215686274509804%;width:1.8330555976367218%;" type="para">Th</div></box><box><div coordinates="1156,2588,121,121" index="7" style="position:fixed;left:17.512498106347525%;top:50.745098039215684%;height:2.372549019607843%;width:1.8330555976367218%;" type="para" /></box><box><div coordinates="1788,2607,121,130" index="8" style="position:fixed;left:27.08680502954098%;top:51.117647058823536%;height:2.549019607843137%;width:1.8330555976367218%;" type="para">dul</div></box><box><div coordinates="4201,2621,121,121" index="9" style="position:fixed;left:63.641872443569156%;top:51.3921568627451%;height:2.372549019607843%;width:1.8330555976367218%;" type="para">I th</div></box><box><div coordinates="3685,2699,121,164" index="10" style="position:fixed;left:55.824875018936524%;top:52.921568627450974%;height:3.215686274509804%;width:1.8330555976367218%;" type="para">JRL Ra

Th</div></box><box><div coordinates="2348,2715,157,247" index="11" style="position:fixed;left:35.57036812604151%;top:53.23529411764706%;height:4.8431372549019605%;width:2.378427510983184%;" type="para">be u
appc</div></box><box><div coordinates="3175,2713,125,234" index="12" style="position:fixed;left:48.09877291319497%;top:53.19607843137255%;height:4.588235294117647%;width:1.8936524768974399%;" type="para">1p &#162;
&gt; all</div></box><box><div coordinates="3458,2740,121,121" index="13" style="position:fixed;left:52.38600212089077%;top:53.72549019607843%;height:2.372549019607843%;width:1.8330555976367218%;" type="para">STC</div></box><box><div coordinates="2077,2777,121,164" index="14" style="position:fixed;left:31.464929556127856%;top:54.450980392156865%;height:3.215686274509804%;width:1.8330555976367218%;" type="para">ed t</div></box><box><div coordinates="1810,2792,121,146" index="15" style="position:fixed;left:27.42008786547493%;top:54.74509803921569%;height:2.8627450980392157%;width:1.8330555976367218%;" type="para">tn</div></box><box><div coordinates="2797,2974,122,156" index="16" style="position:fixed;left:42.37236782305711%;top:58.31372549019608%;height:3.058823529411765%;width:1.8482048174519012%;" type="para">| Ju</div></box><box><div coordinates="1139,2983,125,121" index="17" style="position:fixed;left:17.25496136948947%;top:58.49019607843138%;height:2.372549019607843%;width:1.8936524768974399%;" type="para" /></box><box><div coordinates="2346,2989,121,126" index="18" style="position:fixed;left:35.54006968641115%;top:58.6078431372549%;height:2.4705882352941173%;width:1.8330555976367218%;" type="para">lcdlld</div></box><box><div coordinates="2061,2995,121,126" index="19" style="position:fixed;left:31.22254203908499%;top:58.72549019607843%;height:2.4705882352941173%;width:1.8330555976367218%;" type="para">in a</div></box><box><div coordinates="2613,3001,121,122" index="20" style="position:fixed;left:39.58491137706408%;top:58.843137254901954%;height:2.392156862745098%;width:1.8330555976367218%;" type="para">1 ur</div></box><box><div coordinates="1302,3156,123,159" index="21" style="position:fixed;left:19.724284199363733%;top:61.882352941176464%;height:3.1176470588235294%;width:1.8633540372670807%;" type="para">Th</div></box><box><div coordinates="1814,3155,143,246" index="22" style="position:fixed;left:27.480684744735644%;top:61.86274509803922%;height:4.823529411764706%;width:2.166338433570671%;" type="para">ule
inal</div></box><box><div coordinates="1151,3172,122,123" index="23" style="position:fixed;left:17.436752007271625%;top:62.19607843137255%;height:2.411764705882353%;width:1.8482048174519012%;" type="para" /></box><box><div coordinates="2639,3175,121,121" index="24" style="position:fixed;left:39.978791092258746%;top:62.254901960784316%;height:2.372549019607843%;width:1.8330555976367218%;" type="para">atte</div></box><box><div coordinates="3141,3171,149,161" index="25" style="position:fixed;left:47.58369943947886%;top:62.17647058823529%;height:3.1568627450980395%;width:2.2572337524617483%;" type="para">2016</div></box><box><div coordinates="3689,3198,121,122" index="26" style="position:fixed;left:55.885471898197245%;top:62.70588235294118%;height:2.392156862745098%;width:1.8330555976367218%;" type="para" /></box><box><div coordinates="2113,3201,121,121" index="27" style="position:fixed;left:32.01030146947432%;top:62.76470588235294%;height:2.372549019607843%;width:1.8330555976367218%;" type="para">&#8216;Cm</div></box><box><div coordinates="1547,3256,121,153" index="28" style="position:fixed;left:23.435843054082714%;top:63.84313725490196%;height:3.0%;width:1.8330555976367218%;" type="para">t be</div></box><box><div coordinates="1394,3436,122,166" index="29" style="position:fixed;left:21.11801242236025%;top:67.37254901960785%;height:3.2549019607843137%;width:1.8482048174519012%;" type="para">STC</div></box><box><div coordinates="1137,3446,136,134" index="30" style="position:fixed;left:17.224662929859115%;top:67.56862745098039%;height:2.627450980392157%;width:2.0602938948644143%;" type="para" /></box><box><div coordinates="2117,3474,121,121" index="31" style="position:fixed;left:32.070898348735035%;top:68.11764705882352%;height:2.372549019607843%;width:1.8330555976367218%;" type="para">1 ot</div></box><box><div coordinates="3444,3487,121,134" index="32" style="position:fixed;left:52.17391304347826%;top:68.37254901960785%;height:2.627450980392157%;width:1.8330555976367218%;" type="para">du</div></box><box><div coordinates="3121,3499,169,217" index="33" style="position:fixed;left:47.28071504317528%;top:68.6078431372549%;height:4.254901960784314%;width:2.5602181487653386%;" type="para">Ss Fee
t10n |</div></box><box><div coordinates="2633,3571,121,121" index="34" style="position:fixed;left:39.887895773367674%;top:70.01960784313725%;height:2.372549019607843%;width:1.8330555976367218%;" type="para">S ta.</div></box><box><div coordinates="2880,3573,121,141" index="35" style="position:fixed;left:43.62975306771701%;top:70.05882352941177%;height:2.764705882352941%;width:1.8330555976367218%;" type="para">ONSL</div></box><box><div coordinates="3942,3571,161,149" index="36" style="position:fixed;left:59.718224511437654%;top:70.01960784313725%;height:2.9215686274509807%;width:2.4390243902439024%;" type="para">I taxi</div></box><box><div coordinates="2346,3581,121,125" index="37" style="position:fixed;left:35.54006968641115%;top:70.2156862745098%;height:2.450980392156863%;width:1.8330555976367218%;" type="para">tax</div></box><box><div coordinates="2046,3655,160,198" index="38" style="position:fixed;left:30.995303741857295%;top:71.66666666666667%;height:3.882352941176471%;width:2.423875170428723%;" type="para">icipa
Ifa</div></box><box><div coordinates="2904,3766,121,138" index="39" style="position:fixed;left:43.99333434328132%;top:73.84313725490196%;height:2.705882352941176%;width:1.8330555976367218%;" type="para">Ant</div></box><box><div coordinates="3414,3776,121,134" index="40" style="position:fixed;left:51.71943644902287%;top:74.0392156862745%;height:2.627450980392157%;width:1.8330555976367218%;" type="para">mn Ss</div></box><box><div coordinates="1844,3850,121,125" index="41" style="position:fixed;left:27.935161339191033%;top:75.49019607843137%;height:2.450980392156863%;width:1.8330555976367218%;" type="para">1 to</div></box><box><div coordinates="2621,3855,121,144" index="42" style="position:fixed;left:39.70610513558552%;top:75.58823529411765%;height:2.823529411764706%;width:1.8330555976367218%;" type="para">P Pr</div></box><box><div coordinates="2069,3943,121,130" index="43" style="position:fixed;left:31.343735797606424%;top:77.31372549019608%;height:2.549019607843137%;width:1.8330555976367218%;" type="para">e C</div></box><box><div coordinates="1282,4037,121,125" index="44" style="position:fixed;left:19.421299803060144%;top:79.15686274509804%;height:2.450980392156863%;width:1.8330555976367218%;" type="para">th</div></box><box><div coordinates="1790,4048,121,133" index="45" style="position:fixed;left:27.11710346917134%;top:79.37254901960785%;height:2.607843137254902%;width:1.8330555976367218%;" type="para">thei</div></box><box><div coordinates="2380,4046,121,139" index="46" style="position:fixed;left:36.05514316012725%;top:79.33333333333333%;height:2.7254901960784315%;width:1.8330555976367218%;" type="para">INE</div></box><box><div coordinates="1133,4215,122,134" index="47" style="position:fixed;left:17.164066050598397%;top:82.6470588235294%;height:2.627450980392157%;width:1.8482048174519012%;" type="para" /></box><box><div coordinates="2097,4232,121,128" index="48" style="position:fixed;left:31.76791395243145%;top:82.98039215686275%;height:2.5098039215686274%;width:1.8330555976367218%;" type="para">e Cl</div></box><box><div coordinates="2611,4237,121,123" index="49" style="position:fixed;left:39.55461293743372%;top:83.07843137254902%;height:2.411764705882353%;width:1.8330555976367218%;" type="para">[arte</div></box><box><div coordinates="1296,4408,121,164" index="50" style="position:fixed;left:19.633388880472655%;top:86.4313725490196%;height:3.215686274509804%;width:1.8330555976367218%;" type="para" /></box><box><div coordinates="1133,4426,123,122" index="51" style="position:fixed;left:17.164066050598397%;top:86.7843137254902%;height:2.392156862745098%;width:1.8633540372670807%;" type="para" /></box><box><div coordinates="1539,4425,121,142" index="52" style="position:fixed;left:23.314649295561278%;top:86.76470588235294%;height:2.784313725490196%;width:1.8330555976367218%;" type="para">rte</div></box><box><div coordinates="2617,4440,121,147" index="53" style="position:fixed;left:39.6455082563248%;top:87.05882352941177%;height:2.8823529411764706%;width:1.8330555976367218%;" type="para">any</div></box><box><div coordinates="2900,4563,121,121" index="54" style="position:fixed;left:43.932737464020605%;top:89.47058823529412%;height:2.372549019607843%;width:1.8330555976367218%;" type="para">MH</div></box><box><div coordinates="1529,4642,161,214" index="55" style="position:fixed;left:23.163157097409485%;top:91.01960784313725%;height:4.196078431372549%;width:2.4390243902439024%;" type="para">1atio
ISUIre</div></box><box><div coordinates="2149,4645,122,122" index="56" style="position:fixed;left:32.555673382820785%;top:91.07843137254902%;height:2.392156862745098%;width:1.8482048174519012%;" type="para">Fe</div></box><box><div coordinates="3689,4647,220,404" index="57" style="position:fixed;left:55.885471898197245%;top:91.11764705882352%;height:7.92156862745098%;width:3.332828359339494%;" type="para">remain
Irpose
1d. Th
ntiden</div></box><box><div coordinates="4243,4670,121,122" index="58" style="position:fixed;left:64.2781396758067%;top:91.56862745098039%;height:2.392156862745098%;width:1.8330555976367218%;" type="para">1al.</div></box><box><div coordinates="1282,4697,139,260" index="59" style="position:fixed;left:19.421299803060144%;top:92.09803921568628%;height:5.098039215686274%;width:2.105741554309953%;" type="para">the</div></box><box><div coordinates="3948,4736,121,128" index="60" style="position:fixed;left:59.80911983032874%;top:92.86274509803921%;height:2.5098039215686274%;width:1.8330555976367218%;" type="para">ill</div></box><box><div coordinates="2625,4750,151,315" index="61" style="position:fixed;left:39.76670201484623%;top:93.13725490196079%;height:6.176470588235294%;width:2.2875321920921072%;" type="para">Cliet
will
1at10)</div></box><box><div coordinates="1876,4799,122,165" index="62" style="position:fixed;left:28.419936373276776%;top:94.09803921568628%;height:3.2352941176470593%;width:1.8482048174519012%;" type="para">STC</div></box><box><div coordinates="2886,4937,121,134" index="63" style="position:fixed;left:43.72064838660809%;top:96.80392156862744%;height:2.627450980392157%;width:1.8330555976367218%;" type="para">ilk</div></box><box><div coordinates="1308,5019,121,141" index="64" style="position:fixed;left:19.815179518254812%;top:98.41176470588235%;height:2.764705882352941%;width:1.8330555976367218%;" type="para">Suc</div></box><box><div coordinates="3149,5037,151,147" index="65" style="position:fixed;left:47.704893198000306%;top:98.76470588235294%;height:2.8823529411764706%;width:2.2875321920921072%;" type="para">orm</div></box><box><div coordinates="2342,6094,145,125" index="66" style="position:fixed;left:35.47947280715043%;top:119.49019607843137%;height:2.450980392156863%;width:2.1966368732010304%;" type="para" /></box></Blocks></page><page num="5" src="img/Bi2i_0994/Bi2i_0994-04.jpg" txt_src="img/Bi2i_0994/Bi2i_0994-04.txt"><Blocks><box><div coordinates="840,817,2079,194" index="0" style="position:fixed;left:12.725344644750795%;top:16.019607843137255%;height:3.8039215686274512%;width:31.495227995758217%;" type="para">I'he effective date of this fee schedule is July 1, 2013</div></box><box><div coordinates="776,1135,1541,182" index="1" style="position:fixed;left:11.755794576579307%;top:22.254901960784313%;height:3.568627450980392%;width:23.34494773519164%;" type="para">State Street Trust Company Canada</div></box><box><div coordinates="2589,1151,1131,177" index="2" style="position:fixed;left:39.221330101499774%;top:22.56862745098039%;height:3.4705882352941178%;width:17.133767610968036%;" type="para">General Motors of Canada</div></box><box><div coordinates="3729,1172,350,157" index="3" style="position:fixed;left:56.49144069080443%;top:22.980392156862745%;height:3.0784313725490198%;width:5.302226935312832%;" type="para">Limited</div></box><box><div coordinates="774,1319,1036,326" index="4" style="position:fixed;left:11.725496136948948%;top:25.862745098039213%;height:6.3921568627450975%;width:15.69459172852598%;" type="para">Signature: / / / /</div></box><box><div coordinates="2586,1468,514,171" index="5" style="position:fixed;left:39.17588244205423%;top:28.784313725490197%;height:3.3529411764705883%;width:7.786698985002273%;" type="para">\
Signature: _</div></box><box><div coordinates="1872,1525,139,122" index="6" style="position:fixed;left:28.359339494016055%;top:29.901960784313726%;height:2.392156862745098%;width:2.105741554309953%;" type="para" /></box><box><div coordinates="2086,1528,123,121" index="7" style="position:fixed;left:31.601272534464474%;top:29.96078431372549%;height:2.372549019607843%;width:1.8633540372670807%;" type="para" /></box><box><div coordinates="3177,1533,447,129" index="8" style="position:fixed;left:48.12907135282533%;top:30.058823529411764%;height:2.5294117647058822%;width:6.771701257385245%;" type="para" /></box><box><div coordinates="778,1646,358,176" index="9" style="position:fixed;left:11.786093016209666%;top:32.27450980392157%;height:3.4509803921568625%;width:5.4234206938342675%;" type="para">Name: _</div></box><box><div coordinates="2598,1673,421,165" index="10" style="position:fixed;left:39.35767307983639%;top:32.80392156862745%;height:3.2352941176470593%;width:6.377821542190578%;" type="para">Name: Ja

&#8212;&#8212;</div></box><box><div coordinates="1273,1686,602,373" index="11" style="position:fixed;left:19.284956824723526%;top:33.05882352941176%;height:7.313725490196078%;width:9.11983032873807%;" type="para" /></box><box><div coordinates="3114,1694,168,144" index="12" style="position:fixed;left:47.17467050446902%;top:33.21568627450981%;height:2.823529411764706%;width:2.545068928950159%;" type="para" /></box><box><div coordinates="1899,1730,165,122" index="13" style="position:fixed;left:28.768368429025905%;top:33.92156862745098%;height:2.392156862745098%;width:2.4996212695046207%;" type="para" /></box><box><div coordinates="2115,1732,149,122" index="14" style="position:fixed;left:32.040599909104685%;top:33.96078431372549%;height:2.392156862745098%;width:2.2572337524617483%;" type="para" /></box><box><div coordinates="836,1858,252,172" index="15" style="position:fixed;left:12.664747765490079%;top:36.431372549019606%;height:3.3725490196078427%;width:3.8176033934252387%;" type="para">Title:_</div></box><box><div coordinates="2609,1876,404,174" index="16" style="position:fixed;left:39.52431449780337%;top:36.7843137254902%;height:3.4117647058823533%;width:6.120284805332525%;" type="para">Title: V</div></box><box><div coordinates="3470,1905,192,171" index="17" style="position:fixed;left:52.56779275867293%;top:37.35294117647059%;height:3.3529411764705883%;width:2.9086502045144678%;" type="para" /></box><box><div coordinates="3675,1912,121,129" index="18" style="position:fixed;left:55.67338282078473%;top:37.49019607843137%;height:2.5294117647058822%;width:1.8330555976367218%;" type="para" /></box><box><div coordinates="1898,1940,157,122" index="19" style="position:fixed;left:28.753219209210723%;top:38.03921568627451%;height:2.392156862745098%;width:2.378427510983184%;" type="para" /></box><box><div coordinates="2625,2039,948,252" index="20" style="position:fixed;left:39.76670201484623%;top:39.98039215686274%;height:4.941176470588235%;width:14.361460384790185%;" type="para">Date: &gt;| = J)</div></box><box><div coordinates="776,2066,310,175" index="21" style="position:fixed;left:11.755794576579307%;top:40.509803921568626%;height:3.431372549019608%;width:4.69625814270565%;" type="para">Date:</div></box><box><div coordinates="1105,2066,872,206" index="22" style="position:fixed;left:16.739887895773368%;top:40.509803921568626%;height:4.03921568627451%;width:13.210119678836541%;" type="para" /></box><box><div coordinates="2037,2152,153,122" index="23" style="position:fixed;left:30.858960763520678%;top:42.19607843137255%;height:2.392156862745098%;width:2.317830631722466%;" type="para" /></box><box><div coordinates="2250,2155,137,121" index="24" style="position:fixed;left:34.085744584153915%;top:42.254901960784316%;height:2.372549019607843%;width:2.075443114679594%;" type="para" /></box><box><div coordinates="3627,2166,137,122" index="25" style="position:fixed;left:54.94622026965611%;top:42.470588235294116%;height:2.392156862745098%;width:2.075443114679594%;" type="para" /></box><box><div coordinates="770,2494,1541,180" index="26" style="position:fixed;left:11.664899257688228%;top:48.90196078431372%;height:3.5294117647058822%;width:23.34494773519164%;" type="para">State Street Trust Company Canada</div></box><box><div coordinates="768,2806,1486,399" index="27" style="position:fixed;left:11.634600818057871%;top:55.01960784313725%;height:7.823529411764706%;width:22.511740645356763%;" type="para">Signature: ./ 3
Name: Mevceas Res ee</div></box><box><div coordinates="2258,2883,127,122" index="28" style="position:fixed;left:34.20693834267535%;top:56.529411764705884%;height:2.392156862745098%;width:1.9239509165277988%;" type="para" /></box><box><div coordinates="830,3021,1552,601" index="29" style="position:fixed;left:12.573852446599002%;top:59.235294117647065%;height:11.784313725490197%;width:23.511589153158614%;" type="para">Name: PLAS Sag re ik

litle: Vice Peesidenk

Date: oly &#8220;l, 201%</div></box><box><div coordinates="1679,3422,192,202" index="30" style="position:fixed;left:25.435540069686414%;top:67.09803921568628%;height:3.96078431372549%;width:2.9086502045144678%;" type="para">&#8220;</div></box><box><div coordinates="808,3434,320,182" index="31" style="position:fixed;left:12.24056961066505%;top:67.33333333333333%;height:3.568627450980392%;width:4.847750340857446%;" type="para">Date:</div></box><box><div coordinates="1876,3436,360,192" index="32" style="position:fixed;left:28.419936373276776%;top:67.37254901960785%;height:3.7647058823529407%;width:5.4537191334646264%;" type="para">eo ES</div></box><box><div coordinates="2260,3508,123,122" index="33" style="position:fixed;left:34.237236782305715%;top:68.7843137254902%;height:2.392156862745098%;width:1.8633540372670807%;" type="para" /></box><box><div coordinates="2358,6033,149,154" index="34" style="position:fixed;left:35.72186032419331%;top:118.29411764705881%;height:3.019607843137255%;width:2.2572337524617483%;" type="para">5]</div></box></Blocks></page><page num="6" src="img/Bi2i_0994/Bi2i_0994-05.jpg" txt_src="img/Bi2i_0994/Bi2i_0994-05.txt"><Blocks><box><div coordinates="2342,772,579,171" index="0" style="position:fixed;left:35.47947280715043%;top:15.137254901960784%;height:3.3529411764705883%;width:8.771398272988941%;" type="para">Schedule A</div></box><box><div coordinates="790,975,122,176" index="1" style="position:fixed;left:11.96788365399182%;top:19.11764705882353%;height:3.4509803921568625%;width:1.8482048174519012%;" type="para" /></box><box><div coordinates="1278,981,453,521" index="2" style="position:fixed;left:19.360702923799426%;top:19.235294117647058%;height:10.215686274509803%;width:6.862596576276321%;" type="para">I Motors C
1 Motors C
nada Dom
nada Forel</div></box><box><div coordinates="2020,989,188,290" index="3" style="position:fixed;left:30.601424026662627%;top:19.392156862745097%;height:5.686274509803922%;width:2.8480533252537494%;" type="para">1 Hon
1 Ret</div></box><box><div coordinates="948,998,309,501" index="4" style="position:fixed;left:14.361460384790185%;top:19.56862745098039%;height:9.823529411764707%;width:4.681108922890472%;" type="para">&gt; Gener.
&gt; Gener
&gt; GM C
&gt; GM C</div></box><box><div coordinates="2338,991,392,294" index="5" style="position:fixed;left:35.418875927889715%;top:19.431372549019606%;height:5.764705882352941%;width:5.938494167550371%;" type="para">-Rate Em
nent Prog</div></box><box><div coordinates="3020,998,278,288" index="6" style="position:fixed;left:45.75064384184214%;top:19.56862745098039%;height:5.647058823529412%;width:4.211483108619906%;" type="para">ys Pens
- Salari</div></box><box><div coordinates="1143,1006,121,121" index="7" style="position:fixed;left:17.31555824875019%;top:19.725490196078432%;height:2.372549019607843%;width:1.8330555976367218%;" type="para">1CT</div></box><box><div coordinates="1796,1013,222,494" index="8" style="position:fixed;left:27.207998788062415%;top:19.862745098039216%;height:9.686274509803921%;width:3.3631267989698532%;" type="para">1adiar
1adiar
tic Tr
1 Tru:</div></box><box><div coordinates="3361,1010,180,283" index="9" style="position:fixed;left:50.91652779881836%;top:19.80392156862745%;height:5.549019607843137%;width:2.7268595667323132%;" type="para">1 Pla
| Em</div></box><box><div coordinates="2886,1021,121,123" index="10" style="position:fixed;left:43.72064838660809%;top:20.019607843137255%;height:2.411764705882353%;width:1.8330555976367218%;" type="para">jee</div></box><box><div coordinates="2892,1145,121,128" index="11" style="position:fixed;left:43.81154370549917%;top:22.450980392156865%;height:2.5098039215686274%;width:1.8330555976367218%;" type="para">for</div></box><box><div coordinates="788,1205,122,290" index="12" style="position:fixed;left:11.93758521436146%;top:23.627450980392155%;height:5.686274509803922%;width:1.8482048174519012%;" type="para" /></box><box><div coordinates="2354,6047,149,159" index="13" style="position:fixed;left:35.66126344493259%;top:118.5686274509804%;height:3.1176470588235294%;width:2.2572337524617483%;" type="para">6|</div></box></Blocks></page><page num="7" src="img/Bi2i_0994/Bi2i_0994-06.jpg" txt_src="img/Bi2i_0994/Bi2i_0994-06.txt"><Blocks><box><div coordinates="2344,548,578,180" index="0" style="position:fixed;left:35.509771246780794%;top:10.745098039215687%;height:3.5294117647058822%;width:8.756249053173763%;" type="para">Schedule B</div></box><box><div coordinates="734,758,894,2529" index="1" style="position:fixed;left:11.119527344341765%;top:14.862745098039214%;height:49.58823529411765%;width:13.54340251477049%;" type="para">Developed Markets
Australia

Austria

Belgium

Cedel

Canada
Denmark
Euroclear
Finland

France
Germany
Ireland

Italy

Japan-Fuji
Japan-Sumitomo
Luxembourg
Netherlands
New Zealand
Norway

Portugal

Spain

Sweden
Switzerland
United Kingdom
United States</div></box><box><div coordinates="2057,779,932,4117" index="2" style="position:fixed;left:31.161945159824267%;top:15.274509803921568%;height:80.72549019607843%;width:14.119072867747311%;" type="para">Emerging Markets
Argentina
Bahrain
Bangladesh
Bolivia
Botswana
Brazil

Bulgaria
Cayman Islands
Channel Islands
Chile

China
Colombia
Crote D'Ivoire
Cyprus

Croatia

Cyprus

Czech Republic
Dominican Republic
Ecuador

Egypt

Estonia

Ghana
Hungary
Iceland

India

Israel

Iraq

Ivory Coast
Jamaica
Jersey C.I
Jordan

Kenya

Kuwait

Latvia

Lebanon
Lithuania
Mauritius
Morocco
Namibia
Nigeria</div></box><box><div coordinates="3401,794,1349,2621" index="3" style="position:fixed;left:51.522496591425536%;top:15.568627450980394%;height:51.3921568627451%;width:20.43629753067717%;" type="para">Emerging Markets (Continued)
Oman

Pakistan

Palestine

Panama

Papau New Guinea
Peru

Philippines
Poland

Puerto Rico
Romania

Russia

Slovak Republic
Slovenia

Sri Lanka
Swaziland

Taiwan

Thailand

Trinidad &amp; Tobago
Tunisia

Turkey

Ukraine

Uruguay
Venezuela

Zambia

Zimbabwe</div></box><box><div coordinates="746,3417,828,1254" index="4" style="position:fixed;left:11.301317982123921%;top:67.0%;height:24.58823529411765%;width:12.543554006968641%;" type="para">Maturing Markets
Bahamas
Bermuda
Greece
Hong Kong
Indonesia
Malaysia
Mexico
Qatar
Singapore
South Africa
South Korea</div></box><box><div coordinates="3398,3520,121,121" index="5" style="position:fixed;left:51.47704893198001%;top:69.01960784313725%;height:2.372549019607843%;width:1.8330555976367218%;" type="para" /></box><box><div coordinates="2358,6049,178,188" index="6" style="position:fixed;left:35.72186032419331%;top:118.6078431372549%;height:3.686274509803922%;width:2.6965611271019543%;" type="para" /></box></Blocks></page><page num="8" src="img/Bi2i_0994/Bi2i_0994-07.jpg" txt_src="img/Bi2i_0994/Bi2i_0994-07.txt"><Blocks><box><div coordinates="2342,534,545,178" index="0" style="position:fixed;left:35.47947280715043%;top:10.470588235294118%;height:3.4901960784313726%;width:8.256324799272837%;" type="para">Schedule C</div></box><box><div coordinates="774,734,1423,217" index="1" style="position:fixed;left:11.725496136948948%;top:14.392156862745098%;height:4.254901960784314%;width:21.557339797000456%;" type="para">Foreign Balance Credit Rates:</div></box><box><div coordinates="774,1043,430,162" index="2" style="position:fixed;left:11.725496136948948%;top:20.45098039215686%;height:3.176470588235294%;width:6.514164520527192%;" type="para">Currency</div></box><box><div coordinates="1984,1060,1499,177" index="3" style="position:fixed;left:30.056052113316163%;top:20.784313725490197%;height:3.4705882352941178%;width:22.7086805029541%;" type="para">% of Overnight LIBID/BENCHMARK *</div></box><box><div coordinates="2030,1245,176,164" index="4" style="position:fixed;left:30.75291622481442%;top:24.41176470588235%;height:3.215686274509804%;width:2.666262687471595%;" type="para">(RB.

Jy fu NF</div></box><box><div coordinates="2022,1260,757,1103" index="5" style="position:fixed;left:30.631722466292988%;top:24.705882352941178%;height:21.627450980392158%;width:11.467959400090894%;" type="para">(RBACOR - 0.125%
75% ot LIBID
(CAONREPO - 0.12:
75% of LIBID

75% ot LIBID

75% of LIBID

SEK = (STIBID - 0.
60% of BENCHMARI
60% of BENCHMAR]I
(DKDR2T - 0.125%)
60% of BENCHMARI

IS NTIYTZ 5s NYT 1 ld pA p= gr</div></box><box><div coordinates="1266,1274,121,121" index="6" style="position:fixed;left:19.17891228601727%;top:24.980392156862745%;height:2.372549019607843%;width:1.8330555976367218%;" type="para">lla</div></box><box><div coordinates="765,1321,129,240" index="7" style="position:fixed;left:11.58915315861233%;top:25.901960784313726%;height:4.705882352941177%;width:1.9542493561581578%;" type="para">A RN

OF</div></box><box><div coordinates="1020,1325,122,165" index="8" style="position:fixed;left:15.452204211483108%;top:25.98039215686275%;height:3.2352941176470593%;width:1.8482048174519012%;" type="para">4.4 141

1 Pc</div></box><box><div coordinates="2635,1476,121,130" index="9" style="position:fixed;left:39.91819421299803%;top:28.941176470588236%;height:2.549019607843137%;width:1.8330555976367218%;" type="para">). 12</div></box><box><div coordinates="986,1512,122,166" index="10" style="position:fixed;left:14.937130737767005%;top:29.64705882352941%;height:3.2549019607843137%;width:1.8482048174519012%;" type="para">S Fr</div></box><box><div coordinates="768,1710,121,146" index="11" style="position:fixed;left:11.634600818057871%;top:33.52941176470588%;height:2.8627450980392157%;width:1.8330555976367218%;" type="para">EL</div></box><box><div coordinates="1025,1729,121,122" index="12" style="position:fixed;left:15.527950310559005%;top:33.90196078431372%;height:2.392156862745098%;width:1.8330555976367218%;" type="para">can</div></box><box><div coordinates="2042,1812,174,166" index="13" style="position:fixed;left:30.934706862596578%;top:35.529411764705884%;height:3.2549019607843137%;width:2.635964247841236%;" type="para">SEK

NYT</div></box><box><div coordinates="764,1985,156,356" index="14" style="position:fixed;left:11.574003938797151%;top:38.92156862745098%;height:6.980392156862745%;width:2.363278291168005%;" type="para">~~ 113

No
Da
Ho

wr</div></box><box><div coordinates="973,2007,183,338" index="15" style="position:fixed;left:14.74019088016967%;top:39.352941176470594%;height:6.627450980392156%;width:2.7723072261778516%;" type="para">vegial
sh Kr
y Kon

f amr 4 1</div></box><box><div coordinates="2872,2127,121,129" index="16" style="position:fixed;left:43.508559309195576%;top:41.705882352941174%;height:2.5294117647058822%;width:1.8330555976367218%;" type="para">0%</div></box><box><div coordinates="2522,2201,256,166" index="17" style="position:fixed;left:38.206332373882745%;top:43.15686274509804%;height:3.2549019607843137%;width:3.878200272685957%;" type="para">Mad Ad J

IMARI

A "NN</div></box><box><div coordinates="1256,2296,141,335" index="18" style="position:fixed;left:19.027420087865472%;top:45.01960784313725%;height:6.568627450980393%;width:2.136039993940312%;" type="para">Dol
v Pe;
Orin

at</div></box><box><div coordinates="2055,2311,191,137" index="19" style="position:fixed;left:31.131646720193913%;top:45.31372549019608%;height:2.686274509803922%;width:2.893500984699288%;" type="para" /></box><box><div coordinates="2870,2314,121,132" index="20" style="position:fixed;left:43.47826086956522%;top:45.372549019607845%;height:2.588235294117647%;width:1.8330555976367218%;" type="para">0%</div></box><box><div coordinates="762,2366,170,259" index="21" style="position:fixed;left:11.543705499166792%;top:46.3921568627451%;height:5.078431372549019%;width:2.575367368580518%;" type="para">4 VW

Hui</div></box><box><div coordinates="1077,2372,122,123" index="22" style="position:fixed;left:16.315709740948343%;top:46.509803921568626%;height:2.411764705882353%;width:1.8482048174519012%;" type="para">1 Ne</div></box><box><div coordinates="2235,2389,598,453" index="23" style="position:fixed;left:33.85850628692622%;top:46.84313725490196%;height:8.882352941176471%;width:9.059233449477352%;" type="para">Te A WAS Ae dl Luin ns} ih

f BENCHMARK:
{ BENCHMARK:
tf BENCHMARK:
f BENCHMARK:</div></box><box><div coordinates="1013,2600,122,124" index="24" style="position:fixed;left:15.346159672776851%;top:50.98039215686274%;height:2.431372549019608%;width:1.8482048174519012%;" type="para">Afr

rr</div></box><box><div coordinates="760,2655,122,159" index="25" style="position:fixed;left:11.513407059536434%;top:52.05882352941177%;height:3.1176470588235294%;width:1.8482048174519012%;" type="para">Pc</div></box><box><div coordinates="1789,2874,763,270" index="26" style="position:fixed;left:27.101954249356158%;top:56.35294117647058%;height:5.294117647058823%;width:11.558854718981973%;" type="para">&#8220;BENCHMARK&#8221; do 1
ates. . The &#8220;BENCHMA</div></box><box><div coordinates="3801,2898,121,141" index="27" style="position:fixed;left:57.582184517497346%;top:56.8235294117647%;height:2.764705882352941%;width:1.8330555976367218%;" type="para">1 Bi</div></box><box><div coordinates="3552,2916,122,124" index="28" style="position:fixed;left:53.81002878351765%;top:57.1764705882353%;height:2.431372549019608%;width:1.8482048174519012%;" type="para">&gt; Bi</div></box><box><div coordinates="1531,2991,155,237" index="29" style="position:fixed;left:23.193455537039842%;top:58.647058823529406%;height:4.647058823529412%;width:2.348129071352825%;" type="para">lishe
erni;</div></box><box><div coordinates="1254,3004,121,122" index="30" style="position:fixed;left:18.997121648235115%;top:58.90196078431372%;height:2.392156862745098%;width:1.8330555976367218%;" type="para">aily</div></box><box><div coordinates="2331,6048,199,195" index="31" style="position:fixed;left:35.31283138918346%;top:118.58823529411764%;height:3.823529411764706%;width:3.014694743220724%;" type="para" /></box></Blocks></page></doc>