<doc doi="Bi2i_1037" name="/prcanalyt/test-pra1/inventory_module/InputProcessing/81D/C64/81DC64BD76FCE6023B56569FBE52928766783CB2.pdf"><page num="1" src="img/Bi2i_1037/Bi2i_1037-00.jpg" txt_src="img/Bi2i_1037/Bi2i_1037-00.txt"><Blocks><box><div coordinates="651,550,3724,1112" index="0" style="position:fixed;left:9.862142099681867%;top:10.784313725490197%;height:21.80392156862745%;width:56.415694591728524%;" type="para">JANUS CAPITAL MANAGEMENT
JANUS MUTUAL FUNDS, JANUS COMMINGLED POOLS, JANUS INCUBATOR ACCOUNTS AND
OTHER JANUS U.S. AND CAYMAN PRODUCTS
AMENDMENT TO CONFIDENTIAL UMBRELLA FEE SCHEDULE
DATED AS OF SEPTEMBER 15, 2015

i

CUSTODY, FUND ACCOUNTING, FUND ADMINISTRATION AND TRUST SERVICES</div></box><box><div coordinates="3083,1672,483,323" index="1" style="position:fixed;left:46.705044690198456%;top:32.78431372549019%;height:6.333333333333334%;width:7.317073170731707%;" type="para">(as amended, si
1e &#8220;Services&#8221;) 1
suant to that ce</div></box><box><div coordinates="1318,1681,727,1991" index="2" style="position:fixed;left:19.966671716406605%;top:32.96078431372549%;height:39.03921568627451%;width:11.013482805635508%;" type="para">o that certain fee sched
from time to time, the
mpany or its affiliates

Contract dated as of At
ited Custodian Contract
an Agreement dated a
C, (d) Custodian Agree
al Fund LLC, (e) Maste
ite Street and Janus Cay
ite Street and INTECH
and between State Str
2005 by and between

dated as of July 31, 20(
todian Contract dated
us Fund LLC, (k) Custo
Large Cap Core Fund L.
TECH U.S. Managed V
Street and INTECH Er
er 29, 20006 by and bet
tract dated as of Feb
a Fund LLC, (p) Custo
lve Fund LLC, (gq) Cust</div></box><box><div coordinates="1954,1684,621,418" index="3" style="position:fixed;left:29.601575518860777%;top:33.01960784313726%;height:8.196078431372548%;width:9.40766550522648%;" type="para">edule dated as of De
the &#8220;Fee Schedule&#8221;
es (&#8220;State Streer&#8217;) |
&#8216;August 1, 2005 by i

oe JX 0 AL</div></box><box><div coordinates="1186,1717,121,121" index="4" style="position:fixed;left:17.96697470080291%;top:33.666666666666664%;height:2.372549019607843%;width:1.8330555976367218%;" type="para">ade

ro</div></box><box><div coordinates="4173,1777,121,121" index="5" style="position:fixed;left:63.21769428874413%;top:34.84313725490196%;height:2.372549019607843%;width:1.8330555976367218%;" type="para">reet</div></box><box><div coordinates="2891,1782,121,121" index="6" style="position:fixed;left:43.79639448568399%;top:34.94117647058824%;height:2.372549019607843%;width:1.8330555976367218%;" type="para">CES</div></box><box><div coordinates="3845,1887,125,190" index="7" style="position:fixed;left:58.24875018936525%;top:37.0%;height:3.7254901960784315%;width:1.8936524768974399%;" type="para">Air
men</div></box><box><div coordinates="4018,1887,121,121" index="8" style="position:fixed;left:60.86956521739131%;top:37.0%;height:2.372549019607843%;width:1.8330555976367218%;" type="para">nde</div></box><box><div coordinates="3427,1959,153,313" index="9" style="position:fixed;left:51.91637630662021%;top:38.41176470588235%;height:6.137254901960784%;width:2.317830631722466%;" type="para">{ Jani
State
tate</div></box><box><div coordinates="3649,1952,142,143" index="10" style="position:fixed;left:55.27950310559007%;top:38.27450980392157%;height:2.803921568627451%;width:2.1511892137554915%;" type="para">Inve</div></box><box><div coordinates="1282,1961,121,122" index="11" style="position:fixed;left:19.421299803060144%;top:38.450980392156865%;height:2.392156862745098%;width:1.8330555976367218%;" type="para">n Co</div></box><box><div coordinates="918,1985,121,121" index="12" style="position:fixed;left:13.906983790334799%;top:38.92156862745098%;height:2.372549019607843%;width:1.8330555976367218%;" type="para" /></box><box><div coordinates="3267,2055,151,220" index="13" style="position:fixed;left:49.492501136191486%;top:40.294117647058826%;height:4.313725490196078%;width:2.2875321920921072%;" type="para" /></box><box><div coordinates="2398,2069,121,121" index="14" style="position:fixed;left:36.32782911680049%;top:40.568627450980394%;height:2.372549019607843%;width:1.8330555976367218%;" type="para">Au</div></box><box><div coordinates="2529,2157,122,121" index="15" style="position:fixed;left:38.312376912589%;top:42.29411764705882%;height:2.372549019607843%;width:1.8482048174519012%;" type="para">nN</div></box><box><div coordinates="2933,2156,161,124" index="16" style="position:fixed;left:44.432661717921526%;top:42.27450980392157%;height:2.431372549019608%;width:2.4390243902439024%;" type="para">and

MN</div></box><box><div coordinates="4232,2163,171,199" index="17" style="position:fixed;left:64.11149825783971%;top:42.411764705882355%;height:3.9019607843137254%;width:2.590516588395698%;" type="para" /></box><box><div coordinates="2098,2218,121,121" index="18" style="position:fixed;left:31.783063172246628%;top:43.49019607843137%;height:2.372549019607843%;width:1.8330555976367218%;" type="para">ent</div></box><box><div coordinates="3972,2211,121,121" index="19" style="position:fixed;left:60.17270110589305%;top:43.35294117647059%;height:2.372549019607843%;width:1.8330555976367218%;" type="para" /></box><box><div coordinates="918,2266,121,121" index="20" style="position:fixed;left:13.906983790334799%;top:44.43137254901961%;height:2.372549019607843%;width:1.8330555976367218%;" type="para" /></box><box><div coordinates="2376,2299,141,221" index="21" style="position:fixed;left:35.99454628086654%;top:45.07843137254902%;height:4.333333333333334%;width:2.136039993940312%;" type="para">wd bd

nAg
Teme</div></box><box><div coordinates="3031,2299,742,1129" index="22" style="position:fixed;left:45.91728525980912%;top:45.07843137254902%;height:22.137254901960784%;width:11.240721102863201%;" type="para">73 NS AN AW IRAN Wf! WV YE

for Accounts) dated as o
odian Contract dated as
LLC, (g) Custodian Coa
| Plus Fund LLC, (bh) Cu
Broad Large Cap Grow
hd INTECH U.S. Broad
between State Street ar
ber 29, 2006 by and bet
| as of September 3, 201
ian Contract dated as of
tility Fund LLC, (n) Cy
International Large Cap

CC MMs 2. NE. oe a2 YY OY</div></box><box><div coordinates="3763,2291,195,222" index="23" style="position:fixed;left:57.006514164520524%;top:44.92156862745098%;height:4.352941176470588%;width:2.9540978639600057%;" type="para">&#162; WEVA

f Mar
of Ju</div></box><box><div coordinates="2070,2382,285,160" index="24" style="position:fixed;left:31.3588850174216%;top:46.705882352941174%;height:3.1372549019607843%;width:4.317527647326163%;" type="para">WIR VRRAR

tal Mana

YY Mn vr</div></box><box><div coordinates="2645,2403,121,121" index="25" style="position:fixed;left:40.069686411149824%;top:47.11764705882353%;height:2.372549019607843%;width:1.8330555976367218%;" type="para">LC,</div></box><box><div coordinates="2769,2427,121,121" index="26" style="position:fixed;left:41.94818966823209%;top:47.588235294117645%;height:2.372549019607843%;width:1.8330555976367218%;" type="para" /></box><box><div coordinates="2980,2470,122,164" index="27" style="position:fixed;left:45.14467504923497%;top:48.431372549019606%;height:3.215686274509804%;width:1.8482048174519012%;" type="para" /></box><box><div coordinates="2402,2577,122,125" index="28" style="position:fixed;left:36.3884259960612%;top:50.52941176470588%;height:2.450980392156863%;width:1.8482048174519012%;" type="para">EC]</div></box><box><div coordinates="3813,2581,195,198" index="29" style="position:fixed;left:57.7639751552795%;top:50.6078431372549%;height:3.882352941176471%;width:2.9540978639600057%;" type="para">todian
Fund</div></box><box><div coordinates="2234,2599,121,121" index="30" style="position:fixed;left:33.84335706711104%;top:50.96078431372549%;height:2.372549019607843%;width:1.8330555976367218%;" type="para" /></box><box><div coordinates="4194,2669,211,223" index="31" style="position:fixed;left:63.5358279048629%;top:52.33333333333333%;height:4.372549019607843%;width:3.196485381002878%;" type="para">FOR

fue |
ry</div></box><box><div coordinates="2564,2681,124,307" index="32" style="position:fixed;left:38.84259960612029%;top:52.56862745098039%;height:6.019607843137255%;width:1.8785032570822602%;" type="para">INT
n St;
, 20</div></box><box><div coordinates="2108,2749,210,126" index="33" style="position:fixed;left:31.934555370398428%;top:53.90196078431373%;height:2.4705882352941173%;width:3.1813361611876987%;" type="para" /></box><box><div coordinates="869,2753,122,124" index="34" style="position:fixed;left:13.164672019391002%;top:53.98039215686274%;height:2.431372549019608%;width:1.8482048174519012%;" type="para">odia</div></box><box><div coordinates="2404,2755,123,125" index="35" style="position:fixed;left:36.418724435691566%;top:54.01960784313725%;height:2.450980392156863%;width:1.8633540372670807%;" type="para">{we</div></box><box><div coordinates="3835,2827,151,149" index="36" style="position:fixed;left:58.09725799121346%;top:55.431372549019606%;height:2.9215686274509807%;width:2.2875321920921072%;" type="para">INT</div></box><box><div coordinates="1406,2865,121,121" index="37" style="position:fixed;left:21.299803060142402%;top:56.1764705882353%;height:2.372549019607843%;width:1.8330555976367218%;" type="para">lan</div></box><box><div coordinates="2669,3013,121,121" index="38" style="position:fixed;left:40.43326768671414%;top:59.07843137254902%;height:2.372549019607843%;width:1.8330555976367218%;" type="para">rth Ca. Yt

nia</div></box><box><div coordinates="2975,3015,121,122" index="39" style="position:fixed;left:45.06892895015906%;top:59.11764705882353%;height:2.392156862745098%;width:1.8330555976367218%;" type="para" /></box><box><div coordinates="2262,3109,156,193" index="40" style="position:fixed;left:34.26753522193607%;top:60.96078431372549%;height:3.784313725490196%;width:2.363278291168005%;" type="para">y Fur
Mat</div></box><box><div coordinates="1170,3111,357,231" index="41" style="position:fixed;left:17.724587183760036%;top:61.0%;height:4.529411764705882%;width:5.408271474019088%;" type="para">d INTECH
tate Street

tT</div></box><box><div coordinates="2528,3178,166,163" index="42" style="position:fixed;left:38.29722769277382%;top:62.313725490196084%;height:3.1960784313725488%;width:2.5147704893198%;" type="para">HAIN

3 Ma

or</div></box><box><div coordinates="2841,3178,121,121" index="43" style="position:fixed;left:43.03893349492501%;top:62.313725490196084%;height:2.372549019607843%;width:1.8330555976367218%;" type="para">1 Vi</div></box><box><div coordinates="820,3206,227,201" index="44" style="position:fixed;left:12.422360248447205%;top:62.86274509803922%;height:3.9411764705882355%;width:3.4388728980457506%;" type="para">| betwe
ed as o</div></box><box><div coordinates="3889,3217,239,209" index="45" style="position:fixed;left:58.91531586123314%;top:63.07843137254901%;height:4.098039215686274%;width:3.6206635358279047%;" type="para" /></box><box><div coordinates="4283,3236,122,123" index="46" style="position:fixed;left:64.88410846841388%;top:63.450980392156865%;height:2.411764705882353%;width:1.8482048174519012%;" type="para" /></box><box><div coordinates="3435,3376,121,121" index="47" style="position:fixed;left:52.03757006514165%;top:66.19607843137256%;height:2.372549019607843%;width:1.8330555976367218%;" type="para">et</div></box><box><div coordinates="868,3387,403,276" index="48" style="position:fixed;left:13.149522799575822%;top:66.41176470588235%;height:5.411764705882352%;width:6.105135585517346%;" type="para">Custodian Ce
ortunistic Alg
ins AH Cap V</div></box><box><div coordinates="3865,3393,121,121" index="49" style="position:fixed;left:58.55173458566883%;top:66.52941176470588%;height:2.372549019607843%;width:1.8330555976367218%;" type="para" /></box><box><div coordinates="3085,3441,1236,1845" index="50" style="position:fixed;left:46.73534312982881%;top:67.47058823529412%;height:36.17647058823529%;width:18.724435691561887%;" type="para">ip JRL JI WWE GM J BUIUY AMIRI MILLIS

, 2011 by and between State Street and
3, 2007 by and between State Street and
ract dated as of October 1, 2014 by and
odian Contract dated as of February 28,
LLC, (t) Custodian Contract dated as of
ained Bond Fund LLC, (u) Custodian
Overseas Equity Fund LLC, (v) Master
State Street and each Cayman Islands
agreements entered into between State
U.S. entities and/or products from time
i] be governed by the Fee Schedule
ment and Declaration of Trust dated as
/ of New Hampshire and Janus Capital
Amended and Restated Agreement and
treet Bank and Trust Company of New
h Equity Portfolio) (together, the &#8220;Trust
2012 by and between State Street and
veto (the &#8220;Administration Agreement&#8221;
&#8220;Agreements,&#8221; all as may be amended,
arties hereto desire to amend the Fee

A at YAMA YY YTY LL a 1. Lo,</div></box><box><div coordinates="2228,3460,225,209" index="51" style="position:fixed;left:33.752461748219964%;top:67.84313725490196%;height:4.098039215686274%;width:3.408574458415391%;" type="para">Foe a La

ontract
Contra</div></box><box><div coordinates="1408,3487,681,624" index="52" style="position:fixed;left:21.33010149977276%;top:68.37254901960785%;height:12.23529411764706%;width:10.31661869413725%;" type="para">und LLC, (p) Custod;
Fund LLC, (g) Custo
ountry Enhanced Inde
nd Janus Core Plus Fi
State Street and INTE!
ind between State Str
Aay 31, 2011 by and |</div></box><box><div coordinates="2062,3482,122,122" index="53" style="position:fixed;left:31.23769125890017%;top:68.27450980392157%;height:2.392156862745098%;width:1.8482048174519012%;" type="para">lian</div></box><box><div coordinates="4234,3524,121,121" index="54" style="position:fixed;left:64.14179669747007%;top:69.09803921568628%;height:2.372549019607843%;width:1.8330555976367218%;" type="para">a4

nd</div></box><box><div coordinates="2867,3535,121,121" index="55" style="position:fixed;left:43.43281321011968%;top:69.31372549019608%;height:2.372549019607843%;width:1.8330555976367218%;" type="para">ir

Man</div></box><box><div coordinates="3875,3570,145,210" index="56" style="position:fixed;left:58.703226783820625%;top:70.0%;height:4.117647058823529%;width:2.1966368732010304%;" type="para">ate S
, 201</div></box><box><div coordinates="2044,3649,185,209" index="57" style="position:fixed;left:30.965005302226935%;top:71.54901960784314%;height:4.098039215686274%;width:2.802605665808211%;" type="para">lex Fu
xed |</div></box><box><div coordinates="733,3660,122,122" index="58" style="position:fixed;left:11.104378124526587%;top:71.76470588235294%;height:2.392156862745098%;width:1.8482048174519012%;" type="para">NT</div></box><box><div coordinates="2880,3729,122,124" index="59" style="position:fixed;left:43.62975306771701%;top:73.11764705882354%;height:2.431372549019608%;width:1.8482048174519012%;" type="para">)C</div></box><box><div coordinates="2310,3816,676,390" index="60" style="position:fixed;left:34.994697773064686%;top:74.82352941176471%;height:7.647058823529412%;width:10.240872595061354%;" type="para">YN LS

A Large Cap Value Fu

1 Janus Global Uncot
1 State Street and Jan
, 2013 by and betwe</div></box><box><div coordinates="1246,3979,753,685" index="61" style="position:fixed;left:18.87592788971368%;top:78.01960784313725%;height:13.431372549019608%;width:11.407362520830178%;" type="para">tS stint AWS TL Wwd dl WM
5 of May 31, 2011 by ar
s Agreement dated as &#162;
listed on Appendix A tl
Mutual Funds, Janus Co
agreements Janus and

&#8220;Custody Agreements&#8221;
996 by and between Sta

r~ Sw</div></box><box><div coordinates="1371,3979,122,125" index="62" style="position:fixed;left:20.76958036661112%;top:78.01960784313725%;height:2.450980392156863%;width:1.8482048174519012%;" type="para">MAb dN

Ma</div></box><box><div coordinates="4083,3976,122,121" index="63" style="position:fixed;left:61.85426450537798%;top:77.9607843137255%;height:2.372549019607843%;width:1.8482048174519012%;" type="para">WORT NA

Ma:</div></box><box><div coordinates="2699,4078,121,121" index="64" style="position:fixed;left:40.88774428116952%;top:79.96078431372548%;height:2.372549019607843%;width:1.8330555976367218%;" type="para">ad t</div></box><box><div coordinates="3083,4073,121,122" index="65" style="position:fixed;left:46.705044690198456%;top:79.86274509803921%;height:2.392156862745098%;width:1.8330555976367218%;" type="para">Staf</div></box><box><div coordinates="2534,4122,121,121" index="66" style="position:fixed;left:38.3881230116649%;top:80.82352941176471%;height:2.372549019607843%;width:1.8330555976367218%;" type="para" /></box><box><div coordinates="1195,4244,166,162" index="67" style="position:fixed;left:18.103317679139526%;top:83.2156862745098%;height:3.176470588235294%;width:2.5147704893198%;" type="para" /></box><box><div coordinates="964,4258,121,121" index="68" style="position:fixed;left:14.603847901833056%;top:83.49019607843138%;height:2.372549019607843%;width:1.8330555976367218%;" type="para">nd J</div></box><box><div coordinates="2904,4280,122,122" index="69" style="position:fixed;left:43.99333434328132%;top:83.92156862745098%;height:2.392156862745098%;width:1.8482048174519012%;" type="para">Jan</div></box><box><div coordinates="3821,4324,122,162" index="70" style="position:fixed;left:57.885168913800946%;top:84.78431372549021%;height:3.176470588235294%;width:1.8482048174519012%;" type="para">wb 4

0H ren</div></box><box><div coordinates="3687,4367,121,121" index="71" style="position:fixed;left:55.85517345856689%;top:85.62745098039215%;height:2.372549019607843%;width:1.8330555976367218%;" type="para">thi</div></box><box><div coordinates="2568,4448,122,125" index="72" style="position:fixed;left:38.903196485381%;top:87.2156862745098%;height:2.450980392156863%;width:1.8482048174519012%;" type="para">1 Re</div></box><box><div coordinates="1013,4480,121,121" index="73" style="position:fixed;left:15.346159672776851%;top:87.84313725490196%;height:2.372549019607843%;width:1.8330555976367218%;" type="para">ely,

npr 7}</div></box><box><div coordinates="1299,4594,122,152" index="74" style="position:fixed;left:19.678836539918194%;top:90.07843137254902%;height:2.980392156862745%;width:1.8482048174519012%;" type="para">FN

J al</div></box><box><div coordinates="3053,4597,121,121" index="75" style="position:fixed;left:46.25056809574307%;top:90.13725490196079%;height:2.372549019607843%;width:1.8330555976367218%;" type="para">2) &#8482;

An</div></box><box><div coordinates="4095,4628,312,300" index="76" style="position:fixed;left:62.03605514316013%;top:90.74509803921569%;height:5.88235294117647%;width:4.72655658233601%;" type="para">nt and |
f New

&#8220;Trust|

Co le enn uf 4</div></box><box><div coordinates="1532,4687,357,777" index="77" style="position:fixed;left:23.208604756855024%;top:91.90196078431373%;height:15.235294117647058%;width:5.408271474019088%;" type="para">ALI VACCINES

| as of Nov:
tal Manage
iministratio
s Comming
ustody Agr
otherwise
Ss Comming
1ed herein s</div></box><box><div coordinates="2607,4696,121,121" index="78" style="position:fixed;left:39.494016058173%;top:92.07843137254902%;height:2.372549019607843%;width:1.8330555976367218%;" type="para">&#8220;_ wha

yetw</div></box><box><div coordinates="2750,4698,121,121" index="79" style="position:fixed;left:41.660354491743675%;top:92.11764705882352%;height:2.372549019607843%;width:1.8330555976367218%;" type="para">en</div></box><box><div coordinates="2913,4693,121,121" index="80" style="position:fixed;left:44.12967732161794%;top:92.01960784313725%;height:2.372549019607843%;width:1.8330555976367218%;" type="para">NS

tate</div></box><box><div coordinates="1878,4701,121,121" index="81" style="position:fixed;left:28.450234812907134%;top:92.17647058823529%;height:2.372549019607843%;width:1.8330555976367218%;" type="para">emt</div></box><box><div coordinates="2102,4792,122,123" index="82" style="position:fixed;left:31.84366005150735%;top:93.96078431372548%;height:2.411764705882353%;width:1.8482048174519012%;" type="para">LC</div></box><box><div coordinates="3152,4827,122,123" index="83" style="position:fixed;left:47.75034085744584%;top:94.6470588235294%;height:2.411764705882353%;width:1.8482048174519012%;" type="para">&#8220;qui
19</div></box><box><div coordinates="619,4872,121,121" index="84" style="position:fixed;left:9.377367065596122%;top:95.52941176470588%;height:2.372549019607843%;width:1.8330555976367218%;" type="para" /></box><box><div coordinates="882,4878,238,149" index="85" style="position:fixed;left:13.361611876988336%;top:95.6470588235294%;height:2.9215686274509807%;width:3.6055143160127257%;" type="para">peo

ements&#8217;

bv Lt</div></box><box><div coordinates="745,4880,121,121" index="86" style="position:fixed;left:11.286168762308742%;top:95.68627450980392%;height:2.372549019607843%;width:1.8330555976367218%;" type="para">gre</div></box><box><div coordinates="1976,4970,121,121" index="87" style="position:fixed;left:29.93485835479473%;top:97.45098039215686%;height:2.372549019607843%;width:1.8330555976367218%;" type="para" /></box><box><div coordinates="2892,5006,121,121" index="88" style="position:fixed;left:43.81154370549917%;top:98.15686274509804%;height:2.372549019607843%;width:1.8330555976367218%;" type="para">Ty

ta 14</div></box><box><div coordinates="2119,5230,121,121" index="89" style="position:fixed;left:32.1011967883654%;top:102.54901960784312%;height:2.372549019607843%;width:1.8330555976367218%;" type="para">ed 1</div></box><box><div coordinates="4288,5264,121,121" index="90" style="position:fixed;left:64.95985456748977%;top:103.2156862745098%;height:2.372549019607843%;width:1.8330555976367218%;" type="para" /></box><box><div coordinates="3279,5300,121,121" index="91" style="position:fixed;left:49.674291773973636%;top:103.921568627451%;height:2.372549019607843%;width:1.8330555976367218%;" type="para">ii Ih

e Fe</div></box><box><div coordinates="1484,5331,121,123" index="92" style="position:fixed;left:22.481442205726403%;top:104.5294117647059%;height:2.411764705882353%;width:1.8330555976367218%;" type="para">ine</div></box><box><div coordinates="3477,5466,653,122" index="93" style="position:fixed;left:52.67383729737919%;top:107.17647058823529%;height:2.392156862745098%;width:9.892440539312226%;" type="para">xx x . ig</div></box><box><div coordinates="4213,5466,124,122" index="94" style="position:fixed;left:63.82366308135131%;top:107.17647058823529%;height:2.392156862745098%;width:1.8785032570822602%;" type="para" /></box><box><div coordinates="773,5472,716,126" index="95" style="position:fixed;left:11.710346917133768%;top:107.29411764705883%;height:2.4705882352941173%;width:10.846841387668535%;" type="para" /></box><box><div coordinates="1748,5470,1121,124" index="96" style="position:fixed;left:26.480836236933797%;top:107.25490196078431%;height:2.431372549019608%;width:16.98227541281624%;" type="para" /></box><box><div coordinates="2947,5470,328,122" index="97" style="position:fixed;left:44.64475079533404%;top:107.25490196078431%;height:2.392156862745098%;width:4.968944099378882%;" type="para" /></box><box><div coordinates="3289,5470,131,121" index="98" style="position:fixed;left:49.825783972125436%;top:107.25490196078431%;height:2.372549019607843%;width:1.9845477957885167%;" type="para" /></box></Blocks></page><page num="2" src="img/Bi2i_1037/Bi2i_1037-01.jpg" txt_src="img/Bi2i_1037/Bi2i_1037-01.txt"><Blocks><box><div coordinates="635,602,3722,934" index="0" style="position:fixed;left:9.619754582638993%;top:11.803921568627452%;height:18.313725490196077%;width:56.38539615209817%;" type="para">JANUS CAPITAL MANAGEMENT
JANUS MUTUAL FUNDS, JANUS COMMINGLED POOLS, JANUS INCUBATOR ACCOUNTS AND
OTHER JANUS U.S. AND CAYMAN PRODUCTS
AMENDMENT TO CONFIDENTIAL UMBRELLA FEE SCHEDULE
DATED AS OF SEPTEMBER 15, 2015</div></box><box><div coordinates="3333,1514,1112,246" index="1" style="position:fixed;left:50.492349643993336%;top:29.686274509803923%;height:4.823529411764706%;width:16.845932434479625%;" type="para" /></box><box><div coordinates="821,1552,956,208" index="2" style="position:fixed;left:12.437509468262384%;top:30.43137254901961%;height:4.07843137254902%;width:14.482654143311619%;" type="para">&#8220;Amendment</div></box><box><div coordinates="692,1601,121,121" index="3" style="position:fixed;left:10.483260112104228%;top:31.392156862745097%;height:2.372549019607843%;width:1.8330555976367218%;" type="para">da</div></box><box><div coordinates="1826,1634,193,122" index="4" style="position:fixed;left:27.662475382517798%;top:32.03921568627451%;height:2.392156862745098%;width:2.923799424329647%;" type="para" /></box><box><div coordinates="2022,1634,577,126" index="5" style="position:fixed;left:30.631722466292988%;top:32.03921568627451%;height:2.4705882352941173%;width:8.741099833358582%;" type="para" /></box><box><div coordinates="3093,1756,203,164" index="6" style="position:fixed;left:46.85653688835025%;top:34.431372549019606%;height:3.215686274509804%;width:3.0752916224814424%;" type="para">nds Fe</div></box><box><div coordinates="1484,1768,427,236" index="7" style="position:fixed;left:22.481442205726403%;top:34.66666666666667%;height:4.627450980392156%;width:6.468716861081654%;" type="para">chedule titlec
th the followis</div></box><box><div coordinates="3309,1771,211,162" index="8" style="position:fixed;left:50.12876836842902%;top:34.72549019607843%;height:3.176470588235294%;width:3.196485381002878%;" type="para">&gt; Cap&#8221;</div></box><box><div coordinates="3687,1796,121,121" index="9" style="position:fixed;left:55.85517345856689%;top:35.21568627450981%;height:2.372549019607843%;width:1.8330555976367218%;" type="para">reb</div></box><box><div coordinates="3832,1793,121,121" index="10" style="position:fixed;left:58.05181033176792%;top:35.15686274509804%;height:2.372549019607843%;width:1.8330555976367218%;" type="para">alll</div></box><box><div coordinates="879,2103,3336,477" index="11" style="position:fixed;left:13.316164217542797%;top:41.23529411764706%;height:9.352941176470589%;width:50.53779730343887%;" type="para">Fees from this fee schedule shall be capped at 11 basis points of net assets for the Janus Global
Unconstrained Bond Fund LLC,</div></box><box><div coordinates="1267,2343,122,124" index="12" style="position:fixed;left:19.19406150583245%;top:45.94117647058823%;height:2.431372549019608%;width:1.8482048174519012%;" type="para">1 th</div></box><box><div coordinates="1410,2346,195,238" index="13" style="position:fixed;left:21.36039993940312%;top:46.0%;height:4.666666666666667%;width:2.9540978639600057%;" type="para">5 fee s
| Bond</div></box><box><div coordinates="2829,2347,121,121" index="14" style="position:fixed;left:42.857142857142854%;top:46.01960784313726%;height:2.372549019607843%;width:1.8330555976367218%;" type="para">nts</div></box><box><div coordinates="3367,2359,121,124" index="15" style="position:fixed;left:51.007423117709436%;top:46.25490196078431%;height:2.431372549019608%;width:1.8330555976367218%;" type="para">for</div></box><box><div coordinates="3205,2361,121,122" index="16" style="position:fixed;left:48.55324950765036%;top:46.294117647058826%;height:2.392156862745098%;width:1.8330555976367218%;" type="para">sso:</div></box><box><div coordinates="2156,2375,121,122" index="17" style="position:fixed;left:32.66171792152704%;top:46.568627450980394%;height:2.392156862745098%;width:1.8330555976367218%;" type="para">app</div></box><box><div coordinates="1536,2595,374,431" index="18" style="position:fixed;left:23.269201636115742%;top:50.882352941176464%;height:8.450980392156863%;width:5.66580821087714%;" type="para">1y additiona
ered by thi
et assets 1
h Fund&#8217;s lat</div></box><box><div coordinates="3055,2614,121,121" index="19" style="position:fixed;left:46.28086653537343%;top:51.254901960784316%;height:2.372549019607843%;width:1.8330555976367218%;" type="para">nds</div></box><box><div coordinates="3183,2611,427,319" index="20" style="position:fixed;left:48.219966671716406%;top:51.19607843137255%;height:6.254901960784314%;width:6.468716861081654%;" type="para">serviced by S
edule will be
nce, Follow</div></box><box><div coordinates="2528,2626,122,124" index="21" style="position:fixed;left:38.29722769277382%;top:51.490196078431374%;height:2.431372549019608%;width:1.8482048174519012%;" type="para">IXe</div></box><box><div coordinates="949,2634,142,220" index="22" style="position:fixed;left:14.376609604605362%;top:51.64705882352941%;height:4.313725490196078%;width:2.1511892137554915%;" type="para">Wit
the</div></box><box><div coordinates="3669,2701,121,122" index="23" style="position:fixed;left:55.58248750189365%;top:52.9607843137255%;height:2.392156862745098%;width:1.8330555976367218%;" type="para">ppe</div></box><box><div coordinates="2390,2731,121,121" index="24" style="position:fixed;left:36.20663535827905%;top:53.54901960784314%;height:2.372549019607843%;width:1.8330555976367218%;" type="para" /></box><box><div coordinates="3859,2770,122,122" index="25" style="position:fixed;left:58.46083926677777%;top:54.31372549019608%;height:2.392156862745098%;width:1.8482048174519012%;" type="para">Ak 1

firs</div></box><box><div coordinates="2843,2792,121,121" index="26" style="position:fixed;left:43.06923193455537%;top:54.74509803921569%;height:2.372549019607843%;width:1.8330555976367218%;" type="para">hd&#8217;s</div></box><box><div coordinates="2969,2820,121,121" index="27" style="position:fixed;left:44.97803363126799%;top:55.294117647058826%;height:2.372549019607843%;width:1.8330555976367218%;" type="para">eX</div></box><box><div coordinates="2036,3130,2447,476" index="28" style="position:fixed;left:30.843811543705502%;top:61.372549019607845%;height:9.333333333333334%;width:37.07014088774428%;" type="para">amend the Fee Schedule and the terms of this Amendment and the Fee
itive &#8216;and not exclusive to each other, The Fee Schedule, as amended</div></box><box><div coordinates="661,3156,756,208" index="29" style="position:fixed;left:10.013634297833661%;top:61.882352941176464%;height:4.07843137254902%;width:11.452810180275716%;" type="para">General</div></box><box><div coordinates="1422,3238,297,122" index="30" style="position:fixed;left:21.542190577185274%;top:63.490196078431374%;height:2.392156862745098%;width:4.499318285108317%;" type="para" /></box><box><div coordinates="1455,3236,692,458" index="31" style="position:fixed;left:22.0421148310862%;top:63.450980392156865%;height:8.980392156862745%;width:10.483260112104228%;" type="para">ded to modify and an
rued {o be cumulative
and confirmed and ren</div></box><box><div coordinates="1258,3399,121,121" index="32" style="position:fixed;left:19.057718527495833%;top:66.64705882352942%;height:2.372549019607843%;width:1.8330555976367218%;" type="para">s inf</div></box><box><div coordinates="3153,3397,121,121" index="33" style="position:fixed;left:47.76549007726102%;top:66.6078431372549%;height:2.372549019607843%;width:1.8330555976367218%;" type="para">rms</div></box><box><div coordinates="3609,3457,121,122" index="34" style="position:fixed;left:54.67353431298289%;top:67.7843137254902%;height:2.392156862745098%;width:1.8330555976367218%;" type="para">che</div></box><box><div coordinates="3759,3461,242,141" index="35" style="position:fixed;left:56.9459172852598%;top:67.86274509803921%;height:2.764705882352941%;width:3.6661111952734435%;" type="para">ule, as</div></box><box><div coordinates="4138,3481,121,121" index="36" style="position:fixed;left:62.68747159521285%;top:68.25490196078431%;height:2.372549019607843%;width:1.8330555976367218%;" type="para">nde</div></box><box><div coordinates="1106,3548,121,121" index="37" style="position:fixed;left:16.755037115588546%;top:69.56862745098039%;height:2.372549019607843%;width:1.8330555976367218%;" type="para">by 1</div></box><box><div coordinates="2833,3543,121,122" index="38" style="position:fixed;left:42.917739736403576%;top:69.47058823529412%;height:2.392156862745098%;width:1.8330555976367218%;" type="para">fie</div></box><box><div coordinates="1556,3707,337,269" index="39" style="position:fixed;left:23.57218603241933%;top:72.68627450980392%;height:5.2745098039215685%;width:5.105287077715498%;" type="para">dential in:
1&#162; other pa</div></box><box><div coordinates="3139,3705,121,121" index="40" style="position:fixed;left:47.553400999848506%;top:72.6470588235294%;height:2.372549019607843%;width:1.8330555976367218%;" type="para">dis</div></box><box><div coordinates="3261,3733,121,124" index="41" style="position:fixed;left:49.40160581730041%;top:73.19607843137254%;height:2.431372549019608%;width:1.8330555976367218%;" type="para">clos</div></box><box><div coordinates="3671,3747,121,121" index="42" style="position:fixed;left:55.61278594152401%;top:73.47058823529412%;height:2.372549019607843%;width:1.8330555976367218%;" type="para">thi</div></box><box><div coordinates="999,3809,122,124" index="43" style="position:fixed;left:15.134070595364339%;top:74.68627450980392%;height:2.431372549019608%;width:1.8482048174519012%;" type="para">adh ed</div></box><box><div coordinates="1668,3983,141,153" index="44" style="position:fixed;left:25.268898651719436%;top:78.09803921568627%;height:3.0%;width:2.136039993940312%;" type="para">of</div></box><box><div coordinates="2132,3987,121,121" index="45" style="position:fixed;left:32.298136645962735%;top:78.17647058823529%;height:2.372549019607843%;width:1.8330555976367218%;" type="para" /></box><box><div coordinates="3175,3987,393,149" index="46" style="position:fixed;left:48.09877291319497%;top:78.17647058823529%;height:2.9215686274509807%;width:5.953643387365551%;" type="para">ct pursuant</div></box><box><div coordinates="1814,4017,121,121" index="47" style="position:fixed;left:27.480684744735644%;top:78.76470588235294%;height:2.372549019607843%;width:1.8330555976367218%;" type="para">ept</div></box><box><div coordinates="2801,4015,121,123" index="48" style="position:fixed;left:42.43296470231783%;top:78.72549019607843%;height:2.411764705882353%;width:1.8330555976367218%;" type="para">mat</div></box><box><div coordinates="1756,4418,1460,182" index="49" style="position:fixed;left:26.602029995455233%;top:86.62745098039217%;height:3.568627450980392%;width:22.1178609301621%;" type="para">[Reminder of page intentionally left blank]</div></box></Blocks></page><page num="3" src="img/Bi2i_1037/Bi2i_1037-02.jpg" txt_src="img/Bi2i_1037/Bi2i_1037-02.txt"><Blocks><box><div coordinates="643,590,3728,940" index="0" style="position:fixed;left:9.74094834116043%;top:11.568627450980392%;height:18.43137254901961%;width:56.476291470989246%;" type="para">JANUS CAPITAL MANAGEMENT
JANUS MUTUAL FUNDS, JANUS COMMINGLED POOLS, JANUS INCUBATOR ACCOUNTS AND
OTHER JANUS U.S. AND CAYMAN PRODUCTS
AMENDMENT TO CONFIDENTIAL UMBRELLA FEE SCHEDULE
DATED AS OF SEPTEMBER 15,2015</div></box><box><div coordinates="705,1627,3788,219" index="1" style="position:fixed;left:10.68019996970156%;top:31.901960784313726%;height:4.294117647058823%;width:57.38524465990002%;" type="para">TU. Signatures</div></box><box><div coordinates="1455,1846,625,238" index="2" style="position:fixed;left:22.0421148310862%;top:36.19607843137255%;height:4.666666666666667%;width:9.468262384487199%;" type="para">d by or on behalf of
bligations or liabilit</div></box><box><div coordinates="3017,1856,197,163" index="3" style="position:fixed;left:45.705196182396605%;top:36.3921568627451%;height:3.1960784313725488%;width:2.984396303590365%;" type="para">vintly,</div></box><box><div coordinates="3403,1857,217,145" index="4" style="position:fixed;left:51.5527950310559%;top:36.411764705882355%;height:2.843137254901961%;width:3.2873806998939554%;" type="para">y Fund</div></box><box><div coordinates="2138,1875,121,121" index="5" style="position:fixed;left:32.38903196485381%;top:36.76470588235294%;height:2.372549019607843%;width:1.8330555976367218%;" type="para">ich

fe</div></box><box><div coordinates="4033,1881,121,121" index="6" style="position:fixed;left:61.096803514619005%;top:36.88235294117647%;height:2.372549019607843%;width:1.8330555976367218%;" type="para">&gt; UI</div></box><box><div coordinates="2398,1941,121,121" index="7" style="position:fixed;left:36.32782911680049%;top:38.05882352941177%;height:2.372549019607843%;width:1.8330555976367218%;" type="para">rthe</div></box><box><div coordinates="977,1959,170,123" index="8" style="position:fixed;left:14.800787759430388%;top:38.41176470588235%;height:2.411764705882353%;width:2.575367368580518%;" type="para">hedul</div></box><box><div coordinates="685,2096,1526,576" index="9" style="position:fixed;left:10.37721557339797%;top:41.09803921568628%;height:11.294117647058824%;width:23.117709437963946%;" type="para">JANUS CAPITAL MANAGEMENT, LLC
{IN BEHALF OF ALL FUNDS OTHER THAN JANUS
INVESTMENT FUND AND. JANUS ASPEN SERIES</div></box><box><div coordinates="2460,2194,1483,164" index="10" style="position:fixed;left:37.267080745341616%;top:43.01960784313725%;height:3.215686274509804%;width:22.466292985911227%;" type="para">STATE STREET BANK AND TRUST COMPANY</div></box><box><div coordinates="2924,2445,646,495" index="11" style="position:fixed;left:44.29631873958491%;top:47.94117647058824%;height:9.705882352941178%;width:9.78639600060597%;" type="para">nis MM

SVP</div></box><box><div coordinates="3002,2451,122,125" index="12" style="position:fixed;left:45.47795788516891%;top:48.05882352941177%;height:2.450980392156863%;width:1.8482048174519012%;" type="para" /></box><box><div coordinates="3219,2468,135,195" index="13" style="position:fixed;left:48.765338585062864%;top:48.392156862745104%;height:3.823529411764706%;width:2.0451446750492352%;" type="para" /></box><box><div coordinates="1239,2480,122,122" index="14" style="position:fixed;left:18.769883351007426%;top:48.627450980392155%;height:2.392156862745098%;width:1.8482048174519012%;" type="para" /></box><box><div coordinates="1944,2550,125,124" index="15" style="position:fixed;left:29.45008332070898%;top:50.0%;height:2.431372549019608%;width:1.8936524768974399%;" type="para" /></box><box><div coordinates="1322,2643,121,122" index="16" style="position:fixed;left:20.027268595667323%;top:51.8235294117647%;height:2.392156862745098%;width:1.8330555976367218%;" type="para" /></box><box><div coordinates="2462,2643,121,121" index="17" style="position:fixed;left:37.29737918497197%;top:51.8235294117647%;height:2.372549019607843%;width:1.8330555976367218%;" type="para">Ne</div></box><box><div coordinates="3579,2669,122,124" index="18" style="position:fixed;left:54.219057718527495%;top:52.33333333333333%;height:2.431372549019608%;width:1.8482048174519012%;" type="para" /></box><box><div coordinates="1506,2764,263,166" index="19" style="position:fixed;left:22.814725041660356%;top:54.196078431372555%;height:3.2549019607843137%;width:3.9842448113922133%;" type="para">resident</div></box><box><div coordinates="2472,2789,122,145" index="20" style="position:fixed;left:37.44887138312377%;top:54.68627450980392%;height:2.843137254901961%;width:1.8482048174519012%;" type="para">Tit</div></box><box><div coordinates="2456,3044,1493,254" index="21" style="position:fixed;left:37.206483866080895%;top:59.686274509803916%;height:4.980392156862745%;width:22.61778518406302%;" type="para">STATE STREET BANK AND TRUST COMPANY
OF NEW HAMPSHIRE

rf} 2</div></box><box><div coordinates="679,3084,923,164" index="22" style="position:fixed;left:10.286320254506894%;top:60.47058823529412%;height:3.215686274509804%;width:13.982729889410695%;" type="para">JANUS INVESTMENT FUND</div></box><box><div coordinates="2488,3300,179,241" index="23" style="position:fixed;left:37.69125890016664%;top:64.70588235294117%;height:4.7254901960784315%;width:2.7117103469171338%;" type="para">Nami</div></box><box><div coordinates="834,3858,527,156" index="24" style="position:fixed;left:12.634449325859718%;top:75.6470588235294%;height:3.058823529411765%;width:7.983638842599607%;" type="para">US ASPEN SERIE:</div></box><box><div coordinates="690,4198,121,121" index="25" style="position:fixed;left:10.452961672473867%;top:82.31372549019608%;height:2.372549019607843%;width:1.8330555976367218%;" type="para">Na</div></box><box><div coordinates="671,4340,122,122" index="26" style="position:fixed;left:10.165126495985456%;top:85.09803921568627%;height:2.392156862745098%;width:1.8482048174519012%;" type="para">Tif</div></box></Blocks></page></doc>