<doc doi="Bi2i_0866" name="/prcanalyt/test-pra1/inventory_module/InputProcessing/6E8/CE8/6E8CE846BCE03D5A4524536F65D7F9C0F08F8E68.pdf"><page num="1" src="img/Bi2i_0866/Bi2i_0866-00.jpg" txt_src="img/Bi2i_0866/Bi2i_0866-00.txt"><Blocks><box><div coordinates="594,387,3821,760" index="0" style="position:fixed;left:8.998636570216634%;top:7.588235294117647%;height:14.901960784313726%;width:57.885168913800946%;" type="para" /></box><box><div coordinates="549,1278,3887,862" index="1" style="position:fixed;left:8.316921678533555%;top:25.058823529411768%;height:16.901960784313726%;width:58.88501742160279%;" type="para">"DOMESTIC AND FOREIGN CUSTODY AND FUND ACCOUNTING SERVICES

{ This fee schedule 1s for services (the &#8220;Services&#8221;) provided by State Street Bank and Trust Company or its affiliates j
(&#8220;State Street&#8217;) to the Funds (as defined below) pursuant to that certain Custodian Agreement dated as of March 7,
1995 by and between State Street and the Funds (as: may be amended, supplemented, restated ot otherwise fined</div></box><box><div coordinates="555,2193,3938,866" index="2" style="position:fixed;left:8.407816997424632%;top:43.0%;height:16.980392156862745%;width:59.65762763217695%;" type="para" /></box><box><div coordinates="609,3078,122,125" index="3" style="position:fixed;left:9.225874867444327%;top:60.35294117647059%;height:2.450980392156863%;width:1.8482048174519012%;" type="para" /></box><box><div coordinates="750,3079,151,246" index="4" style="position:fixed;left:11.361914861384639%;top:60.372549019607845%;height:4.823529411764706%;width:2.2875321920921072%;" type="para">See
Cur</div></box><box><div coordinates="915,3072,961,260" index="5" style="position:fixed;left:13.86153613088926%;top:60.23529411764705%;height:5.098039215686274%;width:14.558400242387517%;" type="para">Appendix { Jor inl</div></box><box><div coordinates="2859,3081,1490,172" index="6" style="position:fixed;left:43.31161945159824%;top:60.411764705882355%;height:3.3725490196078427%;width:22.572337524617485%;" type="para" /></box><box><div coordinates="1938,3096,575,167" index="7" style="position:fixed;left:29.359188001817905%;top:60.705882352941174%;height:3.2745098039215685%;width:8.710801393728223%;" type="para" /></box><box><div coordinates="2700,3097,143,144" index="8" style="position:fixed;left:40.902893500984696%;top:60.72549019607843%;height:2.823529411764706%;width:2.166338433570671%;" type="para">r fee</div></box><box><div coordinates="2544,3115,140,131" index="9" style="position:fixed;left:38.539615209816695%;top:61.078431372549026%;height:2.5686274509803924%;width:2.1208907741251326%;" type="para">SSA,</div></box><box><div coordinates="597,3342,796,617" index="10" style="position:fixed;left:9.044084229662172%;top:65.52941176470588%;height:12.098039215686276%;width:12.058778972882896%;" type="para">Basis Point Fee

Complex Wide Net Ass
First $250 Million
Next $4.75 Billion
Thereafter</div></box><box><div coordinates="3408,3537,386,427" index="11" style="position:fixed;left:51.6285411301318%;top:69.35294117647058%;height:8.372549019607844%;width:5.847598848659294%;" type="para">Basis Point
0. 30
0. 20
0.15</div></box><box><div coordinates="597,3975,640,173" index="12" style="position:fixed;left:9.044084229662172%;top:77.94117647058823%;height:3.392156862745098%;width:9.695500681714892%;" type="para" /></box><box><div coordinates="3337,3991,615,184" index="13" style="position:fixed;left:50.55294652325405%;top:78.25490196078432%;height:3.607843137254902%;width:9.316770186335404%;" type="para">See Appendix 2</div></box><box><div coordinates="2397,6130,122,163" index="14" style="position:fixed;left:36.31267989698531%;top:120.19607843137254%;height:3.1960784313725488%;width:1.8482048174519012%;" type="para" /></box></Blocks></page><page num="2" src="img/Bi2i_0866/Bi2i_0866-01.jpg" txt_src="img/Bi2i_0866/Bi2i_0866-01.txt"><Blocks><box><div coordinates="642,408,3827,749" index="0" style="position:fixed;left:9.72579912134525%;top:8.0%;height:14.686274509803921%;width:57.97606423269202%;" type="para" /></box><box><div coordinates="615,1305,3944,604" index="1" style="position:fixed;left:9.316770186335404%;top:25.588235294117645%;height:11.843137254901961%;width:59.74852295106802%;" type="para">For the provision of fund accounting services pursuant to the: Custody Agreement, State Street shall be entitled to the.
fees set forth below: This amount does not include out-of-pocket expenses or any other fees, charges or expenses
specifically identified in this fee schedule.</div></box><box><div coordinates="655,2001,1677,617" index="2" style="position:fixed;left:9.922738978942585%;top:39.23529411764706%;height:12.098039215686276%;width:25.405241630056054%;" type="para">Equity Fund Accounting

Portfolios With Non-US Holdings (20% or greater &#171;
Fixed Income Fund Accounting

Portfolios With US Holdings Only

Portfolios With Non-US Holdings (20% or greater &#162;</div></box><box><div coordinates="3447,2001,530,331" index="3" style="position:fixed;left:52.2193607029238%;top:39.23529411764706%;height:6.490196078431372%;width:8.029086502045145%;" type="para" /></box><box><div coordinates="2361,2184,236,163" index="4" style="position:fixed;left:35.767307983638844%;top:42.8235294117647%;height:3.1960784313725488%;width:3.5752158763823663%;" type="para">f non-US</div></box><box><div coordinates="2662,2191,475,154" index="5" style="position:fixed;left:40.32722314800788%;top:42.96078431372549%;height:3.019607843137255%;width:7.195879412210271%;" type="para">ssets of the fund)</div></box><box><div coordinates="3556,2361,316,257" index="6" style="position:fixed;left:53.87062566277837%;top:46.294117647058826%;height:5.03921568627451%;width:4.787153461596728%;" type="para" /></box><box><div coordinates="2301,2457,365,161" index="7" style="position:fixed;left:34.85835479472807%;top:48.17647058823529%;height:3.1568627450980395%;width:5.529465232540525%;" type="para">of non-US a</div></box><box><div coordinates="2853,2457,230,161" index="8" style="position:fixed;left:43.22072413270717%;top:48.17647058823529%;height:3.1568627450980395%;width:3.484320557491289%;" type="para">fthe fun</div></box><box><div coordinates="2154,2479,122,138" index="9" style="position:fixed;left:32.631419481896685%;top:48.6078431372549%;height:2.705882352941176%;width:1.8482048174519012%;" type="para">cate</div></box><box><div coordinates="678,2631,766,167" index="10" style="position:fixed;left:10.271171034691713%;top:51.588235294117645%;height:3.2745098039215685%;width:11.604302378427512%;" type="para">Additional Class of Sh:</div></box><box><div coordinates="1524,2631,764,183" index="11" style="position:fixed;left:23.087410998333585%;top:51.588235294117645%;height:3.5882352941176467%;width:11.574003938797151%;" type="para">s (per additional class)</div></box><box><div coordinates="3547,2641,325,160" index="12" style="position:fixed;left:53.734282684441744%;top:51.78431372549019%;height:3.1372549019607843%;width:4.923496439933343%;" type="para">$1,500</div></box><box><div coordinates="663,2811,2291,905" index="13" style="position:fixed;left:10.04393273746402%;top:55.11764705882353%;height:17.745098039215687%;width:34.70686259657628%;" type="para">Municipal, Government, t. Corporate, Convertible Bonds, CMOs. CDS
Mortgage Backed Securities

Domestic Equities, Foreign Equities and Foreign Bonds, Preferred Sto
Exchange Traded Options, Futures and Private Placements

Bank Loans Markit

Bank Loans Thompson Reuters

Manual Quotes

* For billing purposes, the monthly quote fee will be based on the nu</div></box><box><div coordinates="3487,2905,886,798" index="14" style="position:fixed;left:52.82532949553098%;top:56.96078431372549%;height:15.647058823529411%;width:13.422208756249054%;" type="para">$11.00
$2.50
$6.00
$6.00
$13.00
$20.00
$6.00
in the Fund at month-end.</div></box><box><div coordinates="1491,3535,503,162" index="15" style="position:fixed;left:22.58748674443266%;top:69.31372549019608%;height:3.176470588235294%;width:7.620057567035297%;" type="para">, the monthly qu</div></box><box><div coordinates="2205,3534,368,163" index="16" style="position:fixed;left:33.404029692470836%;top:69.29411764705883%;height:3.1960784313725488%;width:5.574912891986063%;" type="para">will be bas</div></box><box><div coordinates="2586,3534,523,166" index="17" style="position:fixed;left:39.17588244205423%;top:69.29411764705883%;height:3.2549019607843137%;width:7.923041963338888%;" type="para">od. on the number</div></box><box><div coordinates="2002,3550,199,136" index="18" style="position:fixed;left:30.3287380699894%;top:69.6078431372549%;height:2.666666666666667%;width:3.014694743220724%;" type="para">ote fee</div></box><box><div coordinates="3130,3552,286,167" index="19" style="position:fixed;left:47.41705802151189%;top:69.6470588235294%;height:3.2745098039215685%;width:4.332676867141342%;" type="para">of positic</div></box><box><div coordinates="657,3714,2459,440" index="20" style="position:fixed;left:9.953037418572944%;top:72.82352941176471%;height:8.627450980392156%;width:37.25193152552643%;" type="para">FAIR VALUATION / STATE STREET PRICING SERVICE (per Fund /per year)
Funds with more than 20 non-US holdings

Funds with 6 &#8212; 19 non US holdings
Funds with 5 non-US holdings or less</div></box><box><div coordinates="3556,3817,316,324" index="21" style="position:fixed;left:53.87062566277837%;top:74.84313725490196%;height:6.352941176470588%;width:4.787153461596728%;" type="para" /></box><box><div coordinates="651,4165,2050,529" index="22" style="position:fixed;left:9.862142099681867%;top:81.66666666666667%;height:10.372549019607844%;width:31.05590062111801%;" type="para">FAIR VALUATION / ITG CORPORATION PRICING SERVICE (pe
For the first 10 funds in the complex

For the next 10 funds in the complex

For 21 or more funds

For funds with less than 5% non-US holdings</div></box><box><div coordinates="2781,4183,500,166" index="23" style="position:fixed;left:42.12998030601424%;top:82.01960784313725%;height:3.2549019607843137%;width:7.5746099075897595%;" type="para">und /per year)</div></box><box><div coordinates="3520,4267,409,427" index="24" style="position:fixed;left:53.3252537494319%;top:83.66666666666667%;height:8.372549019607844%;width:6.196030904408422%;" type="para">$10,300

$6,180

$3,090
No Charge</div></box><box><div coordinates="643,4714,1759,625" index="25" style="position:fixed;left:9.74094834116043%;top:92.43137254901961%;height:12.254901960784313%;width:26.647477654900776%;" type="para">OTHER SERVICES
- FAS 157 Reporting (per Fund/per year)
FAS 161 Repasting (per Fund/per year)
Fund Merger Processing {per event)
Advertised Yield Calculation(per fund/monthly)</div></box><box><div coordinates="3574,4804,361,505" index="26" style="position:fixed;left:54.143311619451595%;top:94.19607843137256%;height:9.901960784313726%;width:5.468868353279806%;" type="para" /></box><box><div coordinates="2403,4978,344,178" index="27" style="position:fixed;left:36.40357521587638%;top:97.6078431372549%;height:3.4901960784313726%;width:5.211331616421754%;" type="para">1 Report)</div></box><box><div coordinates="651,5338,1499,343" index="28" style="position:fixed;left:9.862142099681867%;top:104.66666666666666%;height:6.725490196078432%;width:22.7086805029541%;" type="para">Wash Sales pluton oo&#8221; fund/per year)
Wash Sales Transaction Fee</div></box><box><div coordinates="3556,5425,316,258" index="29" style="position:fixed;left:53.87062566277837%;top:106.37254901960785%;height:5.0588235294117645%;width:4.787153461596728%;" type="para" /></box><box><div coordinates="636,5692,2966,274" index="30" style="position:fixed;left:9.634903802454174%;top:111.60784313725489%;height:5.372549019607844%;width:44.932585971822455%;" type="para">For billing purposes, the Wash Sales fee's above will be charged monthly taking the base fe
adding the transaction charges. There will be a cap of $6,000 per fund</div></box><box><div coordinates="3604,5695,322,165" index="31" style="position:fixed;left:54.59778821390698%;top:111.66666666666667%;height:3.2352941176470593%;width:4.878048780487805%;" type="para">&gt; divided b</div></box><box><div coordinates="3940,5695,319,166" index="32" style="position:fixed;left:59.687926071807304%;top:111.66666666666667%;height:3.2549019607843137%;width:4.832601121042266%;" type="para">p 12 and</div></box><box><div coordinates="2487,6133,122,130" index="33" style="position:fixed;left:37.67610968035146%;top:120.25490196078432%;height:2.549019607843137%;width:1.8482048174519012%;" type="para" /></box></Blocks></page><page num="3" src="img/Bi2i_0866/Bi2i_0866-02.jpg" txt_src="img/Bi2i_0866/Bi2i_0866-02.txt"><Blocks><box><div coordinates="588,399,3827,752" index="0" style="position:fixed;left:8.907741251325557%;top:7.823529411764706%;height:14.745098039215687%;width:57.97606423269202%;" type="para" /></box><box><div coordinates="552,1297,3992,588" index="1" style="position:fixed;left:8.362369337979095%;top:25.43137254901961%;height:11.529411764705882%;width:60.47568550219664%;" type="para">For the provision of loan services pursuant to the Custody Agreement, State Street shall be entitled to the
fees set forth below. This amount does not include any other fees, charges or expenses specifically
identified in this fee schedule.</div></box><box><div coordinates="612,1902,1424,367" index="2" style="position:fixed;left:9.271322526889865%;top:37.29411764705882%;height:7.196078431372549%;width:21.572489016815634%;" type="para">Per Loan Calculation</div></box><box><div coordinates="3571,1999,253,248" index="3" style="position:fixed;left:54.097863960006066%;top:39.19607843137255%;height:4.862745098039216%;width:3.8327526132404177%;" type="para">$100
$75</div></box><box><div coordinates="636,2271,575,169" index="4" style="position:fixed;left:9.634903802454174%;top:44.529411764705884%;height:3.313725490196078%;width:8.710801393728223%;" type="para" /></box><box><div coordinates="3544,2274,283,154" index="5" style="position:fixed;left:53.688835024996216%;top:44.588235294117645%;height:3.019607843137255%;width:4.287229207695804%;" type="para">$2,500</div></box><box><div coordinates="546,2280,3992,847" index="6" style="position:fixed;left:8.271474019088016%;top:44.70588235294118%;height:16.607843137254903%;width:60.47568550219664%;" type="para">Annual Loan Accounting System Charge (per portfolio) $2,500

 

A billing for the recovery of applicable reimbursable expenses, direct pass-through fees and other charges, as
applicable, will be made as of the end of each month. Unless indicated otherwise, the unds&#8217; share of such

expenses, fees and charges will be based upon actual usage a service or an allocated charge for the use of the service
for the benefit of the Funds.</div></box><box><div coordinates="600,3144,979,344" index="7" style="position:fixed;left:9.089531889107711%;top:61.64705882352941%;height:6.745098039215685%;width:14.831086199060747%;" type="para">Qut-of Pocket Expenses

to, the following:</div></box><box><div coordinates="1629,3230,2699,183" index="8" style="position:fixed;left:24.678079078927436%;top:63.33333333333333%;height:3.5882352941176467%;width:40.88774428116952%;" type="para">= Street for out-of-pocket expenses incurred on their behalf including, but not limited</div></box><box><div coordinates="744,3507,1523,776" index="9" style="position:fixed;left:11.271019542493562%;top:68.76470588235294%;height:15.215686274509805%;width:23.072261778518406%;" type="para">Dedicated Hardware / Transmission Lines
Forms and Supplies Related to Fund Records
Printing, Delivery, Postage and Courier
SAS99 (audit firm data feeds)

Telephone

SWIFT</div></box><box><div coordinates="2472,3507,1364,776" index="10" style="position:fixed;left:37.44887138312377%;top:68.76470588235294%;height:15.215686274509805%;width:20.663535827904862%;" type="para">SSAE 16 Charges (pro rata portion)

171-5</div></box><box><div coordinates="597,3522,145,749" index="11" style="position:fixed;left:9.044084229662172%;top:69.05882352941177%;height:14.686274509803921%;width:2.1966368732010304%;" type="para" /></box><box><div coordinates="3694,3997,451,163" index="12" style="position:fixed;left:55.96121799727314%;top:78.37254901960785%;height:3.1960784313725488%;width:6.832298136645963%;" type="para">ADR, GDR</div></box><box><div coordinates="597,4321,1258,346" index="13" style="position:fixed;left:9.044084229662172%;top:84.72549019607844%;height:6.784313725490196%;width:19.057718527495833%;" type="para">fimited to, the following:</div></box><box><div coordinates="1878,4414,208,163" index="14" style="position:fixed;left:28.450234812907134%;top:86.54901960784314%;height:3.1960784313725488%;width:3.1510377215573397%;" type="para">for dire</div></box><box><div coordinates="2121,4411,1901,184" index="15" style="position:fixed;left:32.13149522799576%;top:86.49019607843137%;height:3.607843137254902%;width:28.798666868656262%;" type="para" /></box><box><div coordinates="4039,4429,256,145" index="16" style="position:fixed;left:61.187698833510076%;top:86.84313725490196%;height:2.843137254901961%;width:3.878200272685957%;" type="para" /></box><box><div coordinates="744,4687,787,379" index="17" style="position:fixed;left:11.271019542493562%;top:91.90196078431373%;height:7.431372549019607%;width:11.92243599454628%;" type="para">Fair Valuation Service
Pricin g and Verificatio:
Vendors</div></box><box><div coordinates="2610,4687,1682,424" index="18" style="position:fixed;left:39.539463717618546%;top:91.90196078431373%;height:8.313725490196077%;width:25.48098772913195%;" type="para">Miscellaneous expenses incurred in connection
with foreign Ousody (&amp; 2 rp duties,</div></box><box><div coordinates="591,4702,145,262" index="19" style="position:fixed;left:8.953188910771095%;top:92.19607843137256%;height:5.137254901960785%;width:2.1966368732010304%;" type="para" /></box><box><div coordinates="2469,4704,140,140" index="20" style="position:fixed;left:37.40342372367823%;top:92.23529411764706%;height:2.7450980392156863%;width:2.1208907741251326%;" type="para" /></box><box><div coordinates="1746,4808,650,168" index="21" style="position:fixed;left:26.450537797303436%;top:94.27450980392157%;height:3.294117647058824%;width:9.846992879866686%;" type="para">ces - Non-Standard</div></box><box><div coordinates="1590,4828,136,145" index="22" style="position:fixed;left:24.08725950613543%;top:94.66666666666667%;height:2.843137254901961%;width:2.0602938948644143%;" type="para">Serv</div></box><box><div coordinates="567,5125,3965,784" index="23" style="position:fixed;left:8.589607635206786%;top:100.49019607843137%;height:15.372549019607842%;width:60.0666565671868%;" type="para">Fees for special activities ofa non-recurring nature such as fund consolidations or reorganizations, extraordinary

per hour for customized programming or customized transmissions. There will be an. &#8212; fee of $1,200 for

maintenance of customized programming, transmissions or other customized development. Fees for other special
items will be negotiated separately.</div></box><box><div coordinates="2428,6154,121,121" index="24" style="position:fixed;left:36.78230571125587%;top:120.66666666666667%;height:2.372549019607843%;width:1.8330555976367218%;" type="para" /></box></Blocks></page><page num="4" src="img/Bi2i_0866/Bi2i_0866-03.jpg" txt_src="img/Bi2i_0866/Bi2i_0866-03.txt"><Blocks><box><div coordinates="636,417,3821,748" index="0" style="position:fixed;left:9.634903802454174%;top:8.176470588235295%;height:14.666666666666666%;width:57.885168913800946%;" type="para">AS OF MARCH 3, 2014</div></box><box><div coordinates="658,1320,3771,438" index="1" style="position:fixed;left:9.968186638388122%;top:25.882352941176475%;height:8.588235294117647%;width:57.12770792304196%;" type="para" /></box><box><div coordinates="594,1761,3992,1829" index="2" style="position:fixed;left:8.998636570216634%;top:34.529411764705884%;height:35.86274509803922%;width:60.47568550219664%;" type="para">Overdrafts are not allowed; however, should one occur, a charge will be imposed by State Street at a rate equivalent
to Federal Funds Rate plus 200 basis points, as applicable.

     

 

 

   

As Artisan introduces new funds, State Street will charge fees based on the following phased-in schedule.
Once Investment Operations Commence Fund-Level Fees
Initial 9 month period 50% of total fee calculated
Month 10 &#8212; Month 15 75% of total fee calculated
Month 16 &#8212; forward 100% of total fee calculated</div></box><box><div coordinates="3205,2022,202,124" index="3" style="position:fixed;left:48.55324950765036%;top:39.64705882352941%;height:2.431372549019608%;width:3.0601424026662625%;" type="para">ed by |</div></box><box><div coordinates="585,3768,3992,500" index="4" style="position:fixed;left:8.862293591880018%;top:73.88235294117646%;height:9.803921568627452%;width:60.47568550219664%;" type="para" /></box><box><div coordinates="2250,4042,122,133" index="5" style="position:fixed;left:34.085744584153915%;top:79.25490196078432%;height:2.607843137254902%;width:1.8482048174519012%;" type="para">ch 3</div></box><box><div coordinates="585,4449,3992,1127" index="6" style="position:fixed;left:8.862293591880018%;top:87.23529411764706%;height:22.098039215686274%;width:60.47568550219664%;" type="para">ARTISAN PARTNERS FUNDS, INC.

ON BEHALF OF EACH OF THE FUNDS

 

STATE STREET BA

NK AND TRUST COMPANY

ume, &#8212; Ducal</div></box><box><div coordinates="2484,4795,1694,169" index="7" style="position:fixed;left:37.63066202090592%;top:94.01960784313725%;height:3.313725490196078%;width:25.6627783669141%;" type="para">STATE STREET BANK AND TRUST COMPANY</div></box><box><div coordinates="639,5032,250,574" index="8" style="position:fixed;left:9.680351461899713%;top:98.66666666666667%;height:11.254901960784313%;width:3.7873049537948797%;" type="para" /></box><box><div coordinates="2481,5032,293,577" index="9" style="position:fixed;left:37.58521436146039%;top:98.66666666666667%;height:11.313725490196079%;width:4.438721405847599%;" type="para" /></box><box><div coordinates="2920,5095,123,121" index="10" style="position:fixed;left:44.2357218603242%;top:99.90196078431373%;height:2.372549019607843%;width:1.8633540372670807%;" type="para" /></box><box><div coordinates="3337,5095,121,121" index="11" style="position:fixed;left:50.55294652325405%;top:99.90196078431373%;height:2.372549019607843%;width:1.8330555976367218%;" type="para" /></box><box><div coordinates="1062,5113,124,124" index="12" style="position:fixed;left:16.088471443720646%;top:100.25490196078431%;height:2.431372549019608%;width:1.8785032570822602%;" type="para" /></box><box><div coordinates="3336,5227,290,127" index="13" style="position:fixed;left:50.53779730343887%;top:102.49019607843137%;height:2.4901960784313726%;width:4.393273746402061%;" type="para" /></box><box><div coordinates="3190,5364,133,122" index="14" style="position:fixed;left:48.326011210422664%;top:105.17647058823529%;height:2.392156862745098%;width:2.014846235418876%;" type="para" /></box><box><div coordinates="2446,6136,147,151" index="15" style="position:fixed;left:37.0549916679291%;top:120.31372549019608%;height:2.9607843137254903%;width:2.2269353128313893%;" type="para" /></box></Blocks></page><page num="5" src="img/Bi2i_0866/Bi2i_0866-04.jpg" txt_src="img/Bi2i_0866/Bi2i_0866-04.txt"><Blocks><box><div coordinates="1782,708,1418,364" index="0" style="position:fixed;left:26.9959097106499%;top:13.882352941176471%;height:7.137254901960784%;width:21.481593697924556%;" type="para" /></box><box><div coordinates="3913,1069,435,1173" index="1" style="position:fixed;left:59.27889713679746%;top:20.96078431372549%;height:23.0%;width:6.58991061960309%;" type="para" /></box><box><div coordinates="600,1071,1937,1181" index="2" style="position:fixed;left:9.089531889107711%;top:21.0%;height:23.15686274509804%;width:29.34403878200273%;" type="para">Ly yet LTT</div></box><box><div coordinates="2553,1896,758,170" index="3" style="position:fixed;left:38.67595818815331%;top:37.1764705882353%;height:3.3333333333333335%;width:11.483108619906075%;" type="para">, Per Issue, Per Broker</div></box><box><div coordinates="3958,2259,340,247" index="4" style="position:fixed;left:59.96061202848053%;top:44.294117647058826%;height:4.8431372549019605%;width:5.150734737161036%;" type="para" /></box><box><div coordinates="600,2262,3287,365" index="5" style="position:fixed;left:9.089531889107711%;top:44.35294117647059%;height:7.156862745098039%;width:49.79548553249508%;" type="para" /></box><box><div coordinates="612,2650,3686,280" index="6" style="position:fixed;left:9.271322526889865%;top:51.9607843137255%;height:5.490196078431373%;width:55.84002423875171%;" type="para">Al Other Trades 3 25.00</div></box><box><div coordinates="588,3222,3775,845" index="7" style="position:fixed;left:8.907741251325557%;top:63.17647058823529%;height:16.56862745098039%;width:57.18830480230268%;" type="para" /></box><box><div coordinates="660,4053,3701,1262" index="8" style="position:fixed;left:9.998485078018483%;top:79.47058823529412%;height:24.745098039215684%;width:56.0672625359794%;" type="para">State Street Gl obal Markets, a separate division of State Street, offers principal or &#8220;dealer&#8221; trading services as well

services, irrespective of whether trade orders are transmitted through State Street&#8217;s custody or trustee operations,
are conducted under contractual or other arrangements that are distinct from its services and obligations under the

ete wm teem te TE Ew mL NY a atm ee Re ee tT Te etm tre teem tet tT tt ete ae Tate ta ete ee ets eel Tate te ae ee eer TT Tate eT ape

Teele el Cg gw eee TT Te Tg TT TA TT TT TTT gt TTT TTT gt LTT Lg TT Te eT eT</div></box><box><div coordinates="2419,6136,132,121" index="9" style="position:fixed;left:36.64596273291926%;top:120.31372549019608%;height:2.372549019607843%;width:1.9996970156036964%;" type="para" /></box></Blocks></page><page num="6" src="img/Bi2i_0866/Bi2i_0866-05.jpg" txt_src="img/Bi2i_0866/Bi2i_0866-05.txt"><Blocks><box><div coordinates="1821,333,1385,364" index="0" style="position:fixed;left:27.5867292834419%;top:6.529411764705882%;height:7.137254901960784%;width:20.98166944402363%;" type="para">Foreign Custody - Country Based Fees</div></box><box><div coordinates="618,793,3824,4699" index="1" style="position:fixed;left:9.362217845780943%;top:15.549019607843137%;height:92.13725490196079%;width:57.930616573246475%;" type="para">| Argentina

| Australia

ow

{| Bolivia

| Botswana | 1600 $50.00 | Nigeria

| Brazil
| Canada
| Clearstream / Euroclear

Cee ea

| Columbia

| Czech Republic
| Denmark: $12.50

| Egypt | 650 $ 5.00 | Singapore
| Finlang $25.00 | Slovakia
| France | 200 | $12.50 | South Africa

EE

| Thailand |
00 | Trinidad &amp; Tobago

| Ivory Coast

| Lebanon

 

LE ER
ce st Tet</div></box><box><div coordinates="3330,1755,122,484" index="2" style="position:fixed;left:50.4469019845478%;top:34.411764705882355%;height:9.490196078431373%;width:1.8482048174519012%;" type="para" /></box><box><div coordinates="3327,2367,122,761" index="3" style="position:fixed;left:50.40145432510226%;top:46.411764705882355%;height:14.921568627450979%;width:1.8482048174519012%;" type="para" /></box><box><div coordinates="3322,3481,124,598" index="4" style="position:fixed;left:50.32570822602636%;top:68.25490196078431%;height:11.72549019607843%;width:1.8785032570822602%;" type="para" /></box><box><div coordinates="3318,4129,125,1075" index="5" style="position:fixed;left:50.26511134676564%;top:80.96078431372548%;height:21.07843137254902%;width:1.8936524768974399%;" type="para" /></box><box><div coordinates="3315,5245,124,244" index="6" style="position:fixed;left:50.21966368732011%;top:102.84313725490195%;height:4.784313725490196%;width:1.8785032570822602%;" type="para" /></box><box><div coordinates="2835,5370,161,122" index="7" style="position:fixed;left:42.94803817603394%;top:105.29411764705883%;height:2.392156862745098%;width:2.4390243902439024%;" type="para" /></box><box><div coordinates="3105,5370,140,122" index="8" style="position:fixed;left:47.038327526132406%;top:105.29411764705883%;height:2.392156862745098%;width:2.1208907741251326%;" type="para" /></box><box><div coordinates="3865,5371,127,121" index="9" style="position:fixed;left:58.55173458566883%;top:105.31372549019609%;height:2.372549019607843%;width:1.9239509165277988%;" type="para" /></box><box><div coordinates="4024,5371,258,121" index="10" style="position:fixed;left:60.960460536282376%;top:105.31372549019609%;height:2.372549019607843%;width:3.9084987123163155%;" type="para" /></box><box><div coordinates="2460,6016,146,142" index="11" style="position:fixed;left:37.267080745341616%;top:117.9607843137255%;height:2.784313725490196%;width:2.2117860930162094%;" type="para" /></box></Blocks></page><page num="7" src="img/Bi2i_0866/Bi2i_0866-06.jpg" txt_src="img/Bi2i_0866/Bi2i_0866-06.txt"><Blocks><box><div coordinates="619,564,3652,5615" index="0" style="position:fixed;left:9.377367065596122%;top:11.058823529411764%;height:110.09803921568628%;width:55.324950765035595%;" type="para">| | $208 JUSUINOOP IPTAOI]
uonisod pajesojfe tod s8xeyo Ajpuoiy | SIUSUINOOP 2I0)S PUB Uedg |
|: Hoo and d |

reenrmr&#8212; TT ETE]
1 uonEpIfeA 20Inos S[dnMA |
uonenyeA uapuadopur |

UONEIYHON |

RT
&#8221; se UOnIuSHE

ET Sioned Due Toda To]
aos) Ssopaing ad 1 pu open

RE [LA IT

 

PIED) 3jey SIANCALR(] [eI Rig
WYJO Aded &#8212; SIIAIS [BOL</div></box><box><div coordinates="1071,565,121,234" index="1" style="position:fixed;left:16.224814422057264%;top:11.07843137254902%;height:4.588235294117647%;width:1.8330555976367218%;" type="para" /></box><box><div coordinates="1068,952,121,273" index="2" style="position:fixed;left:16.179366762611725%;top:18.666666666666668%;height:5.352941176470588%;width:1.8330555976367218%;" type="para" /></box><box><div coordinates="3232,972,135,217" index="3" style="position:fixed;left:48.9622784426602%;top:19.058823529411764%;height:4.254901960784314%;width:2.0451446750492352%;" type="para">$10</div></box><box><div coordinates="1065,1321,121,276" index="4" style="position:fixed;left:16.133919103166185%;top:25.901960784313726%;height:5.411764705882352%;width:1.8330555976367218%;" type="para" /></box><box><div coordinates="1062,1705,121,125" index="5" style="position:fixed;left:16.088471443720646%;top:33.431372549019606%;height:2.450980392156863%;width:1.8330555976367218%;" type="para" /></box><box><div coordinates="1059,1884,121,210" index="6" style="position:fixed;left:16.04302378427511%;top:36.94117647058823%;height:4.117647058823529%;width:1.8330555976367218%;" type="para" /></box><box><div coordinates="1056,2250,121,382" index="7" style="position:fixed;left:15.997576124829571%;top:44.11764705882353%;height:7.490196078431373%;width:1.8330555976367218%;" type="para" /></box><box><div coordinates="4459,3310,121,138" index="8" style="position:fixed;left:67.55037115588547%;top:64.90196078431373%;height:2.705882352941176%;width:1.8330555976367218%;" type="para" /></box><box><div coordinates="1041,4159,122,327" index="9" style="position:fixed;left:15.77033782760188%;top:81.54901960784314%;height:6.411764705882353%;width:1.8482048174519012%;" type="para" /></box><box><div coordinates="1038,4651,121,330" index="10" style="position:fixed;left:15.72489016815634%;top:91.19607843137256%;height:6.470588235294119%;width:1.8330555976367218%;" type="para" /></box><box><div coordinates="1035,5126,121,387" index="11" style="position:fixed;left:15.6794425087108%;top:100.50980392156863%;height:7.588235294117647%;width:1.8330555976367218%;" type="para" /></box><box><div coordinates="3922,5530,160,283" index="12" style="position:fixed;left:59.41524011513407%;top:108.4313725490196%;height:5.549019607843137%;width:2.423875170428723%;" type="para" /></box><box><div coordinates="1032,5594,121,288" index="13" style="position:fixed;left:15.633994849265262%;top:109.68627450980392%;height:5.647058823529412%;width:1.8330555976367218%;" type="para" /></box><box><div coordinates="3913,5866,166,283" index="14" style="position:fixed;left:59.27889713679746%;top:115.01960784313725%;height:5.549019607843137%;width:2.5147704893198%;" type="para" /></box><box><div coordinates="1029,5963,121,171" index="15" style="position:fixed;left:15.588547189819725%;top:116.92156862745098%;height:3.3529411764705883%;width:1.8330555976367218%;" type="para" /></box></Blocks></page><page num="8" src="img/Bi2i_0866/Bi2i_0866-07.jpg" txt_src="img/Bi2i_0866/Bi2i_0866-07.txt"><Blocks><box><div coordinates="1122,645,3119,5480" index="0" style="position:fixed;left:16.997424632631418%;top:12.647058823529411%;height:107.45098039215686%;width:47.25041660354491%;" type="para">1 arw0ssy SL$

dAV 00&#162;S:
120130 OVIS

&#8220;iS 00I$

00T nn . puny zod oS1eT0 ATPUOA]

I immer pe  o

Ts uO 2d pur 124 001$

uogisod pajesorye:
Id uwonpoesuer) ad Bren)

EL) pa eput

SBI ATINOH

110da1 pozImOjSIO |
rod o3reyo ATqIUop

(paa13e Af[erynur sg) papraoxd
110ddns 17218 JO JOA] IK a.

Sumsodas ll Y ]

I

Ri

S99[AT oS IEUonIpPY

| pung od JAD. 9[8WIS. B gIIM TONRI[IONOISY

i (INDI) IUEYIISIA] TOTISSTIIIO))

sarmun,] pur. 23UrYIXe VIO UONRN[EA
UISIBWI UOTIBLIBA JO TON EINO[ED

P&#8212; some

&#8216;a1mdeo. open &#169; a 9) passatont i A AL |

BRIT RIT RR] NE) q :

mor Jad wosiod 10g |

1sanbaz nd

SIND Jo 1oquiny |

suonisod payeoso][e Jo Jequin NC

$1 Cemetary |

swonoesue
[ENUBT JO JOQUINN]

suonsesuen |
 pojemoyne jo TBquiny

Sunes)
Tenua)) 03 UOHISTRL],
303 poddng Funnsuoyy

AIQAT[(T UONEWIOUL.

wonpPY</div></box><box><div coordinates="2550,649,170,121" index="1" style="position:fixed;left:38.630510528707774%;top:12.725490196078432%;height:2.372549019607843%;width:2.575367368580518%;" type="para" /></box><box><div coordinates="3685,642,141,121" index="2" style="position:fixed;left:55.824875018936524%;top:12.588235294117647%;height:2.372549019607843%;width:2.136039993940312%;" type="para" /></box><box><div coordinates="1134,655,124,774" index="3" style="position:fixed;left:17.17921527041357%;top:12.84313725490196%;height:15.176470588235293%;width:1.8785032570822602%;" type="para" /></box><box><div coordinates="2467,993,162,199" index="4" style="position:fixed;left:37.37312528404787%;top:19.470588235294116%;height:3.9019607843137254%;width:2.454173610059082%;" type="para">$48</div></box><box><div coordinates="1728,1425,121,121" index="5" style="position:fixed;left:26.177851840630208%;top:27.941176470588236%;height:2.372549019607843%;width:1.8330555976367218%;" type="para" /></box><box><div coordinates="1800,1617,145,121" index="6" style="position:fixed;left:27.26859566732313%;top:31.705882352941178%;height:2.372549019607843%;width:2.1966368732010304%;" type="para">er</div></box><box><div coordinates="4096,1618,145,2692" index="7" style="position:fixed;left:62.05120436297531%;top:31.725490196078432%;height:52.78431372549019%;width:2.1966368732010304%;" type="para" /></box><box><div coordinates="3841,2091,163,262" index="8" style="position:fixed;left:58.18815331010453%;top:41.0%;height:5.137254901960785%;width:2.4693228298742613%;" type="para">JBL AL</div></box><box><div coordinates="3841,2361,166,154" index="9" style="position:fixed;left:58.18815331010453%;top:46.294117647058826%;height:3.019607843137255%;width:2.5147704893198%;" type="para" /></box><box><div coordinates="2436,2733,146,167" index="10" style="position:fixed;left:36.90349946977731%;top:53.588235294117645%;height:3.2745098039215685%;width:2.2117860930162094%;" type="para">ures</div></box><box><div coordinates="672,2830,436,1138" index="11" style="position:fixed;left:10.180275715800637%;top:55.490196078431374%;height:22.313725490196077%;width:6.605059839418271%;" type="para">PACD) IBY SIATIBALI(J PIRI)
NYJO NIE &#8212; SIS [Bgo[D)</div></box><box><div coordinates="4534,3321,136,133" index="12" style="position:fixed;left:68.68656264202394%;top:65.11764705882352%;height:2.607843137254902%;width:2.0602938948644143%;" type="para" /></box><box><div coordinates="1936,3936,393,122" index="13" style="position:fixed;left:29.32888956218755%;top:77.17647058823529%;height:2.392156862745098%;width:5.953643387365551%;" type="para" /></box><box><div coordinates="2476,4066,151,469" index="14" style="position:fixed;left:37.50946826238449%;top:79.72549019607843%;height:9.19607843137255%;width:2.2875321920921072%;" type="para">suonisod paje:</div></box><box><div coordinates="3841,4315,400,1801" index="15" style="position:fixed;left:58.18815331010453%;top:84.6078431372549%;height:35.31372549019608%;width:6.059687926071807%;" type="para">dunes]
mor tod uosiod 10g | [enua)) 03 UONISTRI],

YNT 2 Tr Av 8 STE Ts COE yo</div></box><box><div coordinates="3856,4343,151,167" index="16" style="position:fixed;left:58.415391607332225%;top:85.15686274509804%;height:3.2745098039215685%;width:2.2875321920921072%;" type="para">our</div></box><box><div coordinates="1792,4414,150,172" index="17" style="position:fixed;left:27.1474019088017%;top:86.54901960784314%;height:3.3725490196078427%;width:2.2723829722769278%;" type="para">[en</div></box><box><div coordinates="2506,5389,121,121" index="18" style="position:fixed;left:37.96394485683987%;top:105.66666666666666%;height:2.372549019607843%;width:1.8330555976367218%;" type="para" /></box><box><div coordinates="2461,5515,166,538" index="19" style="position:fixed;left:37.282229965156795%;top:108.13725490196077%;height:10.549019607843137%;width:2.5147704893198%;" type="para" /></box></Blocks></page><page num="9" src="img/Bi2i_0866/Bi2i_0866-08.jpg" txt_src="img/Bi2i_0866/Bi2i_0866-08.txt"><Blocks><box><div coordinates="1557,609,1922,367" index="0" style="position:fixed;left:23.58733525223451%;top:11.941176470588236%;height:7.196078431372549%;width:29.116800484775034%;" type="para">Categorization Examples of High and Low Complexity</div></box><box><div coordinates="643,1053,1078,986" index="1" style="position:fixed;left:9.74094834116043%;top:20.647058823529413%;height:19.333333333333332%;width:16.33085896076352%;" type="para">Low Complexity:

&gt; Interest Rate Swaps (IRS)

Amortizing
Cancelable
Vanilla</div></box><box><div coordinates="2521,1062,1057,364" index="2" style="position:fixed;left:38.191183154067566%;top:20.823529411764703%;height:7.137254901960784%;width:16.01272534464475%;" type="para" /></box><box><div coordinates="2523,1434,1772,1262" index="3" style="position:fixed;left:38.22148159369792%;top:28.11764705882353%;height:24.745098039215684%;width:26.844417512498108%;" type="para">Swaption
Inflation</div></box><box><div coordinates="645,2502,1756,440" index="4" style="position:fixed;left:9.77124678079079%;top:49.05882352941177%;height:8.627450980392156%;width:26.602029995455233%;" type="para">&#8220;ss ea +e vv vn x kms PEM + srr ages os</div></box><box><div coordinates="1059,2694,136,230" index="5" style="position:fixed;left:16.04302378427511%;top:52.8235294117647%;height:4.509803921568627%;width:2.0602938948644143%;" type="para" /></box><box><div coordinates="2517,2691,916,980" index="6" style="position:fixed;left:38.13058627480685%;top:52.764705882352935%;height:19.215686274509807%;width:13.876685350704438%;" type="para">VY'VVY

Reams San</div></box><box><div coordinates="2421,6010,146,142" index="7" style="position:fixed;left:36.676261172549616%;top:117.84313725490196%;height:2.784313725490196%;width:2.2117860930162094%;" type="para" /></box></Blocks></page><page num="10" src="img/Bi2i_0866/Bi2i_0866-09.jpg" txt_src="img/Bi2i_0866/Bi2i_0866-09.txt"><Blocks /></page></doc>