<doc doi="Bi2i_0855" name="/prcanalyt/test-pra1/inventory_module/InputProcessing/6D1/1B2/6D11B2F6445B5436DE0C4AF547C301B5D7DAEF98.pdf"><page num="1" src="img/Bi2i_0855/Bi2i_0855-00.jpg" txt_src="img/Bi2i_0855/Bi2i_0855-00.txt"><Blocks><box><div coordinates="487,338,1217,436" index="0" style="position:fixed;left:7.3776700499924255%;top:6.627450980392156%;height:8.549019607843137%;width:18.436600515073472%;" type="para">S40) STATE STREET.

For Everything You Invest In</div></box><box><div coordinates="2280,907,595,175" index="1" style="position:fixed;left:34.5402211786093%;top:17.784313725490197%;height:3.431372549019608%;width:9.013785790031813%;" type="para">State Street</div></box><box><div coordinates="2254,1134,659,181" index="2" style="position:fixed;left:34.146341463414636%;top:22.235294117647058%;height:3.5490196078431375%;width:9.983335858203302%;" type="para">Fee Schedule</div></box><box><div coordinates="1528,1361,2109,205" index="3" style="position:fixed;left:23.148007877594303%;top:26.68627450980392%;height:4.019607843137255%;width:31.949704590213607%;" type="para">PIMCO New York Municipal Income Fund III</div></box><box><div coordinates="1012,2193,808,204" index="4" style="position:fixed;left:15.33101045296167%;top:43.0%;height:4.0%;width:12.24056961066505%;" type="para">Custody Service</div></box><box><div coordinates="716,2202,162,180" index="5" style="position:fixed;left:10.846841387668535%;top:43.1764705882353%;height:3.5294117647058822%;width:2.454173610059082%;" type="para" /></box><box><div coordinates="1010,2544,3438,442" index="6" style="position:fixed;left:15.300712013331314%;top:49.88235294117647%;height:8.666666666666668%;width:52.08301772458719%;" type="para">Maintain custody of fund assets. Settle portfolio purchases and sales. Report buy
and sell fails. Determine and collect portfolios income. Make cash disbursements
and report cash transactions.</div></box><box><div coordinates="1012,3006,3450,326" index="7" style="position:fixed;left:15.33101045296167%;top:58.94117647058823%;height:6.3921568627450975%;width:52.264808362369344%;" type="para">The administration fee shown below is an annual charge, billed and payable
monthly, based on | average monthly net assets.</div></box><box><div coordinates="1618,3358,296,526" index="8" style="position:fixed;left:24.51143766096046%;top:65.84313725490196%;height:10.313725490196077%;width:4.484169065293138%;" type="para">First
Next
Next
Over</div></box><box><div coordinates="1924,3356,632,528" index="9" style="position:fixed;left:29.147098924405395%;top:65.80392156862746%;height:10.352941176470589%;width:9.574306923193456%;" type="para">$ 20 Million
$480 Million
$500 Million
$ 1 Billion</div></box><box><div coordinates="3150,3356,597,524" index="10" style="position:fixed;left:47.720042417815485%;top:65.80392156862746%;height:10.27450980392157%;width:9.044084229662172%;" type="para">1/ 82 of 1%
1/100 of 1%
1/200 of 1%
1/500 of 1%</div></box><box><div coordinates="716,4196,198,176" index="11" style="position:fixed;left:10.846841387668535%;top:82.27450980392157%;height:3.4509803921568625%;width:2.9995455234055446%;" type="para" /></box><box><div coordinates="1018,4190,1442,181" index="12" style="position:fixed;left:15.421905771852751%;top:82.15686274509804%;height:3.5490196078431375%;width:21.845174973488866%;" type="para">Portfolio and Fund Accounting</div></box><box><div coordinates="1008,4538,3459,786" index="13" style="position:fixed;left:15.270413573700955%;top:88.98039215686275%;height:15.411764705882353%;width:52.40115134070595%;" type="para">Maintain multicurrency investment ledgers, provide selected multicurrency
portfolio transactions, position and income reports. Maintain general ledger and
capital stock accounts in compliance with GAAP (FAS 52). Prepare trial balance.
Calculate net asset value. Provide selected general ledger reports. Securities
yield or market value quotations will be provided to State Street by the fund or via
State Street&#8217;s pricing service. |</div></box><box><div coordinates="1036,5354,932,204" index="14" style="position:fixed;left:15.69459172852598%;top:104.98039215686275%;height:4.0%;width:14.119072867747311%;" type="para">Annual Fee, per fund</div></box><box><div coordinates="3142,5360,438,172" index="15" style="position:fixed;left:47.59884865929405%;top:105.09803921568628%;height:3.3725490196078427%;width:6.63535827904863%;" type="para">$20,000</div></box></Blocks></page><page num="2" src="img/Bi2i_0855/Bi2i_0855-01.jpg" txt_src="img/Bi2i_0855/Bi2i_0855-01.txt"><Blocks><box><div coordinates="464,350,1168,436" index="0" style="position:fixed;left:7.029237994243297%;top:6.862745098039216%;height:8.549019607843137%;width:17.694288744129675%;" type="para">STATE STREET.

For Everything You Invest In=</div></box><box><div coordinates="1026,806,906,196" index="1" style="position:fixed;left:15.543099530374185%;top:15.803921568627452%;height:3.8431372549019605%;width:13.725193152552642%;" type="para">Automated Pricing</div></box><box><div coordinates="705,814,239,182" index="2" style="position:fixed;left:10.68019996970156%;top:15.96078431372549%;height:3.568627450980392%;width:3.6206635358279047%;" type="para">presavarabdnndnniniinenanaans</div></box><box><div coordinates="1024,1041,2722,213" index="3" style="position:fixed;left:15.512801090743828%;top:20.411764705882355%;height:4.176470588235294%;width:41.23617633691865%;" type="para">This service provides securities pricing weekly and at month end.</div></box><box><div coordinates="1008,1284,842,202" index="4" style="position:fixed;left:15.270413573700955%;top:25.176470588235293%;height:3.96078431372549%;width:12.755643084381155%;" type="para">Monthly Base Fee</div></box><box><div coordinates="3432,1281,428,175" index="5" style="position:fixed;left:51.99212240569611%;top:25.11764705882353%;height:3.431372549019608%;width:6.483866080896834%;" type="para">$200.00</div></box><box><div coordinates="1004,1502,3425,316" index="6" style="position:fixed;left:15.209816694440237%;top:29.45098039215686%;height:6.196078431372549%;width:51.88607786698986%;" type="para">Monthly Quote Charge: Based on the number of positions priced during the
month. | | |</div></box><box><div coordinates="1232,1860,2198,1224" index="7" style="position:fixed;left:18.66383881230117%;top:36.470588235294116%;height:24.0%;width:33.29798515376458%;" type="para">Municipal Bonds via Muller Data

Municipal Bonds via Kenny Information Systems

Government, Corporate and Convertible Bonds via
Merrill Lynch

Corporate and Government Bonds via Muller Data

Options, Futures and Private Placements

Foreign Equities and Bonds via Extel Ltd.

Listed Equities, OTC Equities, and Bonds

Corporate, Municipal, Convertible and Government
Bonds, Adjustable Rate Preferred Stocks via IDS]</div></box><box><div coordinates="3426,1864,436,286" index="8" style="position:fixed;left:51.90122708680502%;top:36.549019607843135%;height:5.607843137254902%;width:6.605059839418271%;" type="para">$ 6.00
$ 5.00</div></box><box><div coordinates="1082,1882,142,374" index="9" style="position:fixed;left:16.39145584002424%;top:36.90196078431372%;height:7.333333333333333%;width:2.1511892137554915%;" type="para" /></box><box><div coordinates="3428,2209,440,616" index="10" style="position:fixed;left:51.93152552643539%;top:43.313725490196084%;height:12.07843137254902%;width:6.665656718678988%;" type="para">oa HB BRA

6.00
6.00

3.00
3.00
3.00</div></box><box><div coordinates="1082,2344,144,606" index="11" style="position:fixed;left:16.39145584002424%;top:45.96078431372549%;height:11.882352941176471%;width:2.1814876533858505%;" type="para" /></box><box><div coordinates="3444,2918,131,130" index="12" style="position:fixed;left:52.17391304347826%;top:57.2156862745098%;height:2.549019607843137%;width:1.9845477957885167%;" type="para" /></box><box><div coordinates="3640,2912,230,160" index="13" style="position:fixed;left:55.143160127253445%;top:57.09803921568627%;height:3.1372549019607843%;width:3.484320557491289%;" type="para">3.00</div></box><box><div coordinates="1028,3148,2116,188" index="14" style="position:fixed;left:15.573397970004546%;top:61.72549019607844%;height:3.686274509803922%;width:32.05574912891986%;" type="para">Auction Market Preferred Stock Test (AMPSs)</div></box><box><div coordinates="708,3160,232,180" index="15" style="position:fixed;left:10.7256476291471%;top:61.96078431372549%;height:3.5294117647058822%;width:3.5146189971216484%;" type="para">IV.</div></box><box><div coordinates="1060,3394,788,202" index="16" style="position:fixed;left:16.05817300409029%;top:66.54901960784314%;height:3.96078431372549%;width:11.93758521436146%;" type="para">Monthly Charge:</div></box><box><div coordinates="3436,3614,517,414" index="17" style="position:fixed;left:52.05271928495683%;top:70.86274509803921%;height:8.117647058823529%;width:7.832146644447811%;" type="para">$ 450.00
$&#167; 850.00
$1,000.00</div></box><box><div coordinates="1054,3623,1366,433" index="18" style="position:fixed;left:15.967277685199214%;top:71.03921568627452%;height:8.490196078431373%;width:20.693834267535223%;" type="para">1 to 5 times per month
6 to 10 times per month
11 times and greater per month</div></box><box><div coordinates="1286,4164,122,122" index="19" style="position:fixed;left:19.48189668232086%;top:81.64705882352942%;height:2.392156862745098%;width:1.8482048174519012%;" type="para">Obl</div></box><box><div coordinates="2170,4162,122,122" index="20" style="position:fixed;left:32.87380699893955%;top:81.6078431372549%;height:2.392156862745098%;width:1.8482048174519012%;" type="para" /></box><box><div coordinates="3442,4342,388,526" index="21" style="position:fixed;left:52.1436146038479%;top:85.13725490196077%;height:10.313725490196077%;width:5.877897288289653%;" type="para">$ 7.00
$12.00
$25.00
$16.00</div></box><box><div coordinates="1032,4352,1396,530" index="22" style="position:fixed;left:15.633994849265262%;top:85.33333333333334%;height:10.392156862745098%;width:21.14831086199061%;" type="para">State Street Bank Repos

DTC or Fed Book Entry

New York Physical Settlements
All other trades</div></box><box><div coordinates="709,4956,235,180" index="23" style="position:fixed;left:10.740796848962278%;top:97.1764705882353%;height:3.5294117647058822%;width:3.560066656567187%;" type="para" /></box><box><div coordinates="1006,4952,448,202" index="24" style="position:fixed;left:15.240115134070594%;top:97.09803921568627%;height:3.96078431372549%;width:6.786850477200425%;" type="para">Options</div></box><box><div coordinates="1006,5186,2062,550" index="25" style="position:fixed;left:15.240115134070594%;top:101.68627450980392%;height:10.784313725490197%;width:31.23769125890017%;" type="para">Option charge for each option written or closing
contract, per issue, per broker

Option expiration charge, per issue, per broker

Option exercised charge, per issue, per broker</div></box><box><div coordinates="3450,5300,387,409" index="26" style="position:fixed;left:52.264808362369344%;top:103.921568627451%;height:8.019607843137255%;width:5.862748068474474%;" type="para">$25.00
$15.00
$15.00</div></box></Blocks></page><page num="3" src="img/Bi2i_0855/Bi2i_0855-02.jpg" txt_src="img/Bi2i_0855/Bi2i_0855-02.txt"><Blocks><box><div coordinates="458,351,1177,437" index="0" style="position:fixed;left:6.938342675352219%;top:6.88235294117647%;height:8.568627450980394%;width:17.830631722466293%;" type="para">20 STATE STREET.

For Everything You Invest In&gt;</div></box><box><div coordinates="1007,802,1017,200" index="1" style="position:fixed;left:15.255264353885774%;top:15.725490196078432%;height:3.9215686274509802%;width:15.40675655203757%;" type="para">Lending of Securities</div></box><box><div coordinates="700,815,276,180" index="2" style="position:fixed;left:10.604453870625663%;top:15.980392156862743%;height:3.5294117647058822%;width:4.181184668989547%;" type="para" /></box><box><div coordinates="1007,1042,2399,900" index="3" style="position:fixed;left:15.255264353885774%;top:20.431372549019606%;height:17.647058823529413%;width:36.342978336615666%;" type="para">Deliver loaned securities versus cash collateral

Deliver loaned securities versus securities collateral

Receive/deliver additional cash collateral

Deliver cash collateral versus receipt of loaned securities

Deliver securities collateral versus receipt of loaned
securities | |

Loan Administration-mark-to-market per date per loan</div></box><box><div coordinates="3422,1053,390,515" index="4" style="position:fixed;left:51.840630207544315%;top:20.647058823529413%;height:10.098039215686274%;width:5.9081957279200115%;" type="para">$20.00
$30.00
$30.00
$15.00</div></box><box><div coordinates="3426,1618,388,294" index="5" style="position:fixed;left:51.90122708680502%;top:31.725490196078432%;height:5.764705882352941%;width:5.877897288289653%;" type="para">$25.00
$ 8.00</div></box><box><div coordinates="704,2344,1332,190" index="6" style="position:fixed;left:10.66505074988638%;top:45.96078431372549%;height:3.7254901960784315%;width:20.178760793819116%;" type="para">VIIL Interest Rate Futures</div></box><box><div coordinates="1024,2584,1524,203" index="7" style="position:fixed;left:15.512801090743828%;top:50.66666666666667%;height:3.980392156862745%;width:23.087410998333585%;" type="para">Transactions-no security movement</div></box><box><div coordinates="3430,2586,388,172" index="8" style="position:fixed;left:51.961823966065744%;top:50.70588235294118%;height:3.3725490196078427%;width:5.877897288289653%;" type="para">$ 8.00</div></box><box><div coordinates="1012,3184,832,197" index="9" style="position:fixed;left:15.33101045296167%;top:62.431372549019606%;height:3.8627450980392157%;width:12.604150886229359%;" type="para">&#8216;Holdings Charge</div></box><box><div coordinates="708,3192,234,180" index="10" style="position:fixed;left:10.7256476291471%;top:62.588235294117645%;height:3.5294117647058822%;width:3.544917436752007%;" type="para">IX.</div></box><box><div coordinates="3436,3416,388,180" index="11" style="position:fixed;left:52.05271928495683%;top:66.98039215686275%;height:3.5294117647058822%;width:5.877897288289653%;" type="para">$ 5.00</div></box><box><div coordinates="1012,3426,498,188" index="12" style="position:fixed;left:15.33101045296167%;top:67.17647058823529%;height:3.686274509803922%;width:7.5443114679594%;" type="para">For each is</div></box><box><div coordinates="1522,3423,688,185" index="13" style="position:fixed;left:23.057112558703228%;top:67.11764705882352%;height:3.6274509803921573%;width:10.422663232843508%;" type="para">sued maintained -</div></box><box><div coordinates="2212,3422,734,202" index="14" style="position:fixed;left:33.51007423117709%;top:67.09803921568628%;height:3.96078431372549%;width:11.119527344341765%;" type="para">- monthly charge</div></box><box><div coordinates="1016,4020,1402,184" index="15" style="position:fixed;left:15.39160733222239%;top:78.82352941176471%;height:3.607843137254902%;width:21.239206180881684%;" type="para">Principal Reduction Payments</div></box><box><div coordinates="713,4032,147,157" index="16" style="position:fixed;left:10.801393728222997%;top:79.05882352941175%;height:3.0784313725490198%;width:2.2269353128313893%;" type="para" /></box><box><div coordinates="1014,4265,1036,205" index="17" style="position:fixed;left:15.361308892592032%;top:83.62745098039215%;height:4.019607843137255%;width:15.69459172852598%;" type="para">Per paydown or pay up</div></box><box><div coordinates="3442,4262,388,170" index="18" style="position:fixed;left:52.1436146038479%;top:83.56862745098039%;height:3.3333333333333335%;width:5.877897288289653%;" type="para">$ 8.00</div></box><box><div coordinates="1014,4866,876,186" index="19" style="position:fixed;left:15.361308892592032%;top:95.41176470588235%;height:3.6470588235294117%;width:13.27071655809726%;" type="para">Dividend Charges</div></box><box><div coordinates="713,4874,233,180" index="20" style="position:fixed;left:10.801393728222997%;top:95.56862745098039%;height:3.5294117647058822%;width:3.529768216936828%;" type="para" /></box><box><div coordinates="1008,5104,1960,305" index="21" style="position:fixed;left:15.270413573700955%;top:100.07843137254902%;height:5.980392156862745%;width:29.692470837751856%;" type="para">(For items held at the Request of Traders over
record date in street form)</div></box><box><div coordinates="3449,5212,387,180" index="22" style="position:fixed;left:52.24965914255416%;top:102.19607843137256%;height:3.5294117647058822%;width:5.862748068474474%;" type="para">$50.00</div></box></Blocks></page><page num="4" src="img/Bi2i_0855/Bi2i_0855-03.jpg" txt_src="img/Bi2i_0855/Bi2i_0855-03.txt"><Blocks><box><div coordinates="480,344,1176,438" index="0" style="position:fixed;left:7.271625511286168%;top:6.745098039215685%;height:8.588235294117647%;width:17.815482502651115%;" type="para">i455 STATE STREET.

For Everything You Invest In~</div></box><box><div coordinates="1006,1040,1146,200" index="1" style="position:fixed;left:15.240115134070594%;top:20.392156862745097%;height:3.9215686274509802%;width:17.36100590819573%;" type="para">AR RnR A

_Out-of-Pocket Expenses</div></box><box><div coordinates="707,1050,275,182" index="2" style="position:fixed;left:10.71049840933192%;top:20.588235294117645%;height:3.568627450980392%;width:4.166035449174368%;" type="para">eb An A FA</div></box><box><div coordinates="985,1267,3418,447" index="3" style="position:fixed;left:14.921981517951826%;top:24.84313725490196%;height:8.764705882352942%;width:51.780033328283594%;" type="para">A billing for the recovery of applicable out-of-pocket expenses will be made as of
the end of each month. Out-of-pocket eXpenses 1 include, but are not limited to the
following: |</div></box><box><div coordinates="1010,1864,2652,1566" index="4" style="position:fixed;left:15.300712013331314%;top:36.549019607843135%;height:30.705882352941178%;width:40.17573094985608%;" type="para">Telephone

Wire Charges ($5.25 per wire in and $5.00 out)
Postage and Insurance

Courier Service

Duplicating

Legal Fees

Supplies related to fund records

Rush Transfer--$8.00 each

Transfer Fees

Sub-custodian Charges

Price Waterhouse Audit Letter

&#8220;Federal Reserve fee for return check items over $2,500 - $4.24
GNMA Transfer - $15.00 each</div></box><box><div coordinates="717,3726,1091,206" index="5" style="position:fixed;left:10.861990607483715%;top:73.05882352941177%;height:4.03921568627451%;width:16.527798818360854%;" type="para">XIII. Special Services</div></box><box><div coordinates="3082,3958,297,180" index="6" style="position:fixed;left:46.68989547038328%;top:77.6078431372549%;height:3.5294117647058822%;width:4.499318285108317%;" type="para">such a</div></box><box><div coordinates="1993,3962,707,184" index="7" style="position:fixed;left:30.19239509165278%;top:77.68627450980392%;height:3.607843137254902%;width:10.71049840933192%;" type="para">a non-recurring</div></box><box><div coordinates="1022,3976,226,180" index="8" style="position:fixed;left:15.482502651113467%;top:77.9607843137255%;height:3.5294117647058822%;width:3.423723678230571%;" type="para">Fees</div></box><box><div coordinates="3404,3978,459,158" index="9" style="position:fixed;left:51.56794425087108%;top:78.0%;height:3.0980392156862746%;width:6.953491895167399%;" type="para">fund cons</div></box><box><div coordinates="3886,3976,379,158" index="10" style="position:fixed;left:58.86986820178761%;top:77.9607843137255%;height:3.0980392156862746%;width:5.741554309953037%;" type="para">olidation:</div></box><box><div coordinates="4286,3976,178,156" index="11" style="position:fixed;left:64.92955612785941%;top:77.9607843137255%;height:3.058823529411765%;width:2.6965611271019543%;" type="para">or</div></box><box><div coordinates="1288,3987,684,163" index="12" style="position:fixed;left:19.51219512195122%;top:78.17647058823529%;height:3.1960784313725488%;width:10.362066353582792%;" type="para">for activities o</div></box><box><div coordinates="2779,3980,272,162" index="13" style="position:fixed;left:42.09968186638388%;top:78.03921568627452%;height:3.176470588235294%;width:4.1205877897288286%;" type="para">ature</div></box><box><div coordinates="1016,4223,3449,301" index="14" style="position:fixed;left:15.39160733222239%;top:82.80392156862744%;height:5.901960784313726%;width:52.24965914255416%;" type="para">reports will be subject to negotiation. Fees for tax accounting/recordkeeping for
options, financial futures, and other special items will be negotiated separately.</div></box><box><div coordinates="723,4796,1095,200" index="15" style="position:fixed;left:10.952885926374792%;top:94.03921568627452%;height:3.9215686274509802%;width:16.58839569762157%;" type="para">fmveeereedesdtestansaannennsassanne 1] IRERAR EEE naan ARERR E dee ALR LLL Lender henna EL PRE nnn

XIV. Earnin gs Credit</div></box><box><div coordinates="1022,5026,3463,574" index="16" style="position:fixed;left:15.482502651113467%;top:98.54901960784314%;height:11.254901960784313%;width:52.46174821996667%;" type="para">A balance credit will be calculated using 87% of the 91-day Treasury Bill rate on
the average monthly collected custodian DDA balance, net of the FDIC insurance
assessment. The FDIC insurance charges will be applied at the rate of 23 basis
&#8220;points held at each calendar quarter-end.</div></box><box><div coordinates="1020,5608,3438,433" index="17" style="position:fixed;left:15.452204211483108%;top:109.9607843137255%;height:8.490196078431373%;width:52.08301772458719%;" type="para">The balance credit will be applied against the fund&#8217;s custodian fees excluding out-
of-pocket expenses. The credit will be cumulative and carried forward each
&#8220;month.</div></box></Blocks></page><page num="5" src="img/Bi2i_0855/Bi2i_0855-04.jpg" txt_src="img/Bi2i_0855/Bi2i_0855-04.txt"><Blocks><box><div coordinates="467,345,1173,437" index="0" style="position:fixed;left:7.074685653688835%;top:6.764705882352941%;height:8.568627450980394%;width:17.770034843205575%;" type="para">S40 STATE STREET.

For Everything You Invest In</div></box><box><div coordinates="715,1044,266,180" index="1" style="position:fixed;left:10.831692167853356%;top:20.47058823529412%;height:3.5294117647058822%;width:4.029692470837752%;" type="para">XV.</div></box><box><div coordinates="1020,1042,480,200" index="2" style="position:fixed;left:15.452204211483108%;top:20.431372549019606%;height:3.9215686274509802%;width:7.271625511286168%;" type="para">&#8216;Payment</div></box><box><div coordinates="1033,1264,2740,216" index="3" style="position:fixed;left:15.649144069080442%;top:24.784313725490197%;height:4.235294117647059%;width:41.50886229359188%;" type="para">The above fees will be paid within (15) days of receipt of the bill.</div></box><box><div coordinates="715,2684,1597,610" index="4" style="position:fixed;left:10.831692167853356%;top:52.627450980392155%;height:11.96078431372549%;width:24.19330404484169%;" type="para">- PIMCO New York Municipal
Income Fund IIT

Chea

By:</div></box><box><div coordinates="2832,2794,589,182" index="5" style="position:fixed;left:42.9025905165884%;top:54.78431372549019%;height:3.568627450980392%;width:8.922890471140736%;" type="para">State Street</div></box><box><div coordinates="3576,3049,195,253" index="6" style="position:fixed;left:54.17361005908196%;top:59.7843137254902%;height:4.96078431372549%;width:2.9540978639600057%;" type="para" /></box><box><div coordinates="3948,3047,445,245" index="7" style="position:fixed;left:59.80911983032874%;top:59.745098039215684%;height:4.803921568627452%;width:6.741402817754885%;" type="para" /></box><box><div coordinates="2844,3138,307,293" index="8" style="position:fixed;left:43.08438115437055%;top:61.52941176470588%;height:5.745098039215686%;width:4.650810483260112%;" type="para" /></box><box><div coordinates="3162,3146,298,194" index="9" style="position:fixed;left:47.901833055597635%;top:61.686274509803916%;height:3.8039215686274512%;width:4.514467504923497%;" type="para" /></box><box><div coordinates="718,3152,237,198" index="10" style="position:fixed;left:10.877139827298894%;top:61.80392156862745%;height:3.882352941176471%;width:3.590365096197546%;" type="para">By:</div></box><box><div coordinates="1674,3338,508,368" index="11" style="position:fixed;left:25.35979397061051%;top:65.45098039215686%;height:7.215686274509804%;width:7.695803666111195%;" type="para">(ED</div></box><box><div coordinates="1034,3356,632,324" index="12" style="position:fixed;left:15.664293288895623%;top:65.80392156862746%;height:6.352941176470588%;width:9.574306923193456%;" type="para">(rss men</div></box><box><div coordinates="3324,3412,126,193" index="13" style="position:fixed;left:50.356006665656714%;top:66.90196078431373%;height:3.784313725490196%;width:1.9088016967126193%;" type="para" /></box><box><div coordinates="4156,3438,127,126" index="14" style="position:fixed;left:62.96015755188608%;top:67.41176470588235%;height:2.4705882352941173%;width:1.9239509165277988%;" type="para" /></box><box><div coordinates="2860,3478,298,184" index="15" style="position:fixed;left:43.326768671413426%;top:68.19607843137256%;height:3.607843137254902%;width:4.514467504923497%;" type="para">Title:</div></box><box><div coordinates="3734,3472,124,141" index="16" style="position:fixed;left:56.56718678988032%;top:68.07843137254902%;height:2.764705882352941%;width:1.8785032570822602%;" type="para" /></box><box><div coordinates="734,3492,296,184" index="17" style="position:fixed;left:11.119527344341765%;top:68.47058823529412%;height:3.607843137254902%;width:4.484169065293138%;" type="para">Title:</div></box><box><div coordinates="4022,3517,125,123" index="18" style="position:fixed;left:60.93016209665202%;top:68.96078431372548%;height:2.411764705882353%;width:1.8936524768974399%;" type="para">Je.</div></box><box><div coordinates="1418,3753,814,267" index="19" style="position:fixed;left:21.481593697924556%;top:73.58823529411764%;height:5.235294117647059%;width:12.331464929556128%;" type="para">Jolly</div></box><box><div coordinates="3315,3818,198,187" index="20" style="position:fixed;left:50.21966368732011%;top:74.86274509803921%;height:3.6666666666666665%;width:2.9995455234055446%;" type="para" /></box><box><div coordinates="2846,3828,314,180" index="21" style="position:fixed;left:43.11467959400091%;top:75.05882352941177%;height:3.5294117647058822%;width:4.756855021966368%;" type="para">Date:</div></box><box><div coordinates="720,3842,310,180" index="22" style="position:fixed;left:10.907438266929253%;top:75.33333333333333%;height:3.5294117647058822%;width:4.69625814270565%;" type="para">Date:</div></box><box><div coordinates="3862,3841,205,162" index="23" style="position:fixed;left:58.5062869262233%;top:75.31372549019608%;height:3.176470588235294%;width:3.1055900621118013%;" type="para" /></box><box><div coordinates="4092,3861,130,123" index="24" style="position:fixed;left:61.99060748371459%;top:75.70588235294117%;height:2.411764705882353%;width:1.9693985759733375%;" type="para" /></box><box><div coordinates="3610,3870,132,123" index="25" style="position:fixed;left:54.688683532798066%;top:75.88235294117646%;height:2.411764705882353%;width:1.9996970156036964%;" type="para" /></box><box><div coordinates="58,6410,136,133" index="26" style="position:fixed;left:0.8786547492804121%;top:125.68627450980392%;height:2.607843137254902%;width:2.0602938948644143%;" type="para" /></box></Blocks></page></doc>