<doc doi="Bi2i_0781" name="/prcanalyt/test-pra1/inventory_module/InputProcessing/64D/961/64D9613F5B069577EC33D006E50F4CE1C47C8019.pdf"><page num="1" src="img/Bi2i_0781/Bi2i_0781-00.jpg" txt_src="img/Bi2i_0781/Bi2i_0781-00.txt"><Blocks><box><div coordinates="448,78,384,121" index="0" style="position:fixed;left:6.786850477200425%;top:1.5294117647058825%;height:2.372549019607843%;width:5.8173004090289355%;" type="para" /></box><box><div coordinates="1102,78,1353,121" index="1" style="position:fixed;left:16.69444023632783%;top:1.5294117647058825%;height:2.372549019607843%;width:20.496894409937887%;" type="para" /></box><box><div coordinates="2875,78,339,121" index="2" style="position:fixed;left:43.55400696864111%;top:1.5294117647058825%;height:2.372549019607843%;width:5.135585517345857%;" type="para" /></box><box><div coordinates="3370,78,126,121" index="3" style="position:fixed;left:51.05287077715498%;top:1.5294117647058825%;height:2.372549019607843%;width:1.9088016967126193%;" type="para" /></box><box><div coordinates="3562,78,411,121" index="4" style="position:fixed;left:53.961520981669445%;top:1.5294117647058825%;height:2.372549019607843%;width:6.226329344038782%;" type="para" /></box><box><div coordinates="4105,78,594,121" index="5" style="position:fixed;left:62.18754734131192%;top:1.5294117647058825%;height:2.372549019607843%;width:8.998636570216634%;" type="para" /></box><box><div coordinates="4834,78,156,121" index="6" style="position:fixed;left:73.23132858657779%;top:1.5294117647058825%;height:2.372549019607843%;width:2.363278291168005%;" type="para" /></box><box><div coordinates="72,292,121,294" index="7" style="position:fixed;left:1.0907438266929252%;top:5.7254901960784315%;height:5.764705882352941%;width:1.8330555976367218%;" type="para" /></box><box><div coordinates="624,483,3845,3127" index="8" style="position:fixed;left:9.45311316467202%;top:9.470588235294118%;height:61.31372549019608%;width:58.24875018936525%;" type="para">EXECUTION COPY

   
 

EATON VANCE

COLLECTIVE TRUST
CONFIDENTIAL FEE SCHEDULE
AS OF SEPTEMBER 16,2013

CUSTODY, FUND ACCOUNTING
AND FUND ADMINISTRATION SERVICES

This fee schedule is for services (the &#8220;Services&#8482;) provided by State Street Bank and Trust Company or its affiliates
(&#8220;State Street&#8217;) to the Funds {as defined below) pursuant to that certain (a) Custodian Contract by and between
Eaton Vance Trust Company, as Trustee and State Street Bank and Trust Company dated as of September 9, 2013

(the &#8220;Custody Agreement&#8217;); and (b) Administration Agreement by and befween State Street Bank and Trust
Company and Eaton Vance Trust Company, as Trustee dated as of September 12, 2013 (the &#8220;Administration
Agreement&#8221; and together with the Custody Agreement, the &#8220;Agreements,&#8221; all as may be amended, supplemented,
restated or otherwise modified from time to time). This fee schedule shall apply to all funds, portfolios or accounts
that may be party or subject to the Agreements from time to time (each a &#8220;Fund&#8221; and collectively, the &#8220; Funds&#8221;).

 

   

L Custody and Fund Accounting | | |

For the provision of custody and fund accounting services pursuant to the Custody Agreement, State Street shall be
entitled to the fees set forth below. The custody and fund accounting fee per Fund is equal to the greater of the Basis
Point Fee or the Minimum Fee. Each Fund will pay in monthly instaliments in arrears, the greater of (i) the monthly
installment of the annual per Fund Minimum Fee described below or (if) The Basis Point Fee as calculated by
multiplying the average monthly net assets of each Fund by the basis point fees shown in the table below. This
amount does not include transaction processing fees*, foreign custody, or any other fees, charges or expenses
specifically identified in this fee schedule.</div></box><box><div coordinates="57,604,133,1755" index="9" style="position:fixed;left:0.8635055294652326%;top:11.843137254901961%;height:34.411764705882355%;width:2.014846235418876%;" type="para" /></box><box><div coordinates="45,2398,130,1662" index="10" style="position:fixed;left:0.6817148916830783%;top:47.01960784313726%;height:32.588235294117645%;width:1.9693985759733375%;" type="para" /></box><box><div coordinates="675,3604,3665,433" index="11" style="position:fixed;left:10.225723375246174%;top:70.66666666666667%;height:8.490196078431373%;width:55.52189062263293%;" type="para">* See Appendix 1 for information on transaction processing fees including important information on
foreign currency exchange transactions.

Domestic Custody</div></box><box><div coordinates="681,4043,1208,513" index="12" style="position:fixed;left:10.31661869413725%;top:79.27450980392156%;height:10.058823529411764%;width:18.300257536736858%;" type="para">Basis Point Fee (per Fund/per year)
Net Assets Per Fund

First $100 Million

Next $100 Million

Thereafter</div></box><box><div coordinates="42,4087,121,369" index="13" style="position:fixed;left:0.6362672322375398%;top:80.13725490196079%;height:7.235294117647059%;width:1.8330555976367218%;" type="para" /></box><box><div coordinates="3397,4132,448,424" index="14" style="position:fixed;left:51.46189971216483%;top:81.01960784313725%;height:8.313725490196077%;width:6.786850477200425%;" type="para">Basis Points
2.50
2.00
1.50</div></box><box><div coordinates="645,4568,3848,1356" index="15" style="position:fixed;left:9.77124678079079%;top:89.56862745098039%;height:26.588235294117645%;width:58.29419784881079%;" type="para">Minimum Fee {per Fund/per year) $25,000

 

For the provision of fund administration services pursuant to the Administration Agreement, State Street shall be
entitled to the fees set forth below. The fund administration fee is equal to the monthly installment of the annual per
Fund fec as described below. Each Fund will pay in monthly installments in arrears. This amount does not include
any other fees, charges or expenses specifically identified in this fee schedule.

Financial Reporting

Annual Financial Statements (per Fund/per year) $10,000*%
Financial Statements on a 90 day filing schedule

*Does not include consolidated reporting or Form 5500 reporting</div></box><box><div coordinates="3460,4573,355,150" index="16" style="position:fixed;left:52.41630056052114%;top:89.66666666666666%;height:2.941176470588235%;width:5.377973034388729%;" type="para">$25,000</div></box><box><div coordinates="39,4588,124,510" index="17" style="position:fixed;left:0.5908195727920013%;top:89.9607843137255%;height:10.0%;width:1.8785032570822602%;" type="para" /></box><box><div coordinates="42,5110,121,153" index="18" style="position:fixed;left:0.6362672322375398%;top:100.19607843137254%;height:3.0%;width:1.8330555976367218%;" type="para" /></box><box><div coordinates="39,5506,121,150" index="19" style="position:fixed;left:0.5908195727920013%;top:107.96078431372548%;height:2.941176470588235%;width:1.8330555976367218%;" type="para" /></box><box><div coordinates="3442,5537,376,164" index="20" style="position:fixed;left:52.1436146038479%;top:108.56862745098039%;height:3.215686274509804%;width:5.696106650507499%;" type="para">$10,000*</div></box><box><div coordinates="669,5764,190,163" index="21" style="position:fixed;left:10.134828056355099%;top:113.01960784313725%;height:3.1960784313725488%;width:2.8783517648841084%;" type="para">*Dos</div></box><box><div coordinates="36,5878,121,132" index="22" style="position:fixed;left:0.5453719133464626%;top:115.25490196078432%;height:2.588235294117647%;width:1.8330555976367218%;" type="para" /></box></Blocks></page><page num="2" src="img/Bi2i_0781/Bi2i_0781-01.jpg" txt_src="img/Bi2i_0781/Bi2i_0781-01.txt"><Blocks><box><div coordinates="57,72,238,2668" index="0" style="position:fixed;left:0.8635055294652326%;top:1.411764705882353%;height:52.313725490196084%;width:3.6055143160127257%;" type="para" /></box><box><div coordinates="946,75,180,121" index="1" style="position:fixed;left:14.331161945159824%;top:1.4705882352941175%;height:2.372549019607843%;width:2.7268595667323132%;" type="para" /></box><box><div coordinates="1642,78,318,121" index="2" style="position:fixed;left:24.875018936524768%;top:1.5294117647058825%;height:2.372549019607843%;width:4.817451901227087%;" type="para" /></box><box><div coordinates="2527,81,324,121" index="3" style="position:fixed;left:38.282078472958645%;top:1.588235294117647%;height:2.372549019607843%;width:4.908347220118164%;" type="para" /></box><box><div coordinates="3601,84,183,121" index="4" style="position:fixed;left:54.552340554461445%;top:1.647058823529412%;height:2.372549019607843%;width:2.7723072261778516%;" type="para" /></box><box><div coordinates="4402,84,456,121" index="5" style="position:fixed;left:66.68686562642024%;top:1.647058823529412%;height:2.372549019607843%;width:6.908044235721861%;" type="para" /></box><box><div coordinates="675,481,3842,2145" index="6" style="position:fixed;left:10.225723375246174%;top:9.431372549019608%;height:42.05882352941177%;width:58.20330252991971%;" type="para">EXECUTION COPY

   
 

EATON VANCE

COLLECTIVE TRUST
CONFIDENTIAL FEE SCHEDULE
AS OF SEPTEMBER 16, 2013

 

Additional special activities of a non-recurring nature such as fund consolidations or reorganizations, extraordinary
security shipments and the preparation of special reports will be subject to negotiation. There will be a fee of $120
per hour for customized programming or customized transmissions. There will be an annual fee of $1,200 for
maintenance of customized programming, transmissions or other customized development, Fees for other special
items will be negotiated separately.

Significant regulatory changes, significant legal changes or changes in the Funds&#8217; service elections or status may, as
a result of such changes, necessitate additional services, processing or reports. In these instances, if State Street
elects to provide such services or arrange for their provision, State Street shall be entitled to additional fees and
expenses as negotiated with the Funds.</div></box><box><div coordinates="621,2694,3887,847" index="7" style="position:fixed;left:9.40766550522648%;top:52.8235294117647%;height:16.607843137254903%;width:58.88501742160279%;" type="para">A billing for the recovery of other reimbursable expenses, fees and charges incurred on behalf of the Funds, as
applicable, will be made as of the end of each month. Unless indicated otherwise, the Funds&#8217; share of such
expenses, fees and charges will be based upon actual usage of a service or an allocated charge for the use of the
service for the benefit of the Funds. New or increased fees imposed upon State Street beyond State Street&#8217;s control
will be passed through to the Funds, including regulatory fees imposed on State Street in its capacity as the provider

of the Services.</div></box><box><div coordinates="51,2749,124,396" index="8" style="position:fixed;left:0.7726102105741555%;top:53.90196078431373%;height:7.764705882352942%;width:1.8785032570822602%;" type="para" /></box><box><div coordinates="48,3241,121,408" index="9" style="position:fixed;left:0.7271625511286169%;top:63.549019607843135%;height:8.0%;width:1.8330555976367218%;" type="para" /></box><box><div coordinates="675,3636,817,256" index="10" style="position:fixed;left:10.225723375246174%;top:71.29411764705881%;height:5.019607843137255%;width:12.376912589001666%;" type="para">The Funds will reimburs
10, the following:</div></box><box><div coordinates="1519,3647,700,159" index="11" style="position:fixed;left:23.01166489925769%;top:71.50980392156863%;height:3.1176470588235294%;width:10.604453870625663%;" type="para">State Street for expens</div></box><box><div coordinates="2268,3640,1982,182" index="12" style="position:fixed;left:34.35843054082714%;top:71.37254901960785%;height:3.568627450980392%;width:30.025753673685806%;" type="para">incurred by State Street on their behalf including, but not limites</div></box><box><div coordinates="45,3655,121,300" index="13" style="position:fixed;left:0.6817148916830783%;top:71.66666666666667%;height:5.88235294117647%;width:1.8330555976367218%;" type="para" /></box><box><div coordinates="666,3907,1657,868" index="14" style="position:fixed;left:10.089380396909558%;top:76.6078431372549%;height:17.019607843137255%;width:25.10225723375246%;" type="para">SWIFT

Dedicated Hardware / Transmission Lines*
Forms and Supplies Related to Fund Records*
Printing, Delivery, Postage and Courier*&#174;
SAS99 (audit firm data feeds)

Telephone*

Board Related Travel</div></box><box><div coordinates="2478,3911,1799,1422" index="15" style="position:fixed;left:37.53976670201485%;top:76.68627450980392%;height:27.88235294117647%;width:27.25344644750795%;" type="para">SSAE 16 Charges (pro rata portion)*
Archive/Document Storage*

[RS Certifications and Form Filing
Reasonable Legal Expenses
Subcustodian/Depository Charges, ADR, GDR
Rule 1 71-5

Miscellaneous expenses incurred in connection
with foreign custody (e.g., stamp duties,
registration costs, script fees, special transportation
costs)

Pricing and Verification Services - Non-Standard
Vendors

CCO Attestation Report</div></box><box><div coordinates="2475,3927,143,844" index="16" style="position:fixed;left:37.49431904256931%;top:77.0%;height:16.54901960784314%;width:2.166338433570671%;" type="para" /></box><box><div coordinates="42,4036,124,288" index="17" style="position:fixed;left:0.6362672322375398%;top:79.13725490196079%;height:5.647058823529412%;width:1.8785032570822602%;" type="para" /></box><box><div coordinates="39,4576,121,324" index="18" style="position:fixed;left:0.5908195727920013%;top:89.72549019607843%;height:6.352941176470588%;width:1.8330555976367218%;" type="para" /></box><box><div coordinates="4018,4636,121,144" index="19" style="position:fixed;left:60.86956521739131%;top:90.90196078431373%;height:2.823529411764706%;width:1.8330555976367218%;" type="para">on</div></box><box><div coordinates="801,4963,823,166" index="20" style="position:fixed;left:12.134525071958794%;top:97.31372549019608%;height:3.2549019607843137%;width:12.467807907892743%;" type="para">Fair Valuation Services</div></box><box><div coordinates="3644,4969,576,165" index="21" style="position:fixed;left:55.20375700651417%;top:97.43137254901961%;height:3.2352941176470593%;width:8.725950613543402%;" type="para">$s - Non-Standard</div></box><box><div coordinates="663,4981,136,139" index="22" style="position:fixed;left:10.04393273746402%;top:97.66666666666667%;height:2.7254901960784315%;width:2.0602938948644143%;" type="para" /></box><box><div coordinates="2475,4983,137,140" index="23" style="position:fixed;left:37.49431904256931%;top:97.70588235294117%;height:2.7450980392156863%;width:2.075443114679594%;" type="para" /></box><box><div coordinates="36,5050,121,123" index="24" style="position:fixed;left:0.5453719133464626%;top:99.01960784313727%;height:2.411764705882353%;width:1.8330555976367218%;" type="para" /></box><box><div coordinates="660,5146,1775,346" index="25" style="position:fixed;left:9.998485078018483%;top:100.90196078431373%;height:6.784313725490196%;width:26.889865171943644%;" type="para">o Cost of responding to third party subpoenas and/or
regulatory inquires refated to the Funds or the
Funds&#8217; investment adviser(s)</div></box><box><div coordinates="33,5236,121,144" index="26" style="position:fixed;left:0.4999242539009241%;top:102.66666666666666%;height:2.823529411764706%;width:1.8330555976367218%;" type="para" /></box><box><div coordinates="732,5501,472,161" index="27" style="position:fixed;left:11.089228904711407%;top:107.86274509803921%;height:3.1568627450980395%;width:7.1504317527647325%;" type="para">&#165; Combined fee</div></box><box><div coordinates="1735,5503,994,166" index="28" style="position:fixed;left:26.283896379336465%;top:107.90196078431373%;height:3.2549019607843137%;width:15.058324496288442%;" type="para">s will not exceed $500/yr per fund.</div></box><box><div coordinates="1227,5516,505,162" index="29" style="position:fixed;left:18.58809271322527%;top:108.15686274509804%;height:3.176470588235294%;width:7.650356006665657%;" type="para">; for these expense</div></box></Blocks></page><page num="3" src="img/Bi2i_0781/Bi2i_0781-02.jpg" txt_src="img/Bi2i_0781/Bi2i_0781-02.txt"><Blocks><box><div coordinates="57,75,547,2548" index="0" style="position:fixed;left:0.8635055294652326%;top:1.4705882352941175%;height:49.96078431372549%;width:8.286623238903196%;" type="para" /></box><box><div coordinates="793,75,234,121" index="1" style="position:fixed;left:12.013331313437357%;top:1.4705882352941175%;height:2.372549019607843%;width:3.544917436752007%;" type="para" /></box><box><div coordinates="1138,78,441,121" index="2" style="position:fixed;left:17.23981214967429%;top:1.5294117647058825%;height:2.372549019607843%;width:6.680805938494168%;" type="para" /></box><box><div coordinates="1693,78,315,121" index="3" style="position:fixed;left:25.647629147098925%;top:1.5294117647058825%;height:2.372549019607843%;width:4.7720042417815485%;" type="para" /></box><box><div coordinates="2542,81,294,121" index="4" style="position:fixed;left:38.50931677018634%;top:1.588235294117647%;height:2.372549019607843%;width:4.453870625662779%;" type="para" /></box><box><div coordinates="3472,81,309,121" index="5" style="position:fixed;left:52.59809119830329%;top:1.588235294117647%;height:2.372549019607843%;width:4.681108922890472%;" type="para" /></box><box><div coordinates="4459,81,225,121" index="6" style="position:fixed;left:67.55037115588547%;top:1.588235294117647%;height:2.372549019607843%;width:3.408574458415391%;" type="para" /></box><box><div coordinates="627,483,3884,3050" index="7" style="position:fixed;left:9.498560824117558%;top:9.470588235294118%;height:59.80392156862745%;width:58.839569762157254%;" type="para">EXECUTION COPY

   
 

EATON VANCE

COLLECTIVE TRUST
CONFIDENTIAL FEE SCHEDULE
AS OF SEPTEMBER 16,2013

V.  Overdrafts eee &#8212;

Overdrafts are not allowed; however, should one occur, a charge will be imposed by State Street at a rate equivalent
to the Federal Funds Rate plus 200 basis points, as applicable.

This fee schedule is the confidential information of the parties and shall not be disclosed to any third party without
the prior written consent of the other parties.

   

   

VII. Payment of Fees

 

All fees are expressed in U.S, dollars, The fees, charges and expenses set forth herein will be charged against each
Fund&#8217;s demand deposit account within 30 days after the invoice is transmitted to Funds&#8217; offices upon written
authorization from Eaton Vance. Failure to charge a fee ts not a waiver of that fee.

 

VIII. Effectiveness

This fee schedule shall become effective upon the commencement of the provision of the Services and shall remain
in effect for three (3) years until September 16, 2016,</div></box><box><div coordinates="54,2656,121,591" index="8" style="position:fixed;left:0.818057870019694%;top:52.07843137254902%;height:11.588235294117647%;width:1.8330555976367218%;" type="para" /></box><box><div coordinates="51,3256,121,420" index="9" style="position:fixed;left:0.7726102105741555%;top:63.84313725490196%;height:8.235294117647058%;width:1.8330555976367218%;" type="para" /></box><box><div coordinates="1752,3528,1517,182" index="10" style="position:fixed;left:26.54143311619452%;top:69.17647058823529%;height:3.568627450980392%;width:22.981366459627328%;" type="para">[Remainder of page intentionally left blank.</div></box><box><div coordinates="48,3958,121,177" index="11" style="position:fixed;left:0.7271625511286169%;top:77.6078431372549%;height:3.4705882352941178%;width:1.8330555976367218%;" type="para" /></box><box><div coordinates="45,4273,124,372" index="12" style="position:fixed;left:0.6817148916830783%;top:83.7843137254902%;height:7.294117647058823%;width:1.8785032570822602%;" type="para" /></box><box><div coordinates="39,4699,124,459" index="13" style="position:fixed;left:0.5908195727920013%;top:92.13725490196079%;height:9.0%;width:1.8785032570822602%;" type="para" /></box><box><div coordinates="36,5725,121,124" index="14" style="position:fixed;left:0.5453719133464626%;top:112.25490196078431%;height:2.431372549019608%;width:1.8330555976367218%;" type="para" /></box><box><div coordinates="36,5938,121,162" index="15" style="position:fixed;left:0.5453719133464626%;top:116.43137254901961%;height:3.176470588235294%;width:1.8330555976367218%;" type="para" /></box></Blocks></page><page num="4" src="img/Bi2i_0781/Bi2i_0781-03.jpg" txt_src="img/Bi2i_0781/Bi2i_0781-03.txt"><Blocks><box><div coordinates="51,75,468,4204" index="0" style="position:fixed;left:0.7726102105741555%;top:1.4705882352941175%;height:82.43137254901961%;width:7.089834873504014%;" type="para" /></box><box><div coordinates="619,78,123,121" index="1" style="position:fixed;left:9.377367065596122%;top:1.5294117647058825%;height:2.372549019607843%;width:1.8633540372670807%;" type="para" /></box><box><div coordinates="1099,78,387,121" index="2" style="position:fixed;left:16.64899257688229%;top:1.5294117647058825%;height:2.372549019607843%;width:5.862748068474474%;" type="para" /></box><box><div coordinates="2182,81,225,121" index="3" style="position:fixed;left:33.05559763672171%;top:1.588235294117647%;height:2.372549019607843%;width:3.408574458415391%;" type="para" /></box><box><div coordinates="2590,81,228,121" index="4" style="position:fixed;left:39.23647932131495%;top:1.588235294117647%;height:2.372549019607843%;width:3.4540221178609305%;" type="para" /></box><box><div coordinates="3385,84,198,121" index="5" style="position:fixed;left:51.28010907438267%;top:1.647058823529412%;height:2.372549019607843%;width:2.9995455234055446%;" type="para" /></box><box><div coordinates="4174,84,156,121" index="6" style="position:fixed;left:63.23284350855931%;top:1.647058823529412%;height:2.372549019607843%;width:2.363278291168005%;" type="para" /></box><box><div coordinates="4348,84,145,121" index="7" style="position:fixed;left:65.86880775640054%;top:1.647058823529412%;height:2.372549019607843%;width:2.1966368732010304%;" type="para" /></box><box><div coordinates="4754,84,230,121" index="8" style="position:fixed;left:72.01939100136343%;top:1.647058823529412%;height:2.372549019607843%;width:3.484320557491289%;" type="para" /></box><box><div coordinates="681,489,3722,1009" index="9" style="position:fixed;left:10.31661869413725%;top:9.588235294117647%;height:19.784313725490197%;width:56.38539615209817%;" type="para">EXECUTION COPY

 

EATON VANCE

COLLECTIVE TRUST
CONFIDENTIAL FEE SCHEDULE
AS OF SEPTEMBER 16, 2013</div></box><box><div coordinates="705,1500,1640,837" index="10" style="position:fixed;left:10.68019996970156%;top:29.411764705882355%;height:16.411764705882355%;width:24.84472049689441%;" type="para">EACH FUND TO THE C a, 2 MENT
By: LAE

Name: James F. Kirchng

Vice President of Eaton Vance Trust Compar

Title:
Date: /5 / 2</div></box><box><div coordinates="2490,1587,1652,721" index="11" style="position:fixed;left:37.721557339797%;top:31.11764705882353%;height:14.137254901960784%;width:25.026511134676564%;" type="para">vie Vice President, rae Ihr

Date: 09/3/72</div></box><box><div coordinates="2853,1917,128,127" index="12" style="position:fixed;left:43.22072413270717%;top:37.588235294117645%;height:2.4901960784313726%;width:1.9391001363429785%;" type="para" /></box><box><div coordinates="1866,1963,329,153" index="13" style="position:fixed;left:28.26844417512498%;top:38.490196078431374%;height:3.0%;width:4.984093319194061%;" type="para">ce Trust Cc</div></box><box><div coordinates="4042,1971,181,142" index="14" style="position:fixed;left:61.23314649295561%;top:38.64705882352941%;height:2.784313725490196%;width:2.7420087865474927%;" type="para" /></box><box><div coordinates="2289,1992,146,125" index="15" style="position:fixed;left:34.676564156945915%;top:39.05882352941176%;height:2.450980392156863%;width:2.2117860930162094%;" type="para">any</div></box><box><div coordinates="4624,2041,346,198" index="16" style="position:fixed;left:70.0499924253901%;top:40.01960784313726%;height:3.882352941176471%;width:5.241630056052114%;" type="para">inp</div></box><box><div coordinates="4321,2061,265,143" index="17" style="position:fixed;left:65.4597788213907%;top:40.411764705882355%;height:2.803921568627451%;width:4.014543251022572%;" type="para">TriafF</div></box><box><div coordinates="3210,2187,124,124" index="18" style="position:fixed;left:48.62899560672626%;top:42.88235294117647%;height:2.431372549019608%;width:1.8785032570822602%;" type="para" /></box><box><div coordinates="693,2463,1712,868" index="19" style="position:fixed;left:10.498409331919406%;top:48.294117647058826%;height:17.019607843137255%;width:25.935464323587336%;" type="para">EACH FUND TO THE AD

  
 

AGREEMENT

By:

Name James F. Kir

Title Vice President of Eaton Vance Trust Company</div></box><box><div coordinates="1761,3357,1514,182" index="20" style="position:fixed;left:26.67777609453113%;top:65.8235294117647%;height:3.568627450980392%;width:22.93591880018179%;" type="para">[Remainder of page intentionally left blank.|</div></box><box><div coordinates="51,4288,124,672" index="21" style="position:fixed;left:0.7726102105741555%;top:84.07843137254902%;height:13.176470588235295%;width:1.8785032570822602%;" type="para" /></box><box><div coordinates="48,5008,121,327" index="22" style="position:fixed;left:0.7271625511286169%;top:98.19607843137254%;height:6.411764705882353%;width:1.8330555976367218%;" type="para" /></box><box><div coordinates="45,5344,121,204" index="23" style="position:fixed;left:0.6817148916830783%;top:104.7843137254902%;height:4.0%;width:1.8330555976367218%;" type="para" /></box><box><div coordinates="45,5566,121,186" index="24" style="position:fixed;left:0.6817148916830783%;top:109.13725490196077%;height:3.6470588235294117%;width:1.8330555976367218%;" type="para" /></box><box><div coordinates="42,6130,121,124" index="25" style="position:fixed;left:0.6362672322375398%;top:120.19607843137254%;height:2.431372549019608%;width:1.8330555976367218%;" type="para" /></box></Blocks></page><page num="5" src="img/Bi2i_0781/Bi2i_0781-04.jpg" txt_src="img/Bi2i_0781/Bi2i_0781-04.txt"><Blocks><box><div coordinates="72,84,1990,664" index="0" style="position:fixed;left:1.0907438266929252%;top:1.647058823529412%;height:13.019607843137255%;width:30.146947432207245%;" type="para" /></box><box><div coordinates="2374,84,222,121" index="1" style="position:fixed;left:35.96424784123617%;top:1.647058823529412%;height:2.372549019607843%;width:3.3631267989698532%;" type="para" /></box><box><div coordinates="2818,87,123,121" index="2" style="position:fixed;left:42.69050143917588%;top:1.7058823529411766%;height:2.372549019607843%;width:1.8633540372670807%;" type="para" /></box><box><div coordinates="3418,87,123,121" index="3" style="position:fixed;left:51.780033328283594%;top:1.7058823529411766%;height:2.372549019607843%;width:1.8633540372670807%;" type="para" /></box><box><div coordinates="4024,87,913,121" index="4" style="position:fixed;left:60.960460536282376%;top:1.7058823529411766%;height:2.372549019607843%;width:13.831237691258899%;" type="para" /></box><box><div coordinates="666,489,3722,1006" index="5" style="position:fixed;left:10.089380396909558%;top:9.588235294117647%;height:19.725490196078432%;width:56.38539615209817%;" type="para">EXECUTION COPY

RE E Eh NO BANK A AT FN ST LA RE

 

EATON VANCE

COLLECTIVE TRUST
CONFIDENTIAL FEE SCHEDULE
AS OF SEPTEMBER 16, 2013</div></box><box><div coordinates="57,799,136,1689" index="6" style="position:fixed;left:0.8635055294652326%;top:15.666666666666668%;height:33.11764705882353%;width:2.0602938948644143%;" type="para" /></box><box><div coordinates="1618,1497,1816,279" index="7" style="position:fixed;left:24.51143766096046%;top:29.352941176470587%;height:5.470588235294118%;width:27.510983184366005%;" type="para">APPENDIX 1
TRANSACTION PROCESSING FEES PER TRADE</div></box><box><div coordinates="675,1786,1790,1518" index="8" style="position:fixed;left:10.225723375246174%;top:35.01960784313726%;height:29.764705882352942%;width:27.11710346917134%;" type="para">State Street Repurchase Agreements (Repo) or Time Deposits
DTC or Fed Book Entry (Automated)*

DTC or Fed Book Entry (Manual)

Collateral /Memo-Pledging

Mortgage Backed Securities Principal and Income Paydowns
Physical Settlements

Wire Transfers Qut

Wire Transfers In

Third Parly Foreign Exchange *

Foreign Exchange through State Street Global Markets
Maturity Collections

In-Kind Transfers

Exchange Traded Derivatives (Options, Futures Trades, efc.)
Over-the-Counter (&#8220;OTC&#8221;) Traded Derivatives (Options, Futur
| Share Purchase/Sale{(MCH Processing)

1 Share Purchase/Sale (Benefits Trust Pass-Thru</div></box><box><div coordinates="3424,1788,379,1520" index="9" style="position:fixed;left:51.87092864717467%;top:35.05882352941177%;height:29.80392156862745%;width:5.741554309953037%;" type="para">No Charge
$5.00
$25.00
$10.00
$2.50
$ 30.00
$5.00
$3.00
$25.00
No Charge
$2.50
10.00
3 18.00
$ 64.00
$5.00
$2.00</div></box><box><div coordinates="54,2566,121,261" index="10" style="position:fixed;left:0.818057870019694%;top:50.313725490196084%;height:5.11764705882353%;width:1.8330555976367218%;" type="para" /></box><box><div coordinates="51,2860,124,975" index="11" style="position:fixed;left:0.7726102105741555%;top:56.07843137254902%;height:19.11764705882353%;width:1.8785032570822602%;" type="para" /></box><box><div coordinates="2265,2973,191,159" index="12" style="position:fixed;left:34.31298288138161%;top:58.29411764705882%;height:3.1176470588235294%;width:2.893500984699288%;" type="para">3, Fut</div></box><box><div coordinates="2499,2973,221,159" index="13" style="position:fixed;left:37.857900318133616%;top:58.29411764705882%;height:3.1176470588235294%;width:3.3479775791546733%;" type="para">s Trades</div></box><box><div coordinates="2736,2984,194,149" index="14" style="position:fixed;left:41.44826541433117%;top:58.509803921568626%;height:2.9215686274509807%;width:2.9389486441448267%;" type="para">elc.)</div></box><box><div coordinates="660,3331,3674,975" index="15" style="position:fixed;left:9.998485078018483%;top:65.31372549019608%;height:19.11764705882353%;width:55.65823360096955%;" type="para">* These fees and charges assume automated trade instruction/information delivery in an electronic format.

 

' The Transaction Processing Fees are per trade processing fees charged for processing the settlement of
transactions by State Street on behalf of the Funds in connection with the provision of custody services under the
Custody Agreement. These Transaction Processing Fees, unless otherwise waived, apply whether a Fund or its
third party investment managers entered into such transactions with or through State Street or one of its affiliates
or a third party dealer or broker. The processing fees are in addition to, and are not to be construed as payments in
lieu of, any compensation (as described herein) that may be earned by State Street or any of its affiliates or by, a

third party dealer or broker in connection with such transaction.</div></box><box><div coordinates="45,3877,124,633" index="16" style="position:fixed;left:0.6817148916830783%;top:76.01960784313727%;height:12.411764705882353%;width:1.8785032570822602%;" type="para" /></box><box><div coordinates="723,4300,3605,1219" index="17" style="position:fixed;left:10.952885926374792%;top:84.31372549019608%;height:23.901960784313726%;width:54.612937433722166%;" type="para">State Street Global Markets, a separate division of State Street, offers principal or &#8220;dealer&#8221; trading services as well
as agency execution services (which include its proprietary elecironic trading platforms) in a variety of asset
classes, including most of those described in this schedule. A Fund or its third party fiduciary investment
managers may select State Street Global Markets to effect principal or agency transactions; however, any such
services, irrespective of whether trade orders are transmitied through State Street's custody or trustee operations,
are conducted under coniractual or other arrangements that are distinct from its services and obligations under the
Agreements, When State Street or State Street Global Markets acts as a counterparty (e.g., foreign exchange, over
the counter derivatives, repurchase transactions) to a Fund, such transactions are principal transactions and State
Street or State Street Global Markets enters into them as a dealer and not in a fiduciary, agency or similar capacity
(regardless of any other relationships between State Street and the Funds under the Agreements). In connection
with such trading or agency execution services, State Street Global Markets may receive compensation from the
Funds in a variety of forms, including a commission, click fee, revenue share, spread, mark-up, mark-down,
interest, fee or similar amount.</div></box><box><div coordinates="42,4618,121,387" index="18" style="position:fixed;left:0.6362672322375398%;top:90.54901960784314%;height:7.588235294117647%;width:1.8330555976367218%;" type="para" /></box><box><div coordinates="39,5143,121,180" index="19" style="position:fixed;left:0.5908195727920013%;top:100.84313725490198%;height:3.5294117647058822%;width:1.8330555976367218%;" type="para" /></box><box><div coordinates="36,6187,121,121" index="20" style="position:fixed;left:0.5453719133464626%;top:121.31372549019608%;height:2.372549019607843%;width:1.8330555976367218%;" type="para" /></box></Blocks></page></doc>