<doc doi="Bi2i_0976" name="/prcanalyt/test-pra1/inventory_module/InputProcessing/7A7/D5B/7A7D5BC6684B9B103E3D108E4020C00D1ADF6467.pdf"><page num="1" src="img/Bi2i_0976/Bi2i_0976-00.jpg" txt_src="img/Bi2i_0976/Bi2i_0976-00.txt"><Blocks><box><div coordinates="4150,186,397,265" index="0" style="position:fixed;left:62.869262232995005%;top:3.6470588235294117%;height:5.196078431372549%;width:6.014240266626269%;" type="para">37</div></box><box><div coordinates="708,609,3806,568" index="1" style="position:fixed;left:10.7256476291471%;top:11.941176470588236%;height:11.137254901960784%;width:57.65793061657325%;" type="para">CERT
A ot i,

m&#8482; J ae]
es he

 

PARK DISTRICT RISK MANAGEMENT AGENCY {THE &#8220;COMPANY")</div></box><box><div coordinates="2119,1221,948,427" index="2" style="position:fixed;left:32.1011967883654%;top:23.941176470588236%;height:8.372549019607844%;width:14.361460384790185%;" type="para">CUSTODY SERVICES
FEE SCHEDULE
AS OF 08/01/2012</div></box><box><div coordinates="648,1639,3926,2130" index="3" style="position:fixed;left:9.816694440236327%;top:32.13725490196078%;height:41.76470588235294%;width:59.47583699439479%;" type="para">This Fee Schedule is for services (the &#8220;Services&#8482;) provided by State Street Trust Company or its: affiliates (&#8220;State _
Street&#8221;) pursuant to that certain (a) Custodian Agreement by and between State Street and the Company dated as of
April 30, 1998 (the &#8220;Custody Agreement&#8221;) as may be amended, supplemented, restated or otherwise modified from
lime to time and (b) any Reinsurance Trust Agreement subsequently entered into between State Street, the Company
and any third party (the &#8220;Reinsurance Trust Agreement(s)&#8221; and collectively with the Custody Agreement, the

&#8220;Agreements&#8221;). This fee schedule shall apply to all accounts or portfolios that may be subject to the Custody

Agreement from time to time.

 

For the provision of custody services pursuant to the Cisstody Agreement State Street shall be entitled to the
fees set forth below. The domestic custody fee per account is equal to the greater of the Basis Point Fee or
the Minimum Monthly Fee. The Company will pay in monthly installments in arrears, the greater of (i) the
monthly installment of the annual per account minimum fee described below or (ii) the Company's fee
based upon the market value of securities held based on custody location as of the end. of the billing period
on a monthly basis calculated at the annualized rates set forth below. The Basis Point Fee wil] be calculated
by multiplying the month end assets of the Company by the basis point fees shown in the table below. This
amount does not include transaction processing fees, foreign custody, or any other fees, charges or expenses
specifically identified in this fee schedule.</div></box><box><div coordinates="858,1641,1085,124" index="4" style="position:fixed;left:12.998030601424027%;top:32.1764705882353%;height:2.431372549019608%;width:16.436903499469775%;" type="para" /></box><box><div coordinates="1996,1647,880,125" index="5" style="position:fixed;left:30.23784275109832%;top:32.294117647058826%;height:2.450980392156863%;width:13.331313437357975%;" type="para" /></box><box><div coordinates="2893,1653,367,122" index="6" style="position:fixed;left:43.82669292531435%;top:32.41176470588235%;height:2.392156862745098%;width:5.559763672170883%;" type="para" /></box><box><div coordinates="3358,1656,315,121" index="7" style="position:fixed;left:50.87108013937283%;top:32.470588235294116%;height:2.372549019607843%;width:4.7720042417815485%;" type="para" /></box><box><div coordinates="693,3775,1763,274" index="8" style="position:fixed;left:10.498409331919406%;top:74.01960784313727%;height:5.372549019607844%;width:26.70807453416149%;" type="para">* See Appendix 1 for information on transaction proce:
currency exchange transactions,</div></box><box><div coordinates="2886,3784,1253,184" index="9" style="position:fixed;left:43.72064838660809%;top:74.19607843137254%;height:3.607843137254902%;width:18.981972428419937%;" type="para">uding important information on foreign</div></box><box><div coordinates="2472,3796,239,150" index="10" style="position:fixed;left:37.44887138312377%;top:74.4313725490196%;height:2.941176470588235%;width:3.6206635358279047%;" type="para">sing fee</div></box><box><div coordinates="2730,3808,143,139" index="11" style="position:fixed;left:41.35737009544008%;top:74.66666666666667%;height:2.7254901960784315%;width:2.166338433570671%;" type="para">ine</div></box><box><div coordinates="681,4051,679,166" index="12" style="position:fixed;left:10.31661869413725%;top:79.43137254901961%;height:3.2549019607843137%;width:10.286320254506894%;" type="para">Domestic Custody</div></box><box><div coordinates="693,4231,443,165" index="13" style="position:fixed;left:10.498409331919406%;top:82.96078431372548%;height:3.2352941176470593%;width:6.711104378124527%;" type="para">Annual Fee fi</div></box><box><div coordinates="1188,4231,238,148" index="14" style="position:fixed;left:17.99727314043327%;top:82.96078431372548%;height:2.9019607843137254%;width:3.6055143160127257%;" type="para">All As:</div></box><box><div coordinates="3637,4245,187,164" index="15" style="position:fixed;left:55.097712467807916%;top:83.23529411764706%;height:3.215686274509804%;width:2.83290410543857%;" type="para">335,00</div></box><box><div coordinates="1428,4258,122,136" index="16" style="position:fixed;left:21.633085896076352%;top:83.49019607843138%;height:2.666666666666667%;width:1.8482048174519012%;" type="para">EIS</div></box><box><div coordinates="606,4504,3980,1198" index="17" style="position:fixed;left:9.180427207998788%;top:88.31372549019608%;height:23.49019607843137%;width:60.29389486441449%;" type="para">Forefgn Custody See Appendix 2

 

Overdrafls are not allowed; however, should one occur, a charge will be imposed by State Street at a rate equivalent
to the Federal Funds Rate plus 200 basis points, as applicable.

 

For the provision of services pursuant to the Reinsurance Trust Agreement(s), State Street shall be entitled to the fees
set forth below in addition to the applicable f&#233;es in Section | above.</div></box><box><div coordinates="3447,4518,452,167" index="18" style="position:fixed;left:52.2193607029238%;top:88.58823529411765%;height:3.2745098039215685%;width:6.847447356461142%;" type="para">&gt; Appendix 2</div></box><box><div coordinates="3411,4954,446,156" index="19" style="position:fixed;left:51.67398878957734%;top:97.13725490196077%;height:3.058823529411765%;width:6.756552037570065%;" type="para">tate Street at</div></box><box><div coordinates="3166,5464,142,139" index="20" style="position:fixed;left:47.96242993485835%;top:107.13725490196077%;height:2.7254901960784315%;width:2.1511892137554915%;" type="para">tate</div></box><box><div coordinates="615,5701,475,183" index="21" style="position:fixed;left:9.316770186335404%;top:111.78431372549021%;height:3.5882352941176467%;width:7.195879412210271%;" type="para">Monthly per &#162;</div></box><box><div coordinates="1716,5716,973,166" index="22" style="position:fixed;left:25.996061202848054%;top:112.07843137254902%;height:3.2549019607843137%;width:14.74019088016967%;" type="para">e State Street is named Trustee</div></box><box><div coordinates="1176,5722,539,150" index="23" style="position:fixed;left:17.815482502651115%;top:112.19607843137256%;height:2.941176470588235%;width:8.16542948038176%;" type="para">ont charge wher</div></box><box><div coordinates="3754,5740,214,145" index="24" style="position:fixed;left:56.87017118618392%;top:112.54901960784314%;height:2.843137254901961%;width:3.241933040448417%;" type="para">$500</div></box><box><div coordinates="681,6001,415,154" index="25" style="position:fixed;left:10.31661869413725%;top:117.66666666666667%;height:3.019607843137255%;width:6.286926223299501%;" type="para">State Street (</div></box><box><div coordinates="1107,6004,398,154" index="26" style="position:fixed;left:16.77018633540373%;top:117.72549019607843%;height:3.019607843137255%;width:6.029389486441448%;" type="para">onfidentiaf</div></box></Blocks></page><page num="2" src="img/Bi2i_0976/Bi2i_0976-01.jpg" txt_src="img/Bi2i_0976/Bi2i_0976-01.txt"><Blocks><box><div coordinates="711,741,3923,295" index="0" style="position:fixed;left:10.771095288592637%;top:14.529411764705882%;height:5.784313725490196%;width:59.430389334949254%;" type="para" /></box><box><div coordinates="726,1042,3746,540" index="1" style="position:fixed;left:10.99833358582033%;top:20.431372549019606%;height:10.588235294117647%;width:56.748977427662474%;" type="para">Additional special activities of a non-recurring nature such as account consolidations or reorganizations,
extraordinary security shipments and the preparation of special reports will be subject to negotiation, There will be a
tee of 5200 per hour for customized progranmming or customized transmissions. There will be an annual fee of
34,000 for maintenance of customized programming, transmissions or other customized programing, transmissions
or other customized development, Fees for other special items will be negotiated separately.</div></box><box><div coordinates="681,1578,3932,740" index="2" style="position:fixed;left:10.31661869413725%;top:30.941176470588232%;height:14.50980392156863%;width:59.56673231328586%;" type="para">Significant regulatory changes, significant legal changes or changes in the Company's service elections or status
may, as a result of such changes, necessitate additional services, processing or reports. In these instances, if State
Street elects to provide such services or arrange for their provision, State Street shail be entitled to additional fees

and expenses as negotiated with the Company.</div></box><box><div coordinates="699,2326,3752,456" index="3" style="position:fixed;left:10.589304650810483%;top:45.6078431372549%;height:8.941176470588236%;width:56.83987274655355%;" type="para">For the provision of loan services pursuant to the Custody Agreement, Stale Street shall be entitled to the fees set
forth below. The loan services fee is equal to the Committed Asset Based Fee for Loans detailed below. Each
Company will pay in monthly installments in arrears, unless otherwise requested. the: Company's. pro rata share of the
tee. This amount does not include any other fees, charges or expenses specifically identified in this fee schedule.</div></box><box><div coordinates="690,2776,1531,441" index="4" style="position:fixed;left:10.452961672473867%;top:54.431372549019606%;height:8.647058823529411%;width:23.193455537039842%;" type="para">Committed Asse! Based Fee for Loans {per acc

First $300 million in USD assets
Next $300 million in USD assets
Excess thereafter</div></box><box><div coordinates="2253,2796,446,170" index="5" style="position:fixed;left:34.13119224359946%;top:54.8235294117647%;height:3.3333333333333335%;width:6.756552037570065%;" type="para">unt/per year)</div></box><box><div coordinates="3216,2793,485,419" index="6" style="position:fixed;left:48.719890925617335%;top:54.764705882352935%;height:8.215686274509803%;width:7.3473716103620665%;" type="para">Basis Points
3.0
2.5
2.0</div></box><box><div coordinates="2875,2847,121,121" index="7" style="position:fixed;left:43.55400696864111%;top:55.8235294117647%;height:2.372549019607843%;width:1.8330555976367218%;" type="para" /></box><box><div coordinates="702,3229,1214,355" index="8" style="position:fixed;left:10.634752310256022%;top:63.313725490196084%;height:6.96078431372549%;width:18.391152855627936%;" type="para">First $500 million in non-USD assets
Next $300 million in non-USD assets
Excess thereafter</div></box><box><div coordinates="3208,3267,202,316" index="9" style="position:fixed;left:48.59869716709589%;top:64.05882352941177%;height:6.196078431372549%;width:3.0601424026662625%;" type="para" /></box><box><div coordinates="636,3598,3949,432" index="10" style="position:fixed;left:9.634903802454174%;top:70.54901960784314%;height:8.470588235294118%;width:59.82426905014392%;" type="para">Minimum Charge (per account/per month)</div></box><box><div coordinates="669,4033,3755,540" index="11" style="position:fixed;left:10.134828056355099%;top:79.07843137254902%;height:10.588235294117647%;width:56.885320405999096%;" type="para">A billing for the recovery of other reimbursable expenses, fees, and charges incurred on behalf of the Company, as
applicable, will be made as of the end of each month. Unless indicated otherwise, the Company's share of such
expenses, fees and charges will be based upon actual usage of a service or an allocated charge for the use of the
service for the benefit of the Company, New or increased fees imposed upon State Street beyond State Street&#8217;s

control will be passed through to the Company.</div></box><box><div coordinates="672,4581,1151,263" index="12" style="position:fixed;left:10.180275715800637%;top:89.8235294117647%;height:5.156862745098039%;width:17.436752007271625%;" type="para">The Company will reimburse State
but not limited to the following:</div></box><box><div coordinates="1825,4600,144,154" index="13" style="position:fixed;left:27.647326162702623%;top:90.19607843137256%;height:3.019607843137255%;width:2.1814876533858505%;" type="para">Stre</div></box><box><div coordinates="2868,4600,1469,187" index="14" style="position:fixed;left:43.44796242993486%;top:90.19607843137256%;height:3.6666666666666665%;width:22.254203908498713%;" type="para">tate Street on the Company's behalt including</div></box><box><div coordinates="1995,4615,464,141" index="15" style="position:fixed;left:30.22269353128314%;top:90.49019607843137%;height:2.764705882352941%;width:7.029237994243297%;" type="para">1 for expenses</div></box><box><div coordinates="2520,4612,167,136" index="16" style="position:fixed;left:38.17603393425239%;top:90.43137254901961%;height:2.666666666666667%;width:2.5299197091349797%;" type="para">CHire!</div></box><box><div coordinates="825,4840,232,159" index="17" style="position:fixed;left:12.498106347523102%;top:94.90196078431372%;height:3.1176470588235294%;width:3.5146189971216484%;" type="para">NONE</div></box><box><div coordinates="654,4861,133,135" index="18" style="position:fixed;left:9.907589759127406%;top:95.31372549019608%;height:2.6470588235294117%;width:2.014846235418876%;" type="para" /></box><box><div coordinates="591,5188,3971,514" index="19" style="position:fixed;left:8.953188910771095%;top:101.72549019607844%;height:10.07843137254902%;width:60.15755188607786%;" type="para">Ter

ee
ER

AE}

  

Should the Company engage with State Street's Securitie
negotiated prior to time of investment.

F

177
&#8212; a

nance division, there will be revenue split to be</div></box><box><div coordinates="2271,5461,376,159" index="20" style="position:fixed;left:34.403878200272686%;top:107.07843137254902%;height:3.1176470588235294%;width:5.696106650507499%;" type="para">Securities</div></box><box><div coordinates="2655,5477,248,147" index="21" style="position:fixed;left:40.221178609301624%;top:107.3921568627451%;height:2.8823529411764706%;width:3.7570065141645204%;" type="para">Finance</div></box><box><div coordinates="4006,5476,397,166" index="22" style="position:fixed;left:60.687774579609155%;top:107.37254901960785%;height:3.2549019607843137%;width:6.014240266626269%;" type="para">split to be</div></box><box><div coordinates="645,5710,3728,295" index="23" style="position:fixed;left:9.77124678079079%;top:111.9607843137255%;height:5.784313725490196%;width:56.476291470989246%;" type="para">This fee schedule is provided by State Street upon the assumptions, and information provided by the Company,
including, but not limited to, the expectation that the total combined number of accounts and assets under custody</div></box><box><div coordinates="663,5995,364,151" index="24" style="position:fixed;left:10.04393273746402%;top:117.54901960784314%;height:2.9607843137254903%;width:5.514316012725344%;" type="para">State Street</div></box><box><div coordinates="1047,5992,442,160" index="25" style="position:fixed;left:15.861233146492957%;top:117.49019607843137%;height:3.1372549019607843%;width:6.695955158309347%;" type="para">Confidential</div></box><box><div coordinates="2139,5998,122,163" index="26" style="position:fixed;left:32.40418118466899%;top:117.6078431372549%;height:3.1960784313725488%;width:1.8482048174519012%;" type="para">Pa</div></box><box><div coordinates="2271,6022,121,121" index="27" style="position:fixed;left:34.403878200272686%;top:118.078431372549%;height:2.372549019607843%;width:1.8330555976367218%;" type="para">ae 2</div></box></Blocks></page><page num="3" src="img/Bi2i_0976/Bi2i_0976-02.jpg" txt_src="img/Bi2i_0976/Bi2i_0976-02.txt"><Blocks><box><div coordinates="756,762,1534,262" index="0" style="position:fixed;left:11.452810180275716%;top:14.941176470588236%;height:5.137254901960785%;width:23.23890319648538%;" type="para">shall be 1 with approximately $37 million in as
the parties hereto agree to negotiate a revised fe</div></box><box><div coordinates="2304,771,308,256" index="1" style="position:fixed;left:34.90380245417361%;top:15.11764705882353%;height:5.019607843137255%;width:4.665959703075292%;" type="para">sets under
schedule</div></box><box><div coordinates="2661,774,425,258" index="2" style="position:fixed;left:40.312073928192696%;top:15.176470588235293%;height:5.0588235294117645%;width:6.438418421451295%;" type="para">ustody. In th
good faith.</div></box><box><div coordinates="3129,780,451,163" index="3" style="position:fixed;left:47.40190880169671%;top:15.294117647058824%;height:3.1960784313725488%;width:6.832298136645963%;" type="para">event that thes</div></box><box><div coordinates="4006,804,301,127" index="4" style="position:fixed;left:60.687774579609155%;top:15.764705882352942%;height:2.4901960784313726%;width:4.559915164369035%;" type="para">S ae not</div></box><box><div coordinates="3793,843,121,121" index="5" style="position:fixed;left:57.46099075897592%;top:16.52941176470588%;height:2.372549019607843%;width:1.8330555976367218%;" type="para" /></box><box><div coordinates="735,1038,1433,367" index="6" style="position:fixed;left:11.134676564156946%;top:20.352941176470587%;height:7.196078431372549%;width:21.70883199515225%;" type="para">The 3-year term of this Fee Schedule shall
Schedule will automatically renew for succe
either party as set forth in the Agreements.</div></box><box><div coordinates="2199,1048,728,273" index="7" style="position:fixed;left:33.313134373579764%;top:20.54901960784314%;height:5.352941176470588%;width:11.028632025450689%;" type="para">ommence August 1, 20
sive 1-year terms unles</div></box><box><div coordinates="2985,1053,496,262" index="8" style="position:fixed;left:45.22042114831086%;top:20.647058823529413%;height:5.137254901960785%;width:7.514013028329041%;" type="para">extending thro
written notice &#162;</div></box><box><div coordinates="3574,1059,319,256" index="9" style="position:fixed;left:54.143311619451595%;top:20.764705882352942%;height:5.019607843137255%;width:4.832601121042266%;" type="para">August |
on-renew:</div></box><box><div coordinates="3988,1062,406,259" index="10" style="position:fixed;left:60.41508862293592%;top:20.823529411764703%;height:5.078431372549019%;width:6.150583244962885%;" type="para">01&gt; This Fe
s delivered b</div></box><box><div coordinates="723,1407,3710,355" index="11" style="position:fixed;left:10.952885926374792%;top:27.588235294117645%;height:6.96078431372549%;width:56.20360551431601%;" type="para">The fees and charges herein are based upon. among other things, existing (a) service elections and (b) market and
regulatory conditions, and State Street reserves its right to amend its fees and charges herein in the event-of changes
to the existing service elections and market and regulatory conditions.</div></box><box><div coordinates="648,1771,3968,1581" index="12" style="position:fixed;left:9.816694440236327%;top:34.72549019607843%;height:31.0%;width:60.112104226632326%;" type="para">The above fees will be charged against Company's DDA account 15 days after the invoice is mailed to Company's
offices. Any fees or reimbursable expenses not paid within 30 days of the date of the original invoice will be
charged a late payment fee of 1% per month until payment of the fees are received by State Street's Finance
Department.,

 

This fee schedule is the confidential information of the parties and shall not be disclosed to any third party without
the prior written consent of the other parties.

 

This fee schedule shall become effective upon the commencement of the provision of the Services and shall remain in
effect for three (3) years and from year to year thereafler, until it is revised as a result of negotiations initiated by
either party.</div></box><box><div coordinates="2712,2487,200,157" index="13" style="position:fixed;left:41.08468413876685%;top:48.76470588235294%;height:3.0784313725490198%;width:3.0298439630359035%;" type="para">and</div></box><box><div coordinates="3684,2502,752,172" index="14" style="position:fixed;left:55.809725799121345%;top:49.05882352941177%;height:3.3725490196078427%;width:11.392213301014998%;" type="para">any third party without</div></box><box><div coordinates="768,3450,1475,641" index="15" style="position:fixed;left:11.634600818057871%;top:67.64705882352942%;height:12.56862745098039%;width:22.345099227389788%;" type="para">STATE STREET TRUST COMPANY

 

MAMIE! Robert G. Novellano
TITLE: Senjor Vice President and Trust Office

DATE: _ Aut gen. it</div></box><box><div coordinates="816,3654,121,139" index="16" style="position:fixed;left:12.361763369186487%;top:71.6470588235294%;height:2.7254901960784315%;width:1.8330555976367218%;" type="para">BY:</div></box><box><div coordinates="765,3832,286,237" index="17" style="position:fixed;left:11.58915315861233%;top:75.13725490196079%;height:4.647058823529412%;width:4.332676867141342%;" type="para">TITLE: &#167;
DATE;</div></box><box><div coordinates="744,4278,1889,629" index="18" style="position:fixed;left:11.271019542493562%;top:83.88235294117648%;height:12.333333333333334%;width:28.616876230874112%;" type="para">PARK DISTRICT RISIC MANAGEMENT AGENCY

By: Ad trp pnd ~
NAMED &#8220;ta rd ha H, Cagle mae her
TEILE: ' (pd

Dare: ph gata d Finamds oF Prograns</div></box><box><div coordinates="744,5998,358,154" index="19" style="position:fixed;left:11.271019542493562%;top:117.6078431372549%;height:3.019607843137255%;width:5.4234206938342675%;" type="para">tate Street (</div></box><box><div coordinates="1110,6002,319,153" index="20" style="position:fixed;left:16.815633994849264%;top:117.68627450980391%;height:3.0%;width:4.832601121042266%;" type="para">onfidentia</div></box><box><div coordinates="2160,6007,146,156" index="21" style="position:fixed;left:32.722314800787764%;top:117.7843137254902%;height:3.058823529411765%;width:2.2117860930162094%;" type="para">Pa:</div></box></Blocks></page><page num="4" src="img/Bi2i_0976/Bi2i_0976-03.jpg" txt_src="img/Bi2i_0976/Bi2i_0976-03.txt"><Blocks><box><div coordinates="1665,901,1829,291" index="0" style="position:fixed;left:25.2234509922739%;top:17.666666666666668%;height:5.705882352941177%;width:27.70792304196334%;" type="para">APPENDIX 1
TRANSACTION PROCESSING FEES PER TRADE!</div></box><box><div coordinates="756,1200,1424,187" index="1" style="position:fixed;left:11.452810180275716%;top:23.52941176470588%;height:3.6666666666666665%;width:21.572489016815634%;" type="para">State Street Repurchase Agreements (Repo)</div></box><box><div coordinates="3537,1215,443,166" index="2" style="position:fixed;left:53.58279048628995%;top:23.823529411764703%;height:3.2549019607843137%;width:6.711104378124527%;" type="para">No Charge</div></box><box><div coordinates="714,1390,2534,1218" index="3" style="position:fixed;left:10.816542948038176%;top:27.254901960784313%;height:23.88235294117647%;width:38.3881230116649%;" type="para">DTC or Fed Book Entry *

DTC or Fed Book Entry (Manual)

Mortgage Backed Securities Principal and Income Paydowns
Physical Settlements

State Street/SSgA Mutual Funds

Neon State Street Mutual Funds

Wire Transfers In and Out

Third Party Foreign Exchange *

Foreign Exchange through State Street Global Markets
Complex Instruments

Exchange Traded Derivatives (Options, Futures Trades, etc.)
Over-the-Counter (&#8220;OTC&#8221;) Traded Derivatives (Options, Futures Trades, etc.)</div></box><box><div coordinates="3499,1413,478,1189" index="4" style="position:fixed;left:53.00712013331314%;top:27.705882352941174%;height:23.313725490196077%;width:7.241327071655809%;" type="para">No Charge
No Charge
No Charge
No Charge
No Charge
No Charge
No Charge
No Charge
No Charge '
$ 65.00
$25.00
$ 64.00</div></box><box><div coordinates="691,2605,3766,1564" index="5" style="position:fixed;left:10.468110892289047%;top:51.07843137254902%;height:30.666666666666664%;width:57.05196182396607%;" type="para">Bilateral processing rates per holding charge (per month, per position, per See Appendices 3 and 4

Fund
~ Low Complexity $64.00
- High Complexity $ 96.00
All Other Trades $25.00

Centrally cleared processing rates See Appendix $
* These fees and charges assume automated trade instruction/information defivery in an electronic format,

' &#8220;The Transaction Processing Fees are per trade processing fees charged for processing the settlement of
transactions by State Street on behalf of its clients in connection with the provision of custody services under the
Custody Agreement. These Transaction Processing Fees, unless otherwise waived, apply whether the client or its
third party investment managers entered into such transactions with or through State Street or one of its affiliates
or a third party dealer or broker. The processing fees are in addition to, and are not to be construed as payments in
lieu of, any compensation (as described below) that may be earned by State Street or any of its affiliates or by a

third party dealer or broker in connection with such transaction,</div></box><box><div coordinates="735,4168,3704,1279" index="6" style="position:fixed;left:11.134676564156946%;top:81.72549019607843%;height:25.07843137254902%;width:56.11271019542493%;" type="para">State Street Global Markets, which is separate from the division of State Street that provides custody services,
offers principal or &#8220;dealer&#8221; trading services as well as agency execution services (which include its proprietary
electronic trading platforms) in a variety of asset classes. The custody client or its third party fiduciary investment
managers may select State Street Global Markets to effect principal or agency transactions; however, any such
services, irrespective of whether trade orders are transmitted through State Street's custody or trustee operations,
are conducted under contractual or other arrangements that are distinct from its services and obligations under its
custody agreement. When State Street or State Street Global Markets act as a counterparty (e.g., foreign
exchange, over the counter derivatives, repurchase transactions) to the custody client, such transactions are
principal transactions and State Street or State Street Global Markets enter into them as a dealer and not in a
fiduciary, agency or similar capacity (regardless of any other relationships between State Street and the custody
~ client under its custody agreement). In connection with such trading or agency execution services, State Street
Global Markets may receive compensation from the custody client In a variety of forms, including a commission,
click fee, revenue share, spread, mark-up, mark-down, interest, fee or similar amount..</div></box><box><div coordinates="675,6001,842,169" index="7" style="position:fixed;left:10.225723375246174%;top:117.66666666666667%;height:3.313725490196078%;width:12.755643084381155%;" type="para">State Street Confidential</div></box><box><div coordinates="2164,6016,454,162" index="8" style="position:fixed;left:32.78291168004848%;top:117.9607843137255%;height:3.176470588235294%;width:6.877745796091501%;" type="para">Page 4 of 9</div></box></Blocks></page><page num="5" src="img/Bi2i_0976/Bi2i_0976-04.jpg" txt_src="img/Bi2i_0976/Bi2i_0976-04.txt"><Blocks><box><div coordinates="1401,537,1531,262" index="0" style="position:fixed;left:21.224056961066506%;top:10.529411764705882%;height:5.137254901960785%;width:23.193455537039842%;" type="para">APPENDIX 2
FOREIGN CUSTODY - COUNTRY BASED FEES</div></box><box><div coordinates="313,808,4021,4167" index="1" style="position:fixed;left:4.7417058021511895%;top:15.84313725490196%;height:81.70588235294117%;width:60.91501287683684%;" type="para">The Asset Charge is based upon the market value of securities held based on custody location as of the end of the billing
period on a monthly basis calculated at the annualized rates set forth below. The Transaction Charge is a per trade
processing fee charged for processing the settlement of transactions by State Street on behalf of the Client in connection with
the provision of custody services under the Custody Agreement. Any country not listed below will be negotiated and agreed

upon prior to investment, |
MARKET ASSET | TRANSACTION
CHARGE CHARGE
| Basis Points

   

MARKET | ASSET | TRANSACTION
CHARGE CHARGE
Basis Points a

   

  

 

Argentina 20.0 $75 Lithuania 20.0 $50
Australia 2.0 $20 Malaysia 10.0 $50
Austria 4.0 $30 Mali 50.0 $150
Bahrain 35.0 $150 Mauritius 25.0 $125
Bangiadesh 45.0 $160 Mexico 4.0 $40
Belgium 3.0 330 Morocco 30.0 $125
Benin 50.0 $150 Namibia 30.0 $125
Bermuda 15.0 $90 Netherlands 3.0 $25
Botswana 25.0 $125 New Zealand 2.0 $20
Brazil 15.0 $65 Niger 50.0 $150
Bulgaria 30.0 $100 Nigeria 40.0 $30
Burkina Fasco 50.0 $150 Norway 4.0 $50
Canada 2.0 $20 Oman &#169; 50.0 $150
Cayman Island 30.0 $75 Pakistan 30.0 $150
Cedel\Clearstream 3.0 $25 Palestine 50.0 $150
Chile 20.0 $125 Panama 30.0 $125
China 15.0 $125 Peru 35.0 $125
Colombia 30.0 $125 Philippines 10.0 $30 .
Costa Rica 30.0 $75 Poland 10.0 $125
Croatia 30.0 $100 Portugal 10.0: $100
Cyprus 40.0 $125 Puerto Rico 10.0 $100
Czech Republic 15.0 $75 Qatar 30.0 $150
Denmark . 30 | $30 ... _} Romania . fo. 400 $00 |
Ecuador | 20.0 $100 Russia oo 20.0 | $200
Egypt 20.0 $100 Senegal 50.0 $150
Estonia 40.0 - $50 Singapore 10.0 $50
Euroclear 3.0 $25 Stovak Republic 30.0 $90
Finland 3.0 $30 Siovenia 30.0 $105
France 2.0 $20 South Africa 5.0 $25
Germany 2,0 $20 South Korea 8.0 $50
Ghana 30.0 $100 Spain 8.0 $50
Greece 10.0 $75 Sri Lanka 20.0 $100
Guinea-Bissau . 50.0 $150 Swaziland 30.0 $200
Hong Kong {0.0 $50 Sweden 3.0 $30

Hungary 40.0 $125 Switzerland 3.0 $25</div></box><box><div coordinates="291,1617,775,3338" index="2" style="position:fixed;left:4.408422966217239%;top:31.705882352941178%;height:65.45098039215686%;width:11.740645356764126%;" type="para">Argentina
Australia
Austria
Bahrain
Bangiadesh
Belgium

Benin

Bermuda
Botswana

Brazil

Bulgaria
Burkina Fasco
Canada

Cayman Island
Cedel\Clearstream
Chile

China

Colombia

Costa Rica
Croatia

Cyprus

Czech Republic
Denmark .
Ecuador

Egypt

Estonia
Euroclear
Finland

France
Germany

Ghana

Greece
Guinea-Bissau .
Hong Kong
Hungary</div></box><box><div coordinates="3325,2067,121,124" index="3" style="position:fixed;left:50.37115588547189%;top:40.529411764705884%;height:2.431372549019608%;width:1.8330555976367218%;" type="para" /></box><box><div coordinates="951,2398,124,285" index="4" style="position:fixed;left:14.406908044235722%;top:47.01960784313726%;height:5.588235294117648%;width:1.8785032570822602%;" type="para" /></box><box><div coordinates="3318,2467,122,129" index="5" style="position:fixed;left:50.26511134676564%;top:48.37254901960784%;height:2.5294117647058822%;width:1.8482048174519012%;" type="para" /></box><box><div coordinates="2793,2556,125,259" index="6" style="position:fixed;left:42.3117709437964%;top:50.117647058823536%;height:5.078431372549019%;width:1.8936524768974399%;" type="para" /></box><box><div coordinates="3309,2656,128,634" index="7" style="position:fixed;left:50.12876836842902%;top:52.07843137254902%;height:12.431372549019608%;width:1.9391001363429785%;" type="para" /></box><box><div coordinates="2787,3040,122,156" index="8" style="position:fixed;left:42.22087562490532%;top:59.6078431372549%;height:3.058823529411765%;width:1.8482048174519012%;" type="para" /></box><box><div coordinates="933,3124,127,615" index="9" style="position:fixed;left:14.13422208756249%;top:61.254901960784316%;height:12.058823529411764%;width:1.9239509165277988%;" type="para" /></box><box><div coordinates="1497,3301,121,132" index="10" style="position:fixed;left:22.67838206332374%;top:64.72549019607843%;height:2.588235294117647%;width:1.8330555976367218%;" type="para" /></box><box><div coordinates="3306,3307,122,211" index="11" style="position:fixed;left:50.08332070898349%;top:64.84313725490196%;height:4.137254901960785%;width:1.8482048174519012%;" type="para" /></box><box><div coordinates="2784,3316,122,126" index="12" style="position:fixed;left:42.175427965459775%;top:65.01960784313725%;height:2.4705882352941173%;width:1.8482048174519012%;" type="para" /></box><box><div coordinates="2781,3469,122,123" index="13" style="position:fixed;left:42.12998030601424%;top:68.01960784313725%;height:2.411764705882353%;width:1.8482048174519012%;" type="para" /></box><box><div coordinates="1476,3508,139,1345" index="14" style="position:fixed;left:22.36024844720497%;top:68.7843137254902%;height:26.372549019607845%;width:2.105741554309953%;" type="para" /></box><box><div coordinates="3303,3559,122,181" index="15" style="position:fixed;left:50.03787304953795%;top:69.7843137254902%;height:3.5490196078431375%;width:1.8482048174519012%;" type="para" /></box><box><div coordinates="2781,3624,121,146" index="16" style="position:fixed;left:42.12998030601424%;top:71.05882352941177%;height:2.8627450980392157%;width:1.8330555976367218%;" type="para" /></box><box><div coordinates="3300,3766,122,205" index="17" style="position:fixed;left:49.99242539009241%;top:73.84313725490196%;height:4.019607843137255%;width:1.8482048174519012%;" type="para" /></box><box><div coordinates="924,3781,130,648" index="18" style="position:fixed;left:13.997879109225874%;top:74.13725490196079%;height:12.705882352941176%;width:1.9693985759733375%;" type="para" /></box><box><div coordinates="3294,4003,125,439" index="19" style="position:fixed;left:49.901530071201336%;top:78.49019607843137%;height:8.607843137254902%;width:1.8936524768974399%;" type="para" /></box><box><div coordinates="2763,4597,125,369" index="20" style="position:fixed;left:41.857294349341004%;top:90.13725490196079%;height:7.235294117647059%;width:1.8936524768974399%;" type="para" /></box><box><div coordinates="918,4624,121,153" index="21" style="position:fixed;left:13.906983790334799%;top:90.66666666666666%;height:3.0%;width:1.8330555976367218%;" type="para" /></box><box><div coordinates="915,4792,121,165" index="22" style="position:fixed;left:13.86153613088926%;top:93.96078431372548%;height:3.2352941176470593%;width:1.8330555976367218%;" type="para" /></box><box><div coordinates="3285,4831,122,124" index="23" style="position:fixed;left:49.765187092864714%;top:94.72549019607843%;height:2.431372549019608%;width:1.8482048174519012%;" type="para" /></box><box><div coordinates="300,5989,802,169" index="24" style="position:fixed;left:4.5447659445538555%;top:117.43137254901961%;height:3.313725490196078%;width:12.149674291773973%;" type="para">State Street Confidential</div></box><box><div coordinates="1755,5998,452,169" index="25" style="position:fixed;left:26.586880775640054%;top:117.6078431372549%;height:3.313725490196078%;width:6.847447356461142%;" type="para">Page S of 9</div></box></Blocks></page><page num="6" src="img/Bi2i_0976/Bi2i_0976-05.jpg" txt_src="img/Bi2i_0976/Bi2i_0976-05.txt"><Blocks><box><div coordinates="1581,726,1528,262" index="0" style="position:fixed;left:23.950916527798817%;top:14.23529411764706%;height:5.137254901960785%;width:23.148007877594303%;" type="para">APPENDIX 2 (CONTINUED)
FOREIGN CUSTODY &#171; COUNTRY BASED FEES</div></box><box><div coordinates="289,1062,3847,1904" index="1" style="position:fixed;left:4.378124526586881%;top:20.823529411764703%;height:37.333333333333336%;width:58.27904862899561%;" type="para">MARKET

India
indonesia

Ireland
israel

[taly

Ivory Coast
Jamaica

Japan-Mizuho
Jordan
Kazakhstan
Kenya

Latvia
Lebanon

iC &#8212;&#8212;&#8212;

ASSET
CHARGE

(Basis Points,

30.0
20.0
10.0

5.0
15.0
3.0
50.0
40.0

2.0
30.0
40.0
30.0
50.0

300

TRANSACTION
CHARGE

$50
$125
$80

$50
$70
$30
$150
$125

$20
$135
$135
$125
$55

$100

 

MARKET

&#8220;Taiwan
Thailand
Togo
Trinidad &amp;
Tobago
Tunisia
Turkey
Uganda
Ukraine
United Arab
Emirates

-United Kingdom

Uruguay

. Venezuela
i Vietnam
: Zambia

ASSET
CHARGE
(Basis Points) |

50.0

50.00
35.0
50.0

TRANSACTION
CHARGE

$75
$50
$150

$100
$125
$75

$150
$290

$150
$20
$125
$125
$150</div></box><box><div coordinates="348,1738,452,537" index="2" style="position:fixed;left:5.271928495682472%;top:34.07843137254902%;height:10.529411764705882%;width:6.847447356461142%;" type="para">Ireland
israel

[taly

Ivory Coast
Jamaica</div></box><box><div coordinates="1191,1743,241,526" index="3" style="position:fixed;left:18.042720799878804%;top:34.17647058823529%;height:10.313725490196077%;width:3.650961975458264%;" type="para">5.0

15.0

3.0
50.0
40.0</div></box><box><div coordinates="1794,1746,260,538" index="4" style="position:fixed;left:27.177700348432055%;top:34.23529411764706%;height:10.549019607843137%;width:3.938797151946675%;" type="para">$50
$70
$30
$150
$125</div></box><box><div coordinates="975,1756,124,210" index="5" style="position:fixed;left:14.770489319800031%;top:34.431372549019606%;height:4.117647058823529%;width:1.8785032570822602%;" type="para" /></box><box><div coordinates="1524,2214,122,124" index="6" style="position:fixed;left:23.087410998333585%;top:43.411764705882355%;height:2.431372549019608%;width:1.8482048174519012%;" type="para" /></box><box><div coordinates="960,2656,121,123" index="7" style="position:fixed;left:14.543251022572337%;top:52.07843137254902%;height:2.411764705882353%;width:1.8330555976367218%;" type="para" /></box><box><div coordinates="306,5986,811,166" index="8" style="position:fixed;left:4.635661263444932%;top:117.37254901960785%;height:3.2549019607843137%;width:12.28601727011059%;" type="para">State Street Confidential</div></box><box><div coordinates="1767,5992,452,184" index="9" style="position:fixed;left:26.768671413422208%;top:117.49019607843137%;height:3.607843137254902%;width:6.847447356461142%;" type="para">Page 6 of 9</div></box></Blocks></page><page num="7" src="img/Bi2i_0976/Bi2i_0976-06.jpg" txt_src="img/Bi2i_0976/Bi2i_0976-06.txt"><Blocks><box><div coordinates="2086,813,489,181" index="0" style="position:fixed;left:31.601272534464474%;top:15.941176470588236%;height:3.5490196078431375%;width:7.407968489622785%;" type="para">Appendix 3</div></box><box><div coordinates="1755,990,1142,174" index="1" style="position:fixed;left:26.586880775640054%;top:19.411764705882355%;height:3.4117647058823533%;width:17.30040902893501%;" type="para">BILATERAL PROCESSING RATES</div></box><box><div coordinates="339,1194,862,172" index="2" style="position:fixed;left:5.135585517345857%;top:23.411764705882355%;height:3.3725490196078427%;width:13.058627480684745%;" type="para">Basic Standard Services:</div></box><box><div coordinates="270,1368,4184,3749" index="3" style="position:fixed;left:4.0902893500984705%;top:26.823529411764707%;height:73.50980392156863%;width:63.384335706711106%;" type="para">pene [EE Tu

Services Included Charge |

~ Trade processing (new trades] &#187; Charge per event
novations and terminations), per position per
and Fund

&#187; Payment Services (settlement
of upfront and periodic

payments)

&#187; Pricing, and |

~ Corporate action and event
monitoring

ateg or,

&#187; Number of transactions
(low compiexity
instruments)
~ Number of transactions
(high complexity
instruments)
# Number of positions (low
complexity instruments)

&#187; Number of positions (high
| ___complexity instruments)
Value Added Services:

ransaction Management &#187; Manual trade capture &gt; oy posHion captured or $20

&#187; Notification

~ Independent valuation
+ Multiple source validation
&#187; Valuation reconciliation

Reconciliation #&#187; Trade reconciliation

&#187; Document collection
&#187; Scan and store documents
&#187; Provide document access

&#187; Non-standard reporting &#8221; Monthly charge per customized report
&#187; Annual fee per agreement

&#187; CS ackine
7 A term iy BE . &#187; Annual fee on COM
~ Collateral call execution

&#187; Per transaction $30

| 7 Risk management | &#187; Annual charge per fund $1. SK-$19K
~ Performance &amp; Analytics

&#187; Annual charge per fund 3 IK-$3K

        
    
  
 
   

      
    
   
    
    

       
  
   
  
   
   
   

   
  
   
   

    
   
 

&#187; Monthly charge per
position per Fund

  
   

    
  

   
  

 
  
  
  
  

&#187; Monthly charge per #located position

&#8221; Monthly charge per allocated position &#8212;

&#187; Monthly charge per allocated position

 

      
     

    

 

Document Management

   
  
 
 
 

   
 
 

  
  

  
  

 

oilateral Adequacy Testing

Additional Services</div></box><box><div coordinates="321,1368,715,439" index="4" style="position:fixed;left:4.862899560672625%;top:26.823529411764707%;height:8.607843137254902%;width:10.831692167853356%;" type="para">ransaction Charge</div></box><box><div coordinates="315,1921,121,138" index="5" style="position:fixed;left:4.7720042417815485%;top:37.666666666666664%;height:2.705882352941176%;width:1.8330555976367218%;" type="para" /></box><box><div coordinates="294,5989,814,168" index="6" style="position:fixed;left:4.453870625662779%;top:117.43137254901961%;height:3.294117647058824%;width:12.331464929556128%;" type="para">State Street Confidential</div></box><box><div coordinates="1758,5995,454,168" index="7" style="position:fixed;left:26.632328435085594%;top:117.54901960784314%;height:3.294117647058824%;width:6.877745796091501%;" type="para">Page 7 of 9</div></box></Blocks></page><page num="8" src="img/Bi2i_0976/Bi2i_0976-07.jpg" txt_src="img/Bi2i_0976/Bi2i_0976-07.txt"><Blocks><box><div coordinates="2056,744,540,187" index="0" style="position:fixed;left:31.146795940009092%;top:14.588235294117647%;height:3.6666666666666665%;width:8.180578700196941%;" type="para">APPENDIX 4</div></box><box><div coordinates="1125,939,2383,184" index="1" style="position:fixed;left:17.042872292076957%;top:18.41176470588235%;height:3.607843137254902%;width:36.100590819572794%;" type="para">CATEGORIZATION EXAMPLES OF HIGH AND LOW COMPLEXITY</div></box><box><div coordinates="342,1210,1045,1008" index="2" style="position:fixed;left:5.181033176791396%;top:23.72549019607843%;height:19.76470588235294%;width:15.830934706862596%;" type="para">Low Complexity;

&#187;

Interest Rate Swaps (IRS)

x
N
i
a
a
a

Amortizing
Canceiable
Vanilla

Zero Coupon
OIS

FRA

IR Option</div></box><box><div coordinates="2311,1218,1351,1470" index="3" style="position:fixed;left:35.009846992879865%;top:23.88235294117647%;height:28.823529411764703%;width:20.46659597030753%;" type="para">High Complexity:

~ Interest Rate Swaps (IRS)

Swaption

Inflation

Inflation Zero Coupon
Cross Currency
NDF

NDF Coupon
Balance Guaranteed
CMM FRA

Spread Lock

Basis

Bullet Pay</div></box><box><div coordinates="321,2674,1108,169" index="4" style="position:fixed;left:4.862899560672625%;top:52.431372549019606%;height:3.313725490196078%;width:16.785335555218907%;" type="para">&#187; Credit Default Swaps (CDS)</div></box><box><div coordinates="2304,2683,1769,182" index="5" style="position:fixed;left:34.90380245417361%;top:52.6078431372549%;height:3.568627450980392%;width:26.79896985305257%;" type="para">&gt; Cap, Floor, FX, and Credit Default Swaps (CDS)</div></box><box><div coordinates="855,2859,1198,259" index="6" style="position:fixed;left:12.952582941978488%;top:56.05882352941176%;height:5.078431372549019%;width:18.14876533858506%;" type="para">Single Name Corporate/Sovereigns
Index</div></box><box><div coordinates="2289,2866,913,988" index="7" style="position:fixed;left:34.676564156945915%;top:56.196078431372555%;height:19.372549019607842%;width:13.831237691258899%;" type="para">YOY N OW

* Basket

* Tranche

* ABS

&#171; (MBS

&#187; LCDS

+ CDO
Equity Derivative
Return Swap

Commodity Swap
CFD</div></box><box><div coordinates="714,2874,133,224" index="8" style="position:fixed;left:10.816542948038176%;top:56.35294117647058%;height:4.392156862745098%;width:2.014846235418876%;" type="para" /></box><box><div coordinates="294,5986,811,169" index="9" style="position:fixed;left:4.453870625662779%;top:117.37254901960785%;height:3.313725490196078%;width:12.28601727011059%;" type="para">State Street Confidential</div></box><box><div coordinates="1779,6001,431,160" index="10" style="position:fixed;left:26.95046205120436%;top:117.66666666666667%;height:3.1372549019607843%;width:6.529313740342372%;" type="para">Page 8 of 9</div></box></Blocks></page><page num="9" src="img/Bi2i_0976/Bi2i_0976-08.jpg" txt_src="img/Bi2i_0976/Bi2i_0976-08.txt"><Blocks><box><div coordinates="2104,723,480,181" index="0" style="position:fixed;left:31.873958491137707%;top:14.176470588235293%;height:3.5490196078431375%;width:7.271625511286168%;" type="para">APPENDIX 8</div></box><box><div coordinates="1698,909,1274,166" index="1" style="position:fixed;left:25.72337524617482%;top:17.823529411764703%;height:3.2549019607843137%;width:19.300106044538705%;" type="para">CENTRALLY CLEARED DERIVATIVES</div></box><box><div coordinates="849,1149,397,353" index="2" style="position:fixed;left:12.86168762308741%;top:22.52941176470588%;height:6.921568627450981%;width:6.014240266626269%;" type="para">Category</div></box><box><div coordinates="639,1167,3773,2948" index="3" style="position:fixed;left:9.680351461899713%;top:22.88235294117647%;height:57.803921568627445%;width:57.15800636267232%;" type="para">STANDARD CLEARED DERIVATIVES SERVICES

Category Driver Services Included of of

Y Transaction

   
 

    
  
  

   
  

 
   
  
    
 
 
  

  
 
 
     

 
   
   
 
   
 
 
 
  

    
   
 

: &#8217; )
Transaction Number of processed (e.g., trade Charge per
Charge Bu fonele capture, novations transaction per
transactions &#8217; allocated position

terminations)
&#187; Transaction

rocessed {e.g., trade
manual Pp ( &amp;. transaction per
capture, novations,

fransactions beried nach!
terminations) allocated position

&#187; Number of &gt; Settlement of upfront,
Crh Payments Sorter,

&#187; Monthly charge
per allocated
position

   
 
 

   
   
   

 
  
  
 
  
  

&#187; Number of &#187; Charge per

    

  
  
  
    
   
    
  

 
   
 
   
   
  

 

&#187; Calculation of
variation margin
&#187; Valuation from

  
   
    
   

  
  
   
  
 
 
 
  
  

   
 
  
 

  
   
  
 
 

   
  

&#187; Number of &#187; NOTE: For Funds
Maintenance allocated exchange and Futures with less than 10
Charge bes Commission &#163;09
positions Merchant (FCM) positions, a charge
&#187; Reconciliation witha | Of 8100 per Fuad
single FCM per Fund P d dup :

 
 

ADDITIONAL SERVICES

"Ch

  
  
   

&gt; Monthly charge
erFund

&gt; Monthly ci charge
per customized

_ report

&#167; A ;
&#187; Number of FCMs | } Per additional FCM

&#187; Non-standard
reporting

 
 
  

Additional FCMs
&#8212;___PerFund

Information
Delivery

  
   
 
  

  
 

   
  

&#187; Per request

     

Standard Rafes

$25

$50

$5.00

$48

Add&#8217;l Rates

&#187; $100

4 Al dP rrr Tt ATW

&#187; TBD by request

2&#187; OC

A 293% 2% 7%

AA mt tt</div></box><box><div coordinates="678,1207,124,345" index="4" style="position:fixed;left:10.271171034691713%;top:23.666666666666668%;height:6.764705882352941%;width:1.8785032570822602%;" type="para" /></box><box><div coordinates="4444,1272,121,166" index="5" style="position:fixed;left:67.32313285865777%;top:24.941176470588236%;height:3.2549019607843137%;width:1.8330555976367218%;" type="para" /></box><box><div coordinates="4438,1458,121,121" index="6" style="position:fixed;left:67.2322375397667%;top:28.58823529411765%;height:2.372549019607843%;width:1.8330555976367218%;" type="para" /></box><box><div coordinates="831,1551,452,274" index="7" style="position:fixed;left:12.589001666414179%;top:30.411764705882355%;height:5.372549019607844%;width:6.847447356461142%;" type="para">Transaction
Charge</div></box><box><div coordinates="669,1597,124,330" index="8" style="position:fixed;left:10.134828056355099%;top:31.313725490196077%;height:6.470588235294119%;width:1.8785032570822602%;" type="para" /></box><box><div coordinates="3832,1629,727,1033" index="9" style="position:fixed;left:58.05181033176792%;top:31.941176470588236%;height:20.254901960784313%;width:11.013482805635508%;" type="para">$25

$50

$5.00</div></box><box><div coordinates="4018,1620,216,166" index="10" style="position:fixed;left:60.86956521739131%;top:31.76470588235294%;height:3.2549019607843137%;width:3.272231480078776%;" type="para">$25</div></box><box><div coordinates="4015,1986,219,172" index="11" style="position:fixed;left:60.82411755794577%;top:38.94117647058823%;height:3.3725490196078427%;width:3.317679139524315%;" type="para">$50</div></box><box><div coordinates="654,2593,121,123" index="12" style="position:fixed;left:9.907589759127406%;top:50.84313725490196%;height:2.411764705882353%;width:1.8330555976367218%;" type="para" /></box><box><div coordinates="1287,2677,590,381" index="13" style="position:fixed;left:19.49704590213604%;top:52.490196078431374%;height:7.470588235294118%;width:8.938039690955915%;" type="para">&gt; Number of
allocated
positions</div></box><box><div coordinates="4423,2677,121,198" index="14" style="position:fixed;left:67.00499924253901%;top:52.490196078431374%;height:3.882352941176471%;width:1.8330555976367218%;" type="para" /></box><box><div coordinates="783,2734,493,262" index="15" style="position:fixed;left:11.861839115285564%;top:53.6078431372549%;height:5.137254901960785%;width:7.468565368883502%;" type="para">Maintenance
Charge</div></box><box><div coordinates="4003,2800,216,169" index="16" style="position:fixed;left:60.64232692016361%;top:54.90196078431373%;height:3.313725490196078%;width:3.272231480078776%;" type="para">$48</div></box><box><div coordinates="648,2878,121,123" index="17" style="position:fixed;left:9.816694440236327%;top:56.431372549019606%;height:2.411764705882353%;width:1.8330555976367218%;" type="para" /></box><box><div coordinates="1281,2887,121,234" index="18" style="position:fixed;left:19.406150583244962%;top:56.607843137254896%;height:4.588235294117647%;width:1.8330555976367218%;" type="para" /></box><box><div coordinates="4420,2881,121,243" index="19" style="position:fixed;left:66.95955158309347%;top:56.490196078431374%;height:4.764705882352941%;width:1.8330555976367218%;" type="para" /></box><box><div coordinates="645,3043,121,153" index="20" style="position:fixed;left:9.77124678079079%;top:59.66666666666667%;height:3.0%;width:1.8330555976367218%;" type="para" /></box><box><div coordinates="3868,3142,670,526" index="21" style="position:fixed;left:58.597182245114375%;top:61.6078431372549%;height:10.313725490196077%;width:10.149977276170278%;" type="para">Add&#8217;l Rates</div></box><box><div coordinates="1350,3600,695,172" index="22" style="position:fixed;left:20.451446750492348%;top:70.58823529411765%;height:3.3725490196078427%;width:10.528707771549765%;" type="para">&#187; Number of FCMs</div></box><box><div coordinates="3663,3612,407,172" index="23" style="position:fixed;left:55.49159218300258%;top:70.82352941176471%;height:3.3725490196078427%;width:6.165732464778064%;" type="para">&#187; $100</div></box><box><div coordinates="1347,3832,524,183" index="24" style="position:fixed;left:20.405999091046812%;top:75.13725490196079%;height:3.5882352941176467%;width:7.938191183154067%;" type="para">&#187; Per request</div></box><box><div coordinates="3660,3844,749,193" index="25" style="position:fixed;left:55.44614452355704%;top:75.37254901960785%;height:3.784313725490196%;width:11.346765641569458%;" type="para">&#187; TBD by request</div></box><box><div coordinates="3657,4026,758,539" index="26" style="position:fixed;left:55.400696864111495%;top:78.94117647058823%;height:10.568627450980392%;width:11.483108619906075%;" type="para">Assoc
&gt; $100 Sr Assoc
&#187; $140 Officer
AVP

VP</div></box><box><div coordinates="2094,4062,1394,445" index="27" style="position:fixed;left:31.722466292985914%;top:79.64705882352942%;height:8.72549019607843%;width:21.11801242236025%;" type="para">&#187; Dependent on level
of staff support
provided (as mutually } Hourly
agreed</div></box><box><div coordinates="696,4071,1268,431" index="28" style="position:fixed;left:10.543856991364944%;top:79.82352941176471%;height:8.450980392156863%;width:19.20921072564763%;" type="para">Consulting
Support for &#187; Per person per
Transition to hour

I
i
Central Clearing |</div></box><box><div coordinates="252,5980,856,171" index="29" style="position:fixed;left:3.8176033934252387%;top:117.25490196078432%;height:3.3529411764705883%;width:12.967732161793668%;" type="para">State Sireet Confidential</div></box><box><div coordinates="1759,5992,457,168" index="30" style="position:fixed;left:26.647477654900776%;top:117.49019607843137%;height:3.294117647058824%;width:6.92319345553704%;" type="para">Page 9 of 9</div></box></Blocks></page></doc>