<doc doi="Bi2i_1038" name="/prcanalyt/test-pra1/inventory_module/InputProcessing/81E/9FA/81E9FAD6C020B613C400607386C465D3DBC44BBE.pdf"><page num="1" src="img/Bi2i_1038/Bi2i_1038-00.jpg" txt_src="img/Bi2i_1038/Bi2i_1038-00.txt"><Blocks><box><div coordinates="0,0,5092,6601" index="0" style="position:fixed;left:0.0%;top:0.0%;height:129.63472113118618%;width:77.1398272988941%;" type="para">B ANK &amp; TRUST FT3N
FT4N

Eaton Vance Management

Belbrook - Fee Schedule
Effective date: July 20, 2006

 
 
 
 

   

CUSTODY, FUND ACCOUNTING &amp; TRANSFER AGENCY

    

e The following annual fees will apply to the entities listed below for which we are
custodian and fund accountant and provide transfer agency services outlined in the
custody and transfer agency agreement, between such fund and Investors Bank:

Belbrook Capital Fund LLC $ 80,000

Belbrook Realty Corp. $ 15,000

 

Bel brook

Domestic Custody Transactions

* Transaction fees (as applicable):

 

Per Transaction

DTC / Fed Book Entry $18.00
Physical Securities $30.00

Options &amp; Futures $18.00
Principal Paydown $5.00
Redemptions in Kind $18.00
Subscriptions in Kind $18.00

Wires &#8212; Incoming/outgoing $3.00/85.00

A. Out-of-Pockets and Other Expenses

&#187; Printing, Delivery and Postage e Transmissions / Extracts
&#171; Forms and Supplies &#187; Ad hoc Reporting -
&#187; Customized Statements

.&#8212;&#8212; &#8212; SE LES a mm&#8212; &#8212; A &#8212;_&#8212;&#8212;&#8212;&#8212; | TI &#8212; &#8212;&#8212; &#8212;&#8212;&#8212;&#8212; . &#8212;&#8212;&#8212;y + &#8212;&#8212;&#8212; 3 a SE A e&#8212; A &#8212;&#8212;&#8212;

Eaton Vance - Belbrook Investors Bank &amp; Trust
July 2006 CONFIDENTIAL

&#8212; &#8212; &#8212;&#8212;&#8212;

Exchange Fund Schedule 8</div></box><box><div coordinates="1104,186,212,167" index="1" style="position:fixed;left:16.72473867595819%;top:3.652788688138256%;height:3.2796543597800474%;width:3.2116346008180576%;" type="para" /></box><box><div coordinates="663,192,213,147" index="2" style="position:fixed;left:10.04393273746402%;top:3.7706205813040063%;height:2.8868813825608797%;width:3.2267838206332375%;" type="para" /></box><box><div coordinates="900,198,159,146" index="3" style="position:fixed;left:13.634297833661565%;top:3.8884524744697564%;height:2.8672427336999213%;width:2.4087259506135434%;" type="para" /></box><box><div coordinates="1453,203,123,153" index="4" style="position:fixed;left:22.01181639145584%;top:3.986645718774548%;height:3.0047132757266297%;width:1.8633540372670807%;" type="para">3 |</div></box><box><div coordinates="1695,495,1865,278" index="5" style="position:fixed;left:25.677927586729282%;top:9.721131186174391%;height:5.459544383346426%;width:28.253294955309798%;" type="para">Eaton Vance Management</div></box><box><div coordinates="1882,792,1478,341" index="6" style="position:fixed;left:28.510831692167855%;top:15.553809897879026%;height:6.696779261586802%;width:22.390546886835327%;" type="para">Belbrook - Fee Schedule
Effective date: July 20, 2006</div></box><box><div coordinates="776,1150,3636,417" index="7" style="position:fixed;left:11.755794576579307%;top:22.58444619010212%;height:8.189316575019639%;width:55.08256324799273%;" type="para">CUSTODY, FUND ACCOUNTING &amp; TRANSFER AGENCY</div></box><box><div coordinates="973,1641,3348,463" index="8" style="position:fixed;left:14.74019088016967%;top:32.227022780832684%;height:9.092694422623723%;width:50.71958794122102%;" type="para">The following annual fees will apply to the entities listed below for which we are
custodian and fund accountant and provide transfer agency services outlined in the
custody and transfer agency agreement, between such fund and Investors Bank:</div></box><box><div coordinates="1105,2098,1160,204" index="9" style="position:fixed;left:16.739887895773368%;top:41.201885310290656%;height:4.006284367635507%;width:17.573094985608243%;" type="para">Belbrook Capital Fund LLC</div></box><box><div coordinates="2963,2138,400,185" index="10" style="position:fixed;left:44.88713831237691%;top:41.98743126472898%;height:3.6331500392772975%;width:6.059687926071807%;" type="para">$ 80,000</div></box><box><div coordinates="1092,2349,933,214" index="11" style="position:fixed;left:16.542948038176032%;top:46.1311861743912%;height:4.20267085624509%;width:14.13422208756249%;" type="para">Belbrook Realty Corp.</div></box><box><div coordinates="2939,2388,434,180" index="12" style="position:fixed;left:44.523557036812605%;top:46.897093479968575%;height:3.5349567949725063%;width:6.574761399787911%;" type="para">$ 15,000</div></box><box><div coordinates="3610,2511,892,260" index="13" style="position:fixed;left:54.688683532798066%;top:49.312647289866455%;height:5.106048703849176%;width:13.51310407514013%;" type="para">Hel brook</div></box><box><div coordinates="2843,2620,121,121" index="14" style="position:fixed;left:43.06923193455537%;top:51.453260015710924%;height:2.376276512175962%;width:1.8330555976367218%;" type="para" /></box><box><div coordinates="777,2690,1391,226" index="15" style="position:fixed;left:11.770943796394485%;top:52.82796543597801%;height:4.43833464257659%;width:21.072564762914713%;" type="para">Domestic Custody Transactions</div></box><box><div coordinates="1075,2921,1282,218" index="16" style="position:fixed;left:16.285411301317982%;top:57.36449332285939%;height:4.281225451688924%;width:19.421299803060144%;" type="para">Transaction fees (as applicable):</div></box><box><div coordinates="917,2938,146,147" index="17" style="position:fixed;left:13.891834570519618%;top:57.69835035349568%;height:2.8868813825608797%;width:2.2117860930162094%;" type="para" /></box><box><div coordinates="2435,3091,740,1216" index="18" style="position:fixed;left:36.88835024996212%;top:60.70306362922231%;height:23.88059701492537%;width:11.210422663232844%;" type="para">Per Transaction
$18.00

$30.00

$18.00

$5.00

$18.00

$18.00
$3.00/$5.00</div></box><box><div coordinates="1053,3218,1142,1093" index="19" style="position:fixed;left:15.952128465384034%;top:63.19717203456402%;height:21.465043205027495%;width:17.30040902893501%;" type="para">DTC / Fed Book Entry
Physical Securities
Options &amp; Futures
Principal Paydown
Redemptions in Kind
Subscriptions in Kind
Wires &#8212; Incoming/outgoing</div></box><box><div coordinates="623,4405,3677,417" index="20" style="position:fixed;left:9.43796394485684%;top:86.5082482325216%;height:8.189316575019639%;width:55.70368126041508%;" type="para" /></box><box><div coordinates="689,4890,190,171" index="21" style="position:fixed;left:10.437812452658687%;top:96.03299293008641%;height:3.3582089552238807%;width:2.8783517648841084%;" type="para" /></box><box><div coordinates="966,4893,1564,224" index="22" style="position:fixed;left:14.634146341463413%;top:96.09190887666928%;height:4.399057344854674%;width:23.693379790940767%;" type="para">Out-of-Pockets and Other Expenses</div></box><box><div coordinates="958,5114,1419,417" index="23" style="position:fixed;left:14.51295258294198%;top:100.43205027494109%;height:8.189316575019639%;width:21.496742917739738%;" type="para">&#171; Printing, Delivery and Postage
&#171; Forms and Supplies
&#187; Customized Statements</div></box><box><div coordinates="2820,5152,1043,314" index="24" style="position:fixed;left:42.72079987880624%;top:101.1783189316575%;height:6.166535742340927%;width:15.800636267232237%;" type="para">Transmissions / Extracts
Ad hoc Reporting -</div></box><box><div coordinates="2672,5176,145,251" index="25" style="position:fixed;left:40.478715346159674%;top:101.64964650432051%;height:4.92930086410055%;width:2.1966368732010304%;" type="para" /></box><box><div coordinates="655,5690,849,260" index="26" style="position:fixed;left:9.922738978942585%;top:111.7439120188531%;height:5.106048703849176%;width:12.86168762308741%;" type="para">ra.

Eaton Vance - Belbrook
July 2006</div></box><box><div coordinates="3338,5747,838,274" index="27" style="position:fixed;left:50.56809574306923%;top:112.86331500392772%;height:5.3809897879025925%;width:12.695046205120436%;" type="para">Investors Bank &amp; &amp; Th Trust
CONFIDENTIAL</div></box></Blocks></page><page num="2" src="img/Bi2i_1038/Bi2i_1038-01.jpg" txt_src="img/Bi2i_1038/Bi2i_1038-01.txt"><Blocks><box><div coordinates="0,0,5092,6601" index="0" style="position:fixed;left:0.0%;top:0.0%;height:129.63472113118618%;width:77.1398272988941%;" type="para">v EE &#8212;&#8212;&#8212;

 

CL
BANK &amp; TRUST

B. Domestic Balance Credit
- We allow use of balance credit against fees (excluding out-of-pocket charges) for ~~
balances arising out of the custody relationship. The credit is based on collected
balances reduced by balances required to support the activity charges of the
accounts. The monthly earnings allowance is equal to 75% of the 90-day T-bill
rate.

C. Svstems

The details of any systems work will be determined after a thorough business
analysis. Systems work will be billed on a time and material basis. Investors Bank
provides an allowance of 10 systems hours for data extract set up and reporting
extract set up. Additional systems hours will be billed on a time and materials

basis.

NOTES

** This fee schedule is confidential information of the parties and shall not be disclosed
to any third party without prior written consent of both parties.

INVESTORS BANK &amp; TRUST COMPANY

By:
ee esse me &#8212;
Name:
i s&#8212;&#8212;&#8212;&#8212;&#8212;&#8212;&#8212; ge &#8212;&#8212;&#8212;&#8212;&#8212;&#8212;&#8212;&#8212;&#8212;
Title:
&#8212;&#8212;&#8212;&#8212; ee

Accepted and Approved By:

By:
&#8212;
Name:
- - eee
Title:
rm &#8212;&#8212;&#8212;&#8212;&#8212;&#8212;&#8212;&#8212;&#8212;&#8212; i &#8212; eee ccc

TE NN  &#8212; &#8212; &#8212; &#8212;&#8212; &#8212; &#8212;&#8212;&#8212; 2. S&#8212; 4 = Sh t&#8212; 8 &#8212; &#8212;&#8212;&#8212; $45 &amp; S&#8212;&#8212;&#8212; SE&#8212; + + a &#8212; &#8212;&#8212;

Investors Bank &amp; Trust
CONFIDENTIAL

&#8212;&#8212;&#8212;&#8212; &#8212;&#8212; EE &#8212;&#8212; TEARS A A &#8212; $f &#8212; A 2 &#8212;&#8212;&#8212;

Eaton Vance - Belbrook 2
July 2006

Exchange Fund Schedule 8</div></box><box><div coordinates="1086,193,238,167" index="1" style="position:fixed;left:16.452052719284957%;top:3.7902592301649647%;height:3.2796543597800474%;width:3.6055143160127257%;" type="para" /></box><box><div coordinates="879,201,161,149" index="2" style="position:fixed;left:13.316164217542797%;top:3.9473684210526314%;height:2.926158680282797%;width:2.4390243902439024%;" type="para" /></box><box><div coordinates="1440,231,123,136" index="3" style="position:fixed;left:21.814876533858506%;top:4.536527886881383%;height:2.670856245090338%;width:1.8633540372670807%;" type="para" /></box><box><div coordinates="877,681,181,176" index="4" style="position:fixed;left:13.285865777912436%;top:13.373919874312648%;height:3.456402199528672%;width:2.7420087865474927%;" type="para" /></box><box><div coordinates="1151,687,1105,220" index="5" style="position:fixed;left:17.436752007271625%;top:13.491751767478396%;height:4.32050274941084%;width:16.739887895773368%;" type="para">Domestic Balance Credit</div></box><box><div coordinates="1123,912,3171,632" index="6" style="position:fixed;left:17.0125738524466%;top:17.91044776119403%;height:12.411626080125687%;width:48.038176033934256%;" type="para">- We allow use of balance credit against fees (excluding out-of-pocket charges) for
balances arising out of the custody relationship. The credit is based on collected
balances reduced by balances required to support the activity charges of the
accounts. The monthly earnings allowance is equal to 75% of the 90-day T-bill

rate.</div></box><box><div coordinates="819,1814,194,173" index="7" style="position:fixed;left:12.407211028632027%;top:35.62450903377848%;height:3.3974862529457974%;width:2.9389486441448267%;" type="para" /></box><box><div coordinates="1121,1824,434,194" index="8" style="position:fixed;left:16.98227541281624%;top:35.82089552238806%;height:3.809897879025923%;width:6.574761399787911%;" type="para">Svstems</div></box><box><div coordinates="1074,2036,3229,620" index="9" style="position:fixed;left:16.270262081502803%;top:39.98428908091123%;height:12.175962293794187%;width:48.916830783214664%;" type="para">The details of any systems work will be determined after a thorough business
analysis. Systems work will be billed on a time and material basis. Investors Bank
provides an allowance of 10 systems hours for data extract set up and reporting
extract set up. Additional systems hours will be billed on a time and materials

basis.</div></box><box><div coordinates="753,2914,3479,552" index="10" style="position:fixed;left:11.407362520830178%;top:57.227022780832684%;height:10.840534171249018%;width:52.70413573700954%;" type="para">NOTES

** This fee schedule is confidential information of the parties and shall not be disclosed
to any third party without prior written consent of both parties.</div></box><box><div coordinates="744,3554,1826,210" index="11" style="position:fixed;left:11.271019542493562%;top:69.79575805184604%;height:4.124116260801257%;width:27.662475382517798%;" type="para">INVESTORS BANK &amp; TRUST COMPANY</div></box><box><div coordinates="724,3771,355,397" index="12" style="position:fixed;left:10.96803514618997%;top:74.057344854674%;height:7.796543597800472%;width:5.377973034388729%;" type="para">By:
Name:
Title:</div></box><box><div coordinates="1966,3873,1688,370" index="13" style="position:fixed;left:29.78336615664293%;top:76.06048703849176%;height:7.266300078554595%;width:25.571883048023025%;" type="para" /></box><box><div coordinates="709,4319,1177,216" index="14" style="position:fixed;left:10.740796848962278%;top:84.81932443047918%;height:4.241948153967007%;width:17.830631722466293%;" type="para">Accepted and Approved By:</div></box><box><div coordinates="695,4538,330,403" index="15" style="position:fixed;left:10.528707771549765%;top:89.12018853102907%;height:7.914375490966222%;width:4.999242539009241%;" type="para">By:
Name:
Title:</div></box><box><div coordinates="1845,4640,1712,374" index="16" style="position:fixed;left:27.95031055900621%;top:91.12333071484682%;height:7.344854673998428%;width:25.935464323587336%;" type="para" /></box><box><div coordinates="2509,4877,139,121" index="17" style="position:fixed;left:38.00939251628541%;top:95.77769049489395%;height:2.376276512175962%;width:2.105741554309953%;" type="para" /></box><box><div coordinates="652,5690,855,260" index="18" style="position:fixed;left:9.877291319497045%;top:111.7439120188531%;height:5.106048703849176%;width:12.952582941978488%;" type="para">Eaton Vance - Belbrook
July 2006</div></box><box><div coordinates="2342,5734,140,159" index="19" style="position:fixed;left:35.47947280715043%;top:112.60801256873528%;height:3.12254516889238%;width:2.1208907741251326%;" type="para" /></box><box><div coordinates="3337,5750,841,272" index="20" style="position:fixed;left:50.55294652325405%;top:112.92223095051061%;height:5.341712490180676%;width:12.740493864565975%;" type="para">Investors Bank &amp; Trust
CONFIDENTIAL</div></box></Blocks></page></doc>